# Blender 4.5.3 LTS
# www.blender.org
mtllib angry.mtl
o Face
v 0.019855 -0.996929 -0.001626
v 0.711014 -0.439436 0.543200
v 0.733642 -0.447138 -0.505687
v 0.296284 0.447135 -0.840339
v 0.111086 -0.987166 0.076494
v 0.447840 -0.833258 0.309603
v 0.626415 -0.478010 0.609688
v 0.773426 -0.478011 -0.407342
v 0.826177 -0.527077 -0.175244
v 0.839656 -0.533937 0.024938
v 0.840262 -0.503601 0.177128
v 0.093767 -0.987884 -0.091452
v 0.176126 -0.969634 -0.144197
v 0.286860 -0.926360 -0.224938
v 0.092606 -0.531207 -0.836592
v 0.953011 0.262158 0.122659
v 0.938861 -0.014504 0.330248
v 0.906326 -0.157703 0.380437
v 0.850175 -0.276307 0.439158
v 0.798540 -0.346514 -0.484635
v 0.843103 -0.262159 -0.460926
v 0.899778 -0.141715 -0.401754
v 0.953670 0.014506 -0.284668
v 0.956849 0.157704 -0.224938
v 0.242106 0.367789 0.894031
v 0.136249 0.238411 0.957219
v 0.109323 0.141334 0.979509
v -0.000000 -0.000585 0.995797
v 0.707682 -0.346516 0.609691
v 0.698904 -0.262161 0.659399
v 0.660140 -0.141712 0.731589
v 0.582995 0.027919 0.806269
v 0.511065 0.156442 0.839898
v 0.429668 0.276306 0.855010
v 0.361165 0.346518 -0.861449
v 0.411153 0.262162 -0.868463
v 0.494336 0.116388 -0.856218
v -0.017588 0.011396 -0.995811
v 0.076277 0.150962 -0.981370
v 0.865149 0.478006 0.125053
v 0.841595 0.484991 0.220238
v 0.472659 0.532551 0.699948
v 0.350054 0.479403 0.800490
v 0.386279 0.478010 -0.784158
v 0.469522 0.484997 -0.732345
v 0.704806 0.512233 -0.481247
v 0.061242 0.988189 0.114889
v 0.212176 0.748790 0.625342
v 0.221329 0.626532 0.742222
v 0.248914 0.528946 0.807113
v 0.824512 0.559277 -0.000000
v 0.765596 0.636933 0.013486
v 0.648752 0.753266 -0.027095
v 0.417682 0.899006 -0.015156
v 0.200412 0.970264 -0.027560
v 0.038391 0.998085 -0.013161
v 0.031303 0.991084 -0.108988
v 0.223665 0.636881 -0.732366
v 0.305215 0.933931 -0.088726
v 0.203077 0.932797 -0.282196
v 0.237238 0.880428 -0.398819
v 0.599883 0.782077 -0.135584
v 0.383170 0.821171 -0.410440
v 0.719397 0.678826 -0.113453
v 0.563125 0.709953 -0.410438
v 0.438288 0.706972 -0.546054
v 0.330262 0.678779 -0.649148
v 0.681466 0.605939 -0.398672
v 0.589743 0.605940 -0.524917
v 0.350020 0.571175 -0.737284
v 0.149907 0.571010 0.802353
v 0.173047 0.969902 0.101619
v 0.241286 0.925960 0.245231
v 0.351570 0.884881 0.256594
v 0.429647 0.877434 0.156073
v 0.408874 0.590999 0.694465
v 0.724497 0.673103 0.112425
v 0.595470 0.611404 0.512522
v 0.759261 0.599073 0.236306
v 0.813106 0.562261 0.123225
v 0.897232 0.371422 -0.220707
v 0.768570 0.431735 -0.461955
v 0.765221 0.305770 -0.557265
v 0.837574 -0.157363 -0.514697
v 0.804014 -0.027193 -0.585580
v 0.730849 0.125796 -0.663051
v 0.647748 0.288070 -0.698225
v 0.555965 0.405858 -0.719298
v 0.764705 -0.272129 -0.577611
v 0.683725 -0.012536 -0.723091
v 0.617351 0.120207 -0.771314
v 0.531301 0.276712 -0.795208
v 0.442875 0.385466 -0.804749
v 0.075242 0.368041 -0.922366
v 0.113996 0.388826 0.910102
v 0.487148 0.371406 0.785133
v 0.677011 0.431653 0.588067
v 0.766461 0.305769 0.555558
v 0.748335 -0.157364 0.637525
v 0.805377 -0.027195 0.583702
v 0.856446 0.125796 0.490181
v 0.864220 0.288069 0.400276
v 0.855899 0.405852 0.306475
v 0.898987 -0.012542 0.426806
v 0.924337 0.120201 0.348785
v 0.129366 0.012197 -0.986697
v 0.037715 -0.139100 -0.985920
v 0.592109 -0.276710 -0.751029
v 0.463893 -0.288073 -0.831804
v 0.293531 -0.305770 -0.899970
v 0.113103 -0.291511 -0.944284
v 0.625846 -0.389771 -0.669879
v 0.350259 -0.431736 -0.825481
v 0.180131 -0.419844 -0.884154
v 0.476419 0.012541 0.873708
v 0.293529 -0.305770 0.899971
v 0.463891 -0.288072 0.831805
v 0.592110 -0.276710 0.751029
v 0.201892 -0.431700 0.873711
v 0.350260 -0.431737 0.825481
v 0.625846 -0.389772 0.669879
v 0.978167 0.012538 -0.183112
v 0.897246 -0.276707 0.331044
v 0.934446 -0.288070 0.184142
v 0.946629 -0.305769 -0.001054
v 0.934446 -0.288069 -0.184142
v 0.897247 -0.276705 -0.331043
v 0.855606 -0.371425 0.348816
v 0.893316 -0.431736 0.078023
v 0.893316 -0.431736 -0.078023
v 0.872580 -0.405853 -0.255136
v 0.316986 -0.605938 -0.723088
v 0.144375 -0.613987 -0.769796
v 0.148536 -0.944167 -0.278411
v 0.025943 -0.616067 -0.782034
v 0.533621 -0.798472 -0.261130
v 0.549778 -0.822287 -0.105782
v 0.753232 -0.598961 0.255136
v 0.549775 -0.822289 0.105782
v 0.420494 -0.901812 0.001161
v 0.297586 -0.947041 -0.075907
v 0.705711 -0.581016 0.396049
v 0.533622 -0.798472 0.261130
v 0.426233 -0.880508 0.183109
v 0.297586 -0.947041 0.075910
v 0.085548 -0.730400 0.669666
v 0.124119 -0.801872 0.574556
v 0.216397 -0.709939 0.662390
v 0.131372 -0.902274 0.398035
v 0.271995 -0.821168 0.491225
v 0.383890 -0.706971 0.585578
v 0.475416 -0.598963 0.637519
v 0.305856 -0.880511 0.348783
v 0.413254 -0.798473 0.426803
v 0.515319 -0.678778 0.514698
v 0.593037 -0.571174 0.560723
v -0.013354 -0.493940 -0.863311
v -0.000338 0.558075 -0.826236
v 0.014906 0.991180 0.113204
v -0.018523 0.958960 0.278181
v 0.208036 0.699961 0.678095
v -0.000000 0.797375 0.593933
v -0.014503 0.724950 0.684170
v 0.002895 0.910035 0.428658
v -0.011869 0.486412 0.871407
v -0.029820 0.264087 0.959754
v 0.011352 0.363706 0.926568
v -0.029358 -0.614617 0.782339
v 0.037577 -0.724771 0.678498
v 0.014202 -0.826330 0.549924
v -0.033402 -0.936978 0.331753
v 0.040921 -0.976926 0.185975
v -0.015128 -0.879479 0.463170
v 0.441680 0.896791 -0.031903
v 0.198152 0.937263 0.275498
v 0.120754 0.982835 0.115288
v 0.399307 0.846284 0.001690
v 0.303766 0.879311 -0.050533
v 0.200120 0.911636 0.132042
v 0.348272 0.831757 0.243930
v 0.407017 0.827765 0.147850
v 0.195702 0.905190 0.375342
v 0.034654 0.942363 0.337746
v 0.405479 0.665884 0.619991
v 0.197191 0.713813 0.589941
v 0.015539 0.757240 0.561170
v -0.000001 0.866625 0.427712
v 0.359454 0.599134 0.659872
v 0.373545 0.634047 0.601802
v -0.884688 0.459105 0.015565
v -0.111088 -0.987166 0.076497
v -0.432845 -0.833257 0.330243
v -0.530660 -0.740118 0.402062
v -0.773424 -0.478012 -0.407344
v -0.826206 -0.526345 -0.177128
v -0.826207 -0.526343 0.177128
v -0.073398 -0.992742 -0.053030
v -0.176127 -0.969634 -0.144196
v -0.302573 -0.926362 -0.203306
v -0.432845 -0.833257 -0.330245
v -0.529141 -0.741416 -0.401750
v -0.256147 -0.546245 -0.791642
v -0.798540 -0.346517 -0.484634
v -0.843102 -0.262162 -0.460925
v -0.946963 0.027920 -0.305311
v -0.956719 0.156442 -0.226506
v -0.241719 0.347631 0.902084
v -0.136248 0.238412 0.957219
v -0.707682 -0.346517 0.609691
v -0.680388 -0.276308 0.672852
v -0.660141 -0.141711 0.731589
v -0.509616 0.157705 0.840505
v -0.429671 0.276309 0.855008
v -0.411154 0.262163 -0.868462
v -0.641890 -0.157707 -0.744402
v -0.680388 -0.276307 -0.672852
v -0.070393 0.132383 -0.984287
v -0.865147 0.478007 0.125058
v -0.472660 0.532552 0.699947
v -0.087105 0.497846 -0.858632
v -0.145905 0.468921 -0.866927
v -0.386278 0.478011 -0.784159
v -0.693950 0.533943 -0.473361
v -0.212176 0.748790 0.625342
v -0.221327 0.626529 0.742225
v -0.248911 0.528948 0.807113
v -0.824511 0.559277 -0.000001
v -0.765596 0.636934 0.013486
v -0.648750 0.753268 -0.027095
v -0.417682 0.899006 -0.015156
v -0.200412 0.970264 -0.027560
v -0.046834 0.996872 -0.034397
v -0.051701 0.990031 -0.110404
v -0.097043 0.962885 -0.233673
v -0.223661 0.636881 -0.732367
v -0.305215 0.933931 -0.088726
v -0.203076 0.932797 -0.282196
v -0.237238 0.880429 -0.398817
v -0.599881 0.782078 -0.135585
v -0.383167 0.821172 -0.410441
v -0.716716 0.676671 -0.139318
v -0.564365 0.709953 -0.408731
v -0.438292 0.706971 -0.546053
v -0.354115 0.676584 -0.638597
v -0.813093 0.562280 -0.123221
v -0.681466 0.605938 -0.398673
v -0.589743 0.605940 -0.524916
v -0.459408 0.598964 -0.649148
v -0.083957 0.697695 -0.705053
v -0.149908 0.571012 0.802351
v -0.173047 0.969902 0.101619
v -0.241286 0.925960 0.245231
v -0.351570 0.884881 0.256594
v -0.429647 0.877434 0.156073
v -0.408874 0.590999 0.694465
v -0.724496 0.673105 0.112419
v -0.595470 0.611404 0.512522
v -0.759260 0.599073 0.236310
v -0.768570 0.431734 -0.461955
v -0.765220 0.305771 -0.557265
v -0.837574 -0.157363 -0.514698
v -0.731747 0.124002 -0.662398
v -0.647749 0.288072 -0.698224
v -0.555966 0.405854 -0.719299
v -0.764707 -0.272127 -0.577609
v -0.683724 -0.012539 -0.723092
v -0.617354 0.120207 -0.771312
v -0.487149 0.371405 0.785133
v -0.677011 0.431653 0.588067
v -0.766460 0.305769 0.555558
v -0.748334 -0.157362 0.637527
v -0.856103 0.124002 0.491235
v -0.864219 0.288070 0.400277
v -0.855898 0.405852 0.306478
v -0.898986 -0.012543 0.426807
v -0.924337 0.120202 0.348783
v -0.302087 0.226352 -0.921519
v -0.134301 0.010594 -0.985913
v -0.056261 -0.134868 -0.985019
v -0.571865 -0.289404 -0.761700
v -0.463894 -0.288074 -0.831804
v -0.293531 -0.305773 -0.899969
v -0.139253 -0.303478 -0.937102
v -0.625846 -0.389771 -0.669879
v -0.350260 -0.431738 -0.825480
v -0.180132 -0.419843 -0.884154
v -0.476422 0.012538 0.873706
v -0.293528 -0.305772 0.899970
v -0.463891 -0.288071 0.831806
v -0.592109 -0.276709 0.751030
v -0.201895 -0.431702 0.873709
v -0.350261 -0.431735 0.825481
v -0.512296 -0.405855 0.751027
v -0.978167 0.012542 -0.183110
v -0.897246 -0.276708 0.331044
v -0.934445 -0.288070 0.184144
v -0.946629 -0.305767 -0.001054
v -0.934445 -0.288072 -0.184141
v -0.897246 -0.276707 -0.331043
v -0.855605 -0.371425 0.348818
v -0.893318 -0.431733 0.078024
v -0.893317 -0.431734 -0.078023
v -0.872578 -0.405856 -0.255137
v -0.831317 -0.385463 -0.390734
v -0.316986 -0.605939 -0.723087
v -0.138269 -0.637678 -0.751258
v -0.148532 -0.944168 -0.278412
v -0.087854 -0.802998 -0.578805
v -0.533621 -0.798472 -0.261131
v -0.549777 -0.822288 -0.105783
v -0.753232 -0.598962 0.255135
v -0.673950 -0.708192 0.185303
v -0.551230 -0.821178 0.106837
v -0.420495 -0.901811 -0.001162
v -0.297585 -0.947042 -0.075911
v -0.533623 -0.798471 0.261128
v -0.426233 -0.880508 0.183109
v -0.297585 -0.947042 0.075909
v -0.216398 -0.709938 0.662390
v -0.071779 -0.936089 0.330522
v -0.131372 -0.902273 0.398038
v -0.271996 -0.821168 0.491225
v -0.384502 -0.708193 0.583697
v -0.475414 -0.598963 0.637520
v -0.072811 -0.976839 0.178819
v -0.305854 -0.880512 0.348784
v -0.413252 -0.798473 0.426804
v -0.515320 -0.678779 0.514695
v -0.593037 -0.571174 0.560723
v -0.208035 0.699963 0.678093
v -0.441680 0.896791 -0.031904
v -0.198152 0.937263 0.275498
v -0.120751 0.982836 0.115286
v -0.399307 0.846284 0.001690
v -0.303766 0.879311 -0.050533
v -0.200120 0.911636 0.132042
v -0.348272 0.831757 0.243930
v -0.407017 0.827765 0.147850
v -0.195703 0.905190 0.375341
v -0.405479 0.665883 0.619991
v -0.197191 0.713813 0.589941
v -0.031572 0.808942 0.475083
v -0.094759 0.749001 0.567233
v -0.359454 0.599135 0.659872
v -0.373545 0.634047 0.601802
v 0.698420 -0.517844 0.487020
v 0.711329 -0.484664 0.502791
v 0.679011 -0.517846 -0.513732
v 0.698003 -0.484664 -0.521133
v 0.692920 -0.447856 -0.559440
v 0.738312 -0.431425 0.512488
v 0.334490 0.398545 0.850123
v 0.726050 -0.407573 -0.548107
v 0.265210 0.407572 -0.870193
v 0.296283 0.447134 0.840339
v 0.231744 0.447855 -0.859888
v 0.869757 0.480924 -0.073324
v 0.894509 0.439433 -0.021534
v 0.278762 0.517847 -0.804529
v 0.268443 0.485495 -0.828257
v 0.241755 -0.953132 0.156121
v 0.357256 -0.891977 0.259558
v 0.382395 -0.869086 0.298047
v 0.485668 -0.793881 0.352853
v 0.595007 -0.683272 0.412777
v 0.637653 -0.625559 0.440431
v 0.630438 -0.594537 0.491673
v 0.667047 -0.559275 0.484634
v 0.660551 -0.480930 0.570543
v 0.596957 -0.463584 0.649154
v 0.557958 -0.509625 0.648745
v 0.484872 -0.495390 0.714828
v 0.434334 -0.530773 0.721488
v 0.349209 -0.520965 0.772835
v 0.294230 -0.540951 0.781820
v 0.216107 -0.536511 0.809831
v 0.170873 -0.539492 0.818978
v 0.743318 -0.477099 -0.461910
v 0.789419 -0.509619 -0.330169
v 0.814125 -0.520552 -0.240244
v 0.842923 -0.520963 -0.093298
v 0.854173 -0.508683 -0.044710
v 0.842922 -0.520964 0.093297
v 0.829675 -0.495392 0.240242
v 0.033466 -0.995279 -0.048427
v 0.077134 -0.993025 -0.036028
v 0.122447 -0.979782 -0.133325
v 0.183249 -0.972716 -0.110221
v 0.236921 -0.948210 -0.190415
v 0.357253 -0.891978 -0.259559
v 0.398519 -0.859479 -0.305307
v 0.436578 -0.825661 -0.343691
v 0.485666 -0.793881 -0.352856
v 0.595006 -0.683272 -0.412779
v 0.615924 -0.625559 -0.470339
v 0.662432 -0.594537 -0.447637
v 0.667045 -0.559279 -0.484632
v 0.033668 -0.525563 -0.844257
v 0.160124 -0.488561 -0.852443
v 0.203549 -0.503803 -0.834051
v 0.301197 -0.504471 -0.803262
v 0.349211 -0.520963 -0.772836
v 0.440898 -0.496423 -0.741677
v 0.480066 -0.520552 -0.700037
v 0.626415 -0.478011 -0.609688
v 0.903601 0.419485 0.035009
v 0.932994 0.326616 0.124545
v 0.954059 0.212141 0.190416
v 0.957578 0.079366 0.259560
v 0.927265 -0.079364 0.352855
v 0.877232 -0.226632 0.412773
v 0.834963 -0.271150 0.470340
v 0.798539 -0.346518 0.484634
v 0.844679 -0.290590 -0.440432
v 0.876001 -0.196593 -0.430656
v 0.903521 -0.172345 -0.380602
v 0.927265 -0.079363 -0.352855
v 0.945009 -0.043797 -0.308999
v 0.957578 0.079365 -0.259559
v 0.954059 0.212142 -0.190415
v 0.942243 0.290580 -0.140166
v 0.265212 0.407572 0.870192
v 0.190493 0.345220 0.914926
v 0.173430 0.302347 0.933161
v 0.102402 0.185997 0.972787
v 0.038285 0.051471 0.993748
v 0.679903 -0.290585 0.667231
v 0.680284 -0.196595 0.700039
v 0.641184 -0.172346 0.741681
v 0.622131 -0.079362 0.772838
v 0.592035 -0.046640 0.798553
v 0.542765 0.079363 0.830502
v 0.475916 0.212144 0.848522
v 0.361168 0.346513 0.861450
v 0.301875 0.382150 -0.869821
v 0.406757 0.326619 -0.848844
v 0.475913 0.212145 -0.848523
v 0.530551 0.046758 -0.841002
v 0.582999 0.027921 -0.806267
v 0.592033 -0.046640 -0.798555
v 0.622130 -0.079366 -0.772839
v 0.680285 -0.196591 -0.700039
v 0.707680 -0.346514 -0.609694
v 0.006596 0.048648 -0.994669
v 0.116236 0.211565 -0.966035
v 0.173426 0.302349 -0.933161
v 0.875289 0.477268 0.009569
v 0.891152 0.440912 0.072111
v 0.812435 0.495388 0.293309
v 0.792639 0.496421 0.340881
v 0.724555 0.542754 0.414101
v 0.704867 0.512180 0.481212
v 0.652807 0.541904 0.520247
v 0.525357 0.472553 0.702032
v 0.441363 0.478323 0.754355
v 0.405869 0.464368 0.782426
v 0.253464 0.457754 0.848584
v 0.193707 0.452845 0.866343
v 0.087105 0.497843 0.858633
v 0.090979 0.495176 -0.859718
v 0.342537 0.448349 -0.821687
v 0.517427 0.520555 -0.672892
v 0.627099 0.520964 -0.570936
v 0.650842 0.536517 -0.528131
v 0.736778 0.520963 -0.419977
v 0.799858 0.520546 -0.284166
v 0.865147 0.478008 -0.125060
v 0.060293 0.982810 0.153856
v 0.058601 0.972117 0.214168
v 0.241071 0.589108 0.766421
v 0.851297 0.517843 0.016507
v 0.682102 0.723955 0.015675
v 0.433325 0.898880 -0.007799
v 0.076848 0.991494 -0.072688
v 0.083735 0.992577 -0.036556
v 0.055596 0.985592 -0.138718
v 0.060292 0.970324 -0.217954
v 0.109417 0.947760 -0.284723
v 0.103932 0.925111 -0.352489
v 0.118075 0.890445 -0.429111
v 0.145108 0.859372 -0.480744
v 0.165676 0.813814 -0.548562
v 0.183300 0.771951 -0.601185
v 0.201807 0.716372 -0.661310
v 0.208883 0.683264 -0.693394
v 0.256967 0.625565 -0.731124
v 0.254791 0.559280 -0.784154
v 0.037870 0.994272 -0.080455
v 0.395976 0.906751 -0.046669
v 0.368379 0.915105 -0.069446
v 0.337317 0.924141 -0.083471
v 0.244477 0.943597 -0.207577
v 0.218135 0.942618 -0.236399
v 0.192580 0.867637 -0.448016
v 0.398100 0.888694 -0.206526
v 0.292635 0.891083 -0.332169
v 0.292692 0.774300 -0.552292
v 0.250414 0.765962 -0.584271
v 0.620596 0.773179 -0.080550
v 0.564906 0.795921 -0.192854
v 0.510273 0.819346 -0.240393
v 0.466149 0.827080 -0.295969
v 0.477824 0.804837 -0.336248
v 0.448590 0.807339 -0.368607
v 0.336716 0.813167 -0.463807
v 0.281850 0.663190 -0.687279
v 0.740662 0.663284 -0.055579
v 0.703550 0.699171 -0.084482
v 0.685448 0.697055 -0.186098
v 0.654154 0.708194 -0.246223
v 0.610047 0.716577 -0.322281
v 0.528821 0.717020 -0.441990
v 0.495019 0.716577 -0.480603
v 0.388859 0.697027 -0.594389
v 0.839277 0.536363 -0.031490
v 0.803724 0.581017 -0.094390
v 0.779960 0.594774 -0.171882
v 0.759343 0.598962 -0.236328
v 0.731565 0.605685 -0.297131
v 0.642607 0.612516 -0.449695
v 0.611559 0.616064 -0.486119
v 0.561650 0.608077 -0.552293
v 0.508652 0.605689 -0.603939
v 0.436068 0.590719 -0.672524
v 0.220808 0.963561 -0.054169
v 0.245784 0.954582 -0.073588
v 0.274274 0.944360 -0.085284
v 0.419820 0.902343 -0.081832
v 0.397031 0.901975 -0.147378
v 0.346274 0.926125 -0.129682
v 0.160560 0.946438 -0.263574
v 0.267978 0.929714 -0.241391
v 0.331066 0.888423 -0.302388
v 0.222507 0.917132 -0.316371
v 0.231589 0.896671 -0.364119
v 0.163929 0.913159 -0.360340
v 0.474050 0.839529 -0.244344
v 0.420736 0.865062 -0.253624
v 0.389201 0.866503 -0.295335
v 0.377536 0.840373 -0.374814
v 0.308178 0.867932 -0.375775
v 0.259739 0.858064 -0.431407
v 0.254499 0.844156 -0.461619
v 0.277514 0.822513 -0.486117
v 0.199116 0.826068 -0.517982
v 0.230732 0.835948 -0.488221
v 0.278217 0.798473 -0.524913
v 0.656190 0.743492 -0.084847
v 0.656750 0.733494 -0.144959
v 0.610175 0.765114 -0.179745
v 0.545457 0.793535 -0.248792
v 0.585392 0.766817 -0.242968
v 0.534117 0.779073 -0.311455
v 0.549792 0.750331 -0.351701
v 0.461261 0.779073 -0.411732
v 0.504382 0.750331 -0.414201
v 0.404817 0.793658 -0.441989
v 0.419537 0.763226 -0.480602
v 0.357134 0.761535 -0.531449
v 0.405471 0.729959 -0.540804
v 0.314252 0.725832 -0.603938
v 0.251201 0.726953 -0.632047
v 0.298318 0.698915 -0.643026
v 0.774753 0.625557 -0.018481
v 0.761192 0.637802 -0.074050
v 0.762295 0.630764 -0.112054
v 0.725395 0.663719 -0.154362
v 0.707639 0.669144 -0.204907
v 0.742943 0.628627 -0.208356
v 0.704213 0.659529 -0.243848
v 0.660055 0.689115 -0.281362
v 0.666565 0.660004 -0.331669
v 0.583005 0.713426 -0.374664
v 0.631410 0.652401 -0.406494
v 0.576723 0.664834 -0.463812
v 0.479076 0.687603 -0.535969
v 0.521413 0.660007 -0.531448
v 0.449527 0.659532 -0.594391
v 0.370963 0.663720 -0.642193
v 0.413546 0.669145 -0.609687
v 0.446779 0.619317 -0.638597
v 0.330895 0.634615 -0.692516
v 0.301792 0.603075 -0.733151
v 0.842504 0.521384 -0.105352
v 0.816867 0.553234 -0.136847
v 0.800788 0.558615 -0.195901
v 0.830149 0.507881 -0.211924
v 0.797993 0.548684 -0.231877
v 0.763502 0.579391 -0.268941
v 0.771401 0.527077 -0.343832
v 0.698824 0.608074 -0.363493
v 0.732774 0.566531 -0.364502
v 0.684934 0.563784 -0.451316
v 0.647769 0.571714 -0.493997
v 0.573101 0.566531 -0.584273
v 0.564302 0.526345 -0.628930
v 0.491708 0.579395 -0.643026
v 0.467118 0.548685 -0.687283
v 0.412948 0.517537 -0.744608
v 0.444579 0.509620 -0.731124
v 0.382574 0.553239 -0.734595
v 0.360545 0.521384 -0.768713
v 0.322328 0.487225 -0.807709
v 0.106319 0.864820 -0.481108
v 0.074794 0.884567 -0.451084
v 0.160547 0.755168 -0.628196
v 0.086219 0.794133 -0.594112
v 0.176019 0.663287 -0.721588
v 0.117838 0.689451 -0.708407
v 0.204932 0.555663 -0.801243
v 0.149959 0.571160 -0.802237
v 0.034001 0.882788 -0.459325
v 0.111682 0.835668 -0.528919
v 0.080457 0.818149 -0.561171
v 0.031083 0.853090 -0.512202
v 0.029713 0.815479 -0.570850
v 0.123933 0.743658 -0.650059
v 0.111880 0.768008 -0.623445
v 0.074326 0.732441 -0.669822
v 0.164542 0.637260 -0.747288
v 0.149742 0.607051 -0.775210
v 0.123232 0.653713 -0.740693
v 0.233766 0.500010 -0.830105
v 0.185835 0.480639 -0.853011
v 0.127398 0.550854 -0.819961
v 0.065856 0.566940 -0.816291
v 0.084718 0.527220 -0.840955
v 0.146785 0.889927 0.447686
v 0.139516 0.776209 0.608666
v 0.180226 0.763164 0.617392
v 0.028560 0.796091 0.594454
v 0.077374 0.788945 0.598785
v 0.038240 0.721245 0.687156
v 0.034365 0.595580 0.797841
v 0.090103 0.579702 0.804503
v 0.061413 0.908951 0.431720
v 0.137876 0.765866 0.629854
v 0.056269 0.767826 0.638488
v 0.242547 0.880446 0.400247
v 0.084569 0.705340 0.698959
v -0.010902 0.763210 0.573120
v 0.010456 0.776033 0.580899
v -0.000000 0.788848 0.586738
v 0.102681 0.638944 0.756801
v 0.138626 0.615538 0.770244
v 0.170889 0.646563 0.738254
v 0.013930 0.520069 0.851389
v 0.084715 0.527221 0.840955
v 0.127398 0.550854 0.819961
v 0.178746 0.538206 0.819479
v 0.061418 0.992308 0.072758
v 0.073002 0.993623 0.030035
v 0.028652 0.998601 0.014496
v 0.180476 0.974716 0.019738
v 0.414396 0.839293 0.153883
v 0.422923 0.867589 0.156883
v 0.238539 0.927293 0.274393
v 0.231750 0.932587 0.251589
v 0.350017 0.859436 0.256488
v 0.349897 0.843915 0.253721
v 0.376553 0.880112 0.242358
v 0.398607 0.876995 0.220544
v 0.416595 0.876141 0.191801
v 0.391910 0.821372 0.402889
v 0.710411 0.691599 0.083842
v 0.740078 0.663832 0.056510
v 0.510383 0.697758 0.501757
v 0.554417 0.714505 0.413727
v 0.549539 0.744343 0.358242
v 0.596411 0.731394 0.306109
v 0.678020 0.706135 0.169819
v 0.825368 0.555654 0.052614
v 0.334405 0.583990 0.734563
v 0.525733 0.585508 0.614537
v 0.531408 0.639244 0.553091
v 0.622935 0.616778 0.471030
v 0.647914 0.639145 0.402203
v 0.699686 0.611928 0.355090
v 0.721935 0.610370 0.311049
v 0.775179 0.608224 0.143334
v 0.146802 0.976142 0.138087
v 0.164949 0.971105 0.138805
v 0.184889 0.958624 0.160019
v 0.199226 0.948803 0.194074
v 0.218271 0.937692 0.222977
v 0.407018 0.860175 -0.005477
v 0.413168 0.889020 -0.011729
v 0.303823 0.922584 -0.079541
v 0.303819 0.893586 -0.063785
v 0.267419 0.914269 0.259642
v 0.296100 0.902080 0.265271
v 0.324034 0.892746 0.264629
v 0.247051 0.914821 0.242049
v 0.254781 0.887891 0.236157
v 0.213125 0.932894 -0.009487
v 0.206422 0.960090 -0.020201
v 0.431579 0.891873 0.024421
v 0.437788 0.885652 0.068778
v 0.436934 0.880714 0.113975
v 0.233283 0.848376 0.480429
v 0.310633 0.794497 0.522244
v 0.377902 0.612499 0.689120
v 0.396639 0.596790 0.695439
v 0.412697 0.633577 0.646830
v 0.416108 0.610797 0.668371
v 0.415153 0.596043 0.684950
v 0.397281 0.763741 0.521708
v 0.430145 0.750786 0.512005
v 0.442947 0.722974 0.541990
v 0.667851 0.733669 0.058672
v 0.679998 0.714806 0.117096
v 0.270854 0.622007 0.729474
v 0.301838 0.641015 0.700865
v 0.258746 0.673219 0.688071
v 0.442055 0.693048 0.580273
v 0.452833 0.667836 0.598584
v 0.528287 0.669815 0.519220
v 0.514076 0.713286 0.472036
v 0.637962 0.665256 0.374037
v 0.636230 0.693001 0.321867
v 0.671942 0.648107 0.343666
v 0.665269 0.685874 0.274980
v 0.703475 0.660618 0.242701
v 0.727524 0.657880 0.168518
v 0.742913 0.628652 0.208372
v 0.794135 0.600809 0.034497
v 0.798696 0.589586 0.080864
v 0.278721 0.517680 0.804652
v 0.382049 0.515289 0.762353
v 0.401198 0.564037 0.718264
v 0.072736 0.758301 0.576584
v 0.102651 0.764838 0.588295
v 0.076264 0.781599 0.591099
v 0.574120 0.529342 0.618267
v 0.592074 0.542993 0.588528
v 0.613237 0.579004 0.528957
v 0.662660 0.605417 0.429343
v 0.690049 0.560194 0.447901
v 0.694867 0.590954 0.397753
v 0.755431 0.539666 0.359316
v 0.767322 0.549790 0.316218
v 0.763501 0.579392 0.268943
v 0.797993 0.548684 0.231877
v 0.792398 0.570896 0.195301
v 0.832721 0.509621 0.196894
v 0.841366 0.525525 0.094589
v 0.865509 0.491549 0.053075
v 0.887323 0.448343 -0.071859
v 0.865124 0.458835 -0.183966
v 0.848445 0.478174 -0.208315
v 0.925003 0.334128 -0.158167
v 0.792642 0.496418 -0.340879
v 0.932517 0.241366 -0.251223
v 0.902640 0.309236 -0.283131
v 0.881946 0.320534 -0.331545
v 0.864032 0.382064 -0.313761
v 0.719466 0.472772 -0.499350
v 0.943710 0.046981 -0.312321
v 0.928706 0.049791 -0.354163
v 0.924337 0.120200 -0.348785
v 0.897938 0.197263 -0.380411
v 0.878977 0.251278 -0.392397
v 0.841113 0.320941 -0.423202
v 0.815800 0.361544 -0.440085
v 0.653268 0.424844 -0.618858
v 0.622108 0.468521 -0.619877
v 0.898996 -0.085257 -0.418706
v 0.883632 0.048575 -0.454288
v 0.822747 0.201827 -0.521147
v 0.801369 0.247185 -0.534478
v 0.727221 0.363849 -0.573149
v 0.514480 0.453968 -0.721690
v 0.846537 -0.210157 -0.480439
v 0.857398 -0.151978 -0.482420
v 0.822508 -0.086424 -0.553505
v 0.826877 -0.021522 -0.552745
v 0.776927 0.048457 -0.619307
v 0.716467 0.170370 -0.668411
v 0.693690 0.214931 -0.679782
v 0.607881 0.342830 -0.709440
v 0.405305 0.431869 -0.801230
v 0.781784 -0.321091 -0.527700
v 0.795061 -0.271737 -0.534886
v 0.768991 -0.208037 -0.597504
v 0.748337 -0.157362 -0.637523
v 0.728316 -0.102287 -0.670389
v 0.673264 0.031022 -0.731849
v 0.650308 0.069003 -0.750123
v 0.601901 0.155881 -0.776950
v 0.567016 0.220317 -0.787579
v 0.923963 0.362419 -0.089377
v 0.908661 0.382725 -0.143084
v 0.892365 0.423529 -0.131639
v 0.885672 0.415625 -0.186834
v 0.937989 0.268695 -0.198980
v 0.918325 0.319719 -0.215093
v 0.920470 0.276709 -0.259563
v 0.867253 0.404938 -0.274389
v 0.845355 0.453963 -0.266281
v 0.835817 0.434763 -0.321478
v 0.943127 0.145830 -0.282883
v 0.924923 0.155886 -0.332346
v 0.924253 0.220314 -0.295883
v 0.892900 0.282160 -0.336856
v 0.862565 0.342828 -0.358897
v 0.864221 0.288071 -0.400274
v 0.827053 0.414712 -0.366504
v 0.790441 0.424845 -0.430053
v 0.781783 0.468520 -0.400103
v 0.925889 -0.006227 -0.365189
v 0.898988 -0.012536 -0.426803
v 0.915070 0.088549 -0.380339
v 0.909851 0.045346 -0.400577
v 0.889827 0.123841 -0.427324
v 0.856446 0.125797 -0.490180
v 0.860876 0.214930 -0.449668
v 0.857101 0.170368 -0.474845
v 0.823134 0.290413 -0.477091
v 0.789826 0.299791 -0.524923
v 0.768190 0.378846 -0.505868
v 0.735118 0.427499 -0.516906
v 0.708295 0.422596 -0.556400
v 0.682387 0.480774 -0.542104
v 0.676850 0.431736 -0.588197
v 0.887010 -0.042638 -0.449034
v 0.862643 -0.102286 -0.485502
v 0.857821 -0.012803 -0.503883
v 0.846121 0.094161 -0.514254
v 0.829086 0.048456 -0.547515
v 0.808200 0.125658 -0.565918
v 0.777581 0.122623 -0.607693
v 0.755959 0.247185 -0.596980
v 0.749889 0.201826 -0.621427
v 0.740148 0.294376 -0.595523
v 0.708106 0.290414 -0.635414
v 0.670650 0.361543 -0.639869
v 0.662410 0.320944 -0.669165
v 0.604140 0.414718 -0.673314
v 0.574938 0.475624 -0.658994
v 0.564028 0.434763 -0.695566
v 0.815628 -0.287822 -0.494694
v 0.815521 -0.146932 -0.551258
v 0.800663 -0.105081 -0.581713
v 0.776290 -0.146932 -0.605255
v 0.780588 -0.086426 -0.611203
v 0.776763 -0.016006 -0.621254
v 0.744307 -0.012802 -0.660122
v 0.750554 0.094163 -0.645791
v 0.705113 0.048578 -0.699999
v 0.681386 0.123842 -0.714221
v 0.639271 0.197268 -0.736434
v 0.644811 0.251282 -0.714697
v 0.596293 0.282165 -0.745100
v 0.559050 0.366016 -0.737594
v 0.587857 0.320536 -0.736324
v 0.548204 0.309241 -0.770968
v 0.507492 0.388769 -0.763510
v 0.496763 0.432633 -0.746822
v 0.451379 0.415631 -0.784586
v 0.755495 -0.382151 -0.526254
v 0.732926 -0.350891 -0.576852
v 0.737872 -0.226649 -0.629177
v 0.698905 -0.262160 -0.659398
v 0.718522 -0.210155 -0.656639
v 0.723767 -0.151978 -0.666350
v 0.660143 -0.141711 -0.731587
v 0.701160 -0.042640 -0.704835
v 0.676023 -0.085254 -0.725604
v 0.633435 -0.006228 -0.767719
v 0.615862 0.046658 -0.780405
v 0.560481 0.145833 -0.809549
v 0.507241 0.172344 -0.838996
v 0.527095 0.241368 -0.809240
v 0.479097 0.268698 -0.830590
v 0.436267 0.334131 -0.830853
v 0.424475 0.290586 -0.852810
v 0.393996 0.387112 -0.829416
v 0.342614 0.413906 -0.839548
v 0.193709 0.452848 -0.866341
v 0.035542 0.430135 -0.897877
v 0.112434 0.269557 -0.952085
v 0.128371 0.332946 -0.930095
v 0.038715 0.185553 -0.977704
v 0.190498 0.345222 -0.914925
v 0.143152 0.360010 -0.917839
v 0.109061 0.410091 -0.901383
v 0.006605 0.256589 -0.965162
v 0.074208 0.301272 -0.946601
v 0.110137 0.450577 0.881808
v 0.145892 0.468900 0.866940
v 0.031500 0.263225 0.959924
v 0.036507 0.307076 0.946712
v 0.087003 0.452260 0.883506
v 0.058813 0.396491 0.911557
v 0.042375 0.152723 0.982999
v 0.079630 0.234646 0.964674
v 0.122288 0.273251 0.949706
v 0.080593 0.341853 0.931935
v 0.144531 0.324994 0.930431
v 0.143123 0.359918 0.917876
v 0.223575 0.393133 0.888032
v 0.469722 0.454173 0.751893
v 0.416568 0.324102 0.845128
v 0.440141 0.356784 0.819175
v 0.605645 0.448488 0.650294
v 0.564065 0.507962 0.644870
v 0.527092 0.241365 0.809243
v 0.548205 0.309239 0.770968
v 0.587852 0.320537 0.736328
v 0.559050 0.366014 0.737595
v 0.677443 0.484131 0.545236
v 0.615864 0.046654 0.780403
v 0.617350 0.120202 0.771316
v 0.639273 0.197263 0.736434
v 0.644812 0.251277 0.714698
v 0.662409 0.320943 0.669167
v 0.670646 0.361544 0.639873
v 0.790441 0.424845 0.430053
v 0.781782 0.468518 0.400105
v 0.676024 -0.085255 0.725603
v 0.712215 0.062180 0.691823
v 0.731747 0.124000 0.662399
v 0.744724 0.188337 0.631566
v 0.755479 0.231099 0.604222
v 0.769825 0.363846 0.514510
v 0.845354 0.453964 0.266283
v 0.718520 -0.210155 0.656640
v 0.723764 -0.151980 0.666353
v 0.780586 -0.086425 0.611206
v 0.781211 -0.021524 0.615598
v 0.829083 0.048456 0.547520
v 0.857101 0.170366 0.474845
v 0.860876 0.214928 0.449669
v 0.862565 0.342829 0.358897
v 0.749587 -0.324077 0.571063
v 0.764706 -0.272127 0.577611
v 0.816430 -0.213835 0.528700
v 0.837575 -0.157362 0.514696
v 0.862641 -0.102287 0.485506
v 0.904084 0.031019 0.414151
v 0.914368 0.069001 0.386674
v 0.924922 0.155881 0.332350
v 0.924253 0.220312 0.295885
v 0.918621 0.302202 0.237067
v 0.899390 0.367104 0.219139
v 0.394715 0.376418 0.833824
v 0.411909 0.409473 0.809768
v 0.479095 0.268698 0.830592
v 0.488341 0.319722 0.806912
v 0.531301 0.276712 0.795208
v 0.556120 0.405353 0.719453
v 0.564274 0.434180 0.695726
v 0.560483 0.145832 0.809549
v 0.601902 0.155884 0.776949
v 0.567014 0.220313 0.787582
v 0.596295 0.282165 0.745098
v 0.607881 0.342830 0.709440
v 0.647744 0.288073 0.698228
v 0.617655 0.412914 0.662186
v 0.653347 0.424793 0.618810
v 0.622358 0.468514 0.619715
v 0.633435 -0.006224 0.767720
v 0.683723 -0.012536 0.723093
v 0.644500 0.088546 0.752749
v 0.662138 0.045346 0.741527
v 0.669158 0.120491 0.726121
v 0.716890 0.161482 0.670250
v 0.693687 0.214927 0.679786
v 0.708103 0.290412 0.635417
v 0.743306 0.299788 0.588954
v 0.727217 0.363847 0.573154
v 0.743011 0.382609 0.539828
v 0.748045 0.422595 0.501690
v 0.719466 0.472771 0.499351
v 0.768569 0.431734 0.461957
v 0.701164 -0.042640 0.704831
v 0.728317 -0.102289 0.670387
v 0.744308 -0.012804 0.660120
v 0.756228 0.090845 0.639524
v 0.776926 0.048453 0.619308
v 0.787971 0.125654 0.593761
v 0.818241 0.122625 0.551729
v 0.808109 0.231101 0.531781
v 0.830791 0.188338 0.513104
v 0.795096 0.294377 0.519893
v 0.823134 0.290411 0.477091
v 0.815800 0.361542 0.440087
v 0.841113 0.320942 0.423201
v 0.827051 0.414715 0.366505
v 0.835817 0.434762 0.321481
v 0.737872 -0.226650 0.629176
v 0.768989 -0.208040 0.597506
v 0.776291 -0.146936 0.605253
v 0.800664 -0.105083 0.581711
v 0.815521 -0.146934 0.551258
v 0.822509 -0.086426 0.553503
v 0.830885 -0.016009 0.546762
v 0.857819 -0.012807 0.503885
v 0.846121 0.094160 0.514254
v 0.883631 0.048575 0.454289
v 0.889828 0.123837 0.427324
v 0.897937 0.197264 0.380413
v 0.878977 0.251278 0.392397
v 0.892900 0.282158 0.336858
v 0.874251 0.366014 0.303756
v 0.881946 0.320532 0.331548
v 0.910362 0.289402 0.280103
v 0.873961 0.408446 0.247323
v 0.865123 0.458835 0.183967
v 0.885671 0.415626 0.186837
v 0.725916 -0.385019 0.564192
v 0.781782 -0.321089 0.527703
v 0.795060 -0.271735 0.534889
v 0.815630 -0.287821 0.494692
v 0.846540 -0.210157 0.480434
v 0.857395 -0.151982 0.482424
v 0.884313 -0.143133 0.434222
v 0.887009 -0.042638 0.449036
v 0.898993 -0.085259 0.418711
v 0.926380 0.014496 0.363462
v 0.929669 0.061821 0.349311
v 0.946157 0.043790 0.305468
v 0.943127 0.145831 0.282882
v 0.956849 0.157707 0.224937
v 0.932516 0.241365 0.251226
v 0.937989 0.268695 0.198980
v 0.925004 0.334127 0.158164
v 0.942242 0.290582 0.140168
v 0.908660 0.382727 0.143083
v 0.923963 0.362420 0.089375
v 0.913670 0.393098 0.061822
v 0.242105 0.367784 -0.894033
v 0.178156 0.262091 -0.944226
v 0.370369 0.226651 -0.896183
v 0.313034 0.272128 -0.905769
v 0.460190 0.143128 -0.871082
v 0.410085 0.151979 -0.894255
v 0.335746 0.146931 -0.925330
v 0.305824 0.105080 -0.941235
v 0.272265 0.146930 -0.945956
v 0.060261 -0.011407 -0.993528
v 0.534402 0.006224 -0.839672
v 0.476422 0.012538 -0.873706
v 0.397812 0.012802 -0.911866
v 0.344058 0.021522 -0.933208
v 0.263247 0.016005 -0.959176
v 0.214148 0.012805 -0.971542
v 0.596732 -0.145837 -0.783211
v 0.468710 -0.123841 -0.868740
v 0.337671 -0.122629 -0.927308
v 0.288476 -0.125666 -0.943520
v 0.186057 -0.161477 -0.963617
v 0.126561 -0.118379 -0.979896
v 0.641892 -0.268696 -0.712313
v 0.606756 -0.241366 -0.751364
v 0.524368 -0.282164 -0.797357
v 0.480457 -0.251277 -0.834108
v 0.385502 -0.290410 -0.869801
v 0.337663 -0.294374 -0.887948
v 0.255142 -0.299807 -0.913379
v 0.215920 -0.289152 -0.926751
v 0.671046 -0.376414 -0.633058
v 0.643070 -0.356788 -0.671736
v 0.540341 -0.404940 -0.731743
v 0.453673 -0.414718 -0.782635
v 0.310295 -0.422597 -0.845565
v 0.283807 -0.382614 -0.873458
v 0.245983 -0.422595 -0.866462
v 0.260294 0.321088 -0.906588
v 0.263024 0.271737 -0.921436
v 0.402464 0.210155 -0.886268
v 0.330631 0.208034 -0.915993
v 0.375074 0.157362 -0.908715
v 0.261886 0.210613 -0.937321
v 0.230696 0.157351 -0.955629
v 0.173767 0.197798 -0.960319
v 0.194075 0.151887 -0.964481
v 0.510080 0.072997 -0.851783
v 0.453666 0.042639 -0.884650
v 0.418933 0.085994 -0.898661
v 0.340080 0.086424 -0.931254
v 0.272252 0.086424 -0.953292
v 0.306263 0.027193 -0.946332
v 0.180922 0.087552 -0.974854
v 0.144173 0.054670 -0.983353
v 0.134793 0.109846 -0.980311
v 0.551899 -0.046657 -0.826877
v 0.542790 -0.120205 -0.825486
v 0.487982 -0.031023 -0.866465
v 0.512452 -0.069003 -0.850281
v 0.447849 -0.048573 -0.886913
v 0.403857 -0.124004 -0.900624
v 0.348918 -0.048459 -0.930275
v 0.374540 -0.090846 -0.916838
v 0.264523 -0.048459 -0.957697
v 0.235897 -0.090843 -0.961886
v 0.159539 -0.048362 -0.980685
v 0.203135 -0.123666 -0.965936
v 0.115482 -0.031274 -0.987691
v 0.641184 -0.172350 -0.741679
v 0.552930 -0.155883 -0.812530
v 0.573818 -0.220318 -0.782637
v 0.502845 -0.197266 -0.835554
v 0.415916 -0.161485 -0.888921
v 0.432151 -0.214930 -0.869801
v 0.359288 -0.201826 -0.905217
v 0.334161 -0.247183 -0.903436
v 0.261549 -0.171528 -0.943967
v 0.260642 -0.247213 -0.927314
v 0.140546 -0.231960 -0.956896
v 0.096947 -0.191957 -0.971371
v 0.679900 -0.290585 -0.667234
v 0.675038 -0.324103 -0.657338
v 0.563833 -0.309239 -0.759614
v 0.518634 -0.320538 -0.786618
v 0.514592 -0.382071 -0.761700
v 0.486878 -0.342829 -0.797355
v 0.431724 -0.320946 -0.836769
v 0.401319 -0.361545 -0.835551
v 0.320380 -0.363848 -0.868738
v 0.251441 -0.363845 -0.891139
v 0.174500 -0.298352 -0.932685
v 0.148826 -0.353791 -0.917962
v 0.169012 -0.384625 -0.901872
v 0.071862 -0.383575 -0.915374
v 0.696570 -0.409297 -0.583905
v 0.651848 -0.445056 -0.608344
v 0.591947 -0.436767 -0.671657
v 0.551412 -0.484995 -0.672850
v 0.527387 -0.453969 -0.712312
v 0.487233 -0.434763 -0.751361
v 0.386706 -0.424848 -0.812526
v 0.397302 -0.468521 -0.783209
v 0.214987 -0.459997 -0.855994
v 0.264994 -0.499933 -0.818863
v 0.110246 -0.420024 -0.895705
v 0.063820 -0.438481 -0.891055
v 0.083819 -0.493753 -0.859752
v 0.296349 0.378563 0.873161
v 0.370366 0.226652 0.896184
v 0.399033 0.271153 0.871294
v 0.196207 0.265641 0.939515
v 0.222093 0.222123 0.945063
v 0.279143 0.272128 0.916781
v 0.479455 0.151113 0.859184
v 0.194061 0.151892 0.964483
v 0.272268 0.146930 0.945955
v 0.305825 0.105079 0.941235
v 0.335747 0.146929 0.925330
v 0.534402 0.006221 0.839671
v 0.053393 -0.019009 0.993967
v 0.134291 0.010619 0.985915
v 0.214146 0.012805 0.971543
v 0.263249 0.016003 0.959176
v 0.397809 0.012803 0.911867
v 0.552928 -0.155882 0.812532
v 0.596733 -0.145833 0.783211
v 0.056257 -0.134846 0.985022
v 0.188615 -0.116605 0.969617
v 0.288477 -0.125664 0.943520
v 0.337669 -0.122625 0.927309
v 0.415917 -0.161482 0.888921
v 0.483806 -0.120494 0.860788
v 0.641891 -0.268698 0.712313
v 0.037730 -0.291710 0.951227
v 0.098479 -0.291487 0.946077
v 0.199156 -0.290399 0.930326
v 0.337664 -0.294376 0.887947
v 0.385502 -0.290413 0.869801
v 0.524369 -0.282166 0.797356
v 0.671044 -0.376416 0.633059
v 0.028212 -0.390012 0.917284
v 0.112311 -0.422342 0.894499
v 0.245984 -0.422597 0.866461
v 0.283806 -0.382615 0.873458
v 0.310295 -0.422595 0.845566
v 0.386702 -0.424848 0.812528
v 0.453674 -0.414717 0.782635
v 0.540340 -0.404945 0.731741
v 0.322293 0.321088 0.886444
v 0.328812 0.271735 0.900061
v 0.173756 0.197792 0.960322
v 0.261884 0.210612 0.937322
v 0.230693 0.157348 0.955630
v 0.330633 0.208037 0.915991
v 0.375074 0.157361 0.908715
v 0.402463 0.210154 0.886269
v 0.410086 0.151977 0.894254
v 0.121080 0.084082 0.984442
v 0.177452 0.110794 0.973252
v 0.167310 0.064790 0.979010
v 0.272251 0.086425 0.953293
v 0.306261 0.027196 0.946333
v 0.340079 0.086423 0.931254
v 0.344059 0.021521 0.933207
v 0.412518 0.102289 0.899830
v 0.453666 0.042639 0.884650
v 0.481189 0.085257 0.867159
v 0.115478 -0.031274 0.987692
v 0.126578 -0.118340 0.979898
v 0.159537 -0.048360 0.980685
v 0.264522 -0.048458 0.957697
v 0.228020 -0.110869 0.961907
v 0.348917 -0.048457 0.930276
v 0.374540 -0.090844 0.916838
v 0.437881 -0.062183 0.891139
v 0.403860 -0.124003 0.900623
v 0.500626 -0.045347 0.858873
v 0.516747 -0.088546 0.845567
v 0.551897 -0.046658 0.826879
v 0.542790 -0.120203 0.825486
v 0.113227 -0.184360 0.971063
v 0.116072 -0.260870 0.953032
v 0.203326 -0.201250 0.952628
v 0.149782 -0.228302 0.956350
v 0.261564 -0.171523 0.943963
v 0.256026 -0.231108 0.932888
v 0.359292 -0.201826 0.905216
v 0.334161 -0.247186 0.903436
v 0.432154 -0.214929 0.869801
v 0.502845 -0.197265 0.835555
v 0.480459 -0.251281 0.834106
v 0.573816 -0.220317 0.782638
v 0.606757 -0.241369 0.751362
v 0.143125 -0.320367 0.930773
v 0.168748 -0.362197 0.911160
v 0.255162 -0.299795 0.913378
v 0.251435 -0.363849 0.891140
v 0.320379 -0.363845 0.868740
v 0.431723 -0.320944 0.836770
v 0.401318 -0.361546 0.835552
v 0.486878 -0.342828 0.797355
v 0.563833 -0.309240 0.759613
v 0.518633 -0.320537 0.786619
v 0.514591 -0.382070 0.761701
v 0.616516 -0.319720 0.713787
v 0.675039 -0.324102 0.657338
v 0.643070 -0.356786 0.671738
v 0.068964 -0.448175 0.886490
v 0.096732 -0.504679 0.852551
v 0.165170 -0.424657 0.884660
v 0.139726 -0.469087 0.866711
v 0.227395 -0.484230 0.839293
v 0.301360 -0.497670 0.807370
v 0.397299 -0.468524 0.783209
v 0.426525 -0.503249 0.745591
v 0.487233 -0.434761 0.751362
v 0.527389 -0.453967 0.712311
v 0.591947 -0.436765 0.671658
v 0.551414 -0.484996 0.672848
v 0.651847 -0.445056 0.608345
v 0.925389 0.369752 0.013309
v 0.966772 0.226647 -0.075307
v 0.953010 0.262164 -0.122660
v 0.966772 0.226648 0.075306
v 0.957618 0.271733 0.034585
v 0.970656 0.143127 -0.168486
v 0.970656 0.143127 0.168487
v 0.977210 0.151978 0.113670
v 0.983792 0.146930 0.033373
v 0.989672 0.105081 0.000001
v 0.983792 0.146931 -0.033370
v 0.963098 -0.014494 -0.250456
v 0.959118 0.016166 0.264900
v 0.964759 -0.022313 0.243200
v 0.978167 0.012542 0.183110
v 0.990167 0.012801 0.096559
v 0.993579 0.016003 0.046036
v 0.990167 0.012798 -0.096559
v 0.943630 -0.155882 -0.274773
v 0.929282 -0.145830 -0.325494
v 0.929282 -0.145832 0.325491
v 0.971062 -0.123836 0.177310
v 0.986486 -0.125658 0.017209
v 0.986269 -0.122624 -0.034588
v 0.973940 -0.161485 -0.120865
v 0.968163 -0.120492 -0.194124
v 0.875807 -0.268700 -0.390354
v 0.875807 -0.268698 0.390355
v 0.902090 -0.241367 0.344868
v 0.920372 -0.282162 0.252304
v 0.941752 -0.251282 0.199188
v 0.946357 -0.290412 0.097846
v 0.948832 -0.294376 -0.046744
v 0.946358 -0.290408 -0.097847
v 0.920371 -0.282164 -0.252303
v 0.806271 -0.387109 0.439424
v 0.837582 -0.356786 0.404013
v 0.862904 -0.404944 0.287764
v 0.884526 -0.414714 0.189616
v 0.900068 -0.422595 0.033810
v 0.898554 -0.427496 -0.013906
v 0.892261 -0.424843 -0.116684
v 0.884525 -0.414716 -0.189615
v 0.942652 0.321088 0.032596
v 0.932016 0.350888 -0.035882
v 0.958171 0.272128 -0.017820
v 0.967259 0.210153 0.108897
v 0.973331 0.208036 0.031391
v 0.980144 0.157361 0.075911
v 0.972373 0.210611 -0.040577
v 0.980144 0.157360 -0.075914
v 0.967258 0.210156 -0.108899
v 0.977210 0.151981 -0.113668
v 0.973414 0.085257 0.189668
v 0.981542 0.042640 0.158090
v 0.983264 0.102287 0.114265
v 0.990765 0.086427 0.035659
v 0.994656 0.027198 0.001163
v 0.990766 0.086422 -0.035658
v 0.993853 0.021518 -0.038847
v 0.983265 0.102286 -0.114263
v 0.981543 0.042640 -0.158089
v 0.973414 0.085255 -0.189668
v 0.951540 -0.057528 0.286242
v 0.952817 -0.120200 0.261130
v 0.971540 -0.045346 0.210711
v 0.963866 -0.088547 0.230158
v 0.981898 -0.048576 0.151853
v 0.981344 -0.124001 0.105781
v 0.992566 -0.048457 0.044368
v 0.987704 -0.090843 0.072890
v 0.992566 -0.048458 -0.044365
v 0.987704 -0.090845 -0.072886
v 0.982836 -0.062184 -0.141073
v 0.981344 -0.124001 -0.105778
v 0.971540 -0.045345 -0.210712
v 0.961341 -0.076396 -0.246064
v 0.952816 -0.120203 -0.261131
v 0.943630 -0.155882 0.274774
v 0.921654 -0.220313 0.303882
v 0.950049 -0.197263 0.220029
v 0.973940 -0.161485 0.120864
v 0.960773 -0.214929 0.142216
v 0.973719 -0.188340 0.073211
v 0.966348 -0.231100 0.044767
v 0.973718 -0.188341 -0.073215
v 0.966348 -0.231100 -0.044769
v 0.960773 -0.214931 -0.142216
v 0.950049 -0.197263 -0.220028
v 0.941753 -0.251276 -0.199191
v 0.921655 -0.220314 -0.303879
v 0.902089 -0.241369 -0.344870
v 0.865333 -0.304511 0.387505
v 0.869425 -0.328436 0.357412
v 0.896671 -0.309239 0.301498
v 0.908388 -0.320535 0.250163
v 0.883442 -0.382067 0.254019
v 0.908785 -0.342830 0.216643
v 0.929226 -0.320944 0.152011
v 0.918673 -0.361543 0.123470
v 0.947525 -0.299790 0.039569
v 0.925224 -0.363844 0.036241
v 0.918821 -0.378846 -0.042272
v 0.929226 -0.320945 -0.152012
v 0.918673 -0.361542 -0.123470
v 0.908786 -0.342828 -0.216642
v 0.896671 -0.309240 -0.301496
v 0.908387 -0.320535 -0.250166
v 0.885829 -0.366016 -0.268122
v 0.869554 -0.335355 -0.350785
v 0.865332 -0.304511 -0.387507
v 0.835275 -0.371377 -0.396051
v 0.768608 -0.403792 0.489604
v 0.813800 -0.411135 0.401639
v 0.781489 -0.459527 0.413707
v 0.821710 -0.436763 0.355415
v 0.810318 -0.484993 0.316497
v 0.840424 -0.453964 0.281455
v 0.865155 -0.434760 0.231191
v 0.892260 -0.424845 0.116685
v 0.867650 -0.468521 0.135827
v 0.870706 -0.480770 0.037473
v 0.875572 -0.472770 -0.018904
v 0.867652 -0.468517 -0.135828
v 0.841622 -0.496424 -0.190119
v 0.865154 -0.434761 -0.231194
v 0.840425 -0.453962 -0.281456
v 0.808034 -0.458836 -0.359670
v 0.810315 -0.484995 -0.316499
v 0.826344 -0.415629 -0.369425
v 0.798853 -0.431867 -0.409974
v 0.791668 -0.384002 -0.467833
v 0.765146 -0.432708 -0.470155
v 0.668576 -0.487224 -0.556146
v 0.532706 -0.558617 -0.629174
v 0.557959 -0.509624 -0.648745
v 0.572293 -0.637804 -0.507322
v 0.594747 -0.581018 -0.548777
v 0.421973 -0.527081 -0.731583
v 0.523487 -0.726952 -0.434219
v 0.519367 -0.698919 -0.482419
v 0.496128 -0.663721 -0.551253
v 0.452053 -0.669146 -0.581708
v 0.478584 -0.628631 -0.605252
v 0.291840 -0.547532 -0.778060
v 0.400333 -0.828714 -0.378273
v 0.413250 -0.798474 -0.426804
v 0.395077 -0.761536 -0.503881
v 0.389038 -0.729960 -0.552742
v 0.361697 -0.687602 -0.621252
v 0.344315 -0.660009 -0.660116
v 0.113306 -0.556089 -0.817599
v 0.291340 -0.908778 -0.282880
v 0.287165 -0.851275 -0.427322
v 0.223598 -0.798547 -0.548843
v 0.205452 -0.762192 -0.604776
v 0.194176 -0.664773 -0.714217
v 0.171759 -0.960252 -0.200517
v 0.201281 -0.941977 -0.251239
v 0.155029 -0.922828 -0.338756
v 0.131365 -0.902267 -0.398054
v 0.140805 -0.859748 -0.479363
v 0.100779 -0.844725 -0.514048
v 0.076201 -0.804964 -0.577202
v 0.091470 -0.753402 -0.642516
v 0.046435 -0.690279 -0.715331
v 0.027974 -0.666165 -0.739023
v 0.022814 -0.640075 -0.762436
v 0.071398 -0.981569 -0.152637
v 0.065495 -0.953329 -0.279043
v 0.619675 -0.521386 -0.580442
v 0.580423 -0.553238 -0.590850
v 0.566545 -0.663192 -0.480434
v 0.546476 -0.627784 -0.546707
v 0.515316 -0.678780 -0.514698
v 0.529519 -0.588100 -0.604369
v 0.475412 -0.598963 -0.637521
v 0.509300 -0.548689 -0.656633
v 0.459607 -0.579395 -0.666349
v 0.478293 -0.765961 -0.418709
v 0.434818 -0.774299 -0.449034
v 0.477271 -0.725831 -0.485500
v 0.445137 -0.697027 -0.553501
v 0.426391 -0.659532 -0.611199
v 0.383889 -0.706972 -0.585578
v 0.417201 -0.605686 -0.670385
v 0.351708 -0.608077 -0.704827
v 0.378580 -0.566534 -0.725599
v 0.375302 -0.854941 -0.344558
v 0.305853 -0.880512 -0.348784
v 0.366338 -0.834074 -0.400578
v 0.330031 -0.858064 -0.380339
v 0.351724 -0.812069 -0.454287
v 0.271989 -0.821169 -0.491228
v 0.327439 -0.763226 -0.547517
v 0.295260 -0.793660 -0.521585
v 0.304111 -0.716577 -0.619304
v 0.236331 -0.720272 -0.644128
v 0.262895 -0.664835 -0.691822
v 0.219081 -0.698114 -0.673770
v 0.273349 -0.616064 -0.731845
v 0.232673 -0.650351 -0.716084
v 0.209032 -0.616064 -0.752743
v 0.212845 -0.560239 -0.794626
v 0.179241 -0.591468 -0.779903
v 0.274201 -0.896987 -0.332362
v 0.209407 -0.912114 -0.338273
v 0.219970 -0.895260 -0.374543
v 0.176407 -0.896040 -0.394332
v 0.239628 -0.840577 -0.474609
v 0.191258 -0.866211 -0.450046
v 0.202818 -0.827326 -0.513192
v 0.134847 -0.806442 -0.565978
v 0.137496 -0.780203 -0.601330
v 0.165765 -0.744427 -0.638316
v 0.088431 -0.717214 -0.683441
v 0.103827 -0.686450 -0.712790
v 0.121581 -0.641520 -0.750689
v 0.091502 -0.601296 -0.788170
v 0.060487 -0.585439 -0.803093
v 0.125671 -0.969363 -0.190689
v 0.139122 -0.956559 -0.238810
v 0.080786 -0.966919 -0.223308
v 0.052236 -0.940199 -0.322425
v 0.094406 -0.904507 -0.402469
v 0.047466 -0.927814 -0.356071
v 0.714852 -0.504200 -0.477820
v 0.675098 -0.603072 -0.415737
v 0.627342 -0.636858 -0.439155
v 0.762999 -0.558618 -0.312197
v 0.741295 -0.553239 -0.369425
v 0.546369 -0.740120 -0.380436
v 0.775764 -0.579395 -0.231194
v 0.723522 -0.628630 -0.268122
v 0.692934 -0.669144 -0.250164
v 0.661848 -0.676584 -0.308484
v 0.476995 -0.825357 -0.286241
v 0.819399 -0.563785 -0.037475
v 0.785652 -0.605938 -0.078019
v 0.734211 -0.660006 -0.123471
v 0.702616 -0.687603 -0.152009
v 0.601308 -0.761535 -0.220025
v 0.400818 -0.896990 -0.158084
v 0.359068 -0.908776 -0.189666
v 0.807073 -0.566534 0.135826
v 0.749753 -0.652401 0.042270
v 0.651516 -0.750330 -0.038625
v 0.615180 -0.779071 -0.061976
v 0.495154 -0.851268 -0.141069
v 0.244605 -0.959126 -0.108897
v 0.781883 -0.548686 0.281451
v 0.775765 -0.579393 0.231194
v 0.713050 -0.659531 0.216648
v 0.675550 -0.706970 0.184142
v 0.621903 -0.763227 0.142217
v 0.522965 -0.842805 0.072888
v 0.487229 -0.866109 0.044367
v 0.365783 -0.924818 -0.035660
v 0.743528 -0.521383 0.409973
v 0.741297 -0.553235 0.369426
v 0.688822 -0.627784 0.350783
v 0.648751 -0.678778 0.331043
v 0.609227 -0.725828 0.303881
v 0.494181 -0.834073 0.224618
v 0.463713 -0.858063 0.196342
v 0.400820 -0.896988 0.158089
v 0.348239 -0.925203 0.114268
v 0.249216 -0.963610 0.031395
v 0.743526 -0.521387 -0.409972
v 0.706813 -0.548035 -0.439424
v 0.716541 -0.571174 -0.390731
v 0.781881 -0.548689 -0.281453
v 0.738421 -0.588102 -0.316833
v 0.753230 -0.598965 -0.255132
v 0.664973 -0.654213 -0.348151
v 0.631995 -0.663192 -0.390347
v 0.619304 -0.698917 -0.344869
v 0.807074 -0.566534 -0.135822
v 0.779016 -0.608074 -0.116687
v 0.766497 -0.605686 -0.189616
v 0.713052 -0.659531 -0.216641
v 0.675549 -0.706970 -0.184140
v 0.663970 -0.697025 -0.252303
v 0.645910 -0.729960 -0.199184
v 0.609228 -0.725828 -0.303879
v 0.561427 -0.774298 -0.274771
v 0.546018 -0.765962 -0.325491
v 0.814420 -0.571716 0.018907
v 0.785654 -0.605936 0.078021
v 0.784204 -0.612517 -0.013905
v 0.780496 -0.616063 0.033812
v 0.739202 -0.664833 -0.036239
v 0.696831 -0.709949 -0.001053
v 0.682971 -0.716576 -0.097846
v 0.687623 -0.717018 -0.046742
v 0.621904 -0.763227 -0.142214
v 0.579989 -0.798905 -0.120866
v 0.540743 -0.812069 -0.194123
v 0.494180 -0.834074 -0.224617
v 0.463709 -0.858065 -0.196340
v 0.414470 -0.865091 -0.264900
v 0.451409 -0.852930 -0.243199
v 0.426235 -0.880506 -0.183110
v 0.806645 -0.549789 0.195194
v 0.779016 -0.608074 0.116684
v 0.766501 -0.605682 0.189616
v 0.734210 -0.660007 0.123469
v 0.702617 -0.687601 0.152012
v 0.691880 -0.713428 0.039571
v 0.682968 -0.716579 0.097848
v 0.638860 -0.760982 0.044766
v 0.603912 -0.786697 0.073211
v 0.550746 -0.827311 -0.034586
v 0.553555 -0.826148 0.017205
v 0.522964 -0.842805 -0.072887
v 0.487226 -0.866110 -0.044368
v 0.431367 -0.891357 -0.096555
v 0.425212 -0.898556 -0.038844
v 0.348241 -0.925203 -0.114261
v 0.306073 -0.932189 -0.168486
v 0.301088 -0.942010 -0.113669
v 0.789418 -0.509621 0.330169
v 0.762997 -0.558619 0.312199
v 0.738424 -0.588098 0.316834
v 0.723523 -0.628628 0.268123
v 0.692934 -0.669144 0.250166
v 0.677589 -0.663719 0.301495
v 0.663971 -0.697024 0.252304
v 0.645911 -0.729958 0.199188
v 0.601311 -0.761532 0.220027
v 0.579990 -0.798904 0.120866
v 0.540746 -0.812066 0.194126
v 0.495153 -0.851269 0.141072
v 0.430025 -0.895842 0.046040
v 0.431364 -0.891358 0.096559
v 0.365780 -0.924819 0.035659
v 0.308546 -0.945640 -0.033370
v 0.348601 -0.932186 0.000000
v 0.308541 -0.945642 0.033371
v 0.246481 -0.963906 -0.040576
v 0.229675 -0.966057 -0.075310
v 0.185223 -0.978689 -0.017861
v 0.735739 -0.485581 0.465461
v 0.659345 -0.637802 0.387506
v 0.631998 -0.663189 0.390350
v 0.619308 -0.698915 0.344867
v 0.545608 -0.741414 0.379088
v 0.561425 -0.774299 0.274772
v 0.546019 -0.765961 0.325492
v 0.469691 -0.835063 0.269364
v 0.425418 -0.864758 0.248768
v 0.359066 -0.908777 0.189666
v 0.304402 -0.925677 0.203841
v 0.301088 -0.942010 0.113673
v 0.244605 -0.959126 0.108899
v 0.229671 -0.966058 0.075309
v 0.183247 -0.972716 0.110223
v 0.185226 -0.978042 0.034555
v 0.134643 -0.986699 0.033111
v 0.077135 -0.993025 0.036028
v 0.032953 -0.590193 0.801120
v 0.041664 -0.564321 0.819179
v 0.076434 -0.544431 0.829681
v 0.042805 -0.626352 0.772635
v 0.191834 -0.581921 0.784287
v 0.256152 -0.546244 0.791641
v 0.095593 -0.681589 0.718521
v 0.107311 -0.638127 0.756072
v 0.351705 -0.608073 0.704831
v 0.378581 -0.566533 0.725599
v 0.149456 -0.744994 0.642030
v 0.262892 -0.664834 0.691823
v 0.509299 -0.548688 0.656635
v 0.052234 -0.940199 0.322426
v 0.047468 -0.927814 0.356069
v 0.094409 -0.904507 0.402467
v 0.191275 -0.866215 0.450031
v 0.295263 -0.793658 0.521586
v 0.327436 -0.763226 0.547518
v 0.426391 -0.659530 0.611202
v 0.619676 -0.521386 0.580441
v 0.139124 -0.956559 0.238808
v 0.235943 -0.920534 0.296251
v 0.330031 -0.858063 0.380339
v 0.366338 -0.834074 0.400578
v 0.434818 -0.774297 0.449036
v 0.477273 -0.725829 0.485501
v 0.040735 -0.694969 0.710067
v 0.128212 -0.564743 0.809644
v 0.144127 -0.614128 0.769733
v 0.076834 -0.807256 0.574349
v 0.176392 -0.713507 0.670107
v 0.160112 -0.663745 0.723390
v 0.209031 -0.616064 0.752743
v 0.240888 -0.605157 0.752476
v 0.275375 -0.600435 0.744450
v 0.316988 -0.605939 0.723086
v 0.029533 -0.880334 0.460593
v 0.077993 -0.880942 0.453934
v 0.097898 -0.844514 0.515030
v 0.163881 -0.809975 0.553363
v 0.202809 -0.827326 0.513197
v 0.205485 -0.762188 0.604771
v 0.254571 -0.771759 0.573404
v 0.223628 -0.798536 0.548847
v 0.256945 -0.717022 0.639518
v 0.304113 -0.716579 0.619302
v 0.344315 -0.660008 0.660118
v 0.361697 -0.687602 0.621252
v 0.417201 -0.605686 0.670384
v 0.459609 -0.579395 0.666347
v 0.065495 -0.953330 0.279040
v 0.080788 -0.966920 0.223304
v 0.148535 -0.944167 0.278412
v 0.155033 -0.922828 0.338755
v 0.176410 -0.896041 0.394329
v 0.219975 -0.895260 0.374540
v 0.239635 -0.840578 0.474603
v 0.287166 -0.851274 0.427323
v 0.351724 -0.812069 0.454287
v 0.395076 -0.761537 0.503880
v 0.389037 -0.729959 0.552745
v 0.445138 -0.697025 0.553502
v 0.478587 -0.628628 0.605252
v 0.452053 -0.669145 0.581710
v 0.496130 -0.663721 0.551252
v 0.529976 -0.594772 0.597502
v 0.532708 -0.558617 0.629173
v 0.580425 -0.553238 0.590848
v 0.040987 -0.993051 0.075391
v 0.093028 -0.977997 0.163384
v 0.100794 -0.983281 0.124474
v 0.125669 -0.969364 0.190688
v 0.176127 -0.969634 0.144196
v 0.171759 -0.960253 0.200513
v 0.201282 -0.941978 0.251234
v 0.258895 -0.933239 0.230996
v 0.274205 -0.896989 0.332355
v 0.291345 -0.908776 0.282880
v 0.375303 -0.854940 0.344558
v 0.419635 -0.825358 0.365189
v 0.478294 -0.765962 0.418705
v 0.529990 -0.726146 0.427953
v 0.519369 -0.698918 0.482419
v 0.566547 -0.663187 0.480437
v 0.604011 -0.603070 0.513582
v 0.611527 -0.636857 0.460924
v 0.636338 -0.548037 0.536422
v 0.669018 -0.511269 0.533158
v 0.044916 -0.520685 0.847512
v 0.072669 0.914981 -0.385000
v 0.052314 0.931401 -0.346972
v 0.027854 0.912509 -0.396848
v 0.036142 0.698605 -0.708613
v 0.070887 0.599111 -0.792282
v 0.025831 0.597175 -0.796970
v 0.022966 0.773044 -0.628072
v 0.037384 0.643078 -0.759516
v 0.207096 0.744275 0.617339
v 0.200559 0.720779 0.601567
v 0.070009 0.674587 0.729350
v 0.027508 0.375332 -0.921833
v 0.011833 0.471334 -0.878993
v 0.076852 -0.314009 -0.940820
v 0.013583 -0.294443 -0.950019
v 0.012251 -0.391868 -0.914259
v 0.030513 -0.169479 -0.981262
v 0.051889 -0.207166 0.972259
v 0.077909 -0.880783 -0.454257
v 0.015125 -0.879229 -0.463641
v 0.039084 -0.719020 -0.685156
v 0.040989 -0.993051 -0.075392
v 0.026773 -0.978405 -0.179882
v 0.033651 -0.987388 0.127313
v 0.042535 -0.802282 0.583359
v 0.057977 -0.774858 0.619143
v -0.054591 -0.749300 0.650478
v -0.004668 -0.906500 0.408792
v -0.008177 -0.849687 0.514611
v 0.012315 -0.987786 -0.127263
v -0.012146 -0.430750 -0.896635
v -0.001235 -0.963289 0.243395
v -0.023778 -0.947338 0.300158
v -0.007551 -0.848594 -0.516069
v -0.004671 -0.906499 -0.408794
v -0.001239 -0.963290 -0.243392
v -0.012381 -0.350787 -0.930517
v 0.004734 -0.214898 0.972686
v -0.009823 -0.296797 0.950615
v 0.012214 -0.248011 -0.964037
v -0.000692 -0.209480 -0.973912
v -0.039685 0.165948 0.980915
v -0.033885 0.199597 0.974798
v -0.031460 0.232735 0.967670
v 0.020705 0.143696 -0.984979
v -0.007920 0.206949 -0.974700
v -0.009843 0.397258 -0.913168
v 0.006209 0.274506 -0.960285
v -0.012180 0.641508 0.761925
v -0.000000 0.597969 0.796916
v 0.010045 0.776525 0.632210
v 0.084210 0.954132 0.285183
v 0.080716 0.927268 0.387007
v 0.217881 0.743392 0.636049
v 0.213954 0.736171 0.645738
v 0.256263 0.721570 0.638167
v 0.315473 0.672474 0.659909
v -0.008834 0.973984 0.211738
v -0.000000 0.985862 0.148553
v 0.346342 0.775931 0.535826
v 0.353118 0.783885 0.522108
v 0.367658 0.786224 0.505858
v 0.007226 0.645305 -0.758734
v 0.018902 0.736867 -0.669124
v -0.019413 0.666470 -0.739614
v -0.024953 0.786473 -0.611431
v -0.023993 0.803491 -0.588397
v -0.000937 0.952673 -0.292435
v -0.010494 0.979480 -0.183030
v 0.015033 0.496603 -0.865642
v -0.000335 0.558074 0.826237
v 0.005750 -0.050576 -0.994636
v -0.005751 -0.050571 0.994637
v -0.024696 0.122211 0.987754
v -0.023989 -0.553522 -0.827229
v 0.017453 -0.465158 0.881039
v -0.011416 0.999284 0.020779
v -0.027178 -0.995812 -0.044821
v 0.501245 0.859108 -0.081310
v 0.529975 0.839071 -0.096273
v 0.179016 0.979642 -0.020692
v 0.166695 0.981749 -0.056457
v 0.183720 0.955544 0.126229
v 0.192004 0.927228 0.132156
v 0.304504 0.939800 -0.101482
v 0.323585 0.935158 -0.117495
v 0.297723 0.940084 -0.145502
v 0.468932 0.872724 -0.117809
v 0.064035 0.918564 0.415171
v 0.355176 0.889426 0.263015
v 0.386301 0.867454 0.298335
v 0.342950 0.915386 -0.195774
v 0.353725 0.898180 -0.244476
v 0.435552 0.878103 0.173868
v 0.464222 0.874152 0.128076
v 0.494401 0.854369 0.134589
v 0.478768 0.851611 0.189478
v 0.454744 0.853293 0.233781
v 0.447984 0.832811 0.301500
v 0.336219 0.883129 0.312970
v 0.290285 0.901429 0.307700
v 0.246762 0.917682 0.298884
v 0.529362 0.839454 0.068199
v 0.519218 0.849651 0.021129
v 0.508342 0.857311 -0.028330
v 0.144727 0.965563 0.199882
v 0.125741 0.976201 0.157007
v 0.164122 0.953438 0.239681
v 0.103900 0.959247 0.255114
v 0.311102 0.646720 0.641493
v 0.307346 0.673145 0.650180
v 0.192505 0.921465 0.329891
v 0.564736 0.792965 0.184569
v 0.625605 0.728240 0.250355
v 0.437082 0.810334 0.374173
v 0.490954 0.790343 0.342672
v 0.498701 0.757366 0.408002
v 0.599453 0.790844 0.030231
v 0.133367 0.985973 0.070165
v 0.251783 0.953978 -0.138188
v 0.208743 0.965217 -0.129905
v 0.381178 0.853105 -0.023421
v 0.358009 0.860738 -0.040300
v 0.331355 0.869352 -0.048540
v 0.235533 0.910747 -0.024088
v 0.254756 0.901676 -0.040273
v 0.277766 0.890622 -0.048385
v 0.196484 0.917495 0.097725
v 0.198349 0.921035 0.062482
v 0.210407 0.920359 0.017064
v 0.336834 0.843645 0.026295
v 0.360542 0.840036 0.014112
v 0.387175 0.838537 0.013945
v 0.301802 0.844578 0.230250
v 0.307043 0.839517 0.209149
v 0.306662 0.840339 0.168780
v 0.367925 0.826635 0.231088
v 0.384583 0.824625 0.210904
v 0.397374 0.825338 0.182530
v 0.208120 0.904801 0.162893
v 0.220863 0.896593 0.188871
v 0.246116 0.882378 0.216963
v 0.211928 0.899506 0.113468
v 0.234543 0.884406 0.098543
v 0.266465 0.862991 0.132866
v 0.212710 0.906887 0.054471
v 0.282678 0.865732 0.026810
v 0.281800 0.862574 0.240497
v 0.304410 0.850628 0.249530
v 0.326815 0.840020 0.250438
v 0.326770 0.832434 0.154519
v 0.328803 0.829093 0.198393
v 0.343996 0.825943 0.223907
v 0.348818 0.825847 0.148994
v 0.400997 0.825050 0.107065
v 0.411201 0.840213 0.033715
v 0.416112 0.835066 0.070487
v 0.413977 0.830988 0.109512
v 0.292275 0.873187 -0.031154
v 0.295359 0.863643 -0.002856
v 0.305644 0.852383 0.044272
v 0.093583 0.984819 -0.118459
v 0.135795 0.974768 -0.148603
v 0.087277 0.974979 -0.182107
v 0.026587 0.901074 0.434227
v 0.049879 0.888198 0.436404
v 0.052310 0.876280 0.433522
v 0.012958 0.957987 0.282618
v 0.202559 0.873991 0.456448
v 0.188455 0.890349 0.428750
v -0.002994 0.918706 0.415334
v 0.175017 0.722926 0.664076
v 0.322161 0.653395 0.683076
v 0.383286 0.606465 0.695322
v 0.147906 0.675458 0.716920
v 0.400902 0.593179 0.688259
v 0.389480 0.585193 0.668597
v -0.009639 0.900772 0.433142
v 0.010444 0.889954 0.431950
v 0.012038 0.878595 0.428930
v -0.021733 0.789013 0.617524
v -0.016130 0.797060 0.604135
v 0.444095 0.602359 0.664329
v 0.464375 0.638606 0.617935
v 0.349736 0.754295 0.551915
v 0.380208 0.712021 0.583352
v 0.413521 0.710381 0.580433
v 0.421837 0.667711 0.616725
v 0.178415 0.864319 0.463168
v 0.175853 0.833370 0.456568
v 0.382510 0.642811 0.608452
v 0.393871 0.658874 0.617281
v 0.313315 0.775550 0.528938
v 0.299284 0.758195 0.518047
v 0.468574 0.595825 0.652958
v 0.421281 0.582757 0.697217
v 0.437453 0.567739 0.699488
v 0.174417 0.750431 0.525454
v 0.190543 0.726034 0.553589
v 0.193527 0.716007 0.573592
v 0.134704 0.786337 0.490843
v 0.037915 0.809233 0.474729
v 0.131969 0.847556 0.445277
v 0.122211 0.742820 0.571701
v 0.165160 0.728444 0.581151
v 0.068691 0.753235 0.564074
v 0.051640 0.864388 0.431460
v -0.026577 0.761013 0.543629
v 0.041492 0.773131 0.521672
v 0.034450 0.790648 0.497598
v 0.206722 0.818104 0.467075
v 0.233779 0.799720 0.478850
v 0.270924 0.769634 0.499668
v 0.378300 0.588847 0.668791
v 0.387130 0.612330 0.625486
v 0.392929 0.597218 0.643782
v 0.393823 0.587998 0.658592
v 0.203190 0.752049 0.514396
v 0.282287 0.738747 0.516169
v 0.264023 0.736571 0.517156
v 0.236516 0.742688 0.515649
v 0.229628 0.694972 0.600619
v 0.272632 0.665450 0.616918
v 0.024184 0.826588 0.455437
v 0.023797 0.841661 0.440939
v 0.007869 0.854352 0.431913
v 0.074968 0.848314 0.438009
v 0.184998 0.815874 0.462200
v 0.184225 0.790217 0.480159
v 0.326023 0.707003 0.543816
v 0.357145 0.660842 0.578711
v 0.381335 0.586284 0.656804
v 0.366591 0.592987 0.648154
v 0.348702 0.606866 0.633225
v 0.364089 0.630331 0.599673
v 0.353400 0.628784 0.600663
v 0.335997 0.631513 0.603096
v 0.337220 0.611777 0.641494
v 0.337448 0.611826 0.634678
v 0.323718 0.628263 0.614960
v -0.050605 -0.771873 -0.622213
v -0.039835 -0.694191 0.710740
v 0.016966 -0.668979 0.735040
v 0.005279 -0.640498 0.760605
v -0.670040 -0.485581 -0.555888
v -0.770301 -0.398541 0.491154
v -0.901445 0.424957 -0.028572
v -0.702835 -0.393104 -0.587054
v -0.710451 -0.419491 -0.559441
v -0.255929 0.439439 -0.857383
v -0.308299 0.467129 0.824881
v -0.286518 0.504749 0.810444
v -0.260259 0.462084 0.844071
v -0.010030 0.998882 -0.023343
v -0.279574 0.477271 -0.829493
v -0.039406 -0.995996 0.023964
v -0.122446 -0.979783 0.133325
v -0.183253 -0.972715 0.110221
v -0.223186 -0.953132 0.181680
v -0.357256 -0.891977 0.259558
v -0.485668 -0.793879 0.352857
v -0.567592 -0.695605 0.430655
v -0.667046 -0.559278 0.484632
v -0.714472 -0.462679 0.519087
v -0.484874 -0.495389 0.714827
v -0.349211 -0.520964 0.772835
v -0.306483 -0.508680 0.798549
v -0.216110 -0.536509 0.809832
v -0.170874 -0.539494 0.818977
v -0.714472 -0.462680 -0.519088
v -0.814127 -0.520550 -0.240243
v -0.842923 -0.520963 -0.093298
v -0.853068 -0.512236 -0.024940
v -0.842921 -0.520966 0.093299
v -0.814127 -0.520549 0.240243
v -0.789417 -0.509621 0.330170
v -0.801854 -0.463586 0.367132
v -0.781489 -0.459527 0.413706
v -0.254310 -0.948209 -0.166481
v -0.357257 -0.891978 -0.259555
v -0.401632 -0.869085 -0.271574
v -0.485668 -0.793879 -0.352856
v -0.558211 -0.731063 -0.380603
v -0.567595 -0.695604 -0.430653
v -0.667046 -0.559277 -0.484632
v -0.058235 -0.527641 -0.841690
v -0.191554 -0.499501 -0.839402
v -0.216121 -0.536514 -0.809824
v -0.294231 -0.540952 -0.781819
v -0.349210 -0.520963 -0.772836
v -0.480067 -0.520552 -0.700037
v -0.596957 -0.463585 -0.649153
v -0.626413 -0.478011 -0.609690
v -0.903599 0.419488 0.035007
v -0.913668 0.393103 0.061825
v -0.954059 0.212142 0.190414
v -0.956849 0.157706 0.224938
v -0.957578 0.079364 0.259560
v -0.953670 0.014506 0.284669
v -0.933816 -0.029433 0.342768
v -0.939747 -0.079142 0.318695
v -0.927136 -0.101912 0.347196
v -0.903521 -0.172345 0.380602
v -0.876000 -0.196588 0.430660
v -0.844678 -0.290589 0.440435
v -0.798541 -0.346514 0.484633
v -0.751607 -0.419492 -0.502792
v -0.828017 -0.326618 -0.447635
v -0.868930 -0.210025 -0.438326
v -0.899298 -0.143647 -0.402065
v -0.927265 -0.079366 -0.352855
v -0.942421 -0.046638 -0.316286
v -0.957578 0.079365 -0.259560
v -0.965294 0.151111 -0.190484
v -0.954059 0.212141 -0.190414
v -0.930896 0.346510 -0.077291
v -0.269920 0.424835 0.860543
v -0.173430 0.302349 0.933160
v -0.102399 0.185999 0.972787
v -0.025890 0.041221 0.994645
v -0.710451 -0.419490 0.559441
v -0.725561 -0.375741 0.570544
v -0.705342 -0.271151 0.648749
v -0.680283 -0.196596 0.700040
v -0.622130 -0.079364 0.772839
v -0.586650 -0.027922 0.803614
v -0.553387 0.021247 0.826893
v -0.542765 0.079365 0.830501
v -0.475917 0.212145 0.848521
v -0.399034 0.271149 0.871295
v -0.361165 0.346516 0.861450
v -0.296919 0.407574 -0.859889
v -0.341134 0.393103 -0.849846
v -0.424474 0.290586 -0.852811
v -0.475912 0.212144 -0.848524
v -0.509612 0.157706 -0.840508
v -0.542763 0.079362 -0.830503
v -0.582999 0.027921 -0.806266
v -0.622130 -0.079366 -0.772839
v -0.663658 -0.226630 -0.706736
v -0.707680 -0.346515 -0.609693
v -0.103698 0.185272 -0.972785
v -0.136549 0.238212 -0.957222
v -0.173426 0.302350 -0.933161
v -0.190500 0.345223 -0.914924
v -0.799858 0.520545 0.284168
v -0.775463 0.530772 0.328404
v -0.726005 0.539545 0.415639
v -0.703403 0.536519 0.455785
v -0.592071 0.542993 0.588531
v -0.564065 0.507961 0.644871
v -0.441362 0.478318 0.754359
v -0.090970 0.495165 0.859726
v -0.517429 0.520551 -0.672892
v -0.627099 0.520965 -0.570936
v -0.664760 0.508681 -0.538243
v -0.736778 0.520963 -0.419976
v -0.792641 0.496421 -0.340877
v -0.799857 0.520546 -0.284167
v -0.865148 0.478006 -0.125059
v -0.067535 0.979870 0.169632
v -0.077918 0.966769 0.233422
v -0.258748 0.673218 0.688072
v -0.241069 0.589106 0.766423
v -0.871013 0.484660 -0.011334
v -0.851296 0.517845 -0.016508
v -0.774753 0.625557 -0.018483
v -0.682101 0.723955 0.015676
v -0.433326 0.898880 -0.007799
v -0.058618 0.979487 -0.173168
v -0.109419 0.947761 -0.284719
v -0.103929 0.925113 -0.352485
v -0.165356 0.886973 -0.420465
v -0.145111 0.859371 -0.480744
v -0.165673 0.813816 -0.548559
v -0.183299 0.771951 -0.601185
v -0.201806 0.716373 -0.661309
v -0.208883 0.683264 -0.693394
v -0.272784 0.594538 -0.751519
v -0.274967 0.553503 -0.781710
v -0.141871 0.935265 -0.310518
v -0.395976 0.906751 -0.046669
v -0.368379 0.915105 -0.069446
v -0.337317 0.924141 -0.083471
v -0.244480 0.943596 -0.207578
v -0.218136 0.942618 -0.236399
v -0.192579 0.867637 -0.448015
v -0.398094 0.888698 -0.206523
v -0.331065 0.888424 -0.302388
v -0.292635 0.891082 -0.332171
v -0.250413 0.765963 -0.584270
v -0.620598 0.773178 -0.080551
v -0.564907 0.795920 -0.192854
v -0.510273 0.819345 -0.240395
v -0.466148 0.827081 -0.295968
v -0.448592 0.807338 -0.368607
v -0.336719 0.813165 -0.463809
v -0.298314 0.698916 -0.643026
v -0.281850 0.663190 -0.687279
v -0.740662 0.663285 -0.055578
v -0.685447 0.697056 -0.186098
v -0.654154 0.708194 -0.246221
v -0.610048 0.716576 -0.322281
v -0.583772 0.717020 -0.366358
v -0.495020 0.716577 -0.480601
v -0.405472 0.729959 -0.540803
v -0.388859 0.697027 -0.594390
v -0.327442 0.561582 -0.754999
v -0.825367 0.555657 -0.052613
v -0.783629 0.588098 -0.177706
v -0.759343 0.598962 -0.236327
v -0.731565 0.605684 -0.297133
v -0.698825 0.608074 -0.363492
v -0.642607 0.612516 -0.449695
v -0.611559 0.616064 -0.486119
v -0.508652 0.605688 -0.603939
v -0.419623 0.579775 -0.692520
v -0.220808 0.963561 -0.054169
v -0.245784 0.954582 -0.073588
v -0.274274 0.944360 -0.085284
v -0.419820 0.902343 -0.081833
v -0.397030 0.901976 -0.147374
v -0.346275 0.926125 -0.129682
v -0.160563 0.946438 -0.263572
v -0.267976 0.929714 -0.241393
v -0.222506 0.917132 -0.316372
v -0.177964 0.905930 -0.372163
v -0.231587 0.896671 -0.364119
v -0.485249 0.848613 -0.186199
v -0.420734 0.865063 -0.253623
v -0.474050 0.839529 -0.244343
v -0.389203 0.866502 -0.295335
v -0.308178 0.867932 -0.375773
v -0.377535 0.840373 -0.374816
v -0.259738 0.858065 -0.431407
v -0.254499 0.844156 -0.461619
v -0.277516 0.822512 -0.486117
v -0.199115 0.826067 -0.517983
v -0.278217 0.798473 -0.524913
v -0.703549 0.699173 -0.084483
v -0.656747 0.733496 -0.144960
v -0.610174 0.765114 -0.179745
v -0.545456 0.793535 -0.248793
v -0.585392 0.766818 -0.242967
v -0.531609 0.786696 -0.295738
v -0.543164 0.760981 -0.339296
v -0.461260 0.779073 -0.411735
v -0.504385 0.750330 -0.414199
v -0.404815 0.793660 -0.441988
v -0.419537 0.763227 -0.480602
v -0.357135 0.761533 -0.531451
v -0.292693 0.774300 -0.552292
v -0.314256 0.725830 -0.603938
v -0.251200 0.726953 -0.632047
v -0.794135 0.600809 -0.034504
v -0.798683 0.589602 -0.080885
v -0.742616 0.654210 -0.109195
v -0.707640 0.669143 -0.204906
v -0.742942 0.628628 -0.208359
v -0.660055 0.689114 -0.281362
v -0.704212 0.659530 -0.243850
v -0.666566 0.660004 -0.331667
v -0.619328 0.664836 -0.405169
v -0.536482 0.713429 -0.438692
v -0.581717 0.652401 -0.474891
v -0.479076 0.687604 -0.535967
v -0.521410 0.660008 -0.531449
v -0.449525 0.659532 -0.594392
v -0.413548 0.669148 -0.609682
v -0.427739 0.628631 -0.642193
v -0.333327 0.654214 -0.672524
v -0.368969 0.601847 -0.702376
v -0.256968 0.625562 -0.731126
v -0.301794 0.603074 -0.733151
v -0.868818 0.485578 -0.055888
v -0.841365 0.525526 -0.094588
v -0.800787 0.558616 -0.195902
v -0.832722 0.509619 -0.196892
v -0.763503 0.579390 -0.268941
v -0.797993 0.548684 -0.231876
v -0.771399 0.527077 -0.343837
v -0.732776 0.566530 -0.364501
v -0.669993 0.571712 -0.463411
v -0.640880 0.563783 -0.511951
v -0.561648 0.608078 -0.552294
v -0.573099 0.566533 -0.584273
v -0.491710 0.579392 -0.643027
v -0.565385 0.527078 -0.627390
v -0.467119 0.548687 -0.687281
v -0.382571 0.553239 -0.734597
v -0.412949 0.517538 -0.744607
v -0.458083 0.507884 -0.724029
v -0.278760 0.517853 -0.804526
v -0.106318 0.864820 -0.481109
v -0.045701 0.877613 -0.468283
v -0.111881 0.768007 -0.623446
v -0.086221 0.794132 -0.594113
v -0.151732 0.675651 -0.715458
v -0.204930 0.555663 -0.801244
v -0.149956 0.571161 -0.802237
v -0.072299 0.904033 -0.410269
v -0.111681 0.835667 -0.528920
v -0.080457 0.818150 -0.561170
v -0.032230 0.852218 -0.513546
v -0.030506 0.821908 -0.561189
v -0.160544 0.755169 -0.628196
v -0.074328 0.732440 -0.669823
v -0.176374 0.647363 -0.736081
v -0.123230 0.653714 -0.740693
v -0.149743 0.607055 -0.775207
v -0.211759 0.479357 -0.847876
v -0.127400 0.550854 -0.819961
v -0.173003 0.533809 -0.823427
v -0.065856 0.566939 -0.816292
v -0.084717 0.527221 -0.840954
v -0.037719 0.990355 0.112414
v -0.146783 0.889927 0.447685
v -0.139517 0.776209 0.608666
v -0.180226 0.763164 0.617392
v -0.028558 0.796091 0.594454
v -0.077372 0.788946 0.598785
v -0.147910 0.675457 0.716920
v -0.070005 0.674583 0.729354
v -0.207848 0.585381 0.779110
v -0.034365 0.595577 0.797843
v -0.057597 0.909479 0.431051
v -0.075946 0.787861 0.609488
v -0.137876 0.765866 0.629855
v -0.044086 0.769745 0.637807
v -0.242547 0.880447 0.400245
v -0.098608 0.698834 0.703149
v -0.117847 0.650372 0.744635
v -0.170887 0.646564 0.738254
v -0.138625 0.615537 0.770245
v -0.090105 0.579703 0.804502
v -0.084716 0.527223 0.840953
v -0.127397 0.550853 0.819962
v -0.185830 0.480636 0.853014
v -0.061421 0.992308 0.072757
v -0.073003 0.993623 0.030037
v -0.054615 0.996385 0.001718
v -0.180476 0.974716 0.019738
v -0.414396 0.839293 0.153883
v -0.422923 0.867589 0.156883
v -0.238540 0.927292 0.274393
v -0.231750 0.932588 0.251589
v -0.350017 0.859436 0.256488
v -0.349897 0.843915 0.253721
v -0.376553 0.880112 0.242358
v -0.398607 0.876995 0.220544
v -0.416595 0.876141 0.191801
v -0.391911 0.821372 0.402888
v -0.710409 0.691601 0.083842
v -0.740079 0.663832 0.056505
v -0.514077 0.713286 0.472036
v -0.554417 0.714506 0.413725
v -0.549540 0.744343 0.358241
v -0.596412 0.731394 0.306108
v -0.670033 0.701898 0.214557
v -0.678020 0.706135 0.169822
v -0.819233 0.561580 0.078112
v -0.839277 0.536364 0.031490
v -0.334404 0.583989 0.734565
v -0.531413 0.639240 0.553090
v -0.622936 0.616778 0.471030
v -0.647915 0.639144 0.402203
v -0.699685 0.611928 0.355090
v -0.721936 0.610369 0.311049
v -0.146803 0.976142 0.138089
v -0.164950 0.971105 0.138806
v -0.184889 0.958624 0.160019
v -0.199226 0.948803 0.194074
v -0.218271 0.937692 0.222977
v -0.407018 0.860175 -0.005477
v -0.413168 0.889020 -0.011729
v -0.303823 0.922584 -0.079541
v -0.303819 0.893586 -0.063785
v -0.267419 0.914269 0.259642
v -0.296100 0.902080 0.265271
v -0.324034 0.892746 0.264629
v -0.247051 0.914821 0.242049
v -0.254781 0.887891 0.236157
v -0.213125 0.932894 -0.009487
v -0.206422 0.960090 -0.020201
v -0.431579 0.891873 0.024421
v -0.437788 0.885652 0.068778
v -0.436934 0.880714 0.113975
v -0.233282 0.848376 0.480429
v -0.310633 0.794497 0.522244
v -0.377901 0.612499 0.689120
v -0.396639 0.596790 0.695439
v -0.412697 0.633577 0.646830
v -0.416108 0.610797 0.668371
v -0.415153 0.596043 0.684950
v -0.397281 0.763741 0.521709
v -0.430145 0.750786 0.512005
v -0.442946 0.722975 0.541989
v -0.667852 0.733668 0.058670
v -0.680000 0.714804 0.117095
v -0.270852 0.622004 0.729477
v -0.301840 0.641014 0.700865
v -0.452832 0.667836 0.598584
v -0.464376 0.638604 0.617936
v -0.485942 0.679558 0.554532
v -0.528285 0.669816 0.519222
v -0.637962 0.665255 0.374037
v -0.636230 0.693001 0.321866
v -0.671941 0.648106 0.343667
v -0.665269 0.685874 0.274980
v -0.703475 0.660617 0.242703
v -0.727525 0.657880 0.168517
v -0.742915 0.628652 0.208367
v -0.775178 0.608225 0.143334
v -0.759401 0.639036 0.082251
v -0.797245 0.589215 0.097066
v -0.338457 0.480884 0.804573
v -0.382050 0.515287 0.762354
v -0.099912 0.753851 0.580063
v -0.074838 0.769571 0.584626
v -0.076264 0.781599 0.591099
v -0.525733 0.585508 0.614537
v -0.574119 0.529343 0.618266
v -0.613237 0.579005 0.528955
v -0.672490 0.589801 0.436350
v -0.674840 0.542411 0.490771
v -0.706222 0.580541 0.393544
v -0.755432 0.539666 0.359316
v -0.763499 0.579394 0.268942
v -0.797993 0.548684 0.231876
v -0.816865 0.553237 0.136847
v -0.792397 0.570896 0.195304
v -0.830148 0.507882 0.211925
v -0.858144 0.498630 0.089556
v -0.913670 0.393097 -0.061825
v -0.873686 0.436763 -0.195449
v -0.841595 0.484991 -0.220237
v -0.942243 0.290580 -0.140163
v -0.927842 0.304508 -0.195122
v -0.835820 0.434761 -0.321476
v -0.902641 0.309233 -0.283133
v -0.881946 0.320533 -0.331546
v -0.874252 0.366014 -0.303753
v -0.726445 0.480773 -0.481464
v -0.932523 0.046655 -0.344558
v -0.924336 0.120204 -0.348785
v -0.897937 0.197265 -0.380413
v -0.841113 0.320941 -0.423201
v -0.815799 0.361545 -0.440086
v -0.622107 0.468522 -0.619877
v -0.898995 -0.085257 -0.418709
v -0.887009 -0.042640 -0.449035
v -0.878054 0.062182 -0.463562
v -0.846120 0.094159 -0.514255
v -0.822745 0.201829 -0.521148
v -0.801368 0.247184 -0.534481
v -0.718496 0.378847 -0.574265
v -0.564027 0.434761 -0.695567
v -0.514482 0.453967 -0.721689
v -0.846538 -0.210156 -0.480439
v -0.822510 -0.086428 -0.553502
v -0.805379 -0.027195 -0.583700
v -0.776926 0.048457 -0.619307
v -0.756228 0.090844 -0.639524
v -0.693690 0.214928 -0.679783
v -0.607882 0.342828 -0.709439
v -0.451377 0.415629 -0.784588
v -0.400949 0.423534 -0.808009
v -0.781783 -0.321092 -0.527701
v -0.768991 -0.208037 -0.597503
v -0.748338 -0.157360 -0.637522
v -0.728314 -0.102289 -0.670390
v -0.701162 -0.042640 -0.704833
v -0.650309 0.069003 -0.750122
v -0.567016 0.220318 -0.787579
v -0.509338 0.302207 -0.800398
v -0.486339 0.367111 -0.787651
v -0.914990 0.376413 -0.117730
v -0.915094 0.356782 -0.165458
v -0.900064 0.389771 -0.174085
v -0.937989 0.268697 -0.198979
v -0.932517 0.241365 -0.251222
v -0.909673 0.335353 -0.227313
v -0.920470 0.276711 -0.259563
v -0.873961 0.408448 -0.247322
v -0.855897 0.405855 -0.306479
v -0.845355 0.453962 -0.266282
v -0.943128 0.145827 -0.282881
v -0.924252 0.220313 -0.295886
v -0.924923 0.155882 -0.332347
v -0.892900 0.282160 -0.336857
v -0.878978 0.251276 -0.392396
v -0.862566 0.342829 -0.358895
v -0.864220 0.288070 -0.400274
v -0.827050 0.414718 -0.366504
v -0.781783 0.468517 -0.400105
v -0.790441 0.424848 -0.430050
v -0.925889 -0.006229 -0.365190
v -0.898988 -0.012538 -0.426804
v -0.914368 0.069000 -0.386673
v -0.904083 0.031020 -0.414152
v -0.897366 0.120494 -0.412018
v -0.856446 0.125796 -0.490180
v -0.860877 0.214929 -0.449668
v -0.857102 0.170368 -0.474842
v -0.823134 0.290413 -0.477090
v -0.769826 0.363847 -0.514509
v -0.789826 0.299792 -0.524923
v -0.735118 0.427499 -0.516906
v -0.708295 0.422597 -0.556400
v -0.697240 0.472772 -0.529941
v -0.676850 0.431736 -0.588197
v -0.857398 -0.151979 -0.482420
v -0.862644 -0.102286 -0.485501
v -0.857820 -0.012803 -0.503885
v -0.830885 -0.016007 -0.546761
v -0.829085 0.048457 -0.547517
v -0.818240 0.122622 -0.551731
v -0.787971 0.125660 -0.593760
v -0.755960 0.247184 -0.596980
v -0.749889 0.201828 -0.621428
v -0.740149 0.294376 -0.595523
v -0.708105 0.290414 -0.635414
v -0.670648 0.361543 -0.639871
v -0.662409 0.320942 -0.669167
v -0.653267 0.424845 -0.618857
v -0.604141 0.414718 -0.673313
v -0.569136 0.496426 -0.648503
v -0.826403 -0.226645 -0.507324
v -0.795061 -0.271736 -0.534887
v -0.810519 -0.210614 -0.538714
v -0.815522 -0.146933 -0.551256
v -0.800665 -0.105080 -0.581710
v -0.776291 -0.146931 -0.605255
v -0.781213 -0.021522 -0.615596
v -0.780589 -0.086427 -0.611202
v -0.744308 -0.012801 -0.660121
v -0.705114 0.048576 -0.699998
v -0.716894 0.161484 -0.670246
v -0.681387 0.123843 -0.714219
v -0.644815 0.251281 -0.714694
v -0.639270 0.197268 -0.736435
v -0.596293 0.282162 -0.745101
v -0.559052 0.366017 -0.737592
v -0.587855 0.320536 -0.736326
v -0.547706 0.289404 -0.779252
v -0.506477 0.397465 -0.759615
v -0.460300 0.478177 -0.742546
v -0.496761 0.432634 -0.746823
v -0.732924 -0.350891 -0.576854
v -0.737872 -0.226649 -0.629176
v -0.705340 -0.271148 -0.648752
v -0.723767 -0.151977 -0.666350
v -0.718524 -0.210155 -0.656636
v -0.686243 -0.143128 -0.706846
v -0.676021 -0.085255 -0.725605
v -0.660192 0.022218 -0.744455
v -0.615419 -0.021244 -0.781824
v -0.615862 0.046659 -0.780405
v -0.601904 0.155880 -0.776949
v -0.560482 0.145830 -0.809550
v -0.527090 0.241367 -0.809244
v -0.479096 0.268700 -0.830590
v -0.436264 0.334133 -0.830853
v -0.416871 0.382733 -0.819970
v -0.370517 0.362421 -0.851124
v -0.352544 0.452842 -0.814732
v -0.230066 0.400863 -0.883111
v -0.105719 0.400310 -0.906181
v -0.100409 0.454924 -0.880845
v -0.144611 0.325001 -0.930416
v -0.079077 0.335453 -0.934447
v -0.056408 0.181682 -0.977417
v -0.143152 0.360011 -0.917839
v -0.112435 0.269559 -0.952085
v -0.007041 0.257157 -0.964969
v -0.124276 0.401451 0.903183
v -0.031959 0.294048 0.950908
v -0.086911 0.357661 0.925536
v -0.077460 0.429226 0.895509
v -0.070658 0.133603 0.984040
v -0.087842 0.308658 0.942966
v -0.122287 0.273253 0.949706
v -0.190498 0.345224 0.914924
v -0.204740 0.451495 0.864720
v -0.351057 0.409813 0.837885
v -0.361715 0.459304 0.807080
v -0.448231 0.433217 0.777101
v -0.469725 0.454172 0.751892
v -0.472292 0.304511 0.822132
v -0.564276 0.434180 0.695724
v -0.605647 0.448486 0.650294
v -0.548205 0.309238 0.770968
v -0.587858 0.320535 0.736324
v -0.559047 0.366015 0.737596
v -0.677444 0.484132 0.545235
v -0.588663 0.046981 0.801005
v -0.617354 0.120203 0.771312
v -0.639272 0.197265 0.736434
v -0.662409 0.320942 0.669167
v -0.670645 0.361544 0.639874
v -0.781782 0.468519 0.400105
v -0.676023 -0.085257 0.725604
v -0.701162 -0.042641 0.704833
v -0.705115 0.048574 0.699997
v -0.731747 0.124001 0.662398
v -0.744722 0.188337 0.631568
v -0.755482 0.231099 0.604218
v -0.769823 0.363848 0.514512
v -0.835818 0.434761 0.321479
v -0.845355 0.453961 0.266285
v -0.718522 -0.210156 0.656638
v -0.780588 -0.086430 0.611203
v -0.804012 -0.027198 0.585582
v -0.829084 0.048454 0.547518
v -0.841914 0.090840 0.521587
v -0.860874 0.214929 0.449672
v -0.862564 0.342829 0.358897
v -0.885672 0.415624 0.186837
v -0.892363 0.423532 0.131642
v -0.773111 -0.274997 0.564818
v -0.825122 -0.187388 0.524835
v -0.862641 -0.102287 0.485506
v -0.887009 -0.042640 0.449036
v -0.909849 0.045345 0.400581
v -0.915069 0.088545 0.380340
v -0.924253 0.220311 0.295885
v -0.918621 0.302202 0.237069
v -0.899392 0.367102 0.219136
v -0.394713 0.376415 0.833826
v -0.440142 0.356782 0.819175
v -0.405873 0.464367 0.782424
v -0.479094 0.268698 0.830592
v -0.527094 0.241365 0.809242
v -0.493293 0.328432 0.800192
v -0.531300 0.276711 0.795210
v -0.511125 0.422756 0.742993
v -0.556119 0.405352 0.719455
v -0.525357 0.472554 0.702031
v -0.560482 0.145831 0.809549
v -0.567015 0.220315 0.787581
v -0.601901 0.155884 0.776950
v -0.596295 0.282163 0.745100
v -0.644814 0.251279 0.714695
v -0.607879 0.342829 0.709442
v -0.647745 0.288070 0.698228
v -0.617655 0.412913 0.662187
v -0.622358 0.468514 0.619715
v -0.653349 0.424787 0.618812
v -0.633435 -0.006227 0.767720
v -0.683724 -0.012537 0.723092
v -0.644500 0.088548 0.752748
v -0.662136 0.045347 0.741529
v -0.681384 0.123841 0.714223
v -0.693687 0.214927 0.679786
v -0.716892 0.161486 0.670247
v -0.708104 0.290414 0.635416
v -0.727220 0.363849 0.573150
v -0.743307 0.299787 0.588953
v -0.708295 0.422599 0.556398
v -0.743012 0.382608 0.539827
v -0.748044 0.422597 0.501689
v -0.718365 0.497667 0.476045
v -0.768569 0.431733 0.461958
v -0.723766 -0.151980 0.666351
v -0.728317 -0.102290 0.670387
v -0.744310 -0.012805 0.660119
v -0.776762 -0.016009 0.621256
v -0.756228 0.090845 0.639524
v -0.776927 0.048455 0.619307
v -0.787972 0.125654 0.593760
v -0.818241 0.122624 0.551730
v -0.808108 0.231100 0.531784
v -0.830790 0.188338 0.513105
v -0.795097 0.294376 0.519892
v -0.823133 0.290412 0.477092
v -0.815799 0.361541 0.440089
v -0.841112 0.320941 0.423203
v -0.790441 0.424843 0.430054
v -0.827051 0.414715 0.366505
v -0.804409 0.475620 0.343158
v -0.738604 -0.270551 0.611192
v -0.755120 -0.213834 0.613086
v -0.776291 -0.146935 0.605253
v -0.800663 -0.105084 0.581712
v -0.827828 -0.142774 0.534122
v -0.826879 -0.021522 0.552742
v -0.822508 -0.086425 0.553505
v -0.857819 -0.012803 0.503885
v -0.883631 0.048574 0.454290
v -0.858978 0.161483 0.474684
v -0.889829 0.123838 0.427322
v -0.878976 0.251278 0.392399
v -0.897937 0.197263 0.380415
v -0.892899 0.282161 0.336859
v -0.874251 0.366012 0.303757
v -0.881947 0.320533 0.331545
v -0.910363 0.289400 0.280101
v -0.848446 0.478174 0.208315
v -0.865123 0.458836 0.183968
v -0.795061 -0.271736 0.534888
v -0.781781 -0.321090 0.527705
v -0.815630 -0.287820 0.494692
v -0.843104 -0.262162 0.460922
v -0.857395 -0.151983 0.482424
v -0.846541 -0.210155 0.480434
v -0.899780 -0.141713 0.401751
v -0.898993 -0.085258 0.418711
v -0.926380 0.014496 0.363463
v -0.938064 0.057527 0.327717
v -0.924922 0.155881 0.332349
v -0.943128 0.145828 0.282881
v -0.932517 0.241366 0.251223
v -0.937989 0.268694 0.198981
v -0.925004 0.334127 0.158166
v -0.945938 0.276304 0.144428
v -0.908661 0.382725 0.143084
v -0.923963 0.362419 0.089375
v -0.891152 0.440912 0.072114
v -0.246018 0.353936 -0.898546
v -0.256428 0.265653 -0.924934
v -0.222096 0.222124 -0.945062
v -0.196207 0.265639 -0.939515
v -0.362704 0.215403 -0.902223
v -0.194075 0.151887 -0.964481
v -0.460193 0.143124 -0.871081
v -0.335747 0.146927 -0.925330
v -0.305825 0.105080 -0.941235
v -0.272269 0.146931 -0.945954
v -0.053398 -0.019018 -0.993966
v -0.534401 0.006224 -0.839672
v -0.476421 0.012539 -0.873707
v -0.397811 0.012801 -0.911867
v -0.263247 0.016005 -0.959176
v -0.214147 0.012803 -0.971543
v -0.596732 -0.145836 -0.783211
v -0.552927 -0.155886 -0.812531
v -0.468711 -0.123841 -0.868740
v -0.415916 -0.161485 -0.888921
v -0.337670 -0.122627 -0.927309
v -0.288478 -0.125665 -0.943519
v -0.641890 -0.268698 -0.712314
v -0.524369 -0.282164 -0.797356
v -0.385502 -0.290413 -0.869801
v -0.337663 -0.294377 -0.887947
v -0.199061 -0.290691 -0.930248
v -0.671045 -0.376415 -0.633059
v -0.512293 -0.405856 -0.751028
v -0.453673 -0.414718 -0.782635
v -0.386705 -0.424848 -0.812527
v -0.310294 -0.422597 -0.845565
v -0.283806 -0.382614 -0.873459
v -0.245982 -0.422597 -0.866462
v -0.142997 -0.411450 -0.894782
v -0.096022 -0.410853 -0.901397
v -0.322135 0.350894 -0.875309
v -0.328814 0.271735 -0.900060
v -0.277600 0.300599 -0.908402
v -0.402463 0.210153 -0.886268
v -0.410086 0.151979 -0.894254
v -0.375072 0.157361 -0.908716
v -0.261885 0.210613 -0.937321
v -0.230692 0.157351 -0.955630
v -0.173771 0.197799 -0.960318
v -0.481187 0.085257 -0.867160
v -0.412520 0.102288 -0.899829
v -0.453666 0.042638 -0.884649
v -0.340079 0.086422 -0.931254
v -0.344057 0.021521 -0.933208
v -0.272248 0.086424 -0.953293
v -0.306263 0.027193 -0.946332
v -0.177496 0.110824 -0.973240
v -0.167334 0.064767 -0.979007
v -0.121148 0.083990 -0.984446
v -0.579894 -0.046980 -0.807375
v -0.543169 -0.049796 -0.832402
v -0.542790 -0.120203 -0.825486
v -0.487980 -0.031024 -0.866466
v -0.512454 -0.069003 -0.850279
v -0.447849 -0.048575 -0.886913
v -0.403860 -0.124008 -0.900622
v -0.348916 -0.048457 -0.930276
v -0.374540 -0.090842 -0.916838
v -0.264523 -0.048461 -0.957697
v -0.235897 -0.090842 -0.961886
v -0.159538 -0.048361 -0.980685
v -0.203132 -0.123667 -0.965937
v -0.115478 -0.031272 -0.987691
v -0.126562 -0.118382 -0.979896
v -0.606754 -0.241366 -0.751366
v -0.573819 -0.220317 -0.782636
v -0.502845 -0.197267 -0.835554
v -0.480460 -0.251279 -0.834106
v -0.432157 -0.214930 -0.869799
v -0.359289 -0.201829 -0.905216
v -0.334161 -0.247184 -0.903436
v -0.261549 -0.171529 -0.943966
v -0.237808 -0.212979 -0.941966
v -0.260647 -0.247214 -0.927313
v -0.186060 -0.161478 -0.963616
v -0.096949 -0.191956 -0.971371
v -0.140544 -0.231955 -0.956898
v -0.675039 -0.324101 -0.657338
v -0.643071 -0.356786 -0.671736
v -0.603834 -0.302207 -0.731743
v -0.518632 -0.320537 -0.786619
v -0.528745 -0.366017 -0.759611
v -0.486877 -0.342832 -0.797354
v -0.431723 -0.320945 -0.836770
v -0.401318 -0.361543 -0.835553
v -0.320380 -0.363849 -0.868738
v -0.255141 -0.299807 -0.913380
v -0.251444 -0.363848 -0.891138
v -0.202176 -0.330323 -0.916475
v -0.201356 -0.361576 -0.904557
v -0.099271 -0.298256 -0.943549
v -0.101165 -0.361467 -0.921554
v -0.679938 -0.434368 -0.585278
v -0.644563 -0.423534 -0.631013
v -0.591945 -0.436766 -0.671659
v -0.563966 -0.478173 -0.667231
v -0.487232 -0.434763 -0.751362
v -0.527388 -0.453966 -0.712313
v -0.440896 -0.496423 -0.741677
v -0.397301 -0.468522 -0.783209
v -0.301359 -0.497670 -0.807371
v -0.188635 -0.458131 -0.863386
v -0.227358 -0.484244 -0.839295
v -0.152293 -0.500970 -0.846423
v -0.116789 -0.493180 -0.856649
v -0.259138 0.384633 0.882283
v -0.328813 0.271736 0.900060
v -0.369078 0.287820 0.879633
v -0.196209 0.265640 0.939515
v -0.410085 0.151975 0.894255
v -0.460191 0.143131 0.871081
v -0.177452 0.110795 0.973252
v -0.272268 0.146931 0.945955
v -0.305824 0.105085 0.941234
v -0.355774 0.142772 0.918701
v -0.060259 -0.011391 0.993529
v -0.214146 0.012806 0.971543
v -0.263248 0.016004 0.959176
v -0.344061 0.021524 0.933207
v -0.397812 0.012800 0.911866
v -0.596732 -0.145833 0.783212
v -0.032619 -0.150271 0.984446
v -0.056253 -0.134845 0.985022
v -0.126579 -0.118340 0.979898
v -0.288478 -0.125662 0.943520
v -0.337671 -0.122630 0.927308
v -0.468710 -0.123840 0.868741
v -0.606756 -0.241367 0.751364
v -0.641890 -0.268697 0.712314
v -0.074350 -0.282413 0.951279
v -0.199157 -0.290397 0.930326
v -0.255158 -0.299797 0.913379
v -0.337663 -0.294375 0.887948
v -0.385503 -0.290411 0.869801
v -0.480460 -0.251281 0.834106
v -0.524368 -0.282165 0.797357
v -0.643070 -0.356784 0.671738
v -0.689579 -0.384003 0.608346
v -0.041245 -0.395922 0.913695
v -0.112311 -0.422342 0.894499
v -0.165168 -0.424656 0.884661
v -0.283807 -0.382615 0.873458
v -0.310297 -0.422597 0.845564
v -0.453674 -0.414715 0.782636
v -0.561677 -0.408451 0.713787
v -0.279144 0.272128 0.916781
v -0.322293 0.321088 0.886444
v -0.173756 0.197790 0.960322
v -0.194063 0.151890 0.964483
v -0.261888 0.210612 0.937321
v -0.230696 0.157349 0.955629
v -0.359040 0.187385 0.909598
v -0.402462 0.210155 0.886269
v -0.121081 0.084081 0.984442
v -0.134290 0.010618 0.985915
v -0.167311 0.064788 0.979010
v -0.272253 0.086424 0.953292
v -0.306262 0.027195 0.946332
v -0.340077 0.086424 0.931255
v -0.412519 0.102288 0.899829
v -0.481190 0.085255 0.867159
v -0.453665 0.042641 0.884650
v -0.115480 -0.031272 0.987691
v -0.159537 -0.048360 0.980685
v -0.188616 -0.116606 0.969617
v -0.264524 -0.048460 0.957696
v -0.228016 -0.110866 0.961908
v -0.348918 -0.048457 0.930275
v -0.374538 -0.090846 0.916839
v -0.447849 -0.048576 0.886913
v -0.403859 -0.124003 0.900624
v -0.504010 -0.022224 0.857928
v -0.512453 -0.069003 0.850280
v -0.551899 -0.046656 0.826877
v -0.542790 -0.120205 0.825486
v -0.113232 -0.184364 0.971062
v -0.116072 -0.260870 0.953032
v -0.203323 -0.201249 0.952629
v -0.149784 -0.228300 0.956350
v -0.261562 -0.171523 0.943964
v -0.256030 -0.231108 0.932887
v -0.370525 -0.188342 0.903437
v -0.341198 -0.231104 0.905215
v -0.415917 -0.161484 0.888920
v -0.432155 -0.214928 0.869800
v -0.502843 -0.197266 0.835555
v -0.552925 -0.155884 0.812534
v -0.573819 -0.220317 0.782636
v -0.641184 -0.172346 0.741680
v -0.125358 -0.326975 0.931350
v -0.168749 -0.362198 0.911160
v -0.251436 -0.363850 0.891139
v -0.320380 -0.363848 0.868738
v -0.431723 -0.320946 0.836769
v -0.401320 -0.361544 0.835552
v -0.486876 -0.342830 0.797356
v -0.563834 -0.309243 0.759611
v -0.518633 -0.320536 0.786619
v -0.528744 -0.366017 0.759613
v -0.598817 -0.367110 0.705931
v -0.624507 -0.308199 0.712013
v -0.068965 -0.448178 0.886488
v -0.096729 -0.504681 0.852550
v -0.139722 -0.469086 0.866711
v -0.227395 -0.484230 0.839293
v -0.288545 -0.472772 0.826876
v -0.386702 -0.424846 0.812529
v -0.397298 -0.468524 0.783209
v -0.487231 -0.434763 0.751362
v -0.426527 -0.503248 0.745591
v -0.527390 -0.453966 0.712312
v -0.591946 -0.436765 0.671659
v -0.551413 -0.484994 0.672850
v -0.633466 -0.411133 0.649851
v -0.634956 -0.459529 0.615392
v -0.957617 0.271734 -0.034585
v -0.950631 0.287821 -0.079195
v -0.953012 0.262158 -0.122658
v -0.951959 0.271149 0.110259
v -0.966772 0.226648 0.075305
v -0.977211 0.151976 -0.113670
v -0.970656 0.143126 0.168486
v -0.983792 0.146931 0.033371
v -0.989672 0.105082 -0.000000
v -0.983677 0.142768 -0.054465
v -0.963716 0.006230 -0.248769
v -0.963097 -0.014495 0.250457
v -0.978167 0.012537 0.183109
v -0.990167 0.012800 0.096560
v -0.993579 0.016007 0.046038
v -0.993853 0.021520 -0.038846
v -0.990167 0.012797 -0.096556
v -0.929282 -0.145830 -0.325494
v -0.930737 -0.138829 0.324556
v -0.943630 -0.155882 0.274772
v -0.971062 -0.123839 0.177308
v -0.973940 -0.161487 0.120860
v -0.986270 -0.122623 0.034588
v -0.986485 -0.125660 -0.017210
v -0.968164 -0.120492 -0.194123
v -0.902089 -0.241368 -0.344870
v -0.875806 -0.268701 -0.390354
v -0.875808 -0.268697 0.390353
v -0.920371 -0.282161 0.252306
v -0.946357 -0.290412 0.097844
v -0.947526 -0.299790 0.039568
v -0.948833 -0.294373 -0.046743
v -0.946357 -0.290411 -0.097846
v -0.941753 -0.251277 -0.199190
v -0.920371 -0.282163 -0.252305
v -0.806270 -0.387111 -0.439424
v -0.862907 -0.404937 0.287766
v -0.884526 -0.414714 0.189616
v -0.892260 -0.424844 0.116684
v -0.898554 -0.427496 0.013904
v -0.900068 -0.422593 -0.033811
v -0.884526 -0.414714 -0.189616
v -0.859353 -0.388767 -0.319391
v -0.932016 0.350887 0.035885
v -0.958172 0.272123 0.017820
v -0.942652 0.321089 -0.032592
v -0.967259 0.210155 0.108898
v -0.977210 0.151982 0.113668
v -0.972373 0.210614 0.040577
v -0.980144 0.157361 0.075912
v -0.976029 0.187385 -0.060388
v -0.967259 0.210155 -0.108900
v -0.973414 0.085256 0.189666
v -0.983265 0.102284 0.114264
v -0.981543 0.042639 0.158089
v -0.990765 0.086426 0.035660
v -0.994656 0.027199 0.001162
v -0.990765 0.086426 -0.035655
v -0.983264 0.102288 -0.114266
v -0.973414 0.085254 -0.189670
v -0.981543 0.042639 -0.158089
v -0.951540 -0.057527 0.286243
v -0.952817 -0.120203 0.261131
v -0.974853 -0.031022 0.196340
v -0.967022 -0.069004 0.224618
v -0.981898 -0.048578 0.151853
v -0.981344 -0.124002 0.105779
v -0.992566 -0.048457 0.044366
v -0.987704 -0.090844 0.072887
v -0.992566 -0.048458 -0.044368
v -0.987704 -0.090847 -0.072886
v -0.982837 -0.062187 -0.141070
v -0.981344 -0.124003 -0.105781
v -0.971541 -0.045346 -0.210709
v -0.963867 -0.088546 -0.230156
v -0.956955 -0.046655 -0.269360
v -0.952817 -0.120202 -0.261131
v -0.902090 -0.241368 0.344867
v -0.928033 -0.207771 0.293390
v -0.950049 -0.197264 0.220028
v -0.941753 -0.251277 0.199190
v -0.960773 -0.214932 0.142212
v -0.973720 -0.188336 0.073210
v -0.966348 -0.231100 0.044768
v -0.973718 -0.188342 -0.073214
v -0.966348 -0.231102 -0.044769
v -0.973940 -0.161484 -0.120866
v -0.960773 -0.214931 -0.142216
v -0.950050 -0.197262 -0.220027
v -0.943629 -0.155881 -0.274775
v -0.921655 -0.220311 -0.303880
v -0.907233 -0.188966 -0.363682
v -0.865332 -0.304511 0.387507
v -0.837582 -0.356785 0.404013
v -0.869427 -0.328433 0.357410
v -0.896673 -0.309236 0.301495
v -0.908389 -0.320531 0.250164
v -0.883442 -0.382069 0.254016
v -0.908786 -0.342829 0.216641
v -0.929227 -0.320943 0.152010
v -0.918673 -0.361542 0.123470
v -0.925224 -0.363844 0.036240
v -0.918822 -0.378844 -0.042271
v -0.929228 -0.320941 -0.152009
v -0.918674 -0.361540 -0.123470
v -0.908786 -0.342829 -0.216643
v -0.896671 -0.309240 -0.301498
v -0.908388 -0.320536 -0.250164
v -0.885830 -0.366013 -0.268122
v -0.844680 -0.290585 -0.440433
v -0.841310 -0.334133 -0.415743
v -0.759147 -0.451489 0.461909
v -0.813799 -0.411135 0.401640
v -0.821709 -0.436763 0.355416
v -0.810317 -0.484993 0.316497
v -0.865153 -0.434762 0.231192
v -0.840426 -0.453960 0.281456
v -0.852484 -0.475622 0.195193
v -0.867651 -0.468518 0.135827
v -0.881120 -0.461424 0.028964
v -0.857023 -0.504472 0.038228
v -0.875573 -0.472769 -0.018904
v -0.892260 -0.424845 -0.116686
v -0.867650 -0.468521 -0.135825
v -0.865154 -0.434761 -0.231193
v -0.852483 -0.475622 -0.195195
v -0.840425 -0.453962 -0.281457
v -0.826344 -0.415630 -0.369422
v -0.840862 -0.432633 -0.312200
v -0.810317 -0.484994 -0.316497
v -0.798854 -0.431865 -0.409973
v -0.775516 -0.393103 -0.487016
v -0.684654 -0.508397 -0.516031
v -0.580422 -0.553238 -0.590850
v -0.532704 -0.558619 -0.629174
v -0.547039 -0.507885 -0.659396
v -0.615923 -0.625560 -0.470339
v -0.572295 -0.637801 -0.507323
v -0.459608 -0.579395 -0.666349
v -0.421975 -0.527080 -0.731583
v -0.496128 -0.663721 -0.551254
v -0.452053 -0.669146 -0.581709
v -0.478585 -0.628631 -0.605251
v -0.401324 -0.835064 -0.363458
v -0.413252 -0.798474 -0.426803
v -0.395078 -0.761535 -0.503881
v -0.361696 -0.687602 -0.621251
v -0.344315 -0.660009 -0.660117
v -0.105421 -0.553137 -0.820717
v -0.291345 -0.908776 -0.282880
v -0.274201 -0.896988 -0.332360
v -0.287164 -0.851275 -0.427322
v -0.239623 -0.840579 -0.474608
v -0.223596 -0.798547 -0.548845
v -0.254565 -0.771761 -0.573405
v -0.205449 -0.762194 -0.604776
v -0.194175 -0.664772 -0.714218
v -0.171762 -0.960252 -0.200519
v -0.173722 -0.918522 -0.341204
v -0.131365 -0.902266 -0.398055
v -0.119763 -0.843159 -0.513192
v -0.091471 -0.753402 -0.642516
v -0.037502 -0.692247 -0.713503
v -0.028807 -0.666540 -0.738633
v -0.024637 -0.640829 -0.761696
v -0.093542 -0.980308 -0.149720
v -0.055569 -0.954539 -0.276971
v -0.636339 -0.548035 -0.536424
v -0.594747 -0.581016 -0.548779
v -0.619676 -0.521385 -0.580442
v -0.566545 -0.663190 -0.480436
v -0.519370 -0.698917 -0.482418
v -0.550847 -0.630765 -0.538717
v -0.515320 -0.678780 -0.514695
v -0.529971 -0.594775 -0.597504
v -0.475411 -0.598963 -0.637522
v -0.509298 -0.548688 -0.656635
v -0.478295 -0.765959 -0.418709
v -0.477273 -0.725831 -0.485497
v -0.434819 -0.774297 -0.449035
v -0.445138 -0.697027 -0.553500
v -0.389039 -0.729959 -0.552743
v -0.426392 -0.659532 -0.611198
v -0.383890 -0.706972 -0.585577
v -0.417200 -0.605681 -0.670389
v -0.378580 -0.566534 -0.725599
v -0.351712 -0.608072 -0.704829
v -0.368054 -0.864761 -0.327715
v -0.305853 -0.880513 -0.348783
v -0.366338 -0.834075 -0.400577
v -0.330031 -0.858064 -0.380338
v -0.351724 -0.812069 -0.454288
v -0.271991 -0.821168 -0.491228
v -0.327437 -0.763225 -0.547518
v -0.295260 -0.793660 -0.521585
v -0.304111 -0.716579 -0.619303
v -0.256945 -0.717021 -0.639519
v -0.262893 -0.664835 -0.691822
v -0.216396 -0.709939 -0.662389
v -0.273348 -0.616064 -0.731845
v -0.232674 -0.650351 -0.716084
v -0.209033 -0.616063 -0.752743
v -0.191796 -0.581893 -0.784318
v -0.254825 -0.932190 -0.239023
v -0.201283 -0.941977 -0.251237
v -0.223245 -0.917795 -0.313616
v -0.219971 -0.895260 -0.374543
v -0.176407 -0.896039 -0.394335
v -0.191262 -0.866213 -0.450042
v -0.202821 -0.827325 -0.513192
v -0.149961 -0.806898 -0.561392
v -0.160298 -0.764267 -0.616065
v -0.122076 -0.785116 -0.597733
v -0.176400 -0.713500 -0.670112
v -0.088435 -0.717215 -0.683439
v -0.090486 -0.678133 -0.722486
v -0.118014 -0.608937 -0.778376
v -0.059277 -0.607472 -0.786616
v -0.125671 -0.969363 -0.190689
v -0.139124 -0.956558 -0.238811
v -0.083789 -0.967152 -0.221341
v -0.071777 -0.936091 -0.330519
v -0.090908 -0.913106 -0.384504
v -0.744589 -0.477413 -0.459451
v -0.697501 -0.536366 -0.467832
v -0.675097 -0.603072 -0.415736
v -0.627341 -0.636858 -0.439156
v -0.789417 -0.509621 -0.330170
v -0.771755 -0.517537 -0.359668
v -0.619307 -0.698916 -0.344867
v -0.723522 -0.628630 -0.268124
v -0.692933 -0.669145 -0.250167
v -0.661846 -0.676584 -0.308487
v -0.476993 -0.825358 -0.286241
v -0.819400 -0.563784 -0.037472
v -0.785652 -0.605939 -0.078017
v -0.734209 -0.660009 -0.123467
v -0.702617 -0.687602 -0.152011
v -0.645909 -0.729961 -0.199184
v -0.601307 -0.761536 -0.220025
v -0.359067 -0.908777 -0.189663
v -0.807073 -0.566535 0.135824
v -0.779018 -0.608073 0.116685
v -0.739202 -0.664833 0.036241
v -0.696830 -0.709950 0.001057
v -0.638861 -0.760981 -0.044769
v -0.603912 -0.786696 -0.073211
v -0.482560 -0.856516 -0.151850
v -0.301089 -0.942011 -0.113668
v -0.244601 -0.959127 -0.108898
v -0.781883 -0.548685 0.281454
v -0.713050 -0.659532 0.216644
v -0.621901 -0.763229 0.142216
v -0.587300 -0.793657 0.119634
v -0.487229 -0.866109 0.044367
v -0.365782 -0.924818 -0.035660
v -0.131720 -0.987531 -0.022044
v -0.688822 -0.627785 0.350780
v -0.648751 -0.678778 0.331042
v -0.609227 -0.725830 0.303876
v -0.561425 -0.774299 0.274772
v -0.510253 -0.822510 0.230154
v -0.475044 -0.848694 0.210710
v -0.348239 -0.925204 0.114263
v -0.249216 -0.963610 0.031392
v -0.743527 -0.521385 -0.409974
v -0.741294 -0.553241 -0.369425
v -0.716542 -0.571174 -0.390729
v -0.781881 -0.548687 -0.281455
v -0.775764 -0.579394 -0.231196
v -0.753232 -0.598963 -0.255131
v -0.664971 -0.654213 -0.348152
v -0.631996 -0.663191 -0.390349
v -0.807074 -0.566534 -0.135824
v -0.766498 -0.605685 -0.189616
v -0.779014 -0.608077 -0.116686
v -0.713051 -0.659530 -0.216643
v -0.675551 -0.706968 -0.184142
v -0.663971 -0.697023 -0.252305
v -0.609228 -0.725829 -0.303878
v -0.546020 -0.765960 -0.325491
v -0.561426 -0.774299 -0.274771
v -0.830164 -0.547531 0.037112
v -0.808381 -0.580228 0.016157
v -0.785652 -0.605938 0.078022
v -0.780498 -0.616061 -0.033812
v -0.784204 -0.612517 0.013906
v -0.749752 -0.652402 -0.042269
v -0.682970 -0.716577 -0.097848
v -0.691882 -0.713426 -0.039574
v -0.621902 -0.763228 -0.142214
v -0.545032 -0.813165 -0.177312
v -0.579988 -0.798905 -0.120864
v -0.494179 -0.834075 -0.224616
v -0.463712 -0.858064 -0.196340
v -0.443674 -0.854939 -0.250457
v -0.426234 -0.880507 -0.183110
v -0.775766 -0.579392 0.231193
v -0.766498 -0.605685 0.189617
v -0.734210 -0.660006 0.123473
v -0.699376 -0.689115 0.160345
v -0.687622 -0.717019 0.046744
v -0.682970 -0.716578 0.097846
v -0.638861 -0.760982 0.044767
v -0.603911 -0.786697 0.073211
v -0.550748 -0.827309 -0.034586
v -0.553560 -0.826145 0.017203
v -0.522965 -0.842805 -0.072885
v -0.487228 -0.866109 -0.044364
v -0.431368 -0.891357 -0.096559
v -0.430023 -0.895843 -0.046039
v -0.400823 -0.896988 -0.158083
v -0.348239 -0.925204 -0.114262
v -0.762999 -0.558617 0.312198
v -0.730235 -0.562281 0.378232
v -0.738421 -0.588100 0.316837
v -0.723522 -0.628630 0.268122
v -0.692933 -0.669144 0.250168
v -0.677590 -0.663718 0.301496
v -0.663974 -0.697021 0.252303
v -0.639251 -0.736009 0.198051
v -0.601309 -0.761534 0.220027
v -0.540743 -0.812069 0.194124
v -0.525526 -0.840511 0.081293
v -0.495155 -0.851268 0.141071
v -0.425214 -0.898555 0.038848
v -0.431365 -0.891358 0.096559
v -0.365781 -0.924819 0.035656
v -0.308545 -0.945641 -0.033368
v -0.348601 -0.932186 0.000001
v -0.308544 -0.945641 0.033371
v -0.246482 -0.963905 -0.040575
v -0.183249 -0.972716 -0.110222
v -0.229672 -0.966057 -0.075310
v -0.185221 -0.978690 -0.017861
v -0.702354 -0.508395 0.491671
v -0.693688 -0.589608 0.404013
v -0.698667 -0.555656 0.442565
v -0.659346 -0.637803 0.387503
v -0.637653 -0.625560 0.440429
v -0.619310 -0.698913 0.344867
v -0.631995 -0.663193 0.390348
v -0.574739 -0.726949 0.363682
v -0.546019 -0.765962 0.325490
v -0.476994 -0.825357 0.286242
v -0.451406 -0.852931 0.243200
v -0.414472 -0.865090 0.264900
v -0.400817 -0.896990 0.158088
v -0.359067 -0.908777 0.189663
v -0.301087 -0.942010 0.113676
v -0.306073 -0.932189 0.168490
v -0.244604 -0.959126 0.108902
v -0.185228 -0.978041 0.034552
v -0.229669 -0.966058 0.075309
v -0.134644 -0.986698 0.033112
v -0.034567 -0.591048 0.800393
v -0.106489 -0.553954 0.820066
v -0.191832 -0.581922 0.784288
v -0.256149 -0.546245 0.791641
v -0.052579 -0.720964 0.682692
v -0.095591 -0.681590 0.718521
v -0.378579 -0.566534 0.725599
v -0.039371 -0.813142 0.568400
v -0.164862 -0.750565 0.631219
v -0.262893 -0.664835 0.691822
v -0.459609 -0.579393 0.666350
v -0.509301 -0.548686 0.656635
v -0.090911 -0.913107 0.384502
v -0.191277 -0.866214 0.450033
v -0.239634 -0.840579 0.474602
v -0.295260 -0.793658 0.521586
v -0.327439 -0.763228 0.547514
v -0.368619 -0.689119 0.615590
v -0.426388 -0.659532 0.611201
v -0.580426 -0.553237 0.590848
v -0.619675 -0.521384 0.580443
v -0.089120 -0.963855 0.232844
v -0.139124 -0.956558 0.238813
v -0.223247 -0.917793 0.313621
v -0.274206 -0.896987 0.332359
v -0.366339 -0.834074 0.400578
v -0.477272 -0.725831 0.485499
v -0.556373 -0.634612 0.528698
v -0.047389 -0.635143 0.765047
v -0.107308 -0.638127 0.756073
v -0.149321 -0.569595 0.802306
v -0.144126 -0.614126 0.769734
v -0.088227 -0.803749 0.577975
v -0.114366 -0.737339 0.657754
v -0.160116 -0.663744 0.723390
v -0.176387 -0.713509 0.670105
v -0.209032 -0.616065 0.752742
v -0.240887 -0.605158 0.752476
v -0.273349 -0.616064 0.731845
v -0.288853 -0.563786 0.767712
v -0.316988 -0.605941 0.723085
v -0.077991 -0.880942 0.453934
v -0.119813 -0.843466 0.512725
v -0.140746 -0.859780 0.479327
v -0.144335 -0.802741 0.568905
v -0.188653 -0.821805 0.527626
v -0.205486 -0.762187 0.604771
v -0.249964 -0.762556 0.587569
v -0.223627 -0.798535 0.548848
v -0.256944 -0.717023 0.639517
v -0.304114 -0.716577 0.619303
v -0.344317 -0.660008 0.660117
v -0.351707 -0.608074 0.704829
v -0.417201 -0.605686 0.670385
v -0.434332 -0.530775 0.721488
v -0.055569 -0.954539 0.276972
v -0.049893 -0.970722 0.213662
v -0.148536 -0.944168 0.278408
v -0.173720 -0.918523 0.341204
v -0.176410 -0.896040 0.394331
v -0.219972 -0.895260 0.374540
v -0.287164 -0.851275 0.427322
v -0.351724 -0.812070 0.454287
v -0.385896 -0.736011 0.546760
v -0.395076 -0.761535 0.503882
v -0.445140 -0.697025 0.553501
v -0.478588 -0.628631 0.605249
v -0.452054 -0.669147 0.581707
v -0.496132 -0.663718 0.551253
v -0.529975 -0.594773 0.597503
v -0.557959 -0.509625 0.648744
v -0.532709 -0.558617 0.629172
v -0.069938 -0.993144 0.050871
v -0.077953 -0.985587 0.122026
v -0.125676 -0.969363 0.190689
v -0.176127 -0.969634 0.144197
v -0.201286 -0.941977 0.251236
v -0.171760 -0.960253 0.200514
v -0.286858 -0.926360 0.224941
v -0.291345 -0.908776 0.282880
v -0.344169 -0.859167 0.365979
v -0.383962 -0.865855 0.305466
v -0.401320 -0.835065 0.363461
v -0.434819 -0.774298 0.449035
v -0.478295 -0.765961 0.418706
v -0.519371 -0.698917 0.482418
v -0.566546 -0.663190 0.480436
v -0.604010 -0.603074 0.513578
v -0.611525 -0.636859 0.460924
v -0.667060 -0.477414 0.566160
v -0.660481 -0.536365 0.518787
v -0.055764 -0.521675 0.846102
v -0.010746 -0.530480 0.842413
v -0.044104 0.972017 -0.214963
v -0.022203 0.967341 -0.238787
v -0.050604 0.924400 -0.365865
v -0.032972 0.722098 -0.684420
v -0.070885 0.599113 -0.792280
v -0.012077 0.596487 -0.798065
v -0.030820 0.987399 -0.135334
v -0.041369 0.961309 -0.259214
v -0.028629 0.765947 -0.635957
v -0.037386 0.643077 -0.759517
v -0.207096 0.744275 0.617339
v -0.200559 0.720779 0.601567
v -0.048966 0.372583 -0.922132
v -0.026593 0.148252 -0.984178
v -0.006007 0.274027 -0.960409
v -0.030647 -0.115275 -0.989154
v -0.042642 -0.289426 -0.950699
v -0.060920 -0.410623 -0.904461
v -0.041236 -0.179463 -0.978803
v -0.020712 -0.180894 0.979396
v -0.016653 -0.613856 -0.784048
v -0.033401 -0.936978 -0.331753
v -0.077909 -0.880783 -0.454257
v -0.029473 -0.880083 -0.461078
v -0.018851 -0.825342 -0.550797
v -0.039060 -0.719206 -0.684891
v -0.061327 -0.989464 -0.099928
v -0.011338 -0.992967 -0.082820
v -0.049892 -0.970722 -0.213665
v -0.065744 0.956616 0.279601
v -0.080714 0.927268 0.387008
v -0.217881 0.743392 0.636049
v -0.213952 0.736170 0.645738
v -0.256263 0.721571 0.638167
v -0.315474 0.672473 0.659910
v -0.346342 0.775931 0.535826
v -0.353118 0.783885 0.522108
v -0.367658 0.786225 0.505857
v -0.501245 0.859108 -0.081309
v -0.179017 0.979642 -0.020694
v -0.166694 0.981749 -0.056459
v -0.183720 0.955544 0.126229
v -0.192005 0.927228 0.132157
v -0.304504 0.939800 -0.101482
v -0.323583 0.935158 -0.117495
v -0.297723 0.940084 -0.145501
v -0.468932 0.872724 -0.117809
v -0.055501 0.918666 0.415062
v -0.355176 0.889426 0.263015
v -0.386301 0.867454 0.298334
v -0.342951 0.915385 -0.195774
v -0.353728 0.898178 -0.244479
v -0.435552 0.878103 0.173869
v -0.464222 0.874152 0.128076
v -0.494403 0.854368 0.134589
v -0.478768 0.851611 0.189477
v -0.454744 0.853293 0.233781
v -0.447986 0.832808 0.301503
v -0.336219 0.883128 0.312972
v -0.290284 0.901429 0.307700
v -0.246762 0.917682 0.298884
v -0.529363 0.839453 0.068196
v -0.519216 0.849652 0.021131
v -0.508342 0.857312 -0.028330
v -0.164122 0.953439 0.239679
v -0.139534 0.966992 0.196762
v -0.125740 0.976201 0.157008
v -0.311103 0.646720 0.641494
v -0.307345 0.673145 0.650179
v -0.192507 0.921465 0.329889
v -0.564736 0.792966 0.184566
v -0.625604 0.728241 0.250355
v -0.437082 0.810334 0.374174
v -0.490955 0.790343 0.342673
v -0.498700 0.757366 0.408003
v -0.581676 0.795951 0.109475
v -0.599452 0.790844 0.030230
v -0.133366 0.985973 0.070165
v -0.099627 0.991076 -0.025792
v -0.251781 0.953978 -0.138188
v -0.208742 0.965217 -0.129904
v -0.154508 0.974732 -0.129290
v -0.381178 0.853105 -0.023421
v -0.358009 0.860738 -0.040300
v -0.331355 0.869352 -0.048540
v -0.235533 0.910747 -0.024088
v -0.254756 0.901676 -0.040273
v -0.277766 0.890622 -0.048385
v -0.196484 0.917494 0.097725
v -0.198349 0.921035 0.062482
v -0.210407 0.920359 0.017065
v -0.336834 0.843645 0.026295
v -0.360540 0.840036 0.014109
v -0.387175 0.838537 0.013945
v -0.307042 0.839518 0.209148
v -0.306662 0.840340 0.168779
v -0.367924 0.826635 0.231088
v -0.384583 0.824625 0.210904
v -0.397374 0.825338 0.182530
v -0.208120 0.904801 0.162893
v -0.220863 0.896592 0.188871
v -0.246116 0.882378 0.216963
v -0.211928 0.899506 0.113470
v -0.266465 0.862991 0.132864
v -0.282678 0.865732 0.026810
v -0.281800 0.862574 0.240497
v -0.304410 0.850628 0.249530
v -0.326814 0.840020 0.250438
v -0.326770 0.832434 0.154519
v -0.328801 0.829093 0.198395
v -0.343996 0.825943 0.223907
v -0.348818 0.825847 0.148993
v -0.400997 0.825050 0.107065
v -0.411201 0.840213 0.033715
v -0.416112 0.835066 0.070487
v -0.413977 0.830988 0.109512
v -0.292275 0.873187 -0.031154
v -0.295360 0.863642 -0.002855
v -0.305645 0.852383 0.044272
v -0.120118 0.970422 -0.185178
v -0.089290 0.894573 0.441871
v -0.025372 0.890098 0.433194
v -0.027936 0.878668 0.430291
v -0.202561 0.873991 0.456449
v -0.188455 0.890350 0.428747
v -0.175018 0.722925 0.664077
v -0.322163 0.653392 0.683077
v -0.383286 0.606464 0.695322
v -0.400902 0.593179 0.688259
v -0.389480 0.585193 0.668597
v -0.037835 0.943379 0.333628
v -0.444095 0.602358 0.664330
v -0.349736 0.754295 0.551915
v -0.380208 0.712021 0.583352
v -0.442055 0.693048 0.580273
v -0.413521 0.710380 0.580434
v -0.421837 0.667710 0.616726
v -0.178415 0.864319 0.463168
v -0.175853 0.833370 0.456568
v -0.382510 0.642811 0.608452
v -0.393871 0.658874 0.617280
v -0.313316 0.775550 0.528939
v -0.299284 0.758195 0.518047
v -0.468576 0.595827 0.652956
v -0.421280 0.582757 0.697217
v -0.437451 0.567739 0.699489
v -0.174417 0.750430 0.525454
v -0.190543 0.726034 0.553589
v -0.193527 0.716007 0.573592
v -0.122057 0.791085 0.487616
v -0.131970 0.847555 0.445277
v -0.134339 0.739132 0.574219
v -0.165160 0.728444 0.581151
v -0.047476 0.755535 0.562361
v -0.051641 0.864388 0.431460
v -0.063509 0.758247 0.545393
v -0.206722 0.818104 0.467075
v -0.233779 0.799720 0.478850
v -0.270924 0.769635 0.499667
v -0.378300 0.588847 0.668791
v -0.387130 0.612330 0.625486
v -0.392929 0.597218 0.643782
v -0.393822 0.587998 0.658592
v -0.203192 0.752047 0.514397
v -0.282288 0.738746 0.516170
v -0.264025 0.736569 0.517157
v -0.236516 0.742688 0.515650
v -0.229628 0.694972 0.600619
v -0.272631 0.665451 0.616917
v -0.061644 0.850663 0.435922
v -0.074163 0.834548 0.446843
v -0.184998 0.815874 0.462200
v -0.157417 0.812419 0.463433
v -0.184225 0.790218 0.480158
v -0.326023 0.707003 0.543816
v -0.357145 0.660842 0.578710
v -0.381335 0.586284 0.656804
v -0.366591 0.592987 0.648154
v -0.348703 0.606866 0.633225
v -0.364089 0.630330 0.599673
v -0.353400 0.628784 0.600663
v -0.335996 0.631514 0.603095
v -0.337221 0.611776 0.641495
v -0.337448 0.611825 0.634679
v -0.323716 0.628265 0.614959
v 0.026276 -0.996011 0.039616
v 0.766751 -0.434368 0.465791
v 0.755991 -0.380107 0.526948
v 0.294436 0.490449 0.816438
v 0.865403 0.493142 -0.039274
v 0.702802 0.704688 -0.032654
v 0.799144 0.593725 -0.037151
v 0.143214 0.959416 -0.222714
v 0.141869 0.935265 -0.310518
v 0.299919 0.923484 -0.229597
v 0.278614 0.906827 -0.301221
v 0.188129 0.919406 -0.332242
v 0.179814 0.890806 -0.406328
v 0.532619 0.826339 -0.156443
v 0.485250 0.848613 -0.186198
v 0.444838 0.864508 -0.211702
v 0.424621 0.842613 -0.315017
v 0.355737 0.862803 -0.344985
v 0.323977 0.840725 -0.422090
v 0.221623 0.799799 -0.549641
v 0.637427 0.738422 -0.196544
v 0.573175 0.754041 -0.303765
v 0.495793 0.783353 -0.360215
v 0.466017 0.754041 -0.451255
v 0.377204 0.782296 -0.485179
v 0.360674 0.733684 -0.567302
v 0.294042 0.748826 -0.586147
v 0.254393 0.698240 -0.662699
v 0.752514 0.630571 -0.165264
v 0.692477 0.650713 -0.295393
v 0.625523 0.687241 -0.355090
v 0.605607 0.667064 -0.422184
v 0.531006 0.687241 -0.485181
v 0.494918 0.650719 -0.567300
v 0.389408 0.621163 -0.673892
v 0.272787 0.594540 -0.751517
v 0.829708 0.546955 -0.073058
v 0.837006 0.518002 -0.153675
v 0.774733 0.553576 -0.291155
v 0.723793 0.597888 -0.330793
v 0.713172 0.555910 -0.416232
v 0.616246 0.555910 -0.549641
v 0.538266 0.597891 -0.586145
v 0.516307 0.553579 -0.646842
v 0.429542 0.568302 -0.695797
v 0.313534 0.548037 -0.770955
v 0.134565 0.801930 -0.574268
v 0.156462 0.705021 -0.685518
v 0.211554 0.593791 -0.771477
v 0.075950 0.848297 -0.515183
v 0.173001 0.533805 -0.823430
v 0.130079 0.514441 -0.843260
v 0.035367 0.996834 -0.047571
v 0.271714 0.697835 0.663864
v 0.249994 0.723660 0.645239
v 0.291320 0.692109 0.659066
v 0.421333 0.782377 0.458227
v 0.456827 0.772253 0.435617
v 0.461406 0.742508 0.489348
v 0.039473 0.928196 0.390068
v 0.155171 0.932671 0.323913
v 0.125039 0.943553 0.306538
v 0.250475 0.718366 0.629595
v 0.231360 0.703840 0.611085
v 0.262894 0.682253 0.621410
v 0.031104 0.787480 0.587314
v 0.051439 0.772663 0.582384
v 0.029866 0.762508 0.573472
v 0.417697 0.733863 0.550547
v 0.387380 0.751379 0.548098
v 0.388554 0.724321 0.575466
v 0.034387 0.786871 0.618882
v 0.039754 0.794456 0.605869
v 0.117343 0.740109 0.658318
v 0.406276 0.597448 0.678634
v 0.406376 0.610985 0.661792
v 0.401531 0.632129 0.639983
v 0.031720 0.671231 0.735054
v 0.041511 0.630321 0.769973
v 0.207846 0.585379 0.779112
v 0.042212 0.560044 0.822806
v 0.130079 0.514441 0.843260
v 0.222117 0.487777 0.840586
v 0.489201 0.864319 0.092010
v 0.468517 0.881017 0.052079
v 0.458529 0.888480 0.008519
v 0.450593 0.884773 0.085128
v 0.133755 0.770704 0.600192
v 0.176181 0.757668 0.609342
v 0.139936 0.745158 0.588344
v 0.170038 0.735155 0.594812
v 0.110053 0.751689 0.581801
v 0.290607 0.586116 0.751734
v 0.373339 0.869381 0.242313
v 0.393509 0.863683 0.221003
v 0.410524 0.864875 0.192080
v 0.372093 0.854283 0.242646
v 0.370920 0.838729 0.240018
v 0.389012 0.836590 0.218709
v 0.403504 0.837024 0.189658
v 0.430101 0.871376 0.116707
v 0.431513 0.876224 0.070918
v 0.426125 0.882207 0.026995
v 0.423374 0.847145 0.070563
v 0.418774 0.853002 0.030153
v 0.421530 0.842737 0.113084
v 0.438165 0.883950 -0.141489
v 0.275285 0.933888 -0.076462
v 0.248653 0.944341 -0.065233
v 0.225180 0.953507 -0.046190
v 0.276269 0.905004 -0.060894
v 0.251590 0.916293 -0.051385
v 0.230489 0.925934 -0.034208
v 0.271294 0.900483 0.255283
v 0.300588 0.877976 0.262360
v 0.325836 0.867565 0.263038
v 0.278304 0.875344 0.250513
v 0.302618 0.863138 0.259027
v 0.326808 0.852316 0.260119
v 0.392397 0.896424 -0.041863
v 0.364044 0.902962 -0.063255
v 0.333876 0.911789 -0.075126
v 0.387815 0.867703 -0.032868
v 0.361605 0.874376 -0.050965
v 0.333076 0.883360 -0.060886
v 0.318685 0.838062 0.434744
v 0.237065 0.900563 0.351796
v 0.286930 0.875258 0.373960
v 0.159194 0.981146 0.058045
v 0.139297 0.987307 0.027184
v 0.151131 0.985845 -0.013904
v 0.389536 0.598663 0.688712
v 0.365690 0.604221 0.670374
v 0.373387 0.611645 0.682326
v 0.581674 0.795953 0.109474
v 0.645244 0.742434 0.130099
v 0.618188 0.753800 0.178971
v 0.712967 0.694535 0.028825
v 0.371385 0.605105 0.702093
v 0.412086 0.584049 0.701220
v 0.435500 0.671197 0.607561
v 0.494348 0.651111 0.578775
v 0.485939 0.679560 0.554533
v 0.600265 0.672713 0.420732
v 0.602430 0.650939 0.450898
v 0.608174 0.702209 0.353944
v 0.689029 0.653221 0.297934
v 0.698564 0.679368 0.200068
v 0.670031 0.701900 0.214557
v 0.752846 0.632364 0.157486
v 0.757080 0.640788 0.088500
v 0.332690 0.539170 0.769338
v 0.432432 0.536698 0.720989
v 0.144604 0.879313 0.452949
v 0.104948 0.890879 0.444520
v 0.139271 0.865048 0.449885
v 0.105940 0.879358 0.444347
v 0.104811 0.867473 0.441226
v 0.555884 0.587947 0.582602
v 0.623276 0.546156 0.551651
v 0.650596 0.586251 0.472734
v 0.728375 0.581217 0.350166
v 0.788099 0.539801 0.280963
v 0.837006 0.518003 0.153673
v 0.906749 0.409292 -0.062957
v 0.932995 0.326615 -0.124538
v 0.944510 0.214028 -0.231347
v 0.945301 0.091655 -0.298170
v 0.918511 -0.048623 -0.380623
v 0.873083 -0.159973 -0.451179
v 0.893095 0.349412 -0.267398
v 0.867392 0.422476 -0.246480
v 0.818457 0.470954 -0.316317
v 0.929717 0.186043 -0.302960
v 0.902272 0.231129 -0.350276
v 0.835148 0.365376 -0.399045
v 0.807602 0.430270 -0.391683
v 0.747987 0.486281 -0.441527
v 0.881174 0.082056 -0.454722
v 0.880060 0.178177 -0.428270
v 0.831578 0.237243 -0.491502
v 0.803157 0.331982 -0.484144
v 0.758207 0.361867 -0.533054
v 0.651061 0.486282 -0.574934
v 0.878440 -0.082452 -0.460777
v 0.847669 -0.054780 -0.518329
v 0.853937 0.041391 -0.508671
v 0.801962 0.082160 -0.582655
v 0.790510 0.186618 -0.574338
v 0.724421 0.237242 -0.638992
v 0.708639 0.331980 -0.614238
v 0.637591 0.365377 -0.670959
v 0.622076 0.430276 -0.647034
v 0.542356 0.476588 -0.685667
v 0.816429 -0.213838 -0.528698
v 0.792823 -0.175646 -0.576011
v 0.754909 -0.054779 -0.646003
v 0.747662 0.041387 -0.654948
v 0.704771 0.082053 -0.697523
v 0.679267 0.178182 -0.704639
v 0.611953 0.231132 -0.749867
v 0.530293 0.349412 -0.766753
v 0.436400 0.454804 -0.771512
v 0.758041 -0.317373 -0.563524
v 0.725752 -0.293223 -0.616300
v 0.698899 -0.159974 -0.690925
v 0.709683 -0.082453 -0.693052
v 0.645832 -0.048621 -0.755934
v 0.575696 0.091655 -0.806891
v 0.575433 0.186044 -0.790591
v 0.511898 0.214028 -0.826790
v 0.488342 0.319719 -0.806912
v 0.220354 0.409314 -0.881807
v 0.076565 0.223916 -0.967383
v 0.159496 0.405273 -0.896308
v 0.086012 0.460804 -0.879108
v 0.118817 0.456547 -0.877701
v 0.012022 0.488905 0.870005
v 0.025659 0.436335 0.895373
v 0.036501 0.099978 0.990192
v 0.035668 0.217520 0.971116
v 0.084230 0.293687 0.947964
v 0.159501 0.405267 0.896309
v 0.217333 0.426336 0.874447
v 0.340498 0.435521 0.829597
v 0.511899 0.214031 0.826788
v 0.575697 0.091655 0.806890
v 0.645833 -0.048621 0.755933
v 0.698900 -0.159978 0.690923
v 0.725751 -0.293219 0.616303
v 0.448233 0.433218 0.777099
v 0.530294 0.349414 0.766751
v 0.511127 0.422757 0.742991
v 0.550746 0.479954 0.676781
v 0.575433 0.186044 0.790591
v 0.611952 0.231133 0.749867
v 0.637592 0.365378 0.670958
v 0.647096 0.488194 0.577713
v 0.692509 0.106571 0.706433
v 0.679267 0.178182 0.704639
v 0.724422 0.237240 0.638992
v 0.708637 0.331979 0.614241
v 0.713654 0.433604 0.541413
v 0.747986 0.486283 0.441527
v 0.709685 -0.082456 0.693050
v 0.754911 -0.054779 0.646001
v 0.747661 0.041383 0.654949
v 0.801961 0.082157 0.582658
v 0.790511 0.186614 0.574338
v 0.831579 0.237242 0.491501
v 0.803158 0.331979 0.484144
v 0.835147 0.365376 0.399047
v 0.807603 0.430272 0.391681
v 0.818467 0.466110 0.322926
v 0.792822 -0.175648 0.576013
v 0.847668 -0.054781 0.518331
v 0.853934 0.041389 0.508676
v 0.881173 0.082048 0.454726
v 0.880058 0.178178 0.428273
v 0.902271 0.231127 0.350281
v 0.893096 0.349410 0.267400
v 0.874940 -0.182354 0.439101
v 0.878438 -0.082458 0.460779
v 0.918512 -0.048621 0.380621
v 0.945301 0.091655 0.298171
v 0.929717 0.186043 0.302960
v 0.944510 0.214025 0.231350
v 0.924064 0.309130 0.205310
v 0.892364 0.423530 0.131639
v 0.361868 0.293223 -0.880678
v 0.442251 0.181163 -0.873510
v 0.589501 -0.091655 -0.796862
v 0.634206 -0.215332 -0.736981
v 0.311476 0.324075 -0.889369
v 0.224891 0.293221 -0.925185
v 0.302826 0.175644 -0.932016
v 0.222094 0.222123 -0.945063
v 0.135043 0.165251 -0.972624
v 0.454545 0.089289 -0.880974
v 0.381110 0.054778 -0.917585
v 0.231021 0.054779 -0.966352
v 0.076033 0.045176 -0.991650
v 0.445604 -0.082058 -0.885820
v 0.391857 -0.041387 -0.913457
v 0.306321 -0.082161 -0.942761
v 0.214342 -0.049036 -0.970313
v 0.140840 -0.081284 -0.981650
v 0.075225 -0.054971 -0.990921
v 0.574080 -0.186047 -0.791573
v 0.524063 -0.231134 -0.813722
v 0.460251 -0.178178 -0.863765
v 0.383867 -0.237247 -0.886420
v 0.306295 -0.189300 -0.927272
v 0.205535 -0.229810 -0.945784
v 0.237810 -0.212981 -0.941966
v 0.141160 -0.179263 -0.968335
v 0.616515 -0.319718 -0.713789
v 0.570785 -0.358282 -0.733111
v 0.441101 -0.365378 -0.813718
v 0.365197 -0.331983 -0.863763
v 0.212192 -0.331984 -0.913471
v 0.125357 -0.360049 -0.919327
v 0.646608 -0.411790 -0.636584
v 0.596955 -0.463584 -0.649155
v 0.556855 -0.422478 -0.709248
v 0.476221 -0.470958 -0.736979
v 0.423143 -0.430270 -0.791573
v 0.345613 -0.486281 -0.796858
v 0.283075 -0.452363 -0.840201
v 0.122258 -0.450662 -0.879012
v 0.224888 0.293221 0.925185
v 0.151382 0.169145 0.969446
v 0.083877 0.045175 0.990982
v 0.024465 -0.083524 0.992195
v 0.031476 -0.116744 0.988951
v 0.270763 0.324074 0.902598
v 0.361868 0.293221 0.880678
v 0.302826 0.175644 0.932016
v 0.442659 0.167760 0.876148
v 0.231020 0.054783 0.966353
v 0.381110 0.054776 0.917585
v 0.439830 0.082453 0.889112
v 0.519363 0.048624 0.847819
v 0.075219 -0.054969 0.990921
v 0.140840 -0.081284 0.981650
v 0.214345 -0.049033 0.970312
v 0.306322 -0.082161 0.942760
v 0.391855 -0.041390 0.913458
v 0.457860 -0.106568 0.876915
v 0.589501 -0.091654 0.796862
v 0.028665 -0.162845 0.982521
v 0.033632 -0.242278 0.965124
v 0.154435 -0.178530 0.966349
v 0.210520 -0.240433 0.941916
v 0.306292 -0.189303 0.927272
v 0.383865 -0.237246 0.886421
v 0.460253 -0.178178 0.863764
v 0.524064 -0.231135 0.813721
v 0.574079 -0.186047 0.791574
v 0.634204 -0.215332 0.736982
v 0.005023 -0.341556 0.936154
v 0.047178 -0.331385 0.937662
v 0.116758 -0.358294 0.921210
v 0.212216 -0.331984 0.913466
v 0.365200 -0.331981 0.863763
v 0.441096 -0.365378 0.813721
v 0.570782 -0.358281 0.733114
v 0.022301 -0.416470 0.905836
v 0.184001 -0.488375 0.847594
v 0.281662 -0.453999 0.839794
v 0.345611 -0.486285 0.796856
v 0.423141 -0.430273 0.791572
v 0.472345 -0.466114 0.742332
v 0.556855 -0.422478 0.709248
v 0.646608 -0.411788 0.636585
v 0.692734 -0.417918 0.582405
v 0.914555 0.396614 -0.007966
v 0.949399 0.293218 0.072014
v 0.967421 0.181158 0.150678
v 0.966817 0.048618 0.231951
v 0.940028 -0.091656 0.314399
v 0.899089 -0.212923 0.371233
v 0.829943 -0.332282 0.439664
v 0.944501 0.317370 -0.010344
v 0.949399 0.293219 -0.072014
v 0.979979 0.175645 0.000000
v 0.967421 0.181160 -0.150676
v 0.981511 0.082450 0.143552
v 0.990446 0.054775 0.078904
v 0.990445 0.054775 -0.078906
v 0.981511 0.082449 -0.143552
v 0.966817 0.048621 -0.231952
v 0.980165 -0.082053 0.150056
v 0.989840 -0.041391 0.090398
v 0.991278 -0.082158 -0.000002
v 0.989840 -0.041392 -0.090395
v 0.975483 -0.106570 -0.164466
v 0.940027 -0.091656 -0.314402
v 0.930234 -0.186043 0.301368
v 0.935842 -0.231130 0.246955
v 0.963716 -0.178177 0.170803
v 0.961659 -0.237242 0.091153
v 0.977123 -0.186618 0.000000
v 0.961659 -0.237242 -0.091153
v 0.963716 -0.178179 -0.170801
v 0.935843 -0.231132 -0.246952
v 0.930234 -0.186045 -0.301368
v 0.896894 -0.215332 -0.375419
v 0.879703 -0.349414 0.308613
v 0.910203 -0.365374 0.168050
v 0.934341 -0.331980 0.080402
v 0.926725 -0.361865 -0.014410
v 0.934341 -0.331980 -0.080399
v 0.910203 -0.365375 -0.168049
v 0.879702 -0.349416 -0.308613
v 0.829942 -0.332282 -0.439666
v 0.801854 -0.463585 0.367133
v 0.846615 -0.422476 0.310425
v 0.851965 -0.466112 0.219826
v 0.883590 -0.430270 0.157818
v 0.864658 -0.486281 0.082448
v 0.864657 -0.486282 -0.082449
v 0.883590 -0.430271 -0.157816
v 0.848072 -0.470957 -0.225166
v 0.852424 -0.408449 -0.313607
v 0.808606 -0.394193 -0.428580
v 0.624687 -0.593726 -0.499777
v 0.554385 -0.701023 -0.439096
v 0.454254 -0.799800 -0.380623
v 0.340768 -0.886494 -0.298169
v 0.230967 -0.940510 -0.231352
v 0.636340 -0.548035 -0.536422
v 0.586828 -0.518005 -0.616300
v 0.511659 -0.630577 -0.576010
v 0.455640 -0.553579 -0.690921
v 0.466594 -0.748827 -0.460779
v 0.428081 -0.733684 -0.518327
v 0.386602 -0.650718 -0.645998
v 0.391128 -0.597891 -0.693048
v 0.332315 -0.555914 -0.755927
v 0.320683 -0.824842 -0.454722
v 0.344871 -0.782295 -0.508671
v 0.277119 -0.753796 -0.587025
v 0.254565 -0.771762 -0.573402
v 0.297349 -0.687240 -0.654945
v 0.255840 -0.589200 -0.760323
v 0.165405 -0.559208 -0.806774
v 0.235940 -0.920536 -0.296249
v 0.234127 -0.866827 -0.428324
v 0.158670 -0.841649 -0.505725
v 0.186432 -0.799171 -0.562181
v 0.129489 -0.749716 -0.640853
v 0.145455 -0.694335 -0.697659
v 0.071212 -0.649242 -0.751076
v 0.098263 -0.950569 -0.279291
v 0.101991 -0.925702 -0.351379
v 0.767479 -0.518006 -0.367651
v 0.797908 -0.553578 -0.219824
v 0.821623 -0.555911 -0.082450
v 0.821625 -0.555909 0.082450
v 0.802731 -0.539802 0.235929
v 0.767477 -0.518008 0.367653
v 0.704687 -0.626096 -0.320986
v 0.664789 -0.638355 -0.377048
v 0.592525 -0.708952 -0.371231
v 0.779996 -0.597889 -0.157813
v 0.733851 -0.650715 -0.168051
v 0.625248 -0.733682 -0.246952
v 0.582413 -0.748828 -0.301366
v 0.502368 -0.799801 -0.314397
v 0.738101 -0.667063 0.014413
v 0.714776 -0.687241 -0.080401
v 0.642259 -0.754039 -0.091155
v 0.590349 -0.782294 -0.170802
v 0.531567 -0.824840 -0.164467
v 0.388884 -0.886493 -0.231948
v 0.779995 -0.597890 0.157816
v 0.733852 -0.650715 0.168050
v 0.714776 -0.687241 0.080402
v 0.642257 -0.754041 0.091153
v 0.603891 -0.790514 0.000000
v 0.516792 -0.849886 0.000002
v 0.479685 -0.866833 -0.090398
v 0.393946 -0.910379 -0.078903
v 0.365198 -0.914765 -0.143545
v 0.270608 -0.946305 -0.150677
v 0.705935 -0.630573 0.308614
v 0.625248 -0.733680 0.246957
v 0.590348 -0.782294 0.170804
v 0.531567 -0.824840 0.164465
v 0.479684 -0.866833 0.090401
v 0.393942 -0.910380 0.078907
v 0.281157 -0.955071 0.000001
v 0.162154 -0.980335 -0.072087
v 0.706814 -0.548034 0.439423
v 0.668359 -0.593727 0.439666
v 0.592522 -0.708954 0.371232
v 0.582415 -0.748827 0.301364
v 0.502370 -0.799799 0.314397
v 0.388884 -0.886493 0.231948
v 0.365197 -0.914765 0.143548
v 0.288793 -0.940979 0.150563
v 0.162154 -0.980335 0.072089
v 0.131716 -0.987531 -0.022044
v 0.067968 -0.994561 0.000001
v 0.065931 -0.659934 0.742082
v 0.092630 -0.590980 0.795719
v 0.043147 -0.751199 0.648335
v 0.117657 -0.765339 0.624162
v 0.134487 -0.698628 0.695505
v 0.213902 -0.665738 0.707797
v 0.332315 -0.555912 0.755929
v 0.038810 -0.851062 0.511331
v 0.158851 -0.841611 0.505736
v 0.140747 -0.859781 0.479325
v 0.178934 -0.784065 0.585412
v 0.277121 -0.753793 0.587027
v 0.297347 -0.687240 0.654946
v 0.386602 -0.650716 0.646000
v 0.391128 -0.597891 0.693047
v 0.461523 -0.547930 0.691734
v 0.040896 -0.961617 0.251561
v 0.034180 -0.948067 0.298506
v 0.098264 -0.950569 0.279290
v 0.101992 -0.925702 0.351379
v 0.209408 -0.912115 0.338271
v 0.234132 -0.866828 0.428319
v 0.320685 -0.824841 0.454722
v 0.344873 -0.782295 0.508671
v 0.428083 -0.733683 0.518327
v 0.511661 -0.630575 0.576011
v 0.586827 -0.518006 0.616300
v 0.131159 -0.978938 0.130280
v 0.234335 -0.945514 0.206572
v 0.340770 -0.886493 0.298171
v 0.454254 -0.799800 0.380622
v 0.466596 -0.748828 0.460777
v 0.554383 -0.701025 0.439097
v 0.556375 -0.634611 0.528698
v 0.683538 -0.480223 0.544002
v 0.038811 -0.909097 0.401496
v 0.040900 -0.961618 -0.251560
v 0.034176 -0.948067 -0.298507
v 0.000001 -0.802932 -0.581965
v 0.050825 -0.771041 -0.623312
v 0.042297 -0.746606 -0.653354
v 0.040162 -0.850891 -0.511271
v 0.038811 -0.909097 -0.401496
v 0.059552 -0.232636 -0.965730
v 0.032719 -0.351622 -0.929833
v 0.016702 0.317044 -0.944804
v 0.066439 0.634457 -0.764527
v 0.043705 0.678994 -0.727096
v 0.025639 0.790099 -0.606738
v -0.000001 0.940330 -0.328329
v 0.054513 0.947774 -0.300996
v 0.024330 0.981573 -0.171530
v 0.033875 0.964658 -0.248752
v 0.012877 0.522953 -0.849540
v 0.036082 0.095142 -0.990763
v 0.030798 -0.098144 -0.990861
v 0.033144 -0.466359 -0.878016
v 0.025288 -0.564647 -0.819678
v 0.324228 0.898039 0.272494
v 0.292171 0.908552 0.273937
v 0.260755 0.920283 0.267094
v 0.309104 0.901247 0.288837
v 0.393922 0.877739 0.259463
v 0.434727 0.872791 0.207475
v 0.383407 0.883263 0.245772
v 0.407872 0.879558 0.221242
v 0.196664 0.950087 0.215226
v 0.179399 0.955027 0.219615
v 0.225734 0.965448 -0.077897
v 0.270667 0.950580 -0.098096
v 0.194907 0.974128 -0.083380
v 0.245893 0.958936 -0.110272
v 0.566430 0.816505 -0.041145
v 0.192550 0.947677 0.162281
v 0.206676 0.937978 0.194362
v 0.226213 0.926546 0.222732
v 0.200588 0.919848 0.165223
v 0.213978 0.911234 0.193404
v 0.233062 0.899823 0.217463
v 0.339149 0.929431 -0.094987
v 0.396133 0.913295 -0.081668
v 0.372445 0.919643 -0.079033
v 0.402063 0.910462 -0.054288
v 0.192733 0.963250 0.012186
v 0.184175 0.963247 0.049477
v 0.181160 0.960478 0.088871
v 0.199716 0.936421 0.021996
v 0.191279 0.936388 0.057983
v 0.188766 0.932998 0.095799
v 0.150484 0.907270 0.411420
v 0.117718 0.918469 0.398781
v 0.134104 0.903327 0.430124
v 0.081865 0.973163 0.199751
v 0.511685 0.552905 0.654779
v 0.558389 0.770523 0.274509
v 0.497279 0.857737 -0.112169
v 0.241389 0.876290 0.162494
v 0.221393 0.890758 0.155470
v 0.235089 0.881893 0.182385
v 0.227061 0.893244 0.068997
v 0.325009 0.833469 0.231111
v 0.366956 0.819129 0.178518
v 0.361924 0.821020 0.213303
v 0.379189 0.818709 0.191697
v 0.354832 0.821211 0.186919
v 0.389353 0.826872 0.076232
v 0.404002 0.828568 0.071878
v 0.398730 0.833001 0.041499
v 0.380964 0.829958 0.058483
v 0.267505 0.879184 -0.005475
v 0.256778 0.890350 -0.021117
v 0.341721 0.847864 -0.006858
v 0.371572 0.844738 -0.009056
v 0.352467 0.851484 -0.024353
v 0.329469 0.858827 -0.029830
v 0.013254 0.995493 0.078960
v 0.014173 0.998038 0.049023
v 0.283966 0.825705 0.496286
v 0.231015 0.867471 0.450315
v 0.272726 0.842207 0.472700
v 0.315496 0.814258 0.495607
v 0.200712 0.678707 0.701266
v 0.143411 0.772829 0.619404
v 0.185006 0.758629 0.628086
v 0.427881 0.609888 0.666413
v 0.281588 0.802956 0.508994
v 0.248672 0.827531 0.491451
v 0.213608 0.846859 0.476076
v 0.241513 0.810203 0.484613
v 0.270578 0.785022 0.499342
v 0.379381 0.687065 0.593581
v 0.361502 0.717224 0.570870
v 0.339443 0.747017 0.549268
v 0.365778 0.668206 0.583164
v 0.347119 0.698032 0.560396
v 0.324891 0.728656 0.538542
v 0.217998 0.787834 0.479623
v 0.231892 0.788477 0.480749
v 0.116171 0.747667 0.552928
v 0.160393 0.732045 0.563349
v 0.110259 0.760506 0.530122
v 0.155759 0.743861 0.541540
v 0.105218 0.777949 0.506083
v 0.338104 0.667699 0.568256
v 0.324720 0.664846 0.570582
v 0.310564 0.664130 0.574779
v 0.357129 0.596938 0.651061
v 0.372700 0.588650 0.658486
v 0.048950 0.760233 0.544076
v 0.099992 0.813656 0.465096
v 0.137065 0.819669 0.458434
v 0.377515 0.596859 0.634557
v 0.386018 0.588448 0.649626
v 0.385383 0.595892 0.637469
v 0.377883 0.609663 0.620475
v 0.369328 0.607004 0.622107
v 0.227293 0.695234 0.586495
v 0.267955 0.666059 0.605145
v 0.238149 0.693104 0.576558
v 0.233421 0.707652 0.556412
v -0.023115 -0.994988 0.058702
v -0.731405 -0.491555 0.465794
v -0.759064 -0.426474 0.485847
v -0.749131 -0.384564 0.533625
v -0.749133 -0.384563 -0.533624
v -0.233523 0.504207 -0.827517
v -0.702801 0.704689 -0.032653
v -0.170171 0.957763 -0.209026
v -0.299921 0.923483 -0.229597
v -0.278612 0.906827 -0.301222
v -0.188127 0.919408 -0.332238
v -0.532620 0.826338 -0.156446
v -0.444836 0.864509 -0.211702
v -0.424620 0.842613 -0.315019
v -0.355737 0.862804 -0.344984
v -0.323978 0.840725 -0.422090
v -0.230733 0.835949 -0.488218
v -0.221620 0.799801 -0.549639
v -0.656190 0.743492 -0.084848
v -0.637429 0.738420 -0.196543
v -0.573177 0.754039 -0.303766
v -0.495795 0.783351 -0.360215
v -0.477827 0.804835 -0.336248
v -0.466018 0.754042 -0.451253
v -0.377201 0.782296 -0.485182
v -0.360671 0.733684 -0.567303
v -0.294041 0.748828 -0.586145
v -0.254391 0.698239 -0.662702
v -0.759448 0.638356 -0.085714
v -0.758778 0.626094 -0.154517
v -0.692478 0.650712 -0.295393
v -0.625524 0.687242 -0.355087
v -0.588665 0.667063 -0.445505
v -0.531008 0.687239 -0.485182
v -0.494918 0.650719 -0.567301
v -0.389710 0.630575 -0.664613
v -0.316198 0.638358 -0.695791
v -0.837005 0.518005 -0.153675
v -0.774732 0.553578 -0.291153
v -0.723792 0.597888 -0.330794
v -0.713172 0.555909 -0.416234
v -0.616244 0.555911 -0.549642
v -0.538264 0.597892 -0.586146
v -0.516307 0.553578 -0.646844
v -0.349950 0.525529 -0.770956
v -0.317928 0.491555 -0.806745
v -0.109180 0.892110 -0.428110
v -0.134565 0.801930 -0.574268
v -0.156459 0.705019 -0.685521
v -0.211554 0.593791 -0.771477
v -0.075953 0.848296 -0.515184
v -0.123933 0.743658 -0.650059
v -0.130080 0.514443 -0.843259
v -0.035483 0.993677 -0.086177
v -0.271711 0.697837 0.663863
v -0.249994 0.723660 0.645239
v -0.291322 0.692106 0.659067
v -0.456828 0.772253 0.435616
v -0.421332 0.782376 0.458230
v -0.461405 0.742508 0.489348
v -0.038358 0.928102 0.390507
v -0.155172 0.932673 0.323909
v -0.125040 0.943555 0.306530
v -0.102781 0.955157 0.273724
v -0.250474 0.718366 0.629595
v -0.231360 0.703840 0.611085
v -0.262894 0.682253 0.621410
v -0.031104 0.787480 0.587314
v -0.030486 0.774600 0.581149
v -0.049943 0.761003 0.574537
v -0.417696 0.733864 0.550546
v -0.388554 0.724322 0.575466
v -0.387381 0.751378 0.548098
v -0.058064 0.719501 0.687623
v -0.117343 0.740109 0.658318
v -0.406276 0.597448 0.678634
v -0.406376 0.610985 0.661792
v -0.401531 0.632129 0.639983
v -0.029263 0.673722 0.732921
v -0.065141 0.627680 0.770264
v -0.015633 0.514495 0.854925
v -0.042211 0.560046 0.822805
v -0.130079 0.514442 0.843260
v -0.178744 0.538207 0.819478
v -0.230063 0.493152 0.835180
v -0.489201 0.864319 0.092010
v -0.450593 0.884773 0.085128
v -0.468517 0.881017 0.052078
v -0.458529 0.888480 0.008520
v -0.133754 0.770704 0.600191
v -0.130533 0.758811 0.592944
v -0.138776 0.744642 0.586985
v -0.176181 0.757668 0.609342
v -0.170038 0.735154 0.594812
v -0.290607 0.586115 0.751734
v -0.373339 0.869381 0.242313
v -0.372093 0.854283 0.242646
v -0.370920 0.838729 0.240018
v -0.393509 0.863683 0.221003
v -0.389012 0.836590 0.218709
v -0.410524 0.864875 0.192080
v -0.403504 0.837024 0.189658
v -0.430101 0.871376 0.116707
v -0.421530 0.842737 0.113084
v -0.431513 0.876224 0.070918
v -0.423374 0.847145 0.070563
v -0.426125 0.882207 0.026995
v -0.418774 0.853002 0.030153
v -0.438167 0.883949 -0.141489
v -0.275285 0.933888 -0.076461
v -0.276269 0.905004 -0.060894
v -0.248653 0.944341 -0.065233
v -0.251590 0.916293 -0.051385
v -0.225180 0.953507 -0.046190
v -0.230489 0.925934 -0.034208
v -0.271294 0.900482 0.255283
v -0.278304 0.875344 0.250513
v -0.300588 0.877976 0.262360
v -0.302618 0.863138 0.259027
v -0.325836 0.867565 0.263038
v -0.326808 0.852316 0.260119
v -0.392397 0.896424 -0.041863
v -0.387815 0.867703 -0.032868
v -0.364044 0.902962 -0.063255
v -0.361605 0.874376 -0.050965
v -0.333876 0.911788 -0.075126
v -0.333076 0.883360 -0.060886
v -0.237067 0.900562 0.351794
v -0.286931 0.875259 0.373958
v -0.318682 0.838065 0.434740
v -0.139298 0.987307 0.027187
v -0.151131 0.985845 -0.013902
v -0.159194 0.981146 0.058042
v -0.365690 0.604221 0.670374
v -0.373387 0.611645 0.682326
v -0.389536 0.598663 0.688712
v -0.645243 0.742435 0.130099
v -0.618189 0.753799 0.178971
v -0.712968 0.694534 0.028828
v -0.371386 0.605103 0.702094
v -0.412085 0.584049 0.701221
v -0.435501 0.671196 0.607561
v -0.494349 0.651111 0.578773
v -0.510382 0.697758 0.501758
v -0.600266 0.672711 0.420733
v -0.602428 0.650939 0.450900
v -0.608175 0.702209 0.353944
v -0.689030 0.653221 0.297932
v -0.698563 0.679368 0.200071
v -0.752845 0.632366 0.157486
v -0.799144 0.593725 0.037151
v -0.332691 0.539171 0.769337
v -0.432429 0.536700 0.720989
v -0.401198 0.564036 0.718264
v -0.144604 0.879313 0.452949
v -0.139271 0.865048 0.449885
v -0.105940 0.879358 0.444347
v -0.104812 0.867473 0.441226
v -0.555881 0.587949 0.582603
v -0.633552 0.543387 0.542634
v -0.650596 0.586250 0.472736
v -0.731039 0.583842 0.339719
v -0.774733 0.553577 0.291153
v -0.837006 0.518002 0.153673
v -0.835143 0.536084 0.089790
v -0.865403 0.493142 0.039271
v -0.894101 0.434367 -0.073842
v -0.929869 0.332279 -0.132123
v -0.944510 0.214029 -0.231347
v -0.945301 0.091652 -0.298171
v -0.918511 -0.048621 -0.380622
v -0.873886 -0.162515 -0.448803
v -0.810412 -0.293219 -0.499777
v -0.892363 0.423531 -0.131643
v -0.864511 0.463582 -0.174299
v -0.893096 0.349412 -0.267396
v -0.818456 0.470955 -0.316316
v -0.929716 0.186044 -0.302961
v -0.902271 0.231129 -0.350278
v -0.835147 0.365378 -0.399044
v -0.807603 0.430273 -0.391680
v -0.747988 0.486279 -0.441527
v -0.885856 0.106572 -0.440312
v -0.880059 0.178181 -0.428271
v -0.831579 0.237241 -0.491502
v -0.803158 0.331979 -0.484144
v -0.741267 0.361868 -0.556371
v -0.651061 0.486282 -0.574935
v -0.878438 -0.082452 -0.460779
v -0.847670 -0.054781 -0.518328
v -0.853938 0.041387 -0.508671
v -0.801962 0.082156 -0.582656
v -0.790511 0.186616 -0.574337
v -0.724421 0.237244 -0.638991
v -0.708639 0.331981 -0.614237
v -0.637591 0.365375 -0.670960
v -0.622076 0.430275 -0.647035
v -0.553753 0.470958 -0.680648
v -0.792821 -0.175645 -0.576015
v -0.754907 -0.054781 -0.646006
v -0.747663 0.041386 -0.654947
v -0.704768 0.082054 -0.697526
v -0.679264 0.178181 -0.704641
v -0.611953 0.231133 -0.749866
v -0.530292 0.349419 -0.766750
v -0.436399 0.454805 -0.771512
v -0.758041 -0.317372 -0.563524
v -0.725752 -0.293222 -0.616301
v -0.687985 -0.182354 -0.696423
v -0.709680 -0.082451 -0.693055
v -0.645833 -0.048620 -0.755934
v -0.575697 0.091655 -0.806891
v -0.575433 0.186044 -0.790591
v -0.511899 0.214031 -0.826788
v -0.480810 0.309138 -0.815391
v -0.406756 0.326620 -0.848844
v -0.335364 0.432943 -0.833052
v -0.205004 0.440009 -0.870657
v -0.078184 0.224024 -0.967225
v -0.159498 0.405275 -0.896306
v -0.084436 0.294461 -0.947733
v -0.011950 0.485148 -0.872083
v -0.013981 0.440857 0.893420
v -0.028991 0.403309 0.909985
v -0.086042 0.460784 0.879114
v -0.118760 0.456528 0.877719
v -0.035309 0.089856 0.991242
v -0.079280 0.223277 0.967245
v -0.078350 0.269097 0.955690
v -0.145184 0.348965 0.921870
v -0.159501 0.405267 0.896309
v -0.220351 0.409311 0.881810
v -0.325213 0.423375 0.841883
v -0.413001 0.332282 0.843528
v -0.511899 0.214030 0.826788
v -0.575696 0.091658 0.806891
v -0.645833 -0.048620 0.755934
v -0.698900 -0.159976 0.690924
v -0.719066 -0.298002 0.621938
v -0.411909 0.409473 0.809768
v -0.530296 0.349412 0.766751
v -0.550747 0.479956 0.676780
v -0.575434 0.186044 0.790590
v -0.611952 0.231135 0.749867
v -0.637594 0.365375 0.670957
v -0.647096 0.488194 0.577712
v -0.623815 0.049794 0.773809
v -0.704769 0.082051 0.697525
v -0.679267 0.178179 0.704640
v -0.724424 0.237241 0.638989
v -0.708638 0.331980 0.614240
v -0.721487 0.453994 0.513855
v -0.747988 0.486281 0.441526
v -0.709682 -0.082454 0.693053
v -0.754910 -0.054781 0.646002
v -0.747664 0.041385 0.654946
v -0.801961 0.082159 0.582658
v -0.790511 0.186613 0.574338
v -0.831577 0.237242 0.491504
v -0.803158 0.331979 0.484144
v -0.835149 0.365375 0.399044
v -0.807604 0.430270 0.391680
v -0.819710 0.476584 0.303925
v -0.793908 -0.187831 0.571002
v -0.847669 -0.054781 0.518328
v -0.853936 0.041385 0.508674
v -0.881174 0.082051 0.454724
v -0.880058 0.178177 0.428275
v -0.902271 0.231126 0.350280
v -0.893095 0.349412 0.267399
v -0.873962 0.408445 0.247324
v -0.749586 -0.324077 0.571064
v -0.823198 -0.219012 0.515738
v -0.873083 -0.159977 0.451178
v -0.878437 -0.082456 0.460780
v -0.918511 -0.048623 0.380621
v -0.945302 0.091650 0.298170
v -0.929718 0.186040 0.302959
v -0.944510 0.214028 0.231350
v -0.924064 0.309131 0.205308
v -0.932995 0.326617 0.124541
v -0.282167 0.382888 -0.875980
v -0.361868 0.293220 -0.880679
v -0.442250 0.181164 -0.873511
v -0.519362 0.048623 -0.847820
v -0.589502 -0.091657 -0.796861
v -0.630902 -0.212923 -0.740363
v -0.301697 0.317372 -0.895078
v -0.224887 0.293220 -0.925186
v -0.302826 0.175644 -0.932016
v -0.138997 0.156019 -0.973572
v -0.439827 0.082453 -0.889114
v -0.381108 0.054775 -0.917586
v -0.231018 0.054781 -0.966353
v -0.083943 0.045070 -0.990980
v -0.445602 -0.082055 -0.885821
v -0.391858 -0.041384 -0.913457
v -0.306325 -0.082161 -0.942760
v -0.214344 -0.049036 -0.970312
v -0.140839 -0.081284 -0.981650
v -0.075221 -0.054970 -0.990921
v -0.574077 -0.186046 -0.791575
v -0.524065 -0.231132 -0.813722
v -0.460255 -0.178179 -0.863763
v -0.383865 -0.237246 -0.886421
v -0.306292 -0.189300 -0.927273
v -0.205536 -0.229810 -0.945784
v -0.141161 -0.179265 -0.968335
v -0.626905 -0.309135 -0.709248
v -0.575715 -0.350303 -0.733112
v -0.441098 -0.365379 -0.813719
v -0.365197 -0.331982 -0.863763
v -0.139458 -0.368125 -0.913896
v -0.561676 -0.408450 -0.713788
v -0.476220 -0.470959 -0.736979
v -0.423141 -0.430273 -0.791572
v -0.345613 -0.486284 -0.796856
v -0.281663 -0.453998 -0.839794
v -0.114350 -0.448684 -0.881191
v -0.301867 0.380107 0.870674
v -0.224887 0.293220 0.925186
v -0.138947 0.156156 0.973555
v -0.083879 0.045176 0.990981
v -0.030373 -0.098712 0.990835
v -0.282032 0.317371 0.901469
v -0.222095 0.222122 0.945063
v -0.306648 0.187828 0.928601
v -0.362831 0.219015 0.901106
v -0.442252 0.181162 0.873510
v -0.231020 0.054781 0.966353
v -0.381109 0.054775 0.917586
v -0.439830 0.082452 0.889112
v -0.519362 0.048620 0.847820
v -0.075223 -0.054969 0.990921
v -0.140840 -0.081283 0.981650
v -0.214342 -0.049033 0.970313
v -0.306324 -0.082162 0.942759
v -0.391859 -0.041388 0.913456
v -0.445603 -0.082057 0.885820
v -0.589500 -0.091657 0.796862
v -0.033633 -0.242280 0.965123
v -0.051889 -0.207163 0.972259
v -0.154433 -0.178527 0.966350
v -0.210521 -0.240436 0.941915
v -0.306292 -0.189301 0.927273
v -0.383866 -0.237246 0.886421
v -0.460253 -0.178178 0.863764
v -0.524063 -0.231133 0.813722
v -0.574079 -0.186048 0.791574
v -0.634206 -0.215330 0.736981
v -0.022291 -0.375491 0.923281
v -0.051124 -0.324964 0.939563
v -0.118095 -0.362015 0.919576
v -0.212213 -0.331982 0.913467
v -0.365198 -0.331982 0.863763
v -0.441097 -0.365378 0.813721
v -0.565358 -0.349415 0.741275
v -0.674621 -0.332283 0.653449
v -0.021197 -0.419449 0.904480
v -0.015912 -0.470753 0.878043
v -0.184001 -0.488377 0.847593
v -0.259125 -0.433603 0.857488
v -0.345610 -0.486284 0.796857
v -0.423138 -0.430275 0.791573
v -0.472344 -0.466114 0.742332
v -0.596956 -0.463583 0.649154
v -0.657483 -0.394191 0.636586
v -0.679939 -0.434369 0.585277
v -0.920734 0.381974 -0.008692
v -0.949399 0.293218 0.072015
v -0.967420 0.181162 0.150679
v -0.966817 0.048620 0.231950
v -0.896893 -0.215331 0.375420
v -0.829942 -0.332283 0.439666
v -0.944500 0.317371 0.010341
v -0.977912 0.187828 -0.004690
v -0.969125 0.219011 -0.066621
v -0.970056 0.167755 -0.150252
v -0.981511 0.082449 0.143552
v -0.990446 0.054777 0.078904
v -0.990446 0.054777 -0.078905
v -0.981511 0.082448 -0.143553
v -0.966817 0.048618 -0.231952
v -0.980165 -0.082051 0.150057
v -0.989840 -0.041390 0.090398
v -0.991278 -0.082158 -0.000003
v -0.989840 -0.041390 -0.090399
v -0.975483 -0.106569 -0.164467
v -0.940028 -0.091653 -0.314400
v -0.928003 -0.174175 0.314916
v -0.935843 -0.231131 0.246953
v -0.963716 -0.178177 0.170801
v -0.961659 -0.237244 0.091154
v -0.977124 -0.186617 -0.000000
v -0.961659 -0.237241 -0.091152
v -0.963716 -0.178178 -0.170800
v -0.935842 -0.231132 -0.246953
v -0.930233 -0.186048 -0.301367
v -0.890387 -0.213250 -0.391557
v -0.879704 -0.349413 0.308612
v -0.910202 -0.365378 0.168046
v -0.934342 -0.331978 0.080403
v -0.926725 -0.361866 -0.014413
v -0.934342 -0.331976 -0.080403
v -0.910203 -0.365375 -0.168046
v -0.879704 -0.349412 -0.308614
v -0.869369 -0.319722 -0.365760
v -0.806271 -0.387111 0.439423
v -0.846614 -0.422477 0.310426
v -0.841800 -0.476588 0.235929
v -0.883588 -0.430275 0.157814
v -0.864658 -0.486281 0.082447
v -0.864658 -0.486281 -0.082447
v -0.883589 -0.430273 -0.157816
v -0.841802 -0.476584 -0.235928
v -0.806541 -0.454802 -0.367653
v -0.766749 -0.434369 -0.465792
v -0.624688 -0.593726 -0.499776
v -0.533532 -0.709374 -0.451178
v -0.454254 -0.799800 -0.380623
v -0.340769 -0.886493 -0.298171
v -0.226928 -0.946305 -0.210799
v -0.125410 -0.981061 -0.120704
v -0.586827 -0.518005 -0.616301
v -0.511660 -0.630576 -0.576010
v -0.455641 -0.553579 -0.690920
v -0.466595 -0.748829 -0.460775
v -0.428083 -0.733684 -0.518326
v -0.386606 -0.650716 -0.645998
v -0.391126 -0.597892 -0.693048
v -0.332315 -0.555912 -0.755929
v -0.320683 -0.824842 -0.454722
v -0.344872 -0.782296 -0.508670
v -0.277117 -0.753796 -0.587026
v -0.297351 -0.687241 -0.654943
v -0.256660 -0.590668 -0.758906
v -0.165405 -0.559208 -0.806774
v -0.256284 -0.915706 -0.293990
v -0.234131 -0.866827 -0.428322
v -0.167265 -0.842355 -0.501631
v -0.140808 -0.859749 -0.479360
v -0.186431 -0.799172 -0.562180
v -0.129493 -0.749716 -0.640852
v -0.135959 -0.693709 -0.700227
v -0.071208 -0.649242 -0.751077
v -0.090788 -0.580219 -0.803876
v -0.098263 -0.950569 -0.279291
v -0.119534 -0.928438 -0.337961
v -0.723210 -0.493145 -0.476895
v -0.797908 -0.553578 -0.219825
v -0.821622 -0.555913 -0.082449
v -0.821624 -0.555909 0.082453
v -0.797908 -0.553578 0.219826
v -0.767479 -0.518005 0.367652
v -0.714190 -0.546959 -0.428580
v -0.662431 -0.594537 -0.447637
v -0.746537 -0.579776 -0.313604
v -0.704686 -0.626097 -0.320988
v -0.664791 -0.638355 -0.377046
v -0.593696 -0.705913 -0.375417
v -0.779995 -0.597890 -0.157814
v -0.733851 -0.650716 -0.168050
v -0.625246 -0.733682 -0.246953
v -0.582412 -0.748829 -0.301364
v -0.502370 -0.799798 -0.314399
v -0.738102 -0.667062 -0.014411
v -0.714777 -0.687241 -0.080396
v -0.642258 -0.754040 -0.091152
v -0.590345 -0.782297 -0.170800
v -0.511728 -0.839995 -0.150053
v -0.388883 -0.886494 -0.231946
v -0.779996 -0.597889 0.157814
v -0.733851 -0.650716 0.168048
v -0.714774 -0.687243 0.080400
v -0.642257 -0.754041 0.091153
v -0.603892 -0.790513 0.000001
v -0.516791 -0.849887 -0.000002
v -0.479687 -0.866832 -0.090399
v -0.393945 -0.910379 -0.078902
v -0.365199 -0.914765 -0.143546
v -0.291402 -0.940511 -0.148165
v -0.705935 -0.630572 0.308617
v -0.625246 -0.733684 0.246952
v -0.590348 -0.782294 0.170803
v -0.531568 -0.824839 0.164467
v -0.479682 -0.866834 0.090399
v -0.393940 -0.910381 0.078904
v -0.281156 -0.955071 0.000000
v -0.162154 -0.980334 -0.072091
v -0.736278 -0.525527 0.418014
v -0.668357 -0.593728 0.439666
v -0.595339 -0.698237 0.386603
v -0.582416 -0.748826 0.301365
v -0.502371 -0.799799 0.314396
v -0.388884 -0.886494 0.231946
v -0.365197 -0.914765 0.143545
v -0.268877 -0.945513 0.159034
v -0.162154 -0.980334 0.072089
v -0.067970 -0.994561 0.000004
v -0.026564 -0.669602 0.734707
v -0.065932 -0.659933 0.742083
v -0.088583 -0.586650 0.799496
v -0.060312 -0.772712 0.621651
v -0.117657 -0.765342 0.624159
v -0.134486 -0.698627 0.695506
v -0.213903 -0.665739 0.707796
v -0.332315 -0.555914 0.755927
v -0.051622 -0.850084 0.511971
v -0.167281 -0.842349 0.501640
v -0.178934 -0.784064 0.585412
v -0.280160 -0.759874 0.577671
v -0.297347 -0.687243 0.654943
v -0.386601 -0.650716 0.646001
v -0.391127 -0.597892 0.693048
v -0.461521 -0.547932 0.691733
v -0.098264 -0.950569 0.279291
v -0.119540 -0.928437 0.337961
v -0.234134 -0.866828 0.428319
v -0.320686 -0.824840 0.454724
v -0.344875 -0.782295 0.508669
v -0.428083 -0.733686 0.518323
v -0.511660 -0.630575 0.576011
v -0.586826 -0.518005 0.616301
v -0.025294 -0.990761 0.101651
v -0.019459 -0.983188 0.154975
v -0.232437 -0.940978 0.228133
v -0.256282 -0.915708 0.293987
v -0.340768 -0.886494 0.298171
v -0.454255 -0.799799 0.380623
v -0.466594 -0.748829 0.460776
v -0.533534 -0.709373 0.451177
v -0.630434 -0.594539 0.491674
v -0.628304 -0.546958 0.546793
v -0.677043 -0.493145 0.540439
v -0.033921 -0.924803 0.364539
v -0.041595 -0.908228 0.403102
v -0.023766 -0.947336 -0.300162
v -0.049531 -0.982633 -0.153186
v -0.043599 -0.746041 -0.654109
v -0.052144 -0.850127 -0.511623
v -0.033921 -0.924802 -0.364541
v -0.041591 -0.908229 -0.403102
v -0.079486 -0.235305 -0.963199
v -0.037362 -0.243296 -0.964398
v -0.054995 -0.353554 -0.928184
v -0.023200 -0.164168 -0.982369
v -0.031716 0.334640 0.937230
v -0.045364 0.429120 -0.897759
v -0.015333 0.327408 -0.940892
v -0.066437 0.634457 -0.764528
v -0.043473 0.682431 -0.723877
v -0.054512 0.947773 -0.300999
v -0.026342 0.896850 -0.431237
v -0.014331 0.518784 -0.852178
v -0.033280 0.093742 -0.991042
v -0.024467 -0.083524 -0.992195
v -0.056246 -0.466987 -0.876656
v -0.008529 -0.589099 -0.803101
v -0.026133 -0.563411 0.820425
v -0.324228 0.898040 0.272494
v -0.309101 0.901248 0.288837
v -0.292171 0.908552 0.273937
v -0.260755 0.920283 0.267094
v -0.393923 0.877739 0.259463
v -0.383407 0.883263 0.245772
v -0.434727 0.872791 0.207477
v -0.407872 0.879558 0.221242
v -0.196664 0.950087 0.215226
v -0.179399 0.955027 0.219616
v -0.225733 0.965449 -0.077897
v -0.194907 0.974128 -0.083381
v -0.245893 0.958936 -0.110272
v -0.270667 0.950580 -0.098096
v -0.566426 0.816508 -0.041146
v -0.192550 0.947677 0.162281
v -0.200588 0.919848 0.165223
v -0.206676 0.937978 0.194362
v -0.213978 0.911234 0.193404
v -0.226213 0.926546 0.222732
v -0.233062 0.899823 0.217463
v -0.396133 0.913295 -0.081669
v -0.339149 0.929431 -0.094987
v -0.372446 0.919643 -0.079033
v -0.402063 0.910462 -0.054288
v -0.192733 0.963250 0.012185
v -0.199716 0.936421 0.021996
v -0.184175 0.963247 0.049477
v -0.191279 0.936388 0.057983
v -0.181160 0.960478 0.088871
v -0.188766 0.932998 0.095799
v -0.150484 0.907271 0.411419
v -0.147932 0.898178 0.434785
v -0.117717 0.918468 0.398783
v -0.104834 0.911430 0.422371
v -0.511681 0.552910 0.654778
v -0.558389 0.770523 0.274508
v -0.497278 0.857737 -0.112168
v -0.529976 0.839070 -0.096274
v -0.241389 0.876290 0.162494
v -0.235090 0.881893 0.182385
v -0.221393 0.890758 0.155470
v -0.227060 0.893244 0.068999
v -0.212710 0.906887 0.054471
v -0.234542 0.884407 0.098542
v -0.325009 0.833468 0.231111
v -0.301802 0.844578 0.230250
v -0.366956 0.819130 0.178518
v -0.361924 0.821020 0.213303
v -0.354832 0.821211 0.186919
v -0.379189 0.818709 0.191697
v -0.389353 0.826872 0.076232
v -0.380964 0.829958 0.058482
v -0.398730 0.833001 0.041499
v -0.404002 0.828568 0.071878
v -0.267505 0.879184 -0.005475
v -0.256778 0.890350 -0.021117
v -0.341721 0.847864 -0.006858
v -0.371572 0.844738 -0.009056
v -0.329469 0.858827 -0.029830
v -0.352467 0.851484 -0.024353
v -0.084170 0.985586 -0.121688
v -0.076848 0.991494 -0.072688
v -0.018749 0.996980 0.060946
v -0.231015 0.867471 0.450316
v -0.283968 0.825704 0.496287
v -0.272727 0.842206 0.472700
v -0.315496 0.814258 0.495607
v -0.200714 0.678706 0.701267
v -0.143409 0.772830 0.619404
v -0.185006 0.758629 0.628086
v -0.427881 0.609888 0.666413
v -0.281588 0.802956 0.508994
v -0.270578 0.785022 0.499342
v -0.248672 0.827531 0.491451
v -0.241513 0.810203 0.484613
v -0.213608 0.846859 0.476076
v -0.379381 0.687065 0.593581
v -0.365778 0.668206 0.583164
v -0.361502 0.717224 0.570870
v -0.347119 0.698032 0.560396
v -0.339443 0.747017 0.549268
v -0.324891 0.728656 0.538542
v -0.059489 0.823061 0.458133
v -0.217998 0.787834 0.479624
v -0.231892 0.788477 0.480749
v -0.116172 0.747666 0.552928
v -0.110260 0.760506 0.530123
v -0.105225 0.777947 0.506084
v -0.160393 0.732045 0.563349
v -0.155759 0.743861 0.541540
v -0.338104 0.667700 0.568256
v -0.324720 0.664846 0.570582
v -0.310565 0.664129 0.574780
v -0.357128 0.596938 0.651060
v -0.372700 0.588651 0.658486
v -0.043966 0.773153 0.521347
v -0.036812 0.790561 0.497525
v -0.377515 0.596860 0.634557
v -0.386018 0.588448 0.649626
v -0.369328 0.607004 0.622107
v -0.377883 0.609663 0.620475
v -0.385383 0.595892 0.637469
v -0.227293 0.695234 0.586495
v -0.238147 0.693106 0.576557
v -0.233421 0.707653 0.556411
v -0.267956 0.666058 0.605146
vn 0.0178 -0.9998 -0.0032
vn 0.7124 -0.4402 0.5466
vn 0.7359 -0.4472 -0.5084
vn 0.2964 0.4464 -0.8443
vn 0.1120 -0.9904 0.0811
vn 0.4456 -0.8386 0.3132
vn 0.6245 -0.4820 0.6146
vn 0.7774 -0.4795 -0.4070
vn 0.8304 -0.5313 -0.1679
vn 0.8459 -0.5329 0.0224
vn 0.8444 -0.5078 0.1707
vn 0.0955 -0.9908 -0.0963
vn 0.1849 -0.9711 -0.1507
vn 0.2945 -0.9279 -0.2288
vn 0.0943 -0.5295 -0.8430
vn 0.9581 0.2562 0.1278
vn 0.9447 -0.0154 0.3277
vn 0.9125 -0.1521 0.3798
vn 0.8564 -0.2723 0.4387
vn 0.8037 -0.3435 -0.4858
vn 0.8513 -0.2534 -0.4595
vn 0.9061 -0.1347 -0.4010
vn 0.9569 0.0134 -0.2901
vn 0.9616 0.1516 -0.2288
vn 0.2403 0.3595 0.9016
vn 0.1406 0.2356 0.9616
vn 0.1085 0.1346 0.9849
vn 0.0006 -0.0003 1.0000
vn 0.7100 -0.3461 0.6133
vn 0.6998 -0.2569 0.6666
vn 0.6613 -0.1347 0.7379
vn 0.5840 0.0236 0.8114
vn 0.5185 0.1509 0.8416
vn 0.4389 0.2689 0.8574
vn 0.3627 0.3473 -0.8648
vn 0.4176 0.2562 -0.8718
vn 0.5034 0.1171 -0.8561
vn -0.0177 0.0113 -0.9998
vn 0.0809 0.1462 -0.9859
vn 0.8678 0.4803 0.1275
vn 0.8416 0.4878 0.2320
vn 0.4953 0.4932 0.7152
vn 0.3567 0.4826 0.7999
vn 0.3900 0.4804 -0.7855
vn 0.4780 0.4882 -0.7302
vn 0.7048 0.5183 -0.4844
vn 0.0777 0.9896 0.1207
vn 0.4948 0.8397 -0.2239
vn 0.2192 0.6317 0.7436
vn 0.2466 0.5384 0.8058
vn 0.8238 0.5669 0.0006
vn 0.7607 0.6489 0.0149
vn 0.6390 0.7692 -0.0097
vn -0.4432 0.7907 0.4224
vn 0.5761 0.7894 0.2119
vn 0.0715 0.9973 -0.0151
vn 0.0294 0.9910 -0.1306
vn 0.2233 0.6443 -0.7314
vn 0.2353 0.7750 0.5865
vn 0.1984 0.9365 -0.2891
vn 0.2462 0.8825 -0.4007
vn 0.6034 0.7863 -0.1325
vn 0.3904 0.8234 -0.4119
vn 0.7178 0.6857 -0.1206
vn 0.5623 0.7169 -0.4122
vn 0.4435 0.7133 -0.5427
vn 0.3374 0.6849 -0.6458
vn 0.6797 0.6151 -0.3996
vn 0.5902 0.6152 -0.5228
vn 0.3550 0.5816 -0.7319
vn 0.1450 0.5826 0.7997
vn 0.6352 0.7700 0.0601
vn 0.6025 0.7177 -0.3490
vn -0.2362 0.4955 -0.8359
vn -0.5405 0.8382 -0.0728
vn 0.2893 0.8258 0.4841
vn 0.7148 0.6883 0.1239
vn 0.6084 0.6129 0.5043
vn 0.7556 0.6094 0.2404
vn 0.8117 0.5696 0.1292
vn 0.9007 0.3727 -0.2232
vn 0.7732 0.4277 -0.4682
vn 0.7692 0.3030 -0.5626
vn 0.8407 -0.1499 -0.5204
vn 0.8075 -0.0201 -0.5895
vn 0.7368 0.1319 -0.6632
vn 0.6565 0.2873 -0.6974
vn 0.5643 0.4021 -0.7210
vn 0.7705 -0.2626 -0.5809
vn 0.6911 -0.0078 -0.7227
vn 0.6273 0.1222 -0.7691
vn 0.5411 0.2774 -0.7939
vn 0.4538 0.3810 -0.8055
vn 0.0734 0.3694 -0.9264
vn 0.1051 0.3907 0.9145
vn 0.4911 0.3751 0.7862
vn 0.6852 0.4257 0.5910
vn 0.7725 0.3022 0.5585
vn 0.7545 -0.1505 0.6388
vn 0.8102 -0.0201 0.5858
vn 0.8590 0.1304 0.4950
vn 0.8662 0.2873 0.4089
vn 0.8601 0.4017 0.3145
vn 0.9013 -0.0078 0.4330
vn 0.9251 0.1234 0.3590
vn 0.1373 0.0060 -0.9905
vn 0.0543 -0.1371 -0.9891
vn 0.5878 -0.2774 -0.7600
vn 0.4604 -0.2873 -0.8399
vn 0.2966 -0.3051 -0.9050
vn 0.1173 -0.2877 -0.9505
vn 0.6179 -0.3888 -0.6834
vn 0.3509 -0.4270 -0.8334
vn 0.1860 -0.4184 -0.8890
vn 0.4732 0.0051 0.8810
vn 0.2959 -0.3036 0.9057
vn 0.4604 -0.2873 0.8399
vn 0.5878 -0.2774 0.7600
vn 0.2063 -0.4270 0.8804
vn 0.3507 -0.4271 0.8334
vn 0.6179 -0.3888 0.6834
vn 0.9839 0.0051 -0.1787
vn 0.9042 -0.2776 0.3247
vn 0.9411 -0.2873 0.1783
vn 0.9538 -0.3005 -0.0022
vn 0.9411 -0.2873 -0.1783
vn 0.9041 -0.2775 -0.3249
vn 0.8591 -0.3756 0.3477
vn 0.9015 -0.4260 0.0766
vn 0.9008 -0.4277 -0.0757
vn 0.8807 -0.4017 -0.2511
vn 0.3149 -0.6149 -0.7230
vn 0.1494 -0.6213 -0.7692
vn 0.1552 -0.9441 -0.2909
vn 0.0350 -0.6182 -0.7852
vn 0.5389 -0.8029 -0.2548
vn 0.5548 -0.8259 -0.1005
vn 0.7532 -0.6077 0.2516
vn 0.5537 -0.8267 0.0997
vn 0.4292 -0.9032 0.0023
vn 0.3063 -0.9491 -0.0731
vn 0.7082 -0.5889 0.3895
vn 0.5382 -0.8032 0.2553
vn 0.4343 -0.8831 0.1776
vn 0.3063 -0.9491 0.0733
vn 0.0764 -0.7394 0.6689
vn 0.1142 -0.8098 0.5754
vn 0.2185 -0.7171 0.6619
vn 0.1322 -0.9014 0.4123
vn 0.2718 -0.8236 0.4978
vn 0.3791 -0.7133 0.5895
vn 0.4721 -0.6076 0.6388
vn 0.3034 -0.8830 0.3582
vn 0.4089 -0.8029 0.4338
vn 0.5100 -0.6849 0.5204
vn 0.5876 -0.5815 0.5627
vn -0.0119 -0.4930 -0.8700
vn -0.0010 0.5721 -0.8202
vn 0.0217 0.9904 0.1365
vn -0.0205 0.9704 0.2405
vn 0.1759 0.6673 0.7237
vn 0.0154 0.9218 -0.3873
vn -0.0110 0.7012 0.7129
vn -0.0105 0.6726 0.7399
vn -0.0314 0.4731 0.8804
vn -0.0247 0.2638 0.9643
vn 0.0122 0.3653 0.9308
vn -0.0207 -0.6232 0.7818
vn 0.0174 -0.7386 0.6739
vn 0.0108 -0.8262 0.5633
vn -0.0174 -0.9446 0.3278
vn 0.0283 -0.9796 0.1991
vn -0.0171 -0.8811 0.4726
vn 0.4148 0.9096 -0.0227
vn 0.2205 0.9412 0.2560
vn 0.1143 0.9863 0.1192
vn -0.4815 0.7715 0.4159
vn 0.2812 0.7520 0.5962
vn 0.8111 0.5833 -0.0438
vn -0.0217 0.8190 -0.5734
vn -0.6051 0.7924 -0.0772
vn 0.2802 0.9112 0.3022
vn 0.0225 0.9651 0.2609
vn -0.1835 0.5805 0.7933
vn 0.5136 0.8100 -0.2832
vn 0.0220 0.9931 -0.1148
vn 0.0101 0.1098 0.9939
vn 0.6287 0.6111 -0.4810
vn -0.5568 0.3738 0.7418
vn -0.8883 0.4590 0.0165
vn -0.1148 -0.9899 0.0825
vn -0.4362 -0.8381 0.3277
vn -0.5295 -0.7483 0.3995
vn -0.7775 -0.4799 -0.4064
vn -0.8318 -0.5282 -0.1707
vn -0.8318 -0.5282 0.1707
vn -0.0867 -0.9944 -0.0599
vn -0.1844 -0.9710 -0.1524
vn -0.3086 -0.9279 -0.2094
vn -0.4356 -0.8386 -0.3270
vn -0.5257 -0.7502 -0.4010
vn -0.2554 -0.5461 -0.7978
vn -0.8020 -0.3461 -0.4868
vn -0.8494 -0.2581 -0.4603
vn -0.9522 0.0236 -0.3046
vn -0.9607 0.1509 -0.2331
vn -0.2398 0.3452 0.9074
vn -0.1396 0.2359 0.9617
vn -0.7101 -0.3431 0.6148
vn -0.6800 -0.2717 0.6810
vn -0.6613 -0.1347 0.7379
vn -0.5148 0.1516 0.8438
vn -0.4359 0.2708 0.8583
vn -0.4163 0.2555 -0.8726
vn -0.6432 -0.1521 -0.7505
vn -0.6801 -0.2704 -0.6815
vn -0.0791 0.1286 -0.9885
vn -0.8680 0.4790 0.1309
vn -0.4953 0.4932 0.7151
vn -0.0919 0.4983 -0.8621
vn -0.1472 0.4716 -0.8695
vn -0.3902 0.4816 -0.7847
vn -0.6975 0.5329 -0.4791
vn -0.4948 0.8397 -0.2239
vn -0.2192 0.6317 0.7436
vn -0.2488 0.5410 0.8034
vn -0.8238 0.5669 -0.0006
vn -0.7630 0.6463 0.0140
vn -0.6390 0.7692 -0.0097
vn 0.4431 0.7907 0.4224
vn -0.5761 0.7894 0.2119
vn -0.0748 0.9964 -0.0405
vn -0.0686 0.9892 -0.1293
vn -0.1123 0.9663 -0.2318
vn -0.2247 0.6446 -0.7307
vn -0.2353 0.7750 0.5865
vn -0.1984 0.9365 -0.2891
vn -0.2442 0.8829 -0.4011
vn -0.6034 0.7863 -0.1325
vn -0.3904 0.8234 -0.4119
vn -0.7141 0.6849 -0.1449
vn -0.5653 0.7180 -0.4061
vn -0.4435 0.7133 -0.5427
vn -0.3588 0.6846 -0.6345
vn -0.8102 0.5718 -0.1286
vn -0.6786 0.6157 -0.4005
vn -0.5897 0.6146 -0.5239
vn -0.4617 0.6080 -0.6458
vn -0.0902 0.7017 -0.7067
vn -0.1450 0.5827 0.7997
vn -0.6352 0.7700 0.0601
vn -0.6025 0.7177 -0.3490
vn 0.2362 0.4955 -0.8359
vn 0.5405 0.8382 -0.0728
vn -0.2893 0.8258 0.4841
vn -0.7154 0.6877 0.1238
vn -0.6084 0.6129 0.5043
vn -0.7556 0.6094 0.2404
vn -0.7739 0.4255 -0.4691
vn -0.7695 0.3034 -0.5619
vn -0.8406 -0.1505 -0.5204
vn -0.7399 0.1274 -0.6606
vn -0.6565 0.2873 -0.6974
vn -0.5644 0.4020 -0.7211
vn -0.7701 -0.2631 -0.5811
vn -0.6921 -0.0084 -0.7217
vn -0.6273 0.1222 -0.7691
vn -0.4906 0.3761 0.7860
vn -0.6846 0.4266 0.5911
vn -0.7725 0.3022 0.5585
vn -0.7547 -0.1499 0.6387
vn -0.8584 0.1257 0.4974
vn -0.8662 0.2873 0.4089
vn -0.8601 0.4017 0.3145
vn -0.9014 -0.0067 0.4329
vn -0.9254 0.1238 0.3582
vn -0.3054 0.2253 -0.9252
vn -0.1408 0.0075 -0.9900
vn -0.0835 -0.1313 -0.9878
vn -0.5681 -0.2877 -0.7711
vn -0.4604 -0.2873 -0.8399
vn -0.2966 -0.3051 -0.9050
vn -0.1416 -0.2997 -0.9435
vn -0.6206 -0.3880 -0.6814
vn -0.3507 -0.4271 -0.8334
vn -0.1867 -0.4139 -0.8910
vn -0.4725 0.0084 0.8813
vn -0.2967 -0.3022 0.9059
vn -0.4604 -0.2873 0.8399
vn -0.5874 -0.2781 0.7600
vn -0.2068 -0.4262 0.8807
vn -0.3508 -0.4268 0.8336
vn -0.5110 -0.4017 0.7600
vn -0.9841 0.0051 -0.1778
vn -0.9048 -0.2763 0.3239
vn -0.9411 -0.2873 0.1783
vn -0.9538 -0.3005 -0.0022
vn -0.9411 -0.2873 -0.1783
vn -0.9044 -0.2774 -0.3242
vn -0.8591 -0.3756 0.3477
vn -0.9018 -0.4255 0.0758
vn -0.9005 -0.4281 -0.0767
vn -0.8803 -0.4021 -0.2516
vn -0.8406 -0.3810 -0.3849
vn -0.3150 -0.6150 -0.7229
vn -0.1456 -0.6442 -0.7509
vn -0.1556 -0.9446 -0.2889
vn -0.0655 -0.8122 -0.5797
vn -0.5392 -0.8033 -0.2531
vn -0.5538 -0.8264 -0.1021
vn -0.7532 -0.6077 0.2516
vn -0.6746 -0.7157 0.1807
vn -0.5571 -0.8241 0.1026
vn -0.4292 -0.9032 -0.0023
vn -0.3063 -0.9491 -0.0731
vn -0.5394 -0.8023 0.2557
vn -0.4353 -0.8824 0.1787
vn -0.3063 -0.9491 0.0733
vn -0.2189 -0.7167 0.6622
vn -0.0648 -0.9394 0.3365
vn -0.1313 -0.9018 0.4117
vn -0.2705 -0.8238 0.4982
vn -0.3803 -0.7157 0.5858
vn -0.4721 -0.6076 0.6388
vn -0.0664 -0.9807 0.1838
vn -0.3013 -0.8833 0.3591
vn -0.4091 -0.8032 0.4329
vn -0.5100 -0.6849 0.5204
vn -0.5866 -0.5823 0.5629
vn -0.1759 0.6673 0.7237
vn -0.4148 0.9096 -0.0227
vn -0.2205 0.9412 0.2560
vn -0.1128 0.9864 0.1194
vn 0.4815 0.7715 0.4159
vn -0.2812 0.7520 0.5962
vn -0.8111 0.5832 -0.0438
vn 0.0217 0.8190 -0.5734
vn 0.6051 0.7924 -0.0772
vn -0.2802 0.9112 0.3022
vn 0.1835 0.5805 0.7933
vn -0.5136 0.8100 -0.2832
vn -0.0230 0.7618 0.6474
vn -0.2019 0.9725 -0.1162
vn -0.6287 0.6111 -0.4810
vn 0.5568 0.3738 0.7418
vn 0.6970 -0.5273 0.4860
vn 0.7131 -0.4864 0.5049
vn 0.6770 -0.5278 -0.5129
vn 0.7012 -0.4862 -0.5215
vn 0.6934 -0.4496 -0.5631
vn 0.7405 -0.4335 0.5136
vn 0.3401 0.3940 0.8539
vn 0.7289 -0.4067 -0.5507
vn 0.2671 0.4082 -0.8729
vn 0.2993 0.4461 0.8435
vn 0.2330 0.4516 -0.8612
vn 0.8692 0.4876 -0.0820
vn 0.8967 0.4422 -0.0215
vn 0.2786 0.5275 -0.8025
vn 0.2704 0.4868 -0.8306
vn 0.2399 -0.9575 0.1599
vn 0.3560 -0.8984 0.2571
vn 0.3919 -0.8700 0.2992
vn 0.4897 -0.7954 0.3571
vn 0.5958 -0.6860 0.4176
vn 0.6388 -0.6337 0.4364
vn 0.6324 -0.5989 0.4912
vn 0.6683 -0.5633 0.4858
vn 0.6597 -0.4804 0.5779
vn 0.5976 -0.4664 0.6522
vn 0.5537 -0.5162 0.6534
vn 0.4882 -0.5011 0.7145
vn 0.4286 -0.5382 0.7257
vn 0.3558 -0.5230 0.7745
vn 0.2955 -0.5444 0.7851
vn 0.2200 -0.5364 0.8148
vn 0.1698 -0.5387 0.8252
vn 0.7488 -0.4818 -0.4552
vn 0.7925 -0.5162 -0.3249
vn 0.8193 -0.5189 -0.2438
vn 0.8458 -0.5242 -0.0987
vn 0.8561 -0.5153 -0.0381
vn 0.8469 -0.5227 0.0977
vn 0.8305 -0.5015 0.2424
vn 0.0346 -0.9981 -0.0516
vn 0.0876 -0.9953 -0.0419
vn 0.1250 -0.9825 -0.1384
vn 0.1908 -0.9752 -0.1117
vn 0.2391 -0.9528 -0.1870
vn 0.3553 -0.8985 -0.2578
vn 0.4044 -0.8619 -0.3060
vn 0.4384 -0.8321 -0.3398
vn 0.4913 -0.7951 -0.3557
vn 0.5947 -0.6867 -0.4180
vn 0.6124 -0.6337 -0.4726
vn 0.6626 -0.5989 -0.4497
vn 0.6688 -0.5631 -0.4854
vn 0.0328 -0.5188 -0.8543
vn 0.1560 -0.4919 -0.8565
vn 0.2073 -0.5096 -0.8351
vn 0.3034 -0.5066 -0.8070
vn 0.3557 -0.5233 -0.7743
vn 0.4369 -0.4951 -0.7510
vn 0.4851 -0.5189 -0.7039
vn 0.6259 -0.4820 -0.6131
vn 0.9064 0.4211 0.0343
vn 0.9379 0.3242 0.1234
vn 0.9593 0.2119 0.1868
vn 0.9627 0.0842 0.2573
vn 0.9308 -0.0835 0.3559
vn 0.8802 -0.2248 0.4180
vn 0.8418 -0.2639 0.4708
vn 0.8033 -0.3459 0.4848
vn 0.8523 -0.2882 -0.4365
vn 0.8801 -0.2017 -0.4298
vn 0.9115 -0.1693 -0.3749
vn 0.9304 -0.0825 -0.3571
vn 0.9500 -0.0394 -0.3098
vn 0.9625 0.0841 -0.2579
vn 0.9593 0.2119 -0.1868
vn 0.9467 0.2860 -0.1479
vn 0.2678 0.4077 0.8730
vn 0.1935 0.3454 0.9183
vn 0.1712 0.2967 0.9395
vn 0.1007 0.1865 0.9773
vn 0.0391 0.0492 0.9980
vn 0.6792 -0.2858 0.6760
vn 0.6807 -0.2017 0.7042
vn 0.6382 -0.1693 0.7510
vn 0.6278 -0.0833 0.7739
vn 0.5954 -0.0386 0.8025
vn 0.5428 0.0823 0.8358
vn 0.4736 0.2126 0.8547
vn 0.3638 0.3454 0.8651
vn 0.3066 0.3773 -0.8739
vn 0.4076 0.3252 -0.8533
vn 0.4734 0.2126 -0.8548
vn 0.5349 0.0464 -0.8436
vn 0.5853 0.0233 -0.8105
vn 0.5954 -0.0386 -0.8025
vn 0.6278 -0.0833 -0.7739
vn 0.6807 -0.2017 -0.7042
vn 0.7088 -0.3447 -0.6154
vn 0.0110 0.0458 -0.9989
vn 0.1203 0.2119 -0.9699
vn 0.1692 0.3010 -0.9385
vn 0.8777 0.4792 0.0095
vn 0.8931 0.4427 0.0801
vn 0.8146 0.5016 0.2911
vn 0.7922 0.4997 0.3502
vn 0.7301 0.5425 0.4154
vn 0.7050 0.5176 0.4849
vn 0.6627 0.5414 0.5175
vn 0.5313 0.4648 0.7083
vn 0.4402 0.4783 0.7599
vn 0.4055 0.4660 0.7864
vn 0.2526 0.4602 0.8511
vn 0.1849 0.4582 0.8694
vn 0.0922 0.4979 0.8623
vn 0.0953 0.4976 -0.8622
vn 0.3530 0.4506 -0.8200
vn 0.5205 0.5188 -0.6781
vn 0.6273 0.5217 -0.5782
vn 0.6603 0.5353 -0.5268
vn 0.7419 0.5238 -0.4186
vn 0.8062 0.5187 -0.2847
vn 0.8680 0.4792 -0.1302
vn 0.0648 0.9854 0.1577
vn 0.0507 0.9781 0.2020
vn 0.2462 0.5892 0.7696
vn 0.8507 0.5254 0.0162
vn 0.6642 0.7471 0.0253
vn 0.1448 0.9806 0.1322
vn 0.1047 0.9913 -0.0800
vn 0.1079 0.9937 -0.0312
vn 0.0722 0.9854 -0.1539
vn 0.0785 0.9724 -0.2197
vn 0.1099 0.9528 -0.2831
vn 0.1078 0.9275 -0.3578
vn 0.1244 0.8962 -0.4258
vn 0.1527 0.8612 -0.4848
vn 0.1673 0.8201 -0.5472
vn 0.1879 0.7751 -0.6033
vn 0.2004 0.7262 -0.6576
vn 0.2138 0.6857 -0.6958
vn 0.2587 0.6350 -0.7279
vn 0.2545 0.5626 -0.7866
vn 0.0464 0.9943 -0.0964
vn -0.3283 0.7730 0.5428
vn -0.1533 0.7634 0.6275
vn 0.0440 0.7719 0.6342
vn 0.2256 0.9545 -0.1953
vn 0.1966 0.9516 -0.2362
vn 0.1948 0.8697 -0.4536
vn 0.4094 0.8858 -0.2186
vn 0.2929 0.8919 -0.3446
vn 0.3025 0.7786 -0.5498
vn 0.2483 0.7704 -0.5873
vn 0.6170 0.7837 -0.0715
vn 0.5665 0.8001 -0.1972
vn 0.5145 0.8211 -0.2472
vn 0.4745 0.8293 -0.2952
vn 0.4813 0.8110 -0.3325
vn 0.4442 0.8144 -0.3734
vn 0.3387 0.8154 -0.4695
vn 0.2812 0.6667 -0.6902
vn 0.7402 0.6705 -0.0513
vn 0.6995 0.7089 -0.0900
vn 0.6855 0.7039 -0.1860
vn 0.6508 0.7166 -0.2507
vn 0.6127 0.7238 -0.3174
vn 0.5307 0.7227 -0.4428
vn 0.4913 0.7236 -0.4847
vn 0.3887 0.7039 -0.5945
vn 0.8401 0.5415 -0.0323
vn 0.8013 0.5897 -0.1007
vn 0.7814 0.5997 -0.1728
vn 0.7574 0.6076 -0.2393
vn 0.7327 0.6144 -0.2927
vn 0.6431 0.6197 -0.4499
vn 0.6108 0.6253 -0.4857
vn 0.5611 0.6188 -0.5498
vn 0.5054 0.6140 -0.6063
vn 0.4402 0.5972 -0.6705
vn 0.5743 0.7633 0.2958
vn 0.4967 0.7709 0.3988
vn 0.3962 0.7705 0.4994
vn 0.4295 0.8958 -0.1145
vn 0.3998 0.9006 -0.1703
vn 0.3433 0.9295 -0.1349
vn 0.1604 0.9513 -0.2632
vn 0.2543 0.9314 -0.2604
vn 0.3383 0.8881 -0.3112
vn 0.2322 0.9175 -0.3228
vn 0.2393 0.9000 -0.3644
vn 0.1608 0.9152 -0.3696
vn 0.4757 0.8425 -0.2528
vn 0.4270 0.8654 -0.2622
vn 0.3931 0.8693 -0.2997
vn 0.3855 0.8429 -0.3755
vn 0.3087 0.8717 -0.3805
vn 0.2675 0.8633 -0.4279
vn 0.2617 0.8487 -0.4595
vn 0.2892 0.8254 -0.4849
vn 0.1968 0.8344 -0.5148
vn 0.2290 0.8395 -0.4928
vn 0.2863 0.8029 -0.5229
vn 0.6556 0.7504 -0.0841
vn 0.6596 0.7378 -0.1433
vn 0.6105 0.7709 -0.1816
vn 0.5466 0.7973 -0.2562
vn 0.5910 0.7668 -0.2506
vn 0.5328 0.7876 -0.3096
vn 0.5508 0.7536 -0.3588
vn 0.4599 0.7862 -0.4127
vn 0.5112 0.7539 -0.4126
vn 0.4111 0.7982 -0.4403
vn 0.4275 0.7631 -0.4847
vn 0.3573 0.7702 -0.5283
vn 0.4095 0.7379 -0.5365
vn 0.3234 0.7262 -0.6066
vn 0.2501 0.7365 -0.6285
vn 0.3011 0.7066 -0.6404
vn 0.7735 0.6334 -0.0224
vn 0.7638 0.6409 -0.0764
vn 0.7639 0.6345 -0.1181
vn 0.7243 0.6710 -0.1585
vn 0.7087 0.6742 -0.2078
vn 0.7418 0.6356 -0.2141
vn 0.7062 0.6624 -0.2497
vn 0.6576 0.6963 -0.2877
vn 0.6663 0.6641 -0.3391
vn 0.5851 0.7198 -0.3736
vn 0.6405 0.6549 -0.4010
vn 0.5774 0.6677 -0.4699
vn 0.4818 0.6955 -0.5330
vn 0.5300 0.6634 -0.5283
vn 0.4560 0.6640 -0.5926
vn 0.3764 0.6692 -0.6407
vn 0.4165 0.6729 -0.6114
vn 0.4512 0.6276 -0.6345
vn 0.3360 0.6379 -0.6930
vn 0.3089 0.6108 -0.7290
vn 0.8444 0.5248 -0.1072
vn 0.8148 0.5622 -0.1415
vn 0.8022 0.5637 -0.1969
vn 0.8309 0.5110 -0.2203
vn 0.7992 0.5520 -0.2378
vn 0.7623 0.5868 -0.2730
vn 0.7705 0.5313 -0.3523
vn 0.6963 0.6188 -0.3637
vn 0.7372 0.5671 -0.3673
vn 0.6865 0.5663 -0.4561
vn 0.6509 0.5747 -0.4960
vn 0.5772 0.5667 -0.5879
vn 0.5726 0.5282 -0.6270
vn 0.4919 0.5890 -0.6412
vn 0.4724 0.5489 -0.6896
vn 0.4186 0.5209 -0.7439
vn 0.4523 0.5151 -0.7280
vn 0.3887 0.5641 -0.7285
vn 0.3634 0.5242 -0.7701
vn 0.3281 0.4935 -0.8055
vn 0.1084 0.8676 -0.4853
vn 0.0760 0.8888 -0.4519
vn 0.1645 0.7571 -0.6322
vn 0.0900 0.7969 -0.5973
vn 0.1742 0.6695 -0.7221
vn 0.1112 0.6959 -0.7095
vn 0.2050 0.5612 -0.8019
vn 0.1450 0.5814 -0.8006
vn 0.0294 0.8860 -0.4628
vn 0.1195 0.8393 -0.5303
vn 0.0824 0.8249 -0.5592
vn 0.0289 0.8570 -0.5146
vn 0.0344 0.8272 -0.5609
vn 0.1238 0.7426 -0.6582
vn 0.1108 0.7721 -0.6258
vn 0.0785 0.7349 -0.6736
vn 0.1637 0.6403 -0.7505
vn 0.1429 0.6123 -0.7776
vn 0.1160 0.6574 -0.7446
vn 0.2285 0.5082 -0.8304
vn 0.1781 0.4861 -0.8555
vn 0.1187 0.5605 -0.8196
vn 0.0752 0.5726 -0.8164
vn 0.0879 0.5360 -0.8396
vn 0.0417 0.6784 0.7335
vn 0.2897 0.9250 -0.2460
vn 0.3924 0.8933 -0.2193
vn 0.0863 0.9207 -0.3805
vn 0.2091 0.9284 -0.3072
vn 0.0352 0.7009 0.7124
vn 0.0473 0.6046 0.7951
vn 0.0922 0.5889 0.8029
vn -0.0015 0.7107 0.7035
vn 0.1122 0.7518 0.6497
vn 0.0710 0.7331 0.6764
vn 0.3202 0.8898 0.3252
vn 0.0923 0.6939 0.7141
vn -0.0271 0.7253 -0.6879
vn 0.0229 0.4698 -0.8825
vn -0.0028 0.5376 -0.8432
vn 0.1018 0.6398 0.7618
vn 0.1364 0.6168 0.7752
vn 0.1675 0.6449 0.7457
vn 0.0346 0.5325 0.8457
vn 0.0878 0.5387 0.8379
vn 0.1196 0.5574 0.8216
vn 0.1793 0.5391 0.8229
vn 0.0867 0.9931 0.0787
vn 0.0980 0.9947 0.0319
vn 0.0594 0.9980 0.0195
vn 0.5872 0.7978 0.1368
vn -0.8780 0.4449 -0.1764
vn -0.8846 0.4186 -0.2057
vn 0.2862 0.9362 0.2041
vn 0.4225 0.9064 0.0034
vn -0.3706 0.0999 -0.9234
vn -0.2636 0.4159 -0.8704
vn -0.4135 0.5967 -0.6877
vn -0.5425 0.6831 -0.4889
vn -0.5716 0.7694 -0.2852
vn 0.3945 0.8447 0.3617
vn 0.6955 0.7125 0.0931
vn 0.7407 0.6693 0.0579
vn 0.5625 0.6874 0.4595
vn 0.5645 0.7306 0.3841
vn 0.5481 0.7685 0.3302
vn 0.5796 0.7612 0.2909
vn 0.6604 0.7325 0.1655
vn 0.8272 0.5592 0.0552
vn 0.3272 0.5829 0.7437
vn 0.5579 0.5616 0.6111
vn 0.5843 0.6121 0.5329
vn 0.6270 0.6227 0.4681
vn 0.6509 0.6431 0.4034
vn 0.6957 0.6227 0.3582
vn 0.7243 0.6179 0.3059
vn 0.7788 0.6105 0.1442
vn 0.2001 0.9708 0.1326
vn 0.3614 0.9270 0.1002
vn 0.6775 0.7345 -0.0388
vn 0.6806 0.7251 -0.1055
vn 0.6504 0.7291 -0.2130
vn -0.7549 0.4450 0.4817
vn -0.7826 0.3966 0.4799
vn 0.1800 0.5367 0.8243
vn 0.2061 0.5625 0.8007
vn 0.4991 0.6733 -0.5455
vn 0.3038 0.5581 -0.7722
vn 0.0373 0.5080 -0.8605
vn 0.6595 0.4108 -0.6296
vn 0.6532 0.4724 -0.5918
vn 0.8166 0.4414 0.3719
vn 0.7839 0.5132 0.3493
vn -0.5423 0.8010 0.2538
vn -0.4981 0.8545 0.1476
vn -0.5288 0.8485 0.0193
vn -0.0426 0.5714 0.8196
vn -0.1387 0.4967 0.8568
vn 0.6974 0.6964 -0.1689
vn 0.5378 0.8427 0.0236
vn -0.2160 0.6257 0.7496
vn -0.1058 0.7233 0.6824
vn 0.0564 0.7976 0.6005
vn 0.3977 0.7945 0.4590
vn 0.4732 0.7660 0.4351
vn 0.5084 0.7021 0.4987
vn 0.6473 0.7586 0.0740
vn 0.6645 0.7366 0.1260
vn 0.2671 0.6255 0.7331
vn 0.2812 0.6177 0.7345
vn 0.2273 0.6392 0.7347
vn 0.4690 0.6620 0.5846
vn 0.4896 0.6246 0.6083
vn 0.5838 0.6484 0.4887
vn 0.5575 0.7177 0.4172
vn 0.6359 0.6772 0.3703
vn 0.6279 0.7137 0.3104
vn 0.6713 0.6559 0.3452
vn 0.6505 0.7104 0.2687
vn 0.7024 0.6681 0.2453
vn 0.7172 0.6755 0.1713
vn 0.7415 0.6361 0.2132
vn 0.7934 0.6077 0.0360
vn 0.7968 0.5977 0.0884
vn 0.2808 0.5290 0.8008
vn 0.3841 0.5125 0.7680
vn 0.3530 0.5244 0.7748
vn 0.1849 0.7493 -0.6359
vn 0.2235 0.5063 -0.8329
vn 0.1866 0.5703 -0.8000
vn 0.5905 0.5191 0.6179
vn 0.6085 0.5348 0.5863
vn 0.6222 0.5811 0.5246
vn 0.6639 0.6116 0.4304
vn 0.6908 0.5630 0.4537
vn 0.6953 0.5976 0.3993
vn 0.7592 0.5368 0.3680
vn 0.7685 0.5546 0.3191
vn 0.7607 0.5875 0.2760
vn 0.8024 0.5473 0.2377
vn 0.7932 0.5772 0.1943
vn 0.8313 0.5177 0.2023
vn 0.8433 0.5286 0.0969
vn 0.8660 0.4962 0.0615
vn 0.8893 0.4505 -0.0791
vn 0.8672 0.4607 -0.1891
vn 0.8499 0.4797 -0.2181
vn 0.9269 0.3343 -0.1706
vn 0.7949 0.4951 -0.3508
vn 0.9353 0.2409 -0.2593
vn 0.9062 0.3076 -0.2902
vn 0.8855 0.3213 -0.3356
vn 0.8666 0.3801 -0.3234
vn 0.7246 0.4712 -0.5029
vn 0.9477 0.0436 -0.3161
vn 0.9335 0.0510 -0.3550
vn 0.9257 0.1231 -0.3577
vn 0.9021 0.1918 -0.3867
vn 0.8815 0.2484 -0.4015
vn 0.8446 0.3178 -0.4308
vn 0.8161 0.3643 -0.4486
vn 0.6613 0.4183 -0.6226
vn 0.6241 0.4753 -0.6202
vn 0.9041 -0.0867 -0.4185
vn 0.8867 0.0402 -0.4607
vn 0.8284 0.1946 -0.5253
vn 0.8023 0.2495 -0.5423
vn 0.7281 0.3662 -0.5794
vn 0.5203 0.4581 -0.7207
vn 0.8504 -0.2099 -0.4825
vn 0.8614 -0.1457 -0.4865
vn 0.8287 -0.0835 -0.5534
vn 0.8316 -0.0132 -0.5553
vn 0.7852 0.0478 -0.6174
vn 0.7242 0.1721 -0.6678
vn 0.6976 0.2229 -0.6809
vn 0.6146 0.3459 -0.7090
vn 0.4076 0.4330 -0.8040
vn 0.7861 -0.3197 -0.5290
vn 0.7989 -0.2623 -0.5412
vn 0.7744 -0.2066 -0.5980
vn 0.7545 -0.1505 -0.6388
vn 0.7377 -0.1016 -0.6675
vn 0.6779 0.0355 -0.7343
vn 0.6570 0.0730 -0.7504
vn 0.6119 0.1598 -0.7746
vn 0.5727 0.2283 -0.7873
vn 0.9280 0.3610 -0.0923
vn 0.9123 0.3810 -0.1503
vn 0.8951 0.4252 -0.1343
vn 0.8903 0.4116 -0.1949
vn 0.9426 0.2680 -0.1992
vn 0.9216 0.3197 -0.2200
vn 0.9222 0.2774 -0.2693
vn 0.8712 0.4026 -0.2810
vn 0.8460 0.4604 -0.2689
vn 0.8405 0.4302 -0.3295
vn 0.9485 0.1448 -0.2818
vn 0.9258 0.1598 -0.3426
vn 0.9258 0.2283 -0.3014
vn 0.8980 0.2790 -0.3403
vn 0.8642 0.3445 -0.3666
vn 0.8662 0.2873 -0.4089
vn 0.8345 0.4110 -0.3670
vn 0.7965 0.4184 -0.4365
vn 0.7843 0.4743 -0.4000
vn 0.9317 -0.0040 -0.3632
vn 0.9010 -0.0067 -0.4338
vn 0.9162 0.0943 -0.3894
vn 0.9117 0.0480 -0.4080
vn 0.8952 0.1278 -0.4269
vn 0.8575 0.1319 -0.4972
vn 0.8632 0.2229 -0.4530
vn 0.8589 0.1721 -0.4824
vn 0.8308 0.2868 -0.4769
vn 0.7960 0.2979 -0.5269
vn 0.7773 0.3814 -0.5003
vn 0.7398 0.4251 -0.5216
vn 0.7149 0.4189 -0.5599
vn 0.6878 0.4827 -0.5421
vn 0.6843 0.4260 -0.5918
vn 0.8884 -0.0359 -0.4576
vn 0.8628 -0.1016 -0.4953
vn 0.8639 -0.0068 -0.5036
vn 0.8473 0.0974 -0.5221
vn 0.8298 0.0481 -0.5559
vn 0.8164 0.1305 -0.5625
vn 0.7786 0.1287 -0.6142
vn 0.7639 0.2490 -0.5953
vn 0.7553 0.1954 -0.6255
vn 0.7452 0.2936 -0.5987
vn 0.7097 0.2867 -0.6435
vn 0.6794 0.3646 -0.6368
vn 0.6707 0.3178 -0.6702
vn 0.6071 0.4097 -0.6809
vn 0.5825 0.4782 -0.6573
vn 0.5726 0.4348 -0.6950
vn 0.8211 -0.2832 -0.4955
vn 0.8205 -0.1411 -0.5540
vn 0.8048 -0.1021 -0.5847
vn 0.7806 -0.1400 -0.6092
vn 0.7823 -0.0827 -0.6174
vn 0.7822 -0.0091 -0.6230
vn 0.7452 -0.0069 -0.6668
vn 0.7572 0.0950 -0.6462
vn 0.7112 0.0420 -0.7017
vn 0.6823 0.1286 -0.7196
vn 0.6465 0.1918 -0.7384
vn 0.6542 0.2484 -0.7143
vn 0.6011 0.2790 -0.7489
vn 0.5681 0.3650 -0.7376
vn 0.5935 0.3206 -0.7383
vn 0.5561 0.3076 -0.7721
vn 0.5114 0.3870 -0.7673
vn 0.5011 0.4318 -0.7500
vn 0.4622 0.4151 -0.7837
vn 0.7618 -0.3786 -0.5256
vn 0.7349 -0.3496 -0.5811
vn 0.7430 -0.2256 -0.6301
vn 0.6998 -0.2569 -0.6666
vn 0.7204 -0.2064 -0.6622
vn 0.7289 -0.1457 -0.6689
vn 0.6613 -0.1347 -0.7379
vn 0.7098 -0.0359 -0.7035
vn 0.6774 -0.0867 -0.7305
vn 0.6353 -0.0032 -0.7722
vn 0.6216 0.0491 -0.7818
vn 0.5597 0.1431 -0.8162
vn 0.5141 0.1656 -0.8416
vn 0.5356 0.2409 -0.8094
vn 0.4807 0.2680 -0.8349
vn 0.4475 0.3337 -0.8297
vn 0.4332 0.2860 -0.8547
vn 0.3976 0.3861 -0.8323
vn 0.3493 0.4089 -0.8431
vn 0.1836 0.4518 -0.8730
vn 0.0413 0.4191 -0.9070
vn 0.1182 0.2670 -0.9564
vn 0.1237 0.3292 -0.9361
vn 0.0451 0.1773 -0.9831
vn 0.1919 0.3457 -0.9185
vn 0.1405 0.3618 -0.9216
vn 0.1018 0.4080 -0.9073
vn 0.0362 0.2312 -0.9722
vn 0.0843 0.3074 -0.9478
vn 0.1139 0.4483 0.8866
vn 0.1478 0.4733 0.8684
vn 0.0273 0.2641 0.9641
vn 0.0307 0.3130 0.9492
vn 0.0826 0.4474 0.8905
vn 0.0549 0.3930 0.9179
vn 0.0402 0.1565 0.9869
vn 0.0810 0.2327 0.9692
vn 0.1253 0.2743 0.9535
vn 0.0760 0.3454 0.9354
vn 0.1373 0.3217 0.9368
vn 0.1402 0.3584 0.9230
vn 0.2154 0.3892 0.8956
vn 0.4811 0.4516 0.7514
vn 0.4228 0.3212 0.8474
vn 0.4506 0.3582 0.8177
vn 0.6090 0.4482 0.6544
vn 0.5787 0.4976 0.6461
vn 0.5356 0.2409 0.8094
vn 0.5561 0.3076 0.7721
vn 0.5934 0.3206 0.7383
vn 0.5665 0.3660 0.7384
vn 0.6823 0.4875 0.5448
vn 0.6213 0.0500 0.7820
vn 0.6251 0.1227 0.7708
vn 0.6462 0.1927 0.7385
vn 0.6542 0.2484 0.7143
vn 0.6707 0.3178 0.6702
vn 0.6795 0.3644 0.6368
vn 0.7965 0.4184 0.4365
vn 0.7831 0.4755 0.4008
vn 0.6774 -0.0867 0.7305
vn 0.7177 0.0579 0.6940
vn 0.7399 0.1255 0.6609
vn 0.7515 0.1829 0.6339
vn 0.7633 0.2367 0.6011
vn 0.7773 0.3630 0.5138
vn 0.8488 0.4555 0.2685
vn 0.7204 -0.2064 0.6622
vn 0.7289 -0.1457 0.6689
vn 0.7824 -0.0835 0.6172
vn 0.7851 -0.0132 0.6193
vn 0.8298 0.0478 0.5560
vn 0.8605 0.1720 0.4796
vn 0.8634 0.2231 0.4526
vn 0.8642 0.3459 0.3654
vn 0.7525 -0.3227 0.5742
vn 0.7707 -0.2631 0.5804
vn 0.8185 -0.2125 0.5338
vn 0.8407 -0.1499 0.5204
vn 0.8629 -0.1019 0.4950
vn 0.9071 0.0352 0.4194
vn 0.9158 0.0745 0.3946
vn 0.9258 0.1598 0.3426
vn 0.9260 0.2277 0.3012
vn 0.9212 0.3026 0.2447
vn 0.9042 0.3657 0.2208
vn 0.3962 0.3764 0.8375
vn 0.4174 0.4110 0.8105
vn 0.4821 0.2693 0.8337
vn 0.4933 0.3187 0.8094
vn 0.5411 0.2774 0.7939
vn 0.5669 0.4009 0.7197
vn 0.5749 0.4307 0.6957
vn 0.5616 0.1449 0.8146
vn 0.6119 0.1598 0.7746
vn 0.5727 0.2283 0.7873
vn 0.6011 0.2790 0.7489
vn 0.6145 0.3468 0.7086
vn 0.6565 0.2873 0.6974
vn 0.6228 0.4066 0.6685
vn 0.6598 0.4188 0.6239
vn 0.6279 0.4712 0.6194
vn 0.6349 -0.0044 0.7726
vn 0.6916 -0.0051 0.7222
vn 0.6517 0.0903 0.7531
vn 0.6701 0.0474 0.7408
vn 0.6687 0.1270 0.7326
vn 0.7218 0.1658 0.6719
vn 0.6976 0.2223 0.6811
vn 0.7108 0.2864 0.6424
vn 0.7487 0.2950 0.5936
vn 0.7285 0.3649 0.5798
vn 0.7473 0.3814 0.5441
vn 0.7545 0.4198 0.5044
vn 0.7244 0.4718 0.5027
vn 0.7737 0.4268 0.4682
vn 0.7098 -0.0359 0.7035
vn 0.7377 -0.1016 0.6675
vn 0.7455 -0.0062 0.6665
vn 0.7622 0.0960 0.6402
vn 0.7855 0.0471 0.6170
vn 0.7879 0.1303 0.6019
vn 0.8244 0.1280 0.5513
vn 0.8076 0.2363 0.5404
vn 0.8348 0.1839 0.5190
vn 0.7994 0.2909 0.5256
vn 0.8312 0.2864 0.4765
vn 0.8156 0.3646 0.4493
vn 0.8446 0.3178 0.4308
vn 0.8352 0.4094 0.3672
vn 0.8394 0.4327 0.3289
vn 0.7430 -0.2256 0.6301
vn 0.7744 -0.2066 0.5980
vn 0.7806 -0.1400 0.6092
vn 0.8048 -0.1021 0.5847
vn 0.8205 -0.1411 0.5540
vn 0.8289 -0.0827 0.5533
vn 0.8342 -0.0091 0.5514
vn 0.8644 -0.0069 0.5027
vn 0.8486 0.0950 0.5205
vn 0.8871 0.0420 0.4596
vn 0.8953 0.1286 0.4265
vn 0.9021 0.1918 0.3867
vn 0.8815 0.2484 0.4015
vn 0.8973 0.2790 0.3420
vn 0.8772 0.3656 0.3113
vn 0.8859 0.3206 0.3354
vn 0.9131 0.2870 0.2896
vn 0.8767 0.4096 0.2521
vn 0.8674 0.4599 0.1899
vn 0.8902 0.4119 0.1947
vn 0.7277 -0.3809 0.5704
vn 0.7854 -0.3193 0.5302
vn 0.7989 -0.2623 0.5412
vn 0.8213 -0.2834 0.4951
vn 0.8509 -0.2113 0.4809
vn 0.8630 -0.1462 0.4836
vn 0.8904 -0.1356 0.4345
vn 0.8884 -0.0359 0.4576
vn 0.9052 -0.0870 0.4159
vn 0.9296 0.0159 0.3683
vn 0.9347 0.0631 0.3499
vn 0.9506 0.0400 0.3079
vn 0.9485 0.1448 0.2818
vn 0.9616 0.1516 0.2288
vn 0.9341 0.2445 0.2603
vn 0.9432 0.2661 0.1990
vn 0.9269 0.3344 0.1704
vn 0.9467 0.2860 0.1479
vn 0.9123 0.3812 0.1501
vn 0.9278 0.3619 0.0904
vn 0.9182 0.3897 0.0717
vn 0.2410 0.3611 -0.9008
vn 0.1750 0.2555 -0.9508
vn 0.3697 0.2256 -0.9014
vn 0.3142 0.2637 -0.9120
vn 0.4620 0.1406 -0.8757
vn 0.4125 0.1425 -0.8997
vn 0.3381 0.1400 -0.9306
vn 0.3074 0.1021 -0.9461
vn 0.2733 0.1407 -0.9516
vn 0.0635 -0.0096 -0.9979
vn 0.5364 -0.0006 -0.8439
vn 0.4743 0.0083 -0.8803
vn 0.4028 0.0066 -0.9152
vn 0.3464 0.0132 -0.9380
vn 0.2667 0.0091 -0.9637
vn 0.2107 0.0068 -0.9775
vn 0.6028 -0.1451 -0.7846
vn 0.4741 -0.1280 -0.8711
vn 0.3431 -0.1293 -0.9304
vn 0.2859 -0.1280 -0.9497
vn 0.1919 -0.1667 -0.9672
vn 0.1285 -0.1231 -0.9840
vn 0.6467 -0.2674 -0.7144
vn 0.6039 -0.2390 -0.7604
vn 0.5264 -0.2790 -0.8031
vn 0.4772 -0.2484 -0.8430
vn 0.3926 -0.2867 -0.8738
vn 0.3391 -0.2936 -0.8938
vn 0.2571 -0.2989 -0.9190
vn 0.2181 -0.2837 -0.9338
vn 0.6737 -0.3750 -0.6367
vn 0.6394 -0.3539 -0.6826
vn 0.5386 -0.4040 -0.7394
vn 0.4594 -0.4110 -0.7874
vn 0.3140 -0.4161 -0.8534
vn 0.2855 -0.3822 -0.8788
vn 0.2459 -0.4178 -0.8747
vn 0.2609 0.3205 -0.9106
vn 0.2664 0.2628 -0.9273
vn 0.4085 0.2073 -0.8889
vn 0.3307 0.2063 -0.9209
vn 0.3752 0.1491 -0.9149
vn 0.2678 0.2081 -0.9407
vn 0.2336 0.1486 -0.9609
vn 0.1749 0.1987 -0.9643
vn 0.1953 0.1432 -0.9702
vn 0.5128 0.0755 -0.8552
vn 0.4506 0.0377 -0.8920
vn 0.4140 0.0853 -0.9063
vn 0.3460 0.0838 -0.9345
vn 0.2684 0.0831 -0.9597
vn 0.3067 0.0201 -0.9516
vn 0.1922 0.0852 -0.9777
vn 0.1489 0.0494 -0.9876
vn 0.1323 0.1070 -0.9854
vn 0.5539 -0.0459 -0.8313
vn 0.5377 -0.1222 -0.8343
vn 0.4888 -0.0355 -0.8717
vn 0.5106 -0.0730 -0.8567
vn 0.4476 -0.0420 -0.8933
vn 0.4011 -0.1272 -0.9071
vn 0.3442 -0.0466 -0.9377
vn 0.3751 -0.0931 -0.9223
vn 0.2726 -0.0472 -0.9610
vn 0.2427 -0.0976 -0.9652
vn 0.1683 -0.0437 -0.9848
vn 0.2077 -0.1249 -0.9702
vn 0.1204 -0.0330 -0.9922
vn 0.6382 -0.1693 -0.7510
vn 0.5476 -0.1598 -0.8213
vn 0.5727 -0.2277 -0.7875
vn 0.5025 -0.1918 -0.8430
vn 0.4128 -0.1661 -0.8955
vn 0.4316 -0.2221 -0.8743
vn 0.3626 -0.1952 -0.9113
vn 0.3303 -0.2494 -0.9103
vn 0.2579 -0.1690 -0.9513
vn 0.2682 -0.2490 -0.9306
vn 0.1431 -0.2384 -0.9606
vn 0.1035 -0.1946 -0.9754
vn 0.6792 -0.2858 -0.6760
vn 0.6756 -0.3210 -0.6637
vn 0.5617 -0.3100 -0.7671
vn 0.5198 -0.3218 -0.7913
vn 0.5114 -0.3794 -0.7711
vn 0.4837 -0.3445 -0.8046
vn 0.4301 -0.3178 -0.8450
vn 0.3957 -0.3646 -0.8429
vn 0.3268 -0.3630 -0.8726
vn 0.2494 -0.3637 -0.8975
vn 0.1714 -0.2948 -0.9400
vn 0.1587 -0.3435 -0.9257
vn 0.1779 -0.3832 -0.9064
vn 0.0671 -0.3814 -0.9220
vn 0.6962 -0.4054 -0.5924
vn 0.6514 -0.4476 -0.6126
vn 0.5897 -0.4306 -0.6832
vn 0.5449 -0.4874 -0.6822
vn 0.5260 -0.4592 -0.7159
vn 0.4863 -0.4302 -0.7606
vn 0.3878 -0.4184 -0.8213
vn 0.3994 -0.4743 -0.7846
vn 0.2180 -0.4586 -0.8615
vn 0.2620 -0.5056 -0.8220
vn 0.1119 -0.4175 -0.9018
vn 0.0564 -0.4416 -0.8954
vn 0.0815 -0.4933 -0.8660
vn 0.3012 0.3741 0.8771
vn 0.3706 0.2246 0.9012
vn 0.4021 0.2646 0.8765
vn 0.1922 0.2575 0.9470
vn 0.2218 0.2205 0.9498
vn 0.2809 0.2635 0.9228
vn 0.4822 0.1427 0.8644
vn 0.1975 0.1475 0.9691
vn 0.2733 0.1407 0.9516
vn 0.3074 0.1021 0.9461
vn 0.3381 0.1400 0.9306
vn 0.5385 0.0037 0.8426
vn 0.0616 -0.0161 0.9980
vn 0.1408 0.0075 0.9900
vn 0.2117 0.0053 0.9773
vn 0.2667 0.0091 0.9637
vn 0.4035 0.0062 0.9150
vn 0.5476 -0.1598 0.8213
vn 0.6028 -0.1451 0.7846
vn 0.0851 -0.1324 0.9875
vn 0.1911 -0.1225 0.9739
vn 0.2879 -0.1274 0.9492
vn 0.3431 -0.1293 0.9304
vn 0.4130 -0.1664 0.8954
vn 0.4901 -0.1270 0.8624
vn 0.6467 -0.2674 0.7144
vn 0.0513 -0.2859 0.9569
vn 0.1030 -0.2938 0.9503
vn 0.1974 -0.2874 0.9372
vn 0.3391 -0.2936 0.8938
vn 0.3926 -0.2867 0.8738
vn 0.5264 -0.2790 0.8031
vn 0.6745 -0.3754 0.6358
vn 0.0492 -0.3823 0.9227
vn 0.1196 -0.4197 0.8998
vn 0.2481 -0.4204 0.8728
vn 0.2855 -0.3824 0.8788
vn 0.3133 -0.4169 0.8533
vn 0.3878 -0.4184 0.8213
vn 0.4595 -0.4099 0.7880
vn 0.5386 -0.4040 0.7394
vn 0.3234 0.3201 0.8905
vn 0.3294 0.2639 0.9066
vn 0.1754 0.2001 0.9639
vn 0.2670 0.2081 0.9410
vn 0.2340 0.1490 0.9607
vn 0.3307 0.2064 0.9209
vn 0.3743 0.1505 0.9150
vn 0.4096 0.2091 0.8880
vn 0.4123 0.1441 0.8996
vn 0.1206 0.0826 0.9893
vn 0.1847 0.1073 0.9769
vn 0.1716 0.0562 0.9836
vn 0.2685 0.0830 0.9597
vn 0.3067 0.0201 0.9516
vn 0.3452 0.0835 0.9348
vn 0.3464 0.0132 0.9380
vn 0.4078 0.1023 0.9073
vn 0.4498 0.0359 0.8924
vn 0.4860 0.0886 0.8695
vn 0.1192 -0.0302 0.9924
vn 0.1288 -0.1224 0.9841
vn 0.1683 -0.0440 0.9847
vn 0.2715 -0.0486 0.9612
vn 0.2328 -0.1163 0.9655
vn 0.3442 -0.0466 0.9377
vn 0.3749 -0.0932 0.9224
vn 0.4382 -0.0579 0.8970
vn 0.4005 -0.1269 0.9075
vn 0.4974 -0.0474 0.8662
vn 0.5149 -0.0903 0.8525
vn 0.5542 -0.0468 0.8311
vn 0.5399 -0.1227 0.8327
vn 0.1150 -0.1889 0.9752
vn 0.1226 -0.2591 0.9580
vn 0.2072 -0.1949 0.9587
vn 0.1543 -0.2339 0.9599
vn 0.2570 -0.1715 0.9511
vn 0.2627 -0.2355 0.9357
vn 0.3626 -0.1952 0.9113
vn 0.3293 -0.2497 0.9106
vn 0.4316 -0.2221 0.8743
vn 0.5026 -0.1927 0.8428
vn 0.4772 -0.2484 0.8430
vn 0.5727 -0.2277 0.7875
vn 0.6039 -0.2390 0.7604
vn 0.1504 -0.3130 0.9378
vn 0.1770 -0.3648 0.9141
vn 0.2568 -0.2950 0.9204
vn 0.2489 -0.3637 0.8977
vn 0.3268 -0.3630 0.8726
vn 0.4301 -0.3178 0.8450
vn 0.3957 -0.3646 0.8429
vn 0.4837 -0.3445 0.8046
vn 0.5617 -0.3100 0.7671
vn 0.5198 -0.3218 0.7913
vn 0.5114 -0.3794 0.7711
vn 0.6166 -0.3220 0.7185
vn 0.6756 -0.3210 0.6637
vn 0.6394 -0.3539 0.6826
vn 0.0826 -0.4568 0.8858
vn 0.1039 -0.5066 0.8559
vn 0.1686 -0.4193 0.8920
vn 0.1416 -0.4741 0.8690
vn 0.2337 -0.4871 0.8415
vn 0.2972 -0.4996 0.8137
vn 0.3985 -0.4729 0.7859
vn 0.4213 -0.5051 0.7532
vn 0.4882 -0.4297 0.7596
vn 0.5268 -0.4571 0.7166
vn 0.5897 -0.4306 0.6832
vn 0.5452 -0.4878 0.6818
vn 0.6519 -0.4473 0.6124
vn 0.9315 0.3633 0.0198
vn 0.9713 0.2261 -0.0740
vn 0.9581 0.2562 -0.1278
vn 0.9716 0.2248 0.0737
vn 0.9640 0.2639 0.0331
vn 0.9753 0.1379 -0.1728
vn 0.9753 0.1379 0.1728
vn 0.9826 0.1455 0.1154
vn 0.9896 0.1400 0.0340
vn 0.9948 0.1021 -0.0000
vn 0.9895 0.1407 -0.0341
vn 0.9681 -0.0165 -0.2500
vn 0.9628 0.0130 0.2701
vn 0.9693 -0.0233 0.2449
vn 0.9837 0.0068 0.1795
vn 0.9948 0.0069 0.1014
vn 0.9990 0.0091 0.0442
vn 0.9949 0.0062 -0.1010
vn 0.9504 -0.1598 -0.2670
vn 0.9325 -0.1451 -0.3309
vn 0.9330 -0.1449 0.3295
vn 0.9751 -0.1273 0.1814
vn 0.9912 -0.1303 0.0239
vn 0.9910 -0.1285 -0.0382
vn 0.9789 -0.1658 -0.1193
vn 0.9715 -0.1261 -0.2006
vn 0.8808 -0.2639 -0.3932
vn 0.8821 -0.2669 0.3882
vn 0.9093 -0.2400 0.3401
vn 0.9265 -0.2790 0.2525
vn 0.9492 -0.2484 0.1934
vn 0.9527 -0.2864 0.1019
vn 0.9556 -0.2912 -0.0447
vn 0.9526 -0.2864 -0.1030
vn 0.9265 -0.2790 -0.2525
vn 0.8103 -0.3873 0.4398
vn 0.8451 -0.3573 0.3976
vn 0.8700 -0.4026 0.2847
vn 0.8914 -0.4099 0.1935
vn 0.9074 -0.4189 0.0328
vn 0.9050 -0.4251 -0.0129
vn 0.9010 -0.4184 -0.1150
vn 0.8910 -0.4105 -0.1939
vn 0.9465 0.3205 0.0368
vn 0.9367 0.3477 -0.0412
vn 0.9646 0.2632 -0.0179
vn 0.9716 0.2073 0.1138
vn 0.9780 0.2064 0.0299
vn 0.9859 0.1505 0.0733
vn 0.9777 0.2069 -0.0372
vn 0.9859 0.1505 -0.0731
vn 0.9716 0.2073 -0.1138
vn 0.9826 0.1455 -0.1154
vn 0.9768 0.0870 0.1956
vn 0.9877 0.0359 0.1520
vn 0.9891 0.1019 0.1067
vn 0.9958 0.0827 0.0396
vn 0.9998 0.0201 0.0023
vn 0.9957 0.0835 -0.0394
vn 0.9991 0.0132 -0.0396
vn 0.9891 0.1018 -0.1067
vn 0.9877 0.0359 -0.1520
vn 0.9768 0.0870 -0.1956
vn 0.9570 -0.0545 0.2850
vn 0.9592 -0.1238 0.2542
vn 0.9770 -0.0501 0.2071
vn 0.9700 -0.0914 0.2253
vn 0.9881 -0.0402 0.1484
vn 0.9869 -0.1259 0.1004
vn 0.9982 -0.0476 0.0374
vn 0.9929 -0.0959 0.0701
vn 0.9982 -0.0466 -0.0376
vn 0.9931 -0.0932 -0.0715
vn 0.9885 -0.0579 -0.1396
vn 0.9869 -0.1253 -0.1014
vn 0.9780 -0.0477 -0.2031
vn 0.9664 -0.0778 -0.2449
vn 0.9587 -0.1252 -0.2556
vn 0.9504 -0.1598 0.2670
vn 0.9260 -0.2280 0.3008
vn 0.9570 -0.1918 0.2174
vn 0.9790 -0.1655 0.1191
vn 0.9647 -0.2223 0.1409
vn 0.9805 -0.1829 0.0712
vn 0.9709 -0.2367 0.0376
vn 0.9804 -0.1839 -0.0714
vn 0.9710 -0.2363 -0.0375
vn 0.9647 -0.2223 -0.1409
vn 0.9568 -0.1927 -0.2176
vn 0.9492 -0.2484 -0.1934
vn 0.9259 -0.2277 -0.3014
vn 0.9098 -0.2390 -0.3393
vn 0.8700 -0.3057 0.3869
vn 0.8762 -0.3270 0.3540
vn 0.9039 -0.3074 0.2975
vn 0.9137 -0.3213 0.2489
vn 0.8911 -0.3801 0.2477
vn 0.9147 -0.3445 0.2114
vn 0.9365 -0.3178 0.1480
vn 0.9239 -0.3646 0.1159
vn 0.9547 -0.2950 0.0402
vn 0.9294 -0.3669 0.0405
vn 0.9229 -0.3814 -0.0521
vn 0.9365 -0.3178 -0.1480
vn 0.9239 -0.3643 -0.1167
vn 0.9139 -0.3459 -0.2123
vn 0.9042 -0.3072 -0.2968
vn 0.9141 -0.3206 -0.2484
vn 0.8926 -0.3656 -0.2637
vn 0.8739 -0.3383 -0.3489
vn 0.8699 -0.3069 -0.3862
vn 0.8440 -0.3696 -0.3886
vn 0.7773 -0.3978 0.4874
vn 0.8206 -0.4108 0.3974
vn 0.7844 -0.4628 0.4130
vn 0.8312 -0.4322 0.3496
vn 0.8169 -0.4878 0.3078
vn 0.8444 -0.4571 0.2795
vn 0.8733 -0.4297 0.2296
vn 0.9010 -0.4184 0.1150
vn 0.8702 -0.4734 0.1364
vn 0.8753 -0.4823 0.0337
vn 0.8799 -0.4749 -0.0177
vn 0.8696 -0.4743 -0.1374
vn 0.8492 -0.4951 -0.1834
vn 0.8727 -0.4333 -0.2252
vn 0.8435 -0.4576 -0.2812
vn 0.8136 -0.4603 -0.3552
vn 0.8176 -0.4874 -0.3066
vn 0.8359 -0.4109 -0.3640
vn 0.8024 -0.4342 -0.4094
vn 0.7962 -0.3820 -0.4691
vn 0.7719 -0.4317 -0.4667
vn 0.6637 -0.4926 -0.5629
vn 0.5331 -0.5628 -0.6317
vn 0.5537 -0.5162 -0.6534
vn 0.5723 -0.6408 -0.5117
vn 0.5893 -0.5889 -0.5531
vn 0.4163 -0.5313 -0.7379
vn 0.5195 -0.7358 -0.4345
vn 0.5167 -0.7065 -0.4836
vn 0.4922 -0.6714 -0.5541
vn 0.4512 -0.6742 -0.5847
vn 0.4749 -0.6351 -0.6092
vn 0.2874 -0.5509 -0.7836
vn 0.4037 -0.8320 -0.3805
vn 0.4093 -0.8026 -0.4340
vn 0.3924 -0.7697 -0.5036
vn 0.3837 -0.7379 -0.5553
vn 0.3580 -0.6955 -0.6229
vn 0.3387 -0.6634 -0.6673
vn 0.1193 -0.5571 -0.8218
vn 0.2936 -0.9131 -0.2828
vn 0.2862 -0.8583 -0.4259
vn 0.2316 -0.8032 -0.5488
vn 0.2071 -0.7660 -0.6086
vn 0.1894 -0.6692 -0.7185
vn 0.1776 -0.9628 -0.2035
vn 0.1980 -0.9444 -0.2625
vn 0.1594 -0.9265 -0.3408
vn 0.1322 -0.9014 -0.4123
vn 0.1310 -0.8699 -0.4756
vn 0.0883 -0.8482 -0.5222
vn 0.0546 -0.8122 -0.5808
vn 0.0723 -0.7661 -0.6386
vn 0.0407 -0.7049 -0.7082
vn 0.0246 -0.6795 -0.7332
vn 0.0260 -0.6493 -0.7601
vn 0.0650 -0.9848 -0.1608
vn 0.0522 -0.9583 -0.2808
vn 0.6200 -0.5254 -0.5827
vn 0.5757 -0.5629 -0.5930
vn 0.5678 -0.6695 -0.4789
vn 0.5463 -0.6312 -0.5507
vn 0.5106 -0.6846 -0.5202
vn 0.5295 -0.5955 -0.6041
vn 0.4721 -0.6077 -0.6386
vn 0.5082 -0.5499 -0.6628
vn 0.4563 -0.5868 -0.6689
vn 0.4827 -0.7708 -0.4159
vn 0.4294 -0.7786 -0.4576
vn 0.4770 -0.7262 -0.4950
vn 0.4453 -0.7039 -0.5534
vn 0.4238 -0.6628 -0.6173
vn 0.3791 -0.7133 -0.5895
vn 0.4207 -0.6144 -0.6675
vn 0.3495 -0.6188 -0.7035
vn 0.3805 -0.5671 -0.7305
vn 0.3745 -0.8592 -0.3487
vn 0.3034 -0.8830 -0.3582
vn 0.3630 -0.8379 -0.4077
vn 0.3268 -0.8616 -0.3883
vn 0.3606 -0.8110 -0.4607
vn 0.2718 -0.8236 -0.4978
vn 0.3286 -0.7629 -0.5568
vn 0.2917 -0.7982 -0.5270
vn 0.3083 -0.7231 -0.6182
vn 0.2367 -0.7271 -0.6444
vn 0.2699 -0.6695 -0.6920
vn 0.2153 -0.7043 -0.6764
vn 0.2734 -0.6260 -0.7303
vn 0.2338 -0.6539 -0.7195
vn 0.2074 -0.6238 -0.7536
vn 0.2212 -0.5612 -0.7976
vn 0.1834 -0.5991 -0.7794
vn 0.2716 -0.8999 -0.3411
vn 0.2063 -0.9178 -0.3391
vn 0.2254 -0.8957 -0.3832
vn 0.1774 -0.8979 -0.4029
vn 0.2372 -0.8452 -0.4790
vn 0.1858 -0.8715 -0.4538
vn 0.2062 -0.8321 -0.5149
vn 0.1225 -0.8161 -0.5647
vn 0.1303 -0.7868 -0.6034
vn 0.1738 -0.7456 -0.6433
vn 0.0841 -0.7294 -0.6788
vn 0.1069 -0.6902 -0.7157
vn 0.1302 -0.6506 -0.7481
vn 0.1002 -0.6064 -0.7888
vn 0.0647 -0.5831 -0.8098
vn 0.1226 -0.9733 -0.1939
vn 0.1398 -0.9598 -0.2436
vn 0.0716 -0.9718 -0.2248
vn 0.0406 -0.9443 -0.3264
vn 0.0873 -0.9049 -0.4165
vn 0.0363 -0.9290 -0.3683
vn 0.7158 -0.5120 -0.4749
vn 0.6797 -0.6112 -0.4056
vn 0.6260 -0.6461 -0.4367
vn 0.7656 -0.5628 -0.3118
vn 0.7441 -0.5614 -0.3622
vn 0.5441 -0.7482 -0.3798
vn 0.7772 -0.5868 -0.2273
vn 0.7246 -0.6361 -0.2652
vn 0.6956 -0.6734 -0.2503
vn 0.6638 -0.6842 -0.3020
vn 0.4753 -0.8315 -0.2875
vn 0.8237 -0.5659 -0.0351
vn 0.7839 -0.6163 -0.0753
vn 0.7393 -0.6634 -0.1159
vn 0.7031 -0.6956 -0.1479
vn 0.6002 -0.7697 -0.2176
vn 0.4096 -0.8995 -0.1520
vn 0.3590 -0.9126 -0.1956
vn 0.8139 -0.5651 0.1349
vn 0.7540 -0.6549 0.0500
vn 0.6558 -0.7543 -0.0316
vn 0.6123 -0.7881 -0.0625
vn 0.4944 -0.8579 -0.1401
vn 0.2473 -0.9622 -0.1145
vn 0.7881 -0.5490 0.2784
vn 0.7788 -0.5853 0.2257
vn 0.7181 -0.6627 0.2123
vn 0.6778 -0.7133 0.1783
vn 0.6303 -0.7635 0.1409
vn 0.5299 -0.8452 0.0699
vn 0.4889 -0.8715 0.0374
vn 0.3706 -0.9279 -0.0394
vn 0.7473 -0.5233 0.4095
vn 0.7419 -0.5629 0.3643
vn 0.6925 -0.6312 0.3494
vn 0.6525 -0.6846 0.3249
vn 0.6181 -0.7263 0.3008
vn 0.4985 -0.8383 0.2210
vn 0.4704 -0.8612 0.1925
vn 0.4096 -0.8995 0.1520
vn 0.3512 -0.9302 0.1069
vn 0.2528 -0.9671 0.0299
vn 0.7461 -0.5240 -0.4109
vn 0.7080 -0.5526 -0.4396
vn 0.7157 -0.5835 -0.3839
vn 0.7874 -0.5499 -0.2785
vn 0.7387 -0.5951 -0.3165
vn 0.7532 -0.6077 -0.2516
vn 0.6670 -0.6608 -0.3442
vn 0.6338 -0.6680 -0.3899
vn 0.6243 -0.7041 -0.3385
vn 0.8123 -0.5671 -0.1361
vn 0.7771 -0.6188 -0.1150
vn 0.7648 -0.6144 -0.1939
vn 0.7181 -0.6628 -0.2123
vn 0.6778 -0.7133 -0.1783
vn 0.6641 -0.7043 -0.2507
vn 0.6467 -0.7379 -0.1933
vn 0.6176 -0.7266 -0.3010
vn 0.5679 -0.7786 -0.2670
vn 0.5469 -0.7696 -0.3295
vn 0.8157 -0.5781 0.0200
vn 0.7856 -0.6140 0.0767
vn 0.7840 -0.6206 -0.0158
vn 0.7813 -0.6233 0.0324
vn 0.7432 -0.6678 -0.0416
vn 0.6961 -0.7180 -0.0022
vn 0.6824 -0.7236 -0.1034
vn 0.6896 -0.7227 -0.0463
vn 0.6301 -0.7637 -0.1403
vn 0.5867 -0.8014 -0.1161
vn 0.5496 -0.8110 -0.2006
vn 0.5008 -0.8369 -0.2209
vn 0.4709 -0.8617 -0.1891
vn 0.4195 -0.8672 -0.2683
vn 0.4525 -0.8577 -0.2440
vn 0.4341 -0.8830 -0.1785
vn 0.8112 -0.5532 0.1893
vn 0.7771 -0.6188 0.1150
vn 0.7651 -0.6141 0.1940
vn 0.7390 -0.6635 0.1167
vn 0.7031 -0.6955 0.1480
vn 0.6908 -0.7219 0.0405
vn 0.6822 -0.7240 0.1019
vn 0.6456 -0.7627 0.0383
vn 0.6021 -0.7952 0.0712
vn 0.5587 -0.8285 -0.0390
vn 0.5598 -0.8283 0.0238
vn 0.5275 -0.8466 -0.0715
vn 0.4881 -0.8720 -0.0376
vn 0.4394 -0.8926 -0.1010
vn 0.4350 -0.8996 -0.0396
vn 0.3512 -0.9302 -0.1067
vn 0.3128 -0.9340 -0.1728
vn 0.3093 -0.9439 -0.1154
vn 0.7926 -0.5162 0.3247
vn 0.7656 -0.5628 0.3118
vn 0.7382 -0.5955 0.3169
vn 0.7261 -0.6351 0.2634
vn 0.6955 -0.6742 0.2484
vn 0.6791 -0.6714 0.2968
vn 0.6639 -0.7039 0.2525
vn 0.6467 -0.7379 0.1934
vn 0.6002 -0.7697 0.2176
vn 0.5860 -0.8014 0.1193
vn 0.5496 -0.8110 0.2006
vn 0.4944 -0.8579 0.1401
vn 0.4386 -0.8976 0.0442
vn 0.4393 -0.8925 0.1021
vn 0.3714 -0.9276 0.0396
vn 0.3166 -0.9479 -0.0341
vn 0.3536 -0.9354 -0.0000
vn 0.3174 -0.9477 0.0340
vn 0.2522 -0.9670 -0.0372
vn 0.2324 -0.9698 -0.0743
vn 0.1956 -0.9805 -0.0174
vn 0.7410 -0.4894 0.4599
vn 0.6635 -0.6408 0.3862
vn 0.6326 -0.6687 0.3907
vn 0.6213 -0.7060 0.3401
vn 0.5442 -0.7491 0.3777
vn 0.5679 -0.7786 0.2670
vn 0.5470 -0.7698 0.3290
vn 0.4744 -0.8388 0.2671
vn 0.4300 -0.8671 0.2513
vn 0.3595 -0.9130 0.1927
vn 0.3108 -0.9274 0.2082
vn 0.3096 -0.9441 0.1136
vn 0.2485 -0.9622 0.1115
vn 0.2337 -0.9695 0.0740
vn 0.1921 -0.9750 0.1115
vn 0.1954 -0.9802 0.0330
vn 0.1387 -0.9898 0.0309
vn 0.0872 -0.9953 0.0414
vn 0.0298 -0.5964 0.8021
vn 0.0435 -0.5657 0.8234
vn 0.0867 -0.5517 0.8295
vn 0.0386 -0.6362 0.7706
vn 0.1939 -0.5867 0.7863
vn 0.2560 -0.5484 0.7961
vn 0.0963 -0.6905 0.7169
vn 0.1123 -0.6443 0.7564
vn 0.3495 -0.6188 0.7035
vn 0.3819 -0.5657 0.7308
vn 0.1529 -0.7494 0.6442
vn 0.2682 -0.6669 0.6952
vn 0.5081 -0.5487 0.6640
vn 0.0406 -0.9443 0.3264
vn 0.0363 -0.9290 0.3683
vn 0.0873 -0.9049 0.4165
vn 0.1858 -0.8715 0.4537
vn 0.2917 -0.7982 0.5270
vn 0.3286 -0.7629 0.5568
vn 0.4238 -0.6627 0.6174
vn 0.6205 -0.5247 0.5829
vn 0.1398 -0.9598 0.2436
vn 0.2324 -0.9250 0.3005
vn 0.3268 -0.8616 0.3883
vn 0.3648 -0.8376 0.4067
vn 0.4294 -0.7786 0.4576
vn 0.4777 -0.7264 0.4941
vn 0.0279 -0.7083 0.7053
vn 0.1295 -0.5656 0.8145
vn 0.1505 -0.6205 0.7696
vn 0.0640 -0.8155 0.5752
vn 0.1779 -0.7175 0.6735
vn 0.1635 -0.6669 0.7270
vn 0.2026 -0.6281 0.7513
vn 0.2409 -0.6119 0.7534
vn 0.2767 -0.6070 0.7449
vn 0.3155 -0.6167 0.7212
vn 0.0311 -0.8821 0.4701
vn 0.0792 -0.8830 0.4627
vn 0.0889 -0.8483 0.5220
vn 0.1589 -0.8180 0.5528
vn 0.2068 -0.8315 0.5156
vn 0.2111 -0.7617 0.6126
vn 0.2527 -0.7796 0.5730
vn 0.2275 -0.8038 0.5497
vn 0.2539 -0.7247 0.6406
vn 0.3105 -0.7229 0.6172
vn 0.3387 -0.6634 0.6673
vn 0.3580 -0.6955 0.6229
vn 0.4210 -0.6134 0.6682
vn 0.4545 -0.5868 0.6701
vn 0.0522 -0.9583 0.2808
vn 0.0731 -0.9712 0.2269
vn 0.1552 -0.9441 0.2909
vn 0.1595 -0.9265 0.3408
vn 0.1774 -0.8979 0.4029
vn 0.2254 -0.8957 0.3832
vn 0.2372 -0.8452 0.4790
vn 0.2862 -0.8583 0.4259
vn 0.3606 -0.8110 0.4607
vn 0.3924 -0.7697 0.5036
vn 0.3837 -0.7379 0.5553
vn 0.4453 -0.7039 0.5534
vn 0.4743 -0.6356 0.6092
vn 0.4512 -0.6742 0.5847
vn 0.4932 -0.6708 0.5540
vn 0.5310 -0.6003 0.5981
vn 0.5330 -0.5637 0.6310
vn 0.5746 -0.5608 0.5961
vn 0.0451 -0.9949 0.0897
vn 0.0851 -0.9815 0.1717
vn 0.0936 -0.9875 0.1270
vn 0.1255 -0.9728 0.1948
vn 0.1845 -0.9710 0.1519
vn 0.1785 -0.9628 0.2029
vn 0.2018 -0.9441 0.2608
vn 0.2650 -0.9344 0.2381
vn 0.2716 -0.8999 0.3411
vn 0.2952 -0.9128 0.2824
vn 0.3771 -0.8589 0.3466
vn 0.4197 -0.8310 0.3652
vn 0.4824 -0.7706 0.4164
vn 0.5255 -0.7348 0.4287
vn 0.5164 -0.7073 0.4828
vn 0.5680 -0.6676 0.4814
vn 0.5982 -0.6110 0.5185
vn 0.6079 -0.6466 0.4608
vn 0.6362 -0.5535 0.5375
vn 0.6664 -0.5209 0.5335
vn 0.0464 -0.5210 0.8523
vn 0.0770 0.9175 -0.3901
vn 0.0539 0.9339 -0.3534
vn 0.0237 0.9168 -0.3987
vn 0.0364 0.7071 -0.7062
vn 0.0831 0.6053 -0.7917
vn 0.0344 0.6055 -0.7951
vn 0.0340 0.7652 -0.6429
vn 0.0444 0.6469 -0.7613
vn 0.4525 0.5177 -0.7262
vn 0.4726 0.5504 -0.6883
vn 0.0769 0.6707 0.7378
vn 0.0282 0.3778 -0.9254
vn 0.0231 0.4430 -0.8962
vn 0.0736 -0.3135 -0.9467
vn 0.0154 -0.3045 -0.9524
vn 0.0094 -0.3939 -0.9191
vn 0.0435 -0.1805 -0.9826
vn 0.0744 -0.2121 0.9744
vn 0.0773 -0.8828 -0.4634
vn 0.0169 -0.8802 -0.4743
vn 0.0219 -0.7398 -0.6725
vn 0.0452 -0.9945 -0.0941
vn 0.0170 -0.9801 -0.1976
vn 0.0320 -0.9896 0.1403
vn 0.0167 -0.8065 0.5909
vn 0.0374 -0.7839 0.6197
vn -0.0355 -0.7617 0.6470
vn -0.0014 -0.9097 0.4153
vn -0.0068 -0.8494 0.5276
vn 0.0116 -0.9898 -0.1421
vn -0.0089 -0.4355 -0.9001
vn -0.0012 -0.9682 0.2502
vn -0.0055 -0.9548 0.2973
vn -0.0049 -0.8474 -0.5310
vn -0.0018 -0.9097 -0.4153
vn -0.0016 -0.9682 -0.2502
vn -0.0137 -0.3501 -0.9366
vn 0.0057 -0.2235 0.9747
vn -0.0162 -0.2892 0.9571
vn 0.0188 -0.2668 -0.9636
vn 0.0006 -0.2199 -0.9755
vn -0.0350 0.1681 0.9852
vn -0.0278 0.1941 0.9806
vn -0.0268 0.2304 0.9727
vn 0.0188 0.1415 -0.9898
vn -0.0121 0.1796 -0.9837
vn -0.0098 0.3953 -0.9185
vn 0.0356 0.2966 -0.9543
vn -0.0135 0.6454 0.7638
vn 0.0018 0.6105 0.7920
vn 0.0129 0.7406 0.6719
vn 0.0798 0.9667 0.2430
vn 0.0887 0.9509 0.2964
vn 0.3501 0.8329 0.4286
vn 0.1887 0.6944 0.6944
vn 0.6180 0.7557 -0.2167
vn 0.7111 0.6814 -0.1733
vn -0.0090 0.9798 0.2000
vn -0.0011 0.9860 0.1667
vn 0.1438 0.7007 0.6989
vn 0.3159 0.7966 0.5154
vn 0.3835 0.8223 0.4205
vn 0.0071 0.6500 -0.7599
vn 0.0196 0.7365 -0.6761
vn -0.0154 0.6769 -0.7359
vn -0.0373 0.7867 -0.6162
vn -0.0318 0.8149 -0.5787
vn -0.0006 0.9535 -0.3014
vn -0.0104 0.9813 -0.1920
vn 0.0375 0.4958 -0.8677
vn -0.0008 0.5718 0.8204
vn 0.0097 -0.0425 -0.9991
vn -0.0092 -0.0445 0.9990
vn -0.0181 0.1305 0.9913
vn -0.0290 -0.5468 -0.8368
vn 0.0295 -0.4814 0.8760
vn -0.0306 0.9993 0.0209
vn -0.0276 -0.9985 -0.0483
vn 0.5171 0.8527 -0.0736
vn 0.5644 0.8198 -0.0972
vn 0.3167 0.9476 0.0429
vn 0.1750 0.9826 -0.0628
vn 0.9099 0.4083 -0.0734
vn 0.9297 0.3553 -0.0973
vn 0.2917 0.9297 0.2249
vn 0.2973 0.9541 -0.0368
vn 0.2901 0.9464 -0.1424
vn 0.4671 0.8722 -0.1451
vn 0.0517 0.9056 0.4209
vn 0.1515 0.9629 -0.2235
vn 0.4047 0.8549 0.3246
vn 0.3567 0.9130 -0.1979
vn 0.3719 0.8905 -0.2621
vn 0.1406 0.9868 0.0799
vn 0.4342 0.8894 0.1431
vn 0.5475 0.8213 0.1604
vn 0.5255 0.8218 0.2200
vn 0.4973 0.8235 0.2731
vn 0.4812 0.8204 0.3089
vn 0.3425 0.8787 0.3326
vn 0.2934 0.9002 0.3216
vn 0.2649 0.9164 0.3002
vn 0.5752 0.8139 0.0820
vn 0.5637 0.8255 0.0298
vn 0.5445 0.8385 -0.0197
vn 0.1569 0.9690 0.1910
vn 0.1215 0.9791 0.1632
vn 0.1778 0.9568 0.2300
vn 0.1168 0.9682 0.2213
vn 0.6153 0.3526 -0.7050
vn 0.6299 0.4413 -0.6391
vn 0.2412 0.9199 0.3092
vn 0.5768 0.7916 0.2018
vn 0.6054 0.7581 0.2426
vn 0.4601 0.8201 0.3403
vn 0.5147 0.7971 0.3158
vn 0.5261 0.7713 0.3581
vn 0.6088 0.7920 0.0464
vn 0.1543 0.9850 0.0778
vn 0.2470 0.9585 -0.1426
vn 0.1963 0.9690 -0.1498
vn -0.3133 0.7670 0.5600
vn -0.0904 0.7557 0.6487
vn 0.1326 0.7573 0.6395
vn 0.6924 0.6227 0.3645
vn 0.5815 0.6500 0.4893
vn 0.4404 0.7069 0.5535
vn 0.8200 0.5696 0.0571
vn 0.8177 0.5572 0.1445
vn 0.7618 0.5963 0.2534
vn 0.2797 0.9504 0.1362
vn 0.1396 0.9729 0.1844
vn -0.1134 0.9572 0.2664
vn 0.4949 0.8432 -0.2101
vn 0.4627 0.8851 -0.0491
vn 0.4401 0.8969 0.0435
vn -0.2874 0.8177 -0.4988
vn -0.5058 0.7860 -0.3554
vn -0.6062 0.7773 -0.1683
vn 0.7973 0.5871 -0.1399
vn 0.7520 0.6081 -0.2543
vn 0.6574 0.6723 -0.3403
vn 0.6635 0.7466 0.0477
vn 0.5397 0.8377 0.0834
vn 0.4745 0.8782 0.0598
vn 0.6712 0.7242 0.1583
vn 0.4688 0.8757 0.1154
vn 0.5865 0.6906 -0.4233
vn 0.4469 0.7138 -0.5392
vn 0.2363 0.7706 -0.5919
vn 0.3545 0.9317 0.0785
vn 0.3518 0.9360 -0.0121
vn 0.2127 0.9582 -0.1914
vn 0.2500 0.9633 0.0982
vn -0.2398 0.9694 0.0519
vn -0.6093 0.7447 0.2723
vn -0.6834 0.7209 0.1155
vn -0.6599 0.7513 -0.0027
vn 0.3950 0.8450 0.3604
vn 0.3994 0.8957 0.1954
vn 0.3852 0.9163 0.1098
vn 0.1150 0.9849 -0.1296
vn 0.1474 0.9761 -0.1599
vn 0.1065 0.9766 -0.1868
vn -0.0707 0.2161 0.9738
vn -0.1419 -0.1674 0.9756
vn -0.1501 -0.2122 0.9656
vn 0.0162 0.9695 0.2447
vn 0.1994 0.8286 0.5231
vn 0.2700 0.8976 0.3485
vn 0.0018 0.8943 0.4475
vn 0.1195 0.6449 0.7549
vn 0.3467 0.6531 0.6732
vn 0.4668 0.7222 0.5103
vn 0.1420 0.6795 0.7198
vn 0.0960 0.9924 -0.0775
vn -0.0996 0.9776 -0.1853
vn 0.0309 0.1824 0.9827
vn -0.0364 -0.1903 0.9810
vn -0.0515 -0.1665 0.9847
vn -0.0409 0.8140 0.5794
vn -0.0366 0.9655 0.2576
vn 0.4290 0.6085 0.6676
vn 0.4943 0.5947 0.6340
vn -0.2107 0.4601 0.8625
vn -0.2589 0.4730 0.8422
vn 0.3226 0.6774 0.6611
vn 0.2026 0.6447 0.7371
vn -0.2824 0.0887 0.9552
vn -0.2862 0.0147 0.9581
vn -0.7485 0.2125 0.6281
vn -0.6190 0.3459 0.7051
vn -0.4974 0.1236 0.8587
vn -0.5474 0.0640 0.8344
vn 0.4991 0.5680 0.6544
vn 0.3874 0.6204 0.6819
vn 0.4423 0.5232 0.7284
vn 0.1951 0.7862 0.5864
vn 0.3107 0.8317 0.4601
vn 0.4176 0.8860 0.2016
vn 0.1003 0.7463 0.6581
vn 0.0329 0.7616 0.6472
vn -0.1963 0.0805 0.9772
vn 0.2822 0.9478 -0.1487
vn 0.4124 0.8822 -0.2274
vn 0.1554 0.9821 -0.1063
vn -0.1094 0.0656 0.9918
vn -0.0200 0.9284 0.3711
vn 0.0440 0.8429 0.5363
vn 0.0296 0.7920 0.6097
vn -0.3514 0.0209 0.9360
vn -0.4059 0.0486 0.9126
vn -0.4023 0.1933 0.8949
vn 0.4392 0.7891 -0.4295
vn -0.6922 0.3740 0.6172
vn -0.7218 0.5039 0.4744
vn -0.5711 0.7799 0.2563
vn 0.1803 0.7266 0.6630
vn -0.1595 0.4792 0.8631
vn 0.0400 0.6155 0.7871
vn 0.1344 0.6747 0.7257
vn 0.5921 0.7272 -0.3473
vn 0.6499 0.6317 -0.4225
vn 0.0111 0.7199 0.6940
vn -0.0050 0.6237 0.7817
vn -0.0113 0.4442 0.8958
vn -0.0711 0.3889 0.9185
vn -0.1336 0.3502 0.9271
vn 0.0775 0.6706 0.7378
vn -0.3929 0.3265 0.8597
vn -0.4501 0.3739 0.8109
vn 0.1178 0.9825 0.1440
vn 0.3245 0.8962 0.3025
vn 0.3510 0.8398 0.4141
vn -0.2013 0.5900 0.7819
vn 0.0890 0.7069 0.7017
vn 0.2580 0.7600 0.5964
vn 0.6499 0.7394 -0.1761
vn 0.5148 0.8308 0.2114
vn 0.3810 0.8035 0.4574
vn -0.0240 -0.7874 -0.6159
vn -0.0263 -0.7070 0.7067
vn 0.0091 -0.6789 0.7341
vn 0.0032 -0.6569 0.7539
vn -0.6675 -0.4880 -0.5624
vn -0.7808 -0.3881 0.4896
vn -0.9035 0.4277 -0.0285
vn -0.7043 -0.3887 -0.5941
vn -0.7141 -0.4206 -0.5597
vn -0.2577 0.4408 -0.8598
vn -0.3108 0.4678 0.8274
vn -0.2891 0.5144 0.8074
vn -0.2600 0.4641 0.8468
vn -0.0133 0.9992 -0.0382
vn -0.2806 0.4770 -0.8329
vn -0.0375 -0.9991 0.0206
vn -0.1248 -0.9825 0.1384
vn -0.1908 -0.9752 0.1117
vn -0.2263 -0.9573 0.1799
vn -0.3552 -0.8987 0.2573
vn -0.4912 -0.7952 0.3556
vn -0.5735 -0.6978 0.4291
vn -0.6687 -0.5647 0.4836
vn -0.7179 -0.4610 0.5217
vn -0.4882 -0.5011 0.7145
vn -0.3552 -0.5246 0.7737
vn -0.3012 -0.5143 0.8030
vn -0.2200 -0.5364 0.8148
vn -0.1702 -0.5376 0.8259
vn -0.7174 -0.4621 -0.5212
vn -0.8197 -0.5188 -0.2427
vn -0.8462 -0.5238 -0.0977
vn -0.8550 -0.5182 -0.0235
vn -0.8463 -0.5233 0.0994
vn -0.8197 -0.5188 0.2427
vn -0.7926 -0.5162 0.3247
vn -0.8045 -0.4682 0.3655
vn -0.7840 -0.4625 0.4140
vn -0.2512 -0.9528 -0.1703
vn -0.3540 -0.8986 -0.2593
vn -0.4057 -0.8700 -0.2802
vn -0.4910 -0.7954 -0.3554
vn -0.5591 -0.7395 -0.3749
vn -0.5740 -0.6967 -0.4302
vn -0.6661 -0.5648 -0.4871
vn -0.0607 -0.5230 -0.8501
vn -0.1920 -0.5063 -0.8407
vn -0.2195 -0.5380 -0.8139
vn -0.2963 -0.5438 -0.7851
vn -0.3559 -0.5226 -0.7747
vn -0.4849 -0.5187 -0.7042
vn -0.5975 -0.4678 -0.6513
vn -0.6285 -0.4793 -0.6125
vn -0.9085 0.4166 0.0337
vn -0.9173 0.3920 0.0702
vn -0.9594 0.2114 0.1867
vn -0.9616 0.1516 0.2288
vn -0.9622 0.0835 0.2592
vn -0.9567 0.0146 0.2908
vn -0.9405 -0.0251 0.3388
vn -0.9445 -0.0793 0.3188
vn -0.9281 -0.1033 0.3576
vn -0.9119 -0.1699 0.3735
vn -0.8801 -0.2017 0.4298
vn -0.8523 -0.2882 0.4365
vn -0.8027 -0.3458 0.4859
vn -0.7520 -0.4241 -0.5047
vn -0.8313 -0.3252 -0.4508
vn -0.8742 -0.2128 -0.4365
vn -0.9059 -0.1389 -0.4001
vn -0.9299 -0.0836 -0.3581
vn -0.9472 -0.0386 -0.3183
vn -0.9626 0.0823 -0.2580
vn -0.9711 0.1427 -0.1915
vn -0.9591 0.2130 -0.1864
vn -0.9354 0.3448 -0.0781
vn -0.2705 0.4269 0.8629
vn -0.1672 0.2983 0.9397
vn -0.1026 0.1839 0.9776
vn -0.0273 0.0402 0.9988
vn -0.7132 -0.4216 0.5601
vn -0.7272 -0.3711 0.5775
vn -0.7081 -0.2638 0.6550
vn -0.6811 -0.2018 0.7039
vn -0.6268 -0.0825 0.7748
vn -0.5916 -0.0245 0.8059
vn -0.5570 0.0173 0.8303
vn -0.5427 0.0847 0.8356
vn -0.4740 0.2114 0.8547
vn -0.4043 0.2639 0.8757
vn -0.3637 0.3465 0.8647
vn -0.2990 0.4100 -0.8617
vn -0.3527 0.3925 -0.8494
vn -0.4332 0.2860 -0.8547
vn -0.4741 0.2119 -0.8546
vn -0.5147 0.1516 -0.8438
vn -0.5427 0.0826 -0.8359
vn -0.5836 0.0245 -0.8117
vn -0.6270 -0.0847 -0.7744
vn -0.6695 -0.2248 -0.7080
vn -0.7089 -0.3429 -0.6164
vn -0.1077 0.1833 -0.9771
vn -0.1410 0.2359 -0.9615
vn -0.1704 0.2964 -0.9397
vn -0.1921 0.3468 -0.9181
vn -0.8064 0.5182 0.2851
vn -0.7790 0.5301 0.3350
vn -0.7311 0.5397 0.4173
vn -0.7057 0.5404 0.4583
vn -0.6095 0.5361 0.5840
vn -0.5787 0.4976 0.6461
vn -0.4402 0.4783 0.7599
vn -0.0932 0.4965 0.8630
vn -0.5199 0.5187 -0.6788
vn -0.6263 0.5242 -0.5770
vn -0.6703 0.5153 -0.5340
vn -0.7426 0.5223 -0.4192
vn -0.7949 0.4951 -0.3508
vn -0.8062 0.5189 -0.2843
vn -0.8682 0.4800 -0.1260
vn -0.0701 0.9832 0.1683
vn -0.0762 0.9754 0.2068
vn -0.2273 0.6392 0.7347
vn -0.2462 0.5892 0.7696
vn -0.8727 0.4880 -0.0116
vn -0.8504 0.5258 -0.0181
vn -0.7723 0.6349 -0.0208
vn -0.6642 0.7471 0.0253
vn -0.1448 0.9806 0.1322
vn -0.0756 0.9805 -0.1812
vn -0.1111 0.9516 -0.2866
vn -0.1083 0.9272 -0.3586
vn -0.1654 0.8923 -0.4201
vn -0.1520 0.8610 -0.4854
vn -0.1673 0.8201 -0.5472
vn -0.1879 0.7751 -0.6033
vn -0.2004 0.7262 -0.6576
vn -0.2124 0.6850 -0.6969
vn -0.2700 0.5985 -0.7542
vn -0.2745 0.5574 -0.7836
vn -0.1453 0.9374 -0.3166
vn 0.3283 0.7730 0.5428
vn 0.1533 0.7634 0.6275
vn -0.0440 0.7719 0.6342
vn -0.2281 0.9538 -0.1956
vn -0.1980 0.9505 -0.2395
vn -0.1979 0.8693 -0.4530
vn -0.4094 0.8858 -0.2186
vn -0.3383 0.8881 -0.3112
vn -0.2929 0.8919 -0.3446
vn -0.2483 0.7704 -0.5873
vn -0.6170 0.7837 -0.0715
vn -0.5665 0.8001 -0.1972
vn -0.5141 0.8218 -0.2456
vn -0.4735 0.8298 -0.2952
vn -0.4442 0.8144 -0.3734
vn -0.3387 0.8154 -0.4695
vn -0.3045 0.7047 -0.6409
vn -0.2796 0.6679 -0.6897
vn -0.7414 0.6692 -0.0504
vn -0.6846 0.7042 -0.1883
vn -0.6508 0.7166 -0.2507
vn -0.6127 0.7240 -0.3168
vn -0.5826 0.7247 -0.3680
vn -0.4919 0.7237 -0.4841
vn -0.4095 0.7379 -0.5365
vn -0.3899 0.7043 -0.5932
vn -0.3309 0.5685 -0.7532
vn -0.8275 0.5587 -0.0552
vn -0.7837 0.5948 -0.1788
vn -0.7573 0.6077 -0.2392
vn -0.7327 0.6144 -0.2927
vn -0.6963 0.6188 -0.3637
vn -0.6430 0.6203 -0.4492
vn -0.6144 0.6222 -0.4851
vn -0.5048 0.6144 -0.6064
vn -0.4236 0.5838 -0.6927
vn -0.5743 0.7633 0.2958
vn -0.4967 0.7709 0.3988
vn -0.3962 0.7705 0.4994
vn -0.4295 0.8958 -0.1145
vn -0.3998 0.9006 -0.1703
vn -0.3433 0.9295 -0.1349
vn -0.1592 0.9526 -0.2593
vn -0.2543 0.9314 -0.2604
vn -0.2322 0.9175 -0.3228
vn -0.1745 0.9092 -0.3779
vn -0.2417 0.8994 -0.3641
vn -0.4915 0.8467 -0.2037
vn -0.4270 0.8654 -0.2622
vn -0.4757 0.8425 -0.2528
vn -0.3931 0.8693 -0.2997
vn -0.3087 0.8717 -0.3805
vn -0.3855 0.8429 -0.3755
vn -0.2675 0.8633 -0.4279
vn -0.2617 0.8487 -0.4595
vn -0.2892 0.8254 -0.4849
vn -0.1968 0.8344 -0.5148
vn -0.2863 0.8029 -0.5229
vn -0.7011 0.7071 -0.0921
vn -0.6591 0.7383 -0.1432
vn -0.6105 0.7709 -0.1816
vn -0.5481 0.7971 -0.2536
vn -0.5913 0.7667 -0.2502
vn -0.5299 0.7940 -0.2979
vn -0.5441 0.7636 -0.3476
vn -0.4599 0.7862 -0.4127
vn -0.5122 0.7535 -0.4122
vn -0.4111 0.7982 -0.4403
vn -0.4275 0.7631 -0.4847
vn -0.3573 0.7702 -0.5283
vn -0.3025 0.7786 -0.5498
vn -0.3228 0.7266 -0.6065
vn -0.2501 0.7365 -0.6285
vn -0.7936 0.6074 -0.0351
vn -0.7964 0.5979 -0.0911
vn -0.7419 0.6608 -0.1135
vn -0.7099 0.6734 -0.2063
vn -0.7421 0.6361 -0.2113
vn -0.6576 0.6963 -0.2877
vn -0.7062 0.6625 -0.2497
vn -0.6660 0.6640 -0.3400
vn -0.6257 0.6678 -0.4032
vn -0.5362 0.7198 -0.4410
vn -0.5807 0.6549 -0.4836
vn -0.4818 0.6956 -0.5330
vn -0.5293 0.6635 -0.5288
vn -0.4562 0.6628 -0.5939
vn -0.4160 0.6740 -0.6105
vn -0.4325 0.6349 -0.6402
vn -0.3387 0.6599 -0.6707
vn -0.3689 0.6068 -0.7041
vn -0.2587 0.6350 -0.7279
vn -0.3103 0.6108 -0.7285
vn -0.8698 0.4894 -0.0629
vn -0.8432 0.5289 -0.0962
vn -0.8029 0.5628 -0.1967
vn -0.8320 0.5162 -0.2032
vn -0.7623 0.5868 -0.2730
vn -0.8007 0.5499 -0.2375
vn -0.7705 0.5313 -0.3523
vn -0.7372 0.5671 -0.3673
vn -0.6712 0.5780 -0.4642
vn -0.6457 0.5669 -0.5116
vn -0.5611 0.6188 -0.5498
vn -0.5771 0.5671 -0.5876
vn -0.4952 0.5868 -0.6407
vn -0.5731 0.5313 -0.6239
vn -0.4696 0.5516 -0.6893
vn -0.3851 0.5623 -0.7318
vn -0.4177 0.5219 -0.7438
vn -0.4682 0.5128 -0.7196
vn -0.2807 0.5278 -0.8017
vn -0.1071 0.8694 -0.4823
vn -0.0454 0.8810 -0.4710
vn -0.1111 0.7721 -0.6257
vn -0.0895 0.7975 -0.5966
vn -0.1470 0.6825 -0.7160
vn -0.2071 0.5620 -0.8008
vn -0.1450 0.5814 -0.8006
vn -0.0734 0.9094 -0.4093
vn -0.1195 0.8393 -0.5303
vn -0.0816 0.8240 -0.5606
vn -0.0278 0.8556 -0.5168
vn -0.0343 0.8327 -0.5526
vn -0.1645 0.7571 -0.6322
vn -0.0799 0.7367 -0.6714
vn -0.1755 0.6509 -0.7386
vn -0.1148 0.6571 -0.7450
vn -0.1436 0.6135 -0.7765
vn -0.2043 0.4842 -0.8507
vn -0.1187 0.5605 -0.8196
vn -0.1715 0.5336 -0.8282
vn -0.0745 0.5733 -0.8160
vn -0.0881 0.5370 -0.8390
vn -0.0551 0.9902 0.1280
vn -0.0369 0.6752 0.7367
vn -0.2930 0.9232 -0.2486
vn -0.3924 0.8933 -0.2193
vn -0.1138 0.9130 -0.3918
vn -0.2019 0.9251 -0.3217
vn -0.1454 0.6806 0.7181
vn -0.0729 0.6696 0.7391
vn -0.2019 0.5893 0.7823
vn -0.0462 0.6032 0.7962
vn 0.0062 0.7180 0.6961
vn -0.1349 0.9270 0.3500
vn -0.1121 0.7514 0.6502
vn -0.0604 0.7353 0.6750
vn -0.3202 0.8898 0.3252
vn -0.1062 0.6922 0.7139
vn -0.1132 0.6498 0.7516
vn -0.1691 0.6446 0.7456
vn -0.1343 0.6174 0.7751
vn -0.0933 0.5876 0.8037
vn -0.0883 0.5380 0.8383
vn -0.1196 0.5574 0.8216
vn -0.1752 0.4851 0.8567
vn -0.0893 0.9927 0.0805
vn -0.0966 0.9947 0.0348
vn -0.0950 0.9954 0.0128
vn -0.5872 0.7978 0.1368
vn 0.8780 0.4449 -0.1764
vn 0.8846 0.4186 -0.2057
vn -0.2862 0.9362 0.2041
vn -0.4225 0.9064 0.0034
vn 0.3706 0.0999 -0.9234
vn 0.2636 0.4159 -0.8704
vn 0.4135 0.5967 -0.6877
vn 0.5425 0.6831 -0.4889
vn 0.5716 0.7694 -0.2852
vn -0.3945 0.8447 0.3617
vn -0.6955 0.7125 0.0931
vn -0.7389 0.6713 0.0577
vn -0.5575 0.7177 0.4172
vn -0.5645 0.7306 0.3841
vn -0.5481 0.7685 0.3302
vn -0.5796 0.7612 0.2909
vn -0.6468 0.7320 0.2141
vn -0.6604 0.7325 0.1655
vn -0.8187 0.5688 0.0785
vn -0.8398 0.5419 0.0336
vn -0.3272 0.5830 0.7437
vn -0.5843 0.6121 0.5329
vn -0.6276 0.6226 0.4675
vn -0.6521 0.6412 0.4044
vn -0.6961 0.6214 0.3595
vn -0.7237 0.6188 0.3055
vn -0.2001 0.9707 0.1327
vn -0.3614 0.9270 0.1002
vn -0.6775 0.7345 -0.0388
vn -0.6806 0.7251 -0.1055
vn -0.6504 0.7291 -0.2130
vn 0.7549 0.4450 0.4817
vn 0.7826 0.3966 0.4799
vn -0.1800 0.5367 0.8243
vn -0.2061 0.5625 0.8007
vn -0.4991 0.6733 -0.5455
vn -0.3037 0.5581 -0.7722
vn -0.0373 0.5080 -0.8605
vn -0.6595 0.4108 -0.6296
vn -0.6532 0.4724 -0.5918
vn -0.8166 0.4414 0.3719
vn -0.7839 0.5132 0.3493
vn 0.5423 0.8010 0.2538
vn 0.4981 0.8545 0.1476
vn 0.5288 0.8485 0.0193
vn 0.0426 0.5714 0.8196
vn 0.1387 0.4967 0.8568
vn -0.6974 0.6964 -0.1689
vn -0.5379 0.8427 0.0236
vn 0.2160 0.6257 0.7496
vn 0.1058 0.7233 0.6824
vn -0.0564 0.7976 0.6005
vn -0.3977 0.7945 0.4590
vn -0.4732 0.7660 0.4351
vn -0.5084 0.7021 0.4987
vn -0.6473 0.7586 0.0740
vn -0.6645 0.7366 0.1260
vn -0.2671 0.6255 0.7331
vn -0.2812 0.6177 0.7345
vn -0.4896 0.6246 0.6083
vn -0.4943 0.5947 0.6340
vn -0.5464 0.6525 0.5251
vn -0.5838 0.6484 0.4887
vn -0.6359 0.6772 0.3703
vn -0.6279 0.7137 0.3104
vn -0.6713 0.6559 0.3452
vn -0.6505 0.7104 0.2687
vn -0.7025 0.6681 0.2453
vn -0.7172 0.6755 0.1713
vn -0.7415 0.6361 0.2132
vn -0.7786 0.6104 0.1459
vn -0.7614 0.6423 0.0877
vn -0.7949 0.5980 0.1025
vn -0.3445 0.4901 0.8007
vn -0.3833 0.5118 0.7689
vn -0.2425 0.7379 -0.6299
vn -0.1715 0.4910 -0.8541
vn -0.1893 0.5780 -0.7938
vn -0.5579 0.5616 0.6111
vn -0.5905 0.5191 0.6179
vn -0.6227 0.5795 0.5258
vn -0.6751 0.5954 0.4356
vn -0.6780 0.5425 0.4960
vn -0.7059 0.5876 0.3956
vn -0.7584 0.5389 0.3665
vn -0.7602 0.5889 0.2743
vn -0.8006 0.5502 0.2373
vn -0.8148 0.5617 0.1434
vn -0.7931 0.5772 0.1944
vn -0.8303 0.5123 0.2195
vn -0.8602 0.5011 0.0941
vn -0.9195 0.3872 -0.0683
vn -0.8775 0.4335 -0.2053
vn -0.8419 0.4874 -0.2316
vn -0.9461 0.2882 -0.1478
vn -0.9309 0.3060 -0.1993
vn -0.8384 0.4332 -0.3308
vn -0.9060 0.3072 -0.2913
vn -0.8855 0.3206 -0.3363
vn -0.8772 0.3656 -0.3113
vn -0.7280 0.4833 -0.4862
vn -0.9356 0.0491 -0.3496
vn -0.9260 0.1221 -0.3572
vn -0.9020 0.1927 -0.3864
vn -0.8446 0.3178 -0.4308
vn -0.8156 0.3646 -0.4493
vn -0.6228 0.4743 -0.6223
vn -0.9041 -0.0873 -0.4183
vn -0.8884 -0.0359 -0.4576
vn -0.8824 0.0583 -0.4670
vn -0.8486 0.0953 -0.5203
vn -0.8283 0.1954 -0.5251
vn -0.8023 0.2495 -0.5423
vn -0.7174 0.3816 -0.5829
vn -0.5737 0.4333 -0.6951
vn -0.5189 0.4599 -0.7206
vn -0.8515 -0.2057 -0.4823
vn -0.8289 -0.0827 -0.5533
vn -0.8102 -0.0201 -0.5858
vn -0.7855 0.0471 -0.6170
vn -0.7621 0.0959 -0.6403
vn -0.6982 0.2221 -0.6806
vn -0.6146 0.3459 -0.7090
vn -0.4604 0.4121 -0.7863
vn -0.4038 0.4239 -0.8107
vn -0.7855 -0.3212 -0.5290
vn -0.7737 -0.2063 -0.5991
vn -0.7545 -0.1505 -0.6388
vn -0.7375 -0.1019 -0.6677
vn -0.7098 -0.0359 -0.7035
vn -0.6576 0.0762 -0.7495
vn -0.5726 0.2277 -0.7876
vn -0.5174 0.3026 -0.8005
vn -0.4887 0.3653 -0.7923
vn -0.9182 0.3776 -0.1199
vn -0.9190 0.3533 -0.1749
vn -0.9021 0.3894 -0.1857
vn -0.9431 0.2652 -0.2006
vn -0.9353 0.2409 -0.2593
vn -0.9121 0.3383 -0.2315
vn -0.9224 0.2775 -0.2686
vn -0.8790 0.4057 -0.2505
vn -0.8601 0.4017 -0.3145
vn -0.8474 0.4578 -0.2690
vn -0.9483 0.1449 -0.2824
vn -0.9258 0.2283 -0.3014
vn -0.9258 0.1598 -0.3426
vn -0.8980 0.2790 -0.3403
vn -0.8815 0.2484 -0.4015
vn -0.8642 0.3459 -0.3654
vn -0.8662 0.2873 -0.4089
vn -0.8348 0.4105 -0.3668
vn -0.7843 0.4743 -0.4000
vn -0.7965 0.4184 -0.4365
vn -0.9308 -0.0032 -0.3656
vn -0.9005 -0.0065 -0.4347
vn -0.9168 0.0710 -0.3929
vn -0.9065 0.0356 -0.4207
vn -0.9036 0.1289 -0.4086
vn -0.8585 0.1311 -0.4959
vn -0.8632 0.2229 -0.4530
vn -0.8590 0.1719 -0.4822
vn -0.8308 0.2868 -0.4769
vn -0.7762 0.3668 -0.5128
vn -0.7958 0.2979 -0.5272
vn -0.7420 0.4237 -0.5196
vn -0.7147 0.4201 -0.5592
vn -0.7009 0.4748 -0.5323
vn -0.6834 0.4281 -0.5914
vn -0.8619 -0.1453 -0.4858
vn -0.8630 -0.1019 -0.4949
vn -0.8648 -0.0062 -0.5021
vn -0.8342 -0.0091 -0.5514
vn -0.8298 0.0478 -0.5560
vn -0.8248 0.1287 -0.5507
vn -0.7874 0.1308 -0.6024
vn -0.7639 0.2490 -0.5953
vn -0.7553 0.1945 -0.6259
vn -0.7452 0.2939 -0.5986
vn -0.7097 0.2868 -0.6435
vn -0.6789 0.3643 -0.6375
vn -0.6707 0.3178 -0.6702
vn -0.6613 0.4184 -0.6226
vn -0.6069 0.4105 -0.6806
vn -0.5793 0.4951 -0.6476
vn -0.8298 -0.2254 -0.5104
vn -0.7992 -0.2632 -0.5404
vn -0.8123 -0.2073 -0.5451
vn -0.8205 -0.1407 -0.5540
vn -0.8048 -0.1021 -0.5847
vn -0.7806 -0.1400 -0.6092
vn -0.7851 -0.0132 -0.6193
vn -0.7824 -0.0835 -0.6172
vn -0.7459 -0.0068 -0.6660
vn -0.7104 0.0415 -0.7026
vn -0.7241 0.1661 -0.6694
vn -0.6820 0.1280 -0.7201
vn -0.6542 0.2484 -0.7143
vn -0.6465 0.1918 -0.7384
vn -0.6026 0.2790 -0.7477
vn -0.5675 0.3654 -0.7379
vn -0.5927 0.3206 -0.7389
vn -0.5575 0.2870 -0.7789
vn -0.5142 0.3971 -0.7602
vn -0.4692 0.4780 -0.7426
vn -0.5009 0.4331 -0.7494
vn -0.7354 -0.3490 -0.5809
vn -0.7429 -0.2253 -0.6304
vn -0.7094 -0.2646 -0.6533
vn -0.7266 -0.1462 -0.6713
vn -0.7190 -0.2084 -0.6630
vn -0.6884 -0.1356 -0.7126
vn -0.6753 -0.0870 -0.7324
vn -0.6648 0.0240 -0.7466
vn -0.6176 -0.0173 -0.7863
vn -0.6207 0.0476 -0.7826
vn -0.6119 0.1598 -0.7746
vn -0.5611 0.1448 -0.8150
vn -0.5362 0.2445 -0.8079
vn -0.4807 0.2661 -0.8355
vn -0.4485 0.3344 -0.8289
vn -0.4246 0.3812 -0.8212
vn -0.3754 0.3618 -0.8533
vn -0.3619 0.4595 -0.8111
vn -0.2255 0.3970 -0.8897
vn -0.0995 0.3989 -0.9116
vn -0.1007 0.4530 -0.8858
vn -0.1377 0.3211 -0.9370
vn -0.0823 0.3413 -0.9363
vn -0.0612 0.1761 -0.9825
vn -0.1380 0.3600 -0.9227
vn -0.1169 0.2697 -0.9558
vn -0.0402 0.2328 -0.9717
vn -0.1143 0.4005 0.9091
vn -0.0265 0.2992 0.9538
vn -0.0801 0.3623 0.9286
vn -0.0745 0.4207 0.9041
vn -0.0790 0.1308 0.9883
vn -0.0892 0.3114 0.9461
vn -0.1268 0.2759 0.9528
vn -0.1920 0.3470 0.9180
vn -0.1987 0.4511 0.8701
vn -0.3612 0.4048 0.8400
vn -0.3705 0.4600 0.8069
vn -0.4559 0.4264 0.7812
vn -0.4811 0.4516 0.7514
vn -0.4764 0.3057 0.8244
vn -0.5749 0.4307 0.6957
vn -0.6090 0.4482 0.6544
vn -0.5564 0.3074 0.7720
vn -0.5935 0.3206 0.7383
vn -0.5665 0.3660 0.7384
vn -0.6843 0.4870 0.5427
vn -0.5926 0.0422 0.8044
vn -0.6262 0.1231 0.7699
vn -0.6465 0.1918 0.7384
vn -0.6707 0.3178 0.6702
vn -0.6795 0.3644 0.6368
vn -0.7820 0.4763 0.4019
vn -0.6774 -0.0867 0.7305
vn -0.7098 -0.0359 0.7035
vn -0.7121 0.0402 0.7009
vn -0.7394 0.1259 0.6613
vn -0.7515 0.1829 0.6339
vn -0.7633 0.2367 0.6011
vn -0.7773 0.3630 0.5138
vn -0.8380 0.4348 0.3298
vn -0.8477 0.4583 0.2671
vn -0.7202 -0.2110 0.6609
vn -0.7823 -0.0827 0.6174
vn -0.8075 -0.0201 0.5895
vn -0.8297 0.0466 0.5563
vn -0.8456 0.0931 0.5257
vn -0.8633 0.2223 0.4530
vn -0.8642 0.3459 0.3654
vn -0.8902 0.4119 0.1947
vn -0.8955 0.4246 0.1333
vn -0.7780 -0.2643 0.5699
vn -0.8296 -0.1817 0.5279
vn -0.8631 -0.1015 0.4947
vn -0.8884 -0.0359 0.4576
vn -0.9127 0.0491 0.4058
vn -0.9172 0.0914 0.3879
vn -0.9260 0.2277 0.3012
vn -0.9212 0.3026 0.2447
vn -0.9042 0.3657 0.2208
vn -0.3970 0.3748 0.8378
vn -0.4506 0.3580 0.8178
vn -0.4075 0.4677 0.7844
vn -0.4844 0.2655 0.8336
vn -0.5356 0.2409 0.8094
vn -0.5008 0.3270 0.8014
vn -0.5406 0.2776 0.7941
vn -0.5172 0.4192 0.7462
vn -0.5669 0.4009 0.7197
vn -0.5313 0.4648 0.7083
vn -0.5611 0.1448 0.8150
vn -0.5727 0.2283 0.7873
vn -0.6119 0.1598 0.7746
vn -0.6011 0.2790 0.7489
vn -0.6542 0.2484 0.7143
vn -0.6145 0.3468 0.7086
vn -0.6565 0.2873 0.6974
vn -0.6228 0.4066 0.6685
vn -0.6279 0.4712 0.6194
vn -0.6598 0.4188 0.6239
vn -0.6346 -0.0036 0.7728
vn -0.6910 -0.0067 0.7228
vn -0.6535 0.0943 0.7511
vn -0.6698 0.0480 0.7410
vn -0.6823 0.1273 0.7199
vn -0.6976 0.2223 0.6811
vn -0.7220 0.1655 0.6718
vn -0.7108 0.2864 0.6424
vn -0.7288 0.3637 0.5802
vn -0.7487 0.2950 0.5936
vn -0.7137 0.4204 0.5603
vn -0.7475 0.3824 0.5431
vn -0.7550 0.4169 0.5061
vn -0.7191 0.4994 0.4833
vn -0.7736 0.4271 0.4681
vn -0.7289 -0.1457 0.6689
vn -0.7377 -0.1016 0.6675
vn -0.7452 -0.0069 0.6668
vn -0.7822 -0.0091 0.6230
vn -0.7621 0.0959 0.6403
vn -0.7856 0.0476 0.6169
vn -0.7879 0.1303 0.6019
vn -0.8242 0.1285 0.5516
vn -0.8076 0.2363 0.5404
vn -0.8351 0.1839 0.5185
vn -0.7994 0.2909 0.5256
vn -0.8312 0.2864 0.4765
vn -0.8156 0.3646 0.4493
vn -0.8446 0.3178 0.4308
vn -0.7965 0.4184 0.4365
vn -0.8351 0.4097 0.3670
vn -0.8041 0.4794 0.3516
vn -0.7451 -0.2616 0.6134
vn -0.7606 -0.2113 0.6138
vn -0.7818 -0.1418 0.6071
vn -0.8049 -0.1040 0.5842
vn -0.8322 -0.1344 0.5380
vn -0.8316 -0.0132 0.5553
vn -0.8284 -0.0819 0.5541
vn -0.8639 -0.0068 0.5036
vn -0.8866 0.0402 0.4607
vn -0.8620 0.1655 0.4791
vn -0.8955 0.1273 0.4264
vn -0.8815 0.2484 0.4015
vn -0.9021 0.1918 0.3867
vn -0.8973 0.2790 0.3420
vn -0.8772 0.3656 0.3113
vn -0.8859 0.3206 0.3354
vn -0.9131 0.2870 0.2896
vn -0.8499 0.4797 0.2181
vn -0.8672 0.4603 0.1898
vn -0.8008 -0.2600 0.5396
vn -0.7853 -0.3217 0.5290
vn -0.8210 -0.2839 0.4953
vn -0.8513 -0.2534 0.4595
vn -0.8595 -0.1461 0.4899
vn -0.8517 -0.2090 0.4806
vn -0.9056 -0.1353 0.4020
vn -0.9042 -0.0866 0.4182
vn -0.9310 0.0157 0.3647
vn -0.9417 0.0549 0.3320
vn -0.9258 0.1598 0.3426
vn -0.9485 0.1448 0.2818
vn -0.9340 0.2445 0.2603
vn -0.9426 0.2668 0.2010
vn -0.9272 0.3339 0.1700
vn -0.9510 0.2695 0.1518
vn -0.9123 0.3812 0.1501
vn -0.9275 0.3619 0.0933
vn -0.8933 0.4422 0.0810
vn -0.2439 0.3487 -0.9049
vn -0.2603 0.2576 -0.9305
vn -0.2205 0.2193 -0.9504
vn -0.1922 0.2575 -0.9470
vn -0.3614 0.2133 -0.9077
vn -0.1969 0.1482 -0.9692
vn -0.4657 0.1379 -0.8741
vn -0.3384 0.1423 -0.9302
vn -0.3074 0.1021 -0.9461
vn -0.2733 0.1407 -0.9516
vn -0.0641 -0.0185 -0.9978
vn -0.5384 0.0023 -0.8427
vn -0.4738 0.0078 -0.8806
vn -0.4029 0.0068 -0.9152
vn -0.2667 0.0091 -0.9637
vn -0.2117 0.0053 -0.9773
vn -0.6017 -0.1449 -0.7855
vn -0.5476 -0.1598 -0.8213
vn -0.4741 -0.1280 -0.8711
vn -0.4128 -0.1661 -0.8955
vn -0.3431 -0.1293 -0.9304
vn -0.2859 -0.1280 -0.9497
vn -0.6431 -0.2683 -0.7172
vn -0.5249 -0.2790 -0.8041
vn -0.3926 -0.2867 -0.8738
vn -0.3391 -0.2936 -0.8938
vn -0.1993 -0.2840 -0.9379
vn -0.6725 -0.3770 -0.6369
vn -0.5110 -0.4017 -0.7600
vn -0.4598 -0.4105 -0.7875
vn -0.3878 -0.4184 -0.8213
vn -0.3133 -0.4169 -0.8533
vn -0.2855 -0.3824 -0.8788
vn -0.2451 -0.4202 -0.8737
vn -0.1484 -0.4089 -0.9004
vn -0.0949 -0.4103 -0.9070
vn -0.3273 0.3470 -0.8789
vn -0.3295 0.2643 -0.9064
vn -0.2768 0.2936 -0.9150
vn -0.4092 0.2094 -0.8881
vn -0.4134 0.1455 -0.8989
vn -0.3734 0.1498 -0.9155
vn -0.2637 0.2053 -0.9425
vn -0.2340 0.1490 -0.9607
vn -0.1746 0.1983 -0.9645
vn -0.4879 0.0870 -0.8686
vn -0.4071 0.1019 -0.9077
vn -0.4498 0.0359 -0.8924
vn -0.3452 0.0835 -0.9348
vn -0.3464 0.0132 -0.9380
vn -0.2685 0.0830 -0.9597
vn -0.3067 0.0201 -0.9516
vn -0.1855 0.1064 -0.9769
vn -0.1717 0.0562 -0.9836
vn -0.1210 0.0837 -0.9891
vn -0.5819 -0.0422 -0.8121
vn -0.5454 -0.0492 -0.8367
vn -0.5377 -0.1223 -0.8342
vn -0.4888 -0.0355 -0.8717
vn -0.5094 -0.0735 -0.8574
vn -0.4476 -0.0420 -0.8933
vn -0.4011 -0.1273 -0.9071
vn -0.3442 -0.0466 -0.9377
vn -0.3751 -0.0931 -0.9223
vn -0.2726 -0.0472 -0.9610
vn -0.2427 -0.0976 -0.9652
vn -0.1683 -0.0440 -0.9847
vn -0.2077 -0.1249 -0.9702
vn -0.1192 -0.0302 -0.9924
vn -0.1294 -0.1226 -0.9840
vn -0.6028 -0.2435 -0.7598
vn -0.5725 -0.2274 -0.7877
vn -0.5025 -0.1918 -0.8430
vn -0.4772 -0.2484 -0.8430
vn -0.4316 -0.2221 -0.8743
vn -0.3626 -0.1952 -0.9113
vn -0.3303 -0.2494 -0.9103
vn -0.2579 -0.1690 -0.9513
vn -0.2423 -0.2083 -0.9476
vn -0.2673 -0.2498 -0.9307
vn -0.1919 -0.1667 -0.9672
vn -0.1050 -0.1945 -0.9753
vn -0.1439 -0.2395 -0.9602
vn -0.6758 -0.3213 -0.6634
vn -0.6376 -0.3540 -0.6842
vn -0.6022 -0.3010 -0.7394
vn -0.5203 -0.3210 -0.7913
vn -0.5284 -0.3638 -0.7671
vn -0.4844 -0.3459 -0.8036
vn -0.4301 -0.3178 -0.8450
vn -0.3957 -0.3646 -0.8429
vn -0.3268 -0.3630 -0.8726
vn -0.2548 -0.2985 -0.9198
vn -0.2514 -0.3631 -0.8972
vn -0.2033 -0.3301 -0.9218
vn -0.2025 -0.3705 -0.9065
vn -0.0962 -0.2958 -0.9504
vn -0.0981 -0.3555 -0.9295
vn -0.6767 -0.4379 -0.5919
vn -0.6444 -0.4254 -0.6354
vn -0.5895 -0.4329 -0.6820
vn -0.5595 -0.4794 -0.6761
vn -0.4838 -0.4333 -0.7604
vn -0.5278 -0.4590 -0.7147
vn -0.4369 -0.4951 -0.7510
vn -0.3994 -0.4743 -0.7846
vn -0.2972 -0.4996 -0.8137
vn -0.1901 -0.4564 -0.8692
vn -0.2377 -0.4857 -0.8412
vn -0.1504 -0.5050 -0.8499
vn -0.1120 -0.4967 -0.8607
vn -0.2594 0.3778 0.8888
vn -0.3279 0.2610 0.9080
vn -0.3735 0.2842 0.8830
vn -0.1922 0.2575 0.9470
vn -0.4098 0.1459 0.9004
vn -0.4657 0.1379 0.8741
vn -0.1855 0.1064 0.9769
vn -0.2757 0.1414 0.9508
vn -0.3078 0.1040 0.9457
vn -0.3570 0.1344 0.9244
vn -0.0676 -0.0115 0.9976
vn -0.2117 0.0053 0.9773
vn -0.2667 0.0091 0.9637
vn -0.3464 0.0132 0.9380
vn -0.4029 0.0068 0.9152
vn -0.6028 -0.1451 0.7846
vn -0.0429 -0.1535 0.9872
vn -0.0851 -0.1322 0.9876
vn -0.1289 -0.1225 0.9841
vn -0.2879 -0.1274 0.9492
vn -0.3424 -0.1285 0.9307
vn -0.4741 -0.1280 0.8711
vn -0.6039 -0.2390 0.7604
vn -0.6464 -0.2639 0.7159
vn -0.0837 -0.2812 0.9560
vn -0.1962 -0.2881 0.9373
vn -0.2568 -0.2950 0.9204
vn -0.3378 -0.2909 0.8951
vn -0.3923 -0.2864 0.8741
vn -0.4772 -0.2484 0.8430
vn -0.5264 -0.2790 0.8031
vn -0.6398 -0.3563 0.6810
vn -0.6908 -0.3823 0.6137
vn -0.0749 -0.3914 0.9172
vn -0.1208 -0.4207 0.8991
vn -0.1686 -0.4193 0.8920
vn -0.2848 -0.3814 0.8795
vn -0.3139 -0.4199 0.8516
vn -0.4599 -0.4094 0.7880
vn -0.5616 -0.4083 0.7197
vn -0.2816 0.2621 0.9231
vn -0.3252 0.3194 0.8901
vn -0.1744 0.1984 0.9645
vn -0.1969 0.1482 0.9692
vn -0.2662 0.2082 0.9412
vn -0.2340 0.1490 0.9607
vn -0.3609 0.1817 0.9148
vn -0.4086 0.2111 0.8879
vn -0.1208 0.0840 0.9891
vn -0.1416 0.0077 0.9899
vn -0.1716 0.0562 0.9836
vn -0.2685 0.0830 0.9597
vn -0.3067 0.0201 0.9516
vn -0.3445 0.0819 0.9352
vn -0.4077 0.1018 0.9074
vn -0.4879 0.0870 0.8686
vn -0.4498 0.0359 0.8924
vn -0.1200 -0.0312 0.9923
vn -0.1683 -0.0440 0.9847
vn -0.1911 -0.1225 0.9739
vn -0.2715 -0.0486 0.9612
vn -0.2328 -0.1163 0.9655
vn -0.3442 -0.0466 0.9377
vn -0.3751 -0.0931 0.9223
vn -0.4487 -0.0415 0.8927
vn -0.4021 -0.1257 0.9069
vn -0.5047 -0.0240 0.8630
vn -0.5096 -0.0762 0.8570
vn -0.5525 -0.0475 0.8322
vn -0.5377 -0.1222 0.8343
vn -0.1150 -0.1889 0.9752
vn -0.1242 -0.2606 0.9574
vn -0.2072 -0.1949 0.9587
vn -0.1543 -0.2339 0.9599
vn -0.2570 -0.1715 0.9511
vn -0.2634 -0.2358 0.9354
vn -0.3713 -0.1838 0.9101
vn -0.3359 -0.2369 0.9116
vn -0.4158 -0.1655 0.8943
vn -0.4322 -0.2223 0.8740
vn -0.5025 -0.1918 0.8430
vn -0.5476 -0.1598 0.8213
vn -0.5727 -0.2277 0.7875
vn -0.6382 -0.1693 0.7510
vn -0.1331 -0.3177 0.9388
vn -0.1771 -0.3635 0.9146
vn -0.2489 -0.3649 0.8972
vn -0.3268 -0.3630 0.8726
vn -0.4301 -0.3178 0.8450
vn -0.3957 -0.3646 0.8429
vn -0.4844 -0.3459 0.8036
vn -0.5635 -0.3078 0.7666
vn -0.5187 -0.3206 0.7925
vn -0.5267 -0.3656 0.7674
vn -0.6001 -0.3680 0.7102
vn -0.6236 -0.3110 0.7172
vn -0.0826 -0.4583 0.8850
vn -0.1036 -0.5060 0.8563
vn -0.1416 -0.4741 0.8690
vn -0.2331 -0.4880 0.8411
vn -0.2884 -0.4759 0.8308
vn -0.3878 -0.4184 0.8213
vn -0.3985 -0.4729 0.7859
vn -0.4857 -0.4327 0.7595
vn -0.4213 -0.5051 0.7532
vn -0.5282 -0.4557 0.7165
vn -0.5892 -0.4321 0.6827
vn -0.5452 -0.4878 0.6818
vn -0.6289 -0.4116 0.6596
vn -0.6342 -0.4631 0.6191
vn -0.9648 0.2610 -0.0313
vn -0.9553 0.2839 -0.0819
vn -0.9589 0.2528 -0.1285
vn -0.9579 0.2644 0.1117
vn -0.9713 0.2259 0.0743
vn -0.9833 0.1444 -0.1103
vn -0.9753 0.1379 0.1728
vn -0.9895 0.1414 0.0316
vn -0.9946 0.1040 -0.0005
vn -0.9895 0.1344 -0.0539
vn -0.9678 0.0037 -0.2518
vn -0.9688 -0.0161 0.2475
vn -0.9837 0.0078 0.1795
vn -0.9948 0.0068 0.1014
vn -0.9990 0.0091 0.0442
vn -0.9991 0.0132 -0.0396
vn -0.9949 0.0062 -0.1010
vn -0.9330 -0.1425 -0.3305
vn -0.9345 -0.1392 0.3275
vn -0.9502 -0.1610 0.2667
vn -0.9750 -0.1280 0.1817
vn -0.9790 -0.1655 0.1191
vn -0.9910 -0.1285 0.0382
vn -0.9912 -0.1303 -0.0239
vn -0.9716 -0.1270 -0.1996
vn -0.9090 -0.2383 -0.3419
vn -0.8797 -0.2678 -0.3929
vn -0.8808 -0.2639 0.3932
vn -0.9265 -0.2783 0.2532
vn -0.9527 -0.2864 0.1019
vn -0.9547 -0.2950 0.0402
vn -0.9556 -0.2912 -0.0447
vn -0.9526 -0.2864 -0.1030
vn -0.9492 -0.2484 -0.1934
vn -0.9265 -0.2790 -0.2525
vn -0.8116 -0.3858 -0.4387
vn -0.8700 -0.4026 0.2847
vn -0.8912 -0.4102 0.1936
vn -0.9010 -0.4184 0.1150
vn -0.9065 -0.4219 0.0148
vn -0.9069 -0.4201 -0.0324
vn -0.8914 -0.4097 -0.1940
vn -0.8647 -0.3870 -0.3202
vn -0.9366 0.3483 0.0397
vn -0.9648 0.2623 0.0169
vn -0.9466 0.3206 -0.0343
vn -0.9712 0.2092 0.1145
vn -0.9826 0.1455 0.1154
vn -0.9776 0.2071 0.0380
vn -0.9859 0.1505 0.0731
vn -0.9815 0.1817 -0.0605
vn -0.9711 0.2097 -0.1140
vn -0.9768 0.0870 0.1956
vn -0.9891 0.1018 0.1067
vn -0.9877 0.0359 0.1520
vn -0.9958 0.0827 0.0396
vn -0.9998 0.0201 0.0023
vn -0.9959 0.0819 -0.0386
vn -0.9889 0.1022 -0.1081
vn -0.9771 0.0886 -0.1935
vn -0.9877 0.0359 -0.1520
vn -0.9571 -0.0554 0.2844
vn -0.9595 -0.1223 0.2536
vn -0.9804 -0.0352 0.1939
vn -0.9724 -0.0742 0.2212
vn -0.9878 -0.0420 0.1496
vn -0.9868 -0.1257 0.1021
vn -0.9982 -0.0471 0.0375
vn -0.9931 -0.0931 0.0717
vn -0.9982 -0.0471 -0.0375
vn -0.9929 -0.0960 -0.0699
vn -0.9885 -0.0579 -0.1396
vn -0.9871 -0.1255 -0.0997
vn -0.9775 -0.0474 -0.2054
vn -0.9699 -0.0903 -0.2262
vn -0.9617 -0.0468 -0.2702
vn -0.9588 -0.1227 -0.2562
vn -0.9111 -0.2382 0.3365
vn -0.9324 -0.2150 0.2907
vn -0.9571 -0.1918 0.2172
vn -0.9492 -0.2484 0.1934
vn -0.9647 -0.2223 0.1409
vn -0.9804 -0.1839 0.0714
vn -0.9709 -0.2367 0.0376
vn -0.9805 -0.1829 -0.0712
vn -0.9710 -0.2363 -0.0375
vn -0.9789 -0.1658 -0.1193
vn -0.9647 -0.2223 -0.1409
vn -0.9568 -0.1927 -0.2176
vn -0.9504 -0.1598 -0.2670
vn -0.9260 -0.2282 -0.3007
vn -0.9147 -0.1841 -0.3598
vn -0.8701 -0.3053 0.3869
vn -0.8451 -0.3573 0.3976
vn -0.8762 -0.3270 0.3540
vn -0.9039 -0.3074 0.2975
vn -0.9137 -0.3213 0.2489
vn -0.8911 -0.3801 0.2477
vn -0.9147 -0.3445 0.2114
vn -0.9365 -0.3178 0.1479
vn -0.9239 -0.3646 0.1159
vn -0.9294 -0.3668 0.0414
vn -0.9230 -0.3816 -0.0500
vn -0.9365 -0.3178 -0.1479
vn -0.9239 -0.3643 -0.1167
vn -0.9139 -0.3459 -0.2123
vn -0.9037 -0.3076 -0.2978
vn -0.9141 -0.3206 -0.2484
vn -0.8931 -0.3650 -0.2628
vn -0.8529 -0.2860 -0.4368
vn -0.8497 -0.3337 -0.4082
vn -0.7676 -0.4524 0.4540
vn -0.8206 -0.4108 0.3974
vn -0.8312 -0.4322 0.3496
vn -0.8172 -0.4874 0.3074
vn -0.8727 -0.4318 0.2280
vn -0.8435 -0.4587 0.2795
vn -0.8576 -0.4782 0.1893
vn -0.8694 -0.4753 0.1349
vn -0.8852 -0.4642 0.0306
vn -0.8606 -0.5081 0.0345
vn -0.8814 -0.4719 -0.0196
vn -0.9010 -0.4184 -0.1150
vn -0.8694 -0.4753 -0.1349
vn -0.8718 -0.4348 -0.2257
vn -0.8576 -0.4782 -0.1893
vn -0.8445 -0.4581 -0.2773
vn -0.8345 -0.4151 -0.3623
vn -0.8462 -0.4318 -0.3122
vn -0.8159 -0.4882 -0.3098
vn -0.8024 -0.4335 -0.4103
vn -0.7840 -0.3860 -0.4862
vn -0.6829 -0.5168 -0.5163
vn -0.5761 -0.5622 -0.5934
vn -0.5332 -0.5637 -0.6308
vn -0.5426 -0.5111 -0.6666
vn -0.6124 -0.6337 -0.4726
vn -0.5730 -0.6409 -0.5108
vn -0.4563 -0.5868 -0.6689
vn -0.4163 -0.5313 -0.7379
vn -0.4928 -0.6710 -0.5540
vn -0.4512 -0.6742 -0.5847
vn -0.4743 -0.6356 -0.6092
vn -0.4006 -0.8388 -0.3686
vn -0.4091 -0.8032 -0.4329
vn -0.3924 -0.7697 -0.5036
vn -0.3580 -0.6955 -0.6229
vn -0.3387 -0.6634 -0.6673
vn -0.1079 -0.5491 -0.8288
vn -0.2982 -0.9122 -0.2811
vn -0.2722 -0.8992 -0.3425
vn -0.2862 -0.8583 -0.4259
vn -0.2372 -0.8452 -0.4790
vn -0.2316 -0.8032 -0.5488
vn -0.2527 -0.7796 -0.5731
vn -0.2105 -0.7631 -0.6110
vn -0.1922 -0.6708 -0.7163
vn -0.1788 -0.9629 -0.2022
vn -0.1741 -0.9224 -0.3449
vn -0.1312 -0.9018 -0.4118
vn -0.1069 -0.8457 -0.5229
vn -0.0721 -0.7653 -0.6397
vn -0.0313 -0.7093 -0.7042
vn -0.0278 -0.6808 -0.7319
vn -0.0281 -0.6494 -0.7599
vn -0.0894 -0.9831 -0.1598
vn -0.0332 -0.9594 -0.2799
vn -0.6369 -0.5520 -0.5383
vn -0.5895 -0.5891 -0.5528
vn -0.6202 -0.5253 -0.5825
vn -0.5679 -0.6693 -0.4791
vn -0.5156 -0.7053 -0.4865
vn -0.5486 -0.6345 -0.5446
vn -0.5105 -0.6846 -0.5204
vn -0.5306 -0.5997 -0.5991
vn -0.4721 -0.6076 -0.6388
vn -0.5068 -0.5520 -0.6622
vn -0.4818 -0.7698 -0.4185
vn -0.4767 -0.7263 -0.4953
vn -0.4294 -0.7786 -0.4576
vn -0.4453 -0.7039 -0.5534
vn -0.3837 -0.7379 -0.5553
vn -0.4238 -0.6628 -0.6173
vn -0.3791 -0.7133 -0.5895
vn -0.4207 -0.6144 -0.6675
vn -0.3805 -0.5671 -0.7305
vn -0.3495 -0.6188 -0.7035
vn -0.3719 -0.8671 -0.3313
vn -0.3025 -0.8831 -0.3585
vn -0.3642 -0.8383 -0.4058
vn -0.3285 -0.8612 -0.3879
vn -0.3606 -0.8110 -0.4607
vn -0.2718 -0.8236 -0.4978
vn -0.3286 -0.7629 -0.5568
vn -0.2917 -0.7982 -0.5270
vn -0.3105 -0.7229 -0.6172
vn -0.2539 -0.7247 -0.6406
vn -0.2681 -0.6703 -0.6920
vn -0.2179 -0.7162 -0.6631
vn -0.2738 -0.6266 -0.7297
vn -0.2334 -0.6556 -0.7182
vn -0.2057 -0.6243 -0.7537
vn -0.1933 -0.5905 -0.7835
vn -0.2602 -0.9340 -0.2447
vn -0.2028 -0.9434 -0.2624
vn -0.2198 -0.9227 -0.3168
vn -0.2264 -0.8960 -0.3819
vn -0.1768 -0.8974 -0.4044
vn -0.1860 -0.8718 -0.4533
vn -0.2065 -0.8315 -0.5157
vn -0.1418 -0.8176 -0.5580
vn -0.1651 -0.7683 -0.6185
vn -0.1120 -0.7937 -0.5979
vn -0.1763 -0.7211 -0.6700
vn -0.0825 -0.7277 -0.6809
vn -0.0937 -0.6851 -0.7224
vn -0.1260 -0.6136 -0.7795
vn -0.0667 -0.6096 -0.7899
vn -0.1246 -0.9733 -0.1929
vn -0.1402 -0.9596 -0.2437
vn -0.0787 -0.9713 -0.2243
vn -0.0648 -0.9394 -0.3365
vn -0.0870 -0.9139 -0.3965
vn -0.7509 -0.4791 -0.4545
vn -0.6983 -0.5427 -0.4668
vn -0.6798 -0.6108 -0.4060
vn -0.6251 -0.6477 -0.4356
vn -0.7939 -0.5151 -0.3231
vn -0.7758 -0.5214 -0.3553
vn -0.6237 -0.7050 -0.3378
vn -0.7247 -0.6359 -0.2655
vn -0.6956 -0.6734 -0.2503
vn -0.6638 -0.6842 -0.3020
vn -0.4770 -0.8310 -0.2863
vn -0.8230 -0.5670 -0.0334
vn -0.7850 -0.6146 -0.0773
vn -0.7390 -0.6635 -0.1167
vn -0.7031 -0.6955 -0.1480
vn -0.6467 -0.7379 -0.1933
vn -0.5996 -0.7702 -0.2174
vn -0.3591 -0.9131 -0.1931
vn -0.8126 -0.5667 0.1364
vn -0.7771 -0.6188 0.1150
vn -0.7432 -0.6678 0.0416
vn -0.6950 -0.7190 0.0029
vn -0.6459 -0.7625 -0.0376
vn -0.6029 -0.7946 -0.0714
vn -0.4793 -0.8648 -0.1496
vn -0.3092 -0.9443 -0.1127
vn -0.2479 -0.9621 -0.1135
vn -0.7874 -0.5499 0.2785
vn -0.7182 -0.6625 0.2131
vn -0.6308 -0.7631 0.1409
vn -0.5911 -0.7979 0.1180
vn -0.4894 -0.8713 0.0380
vn -0.3714 -0.9276 -0.0396
vn -0.1347 -0.9906 -0.0259
vn -0.6925 -0.6311 0.3494
vn -0.6525 -0.6846 0.3249
vn -0.6182 -0.7262 0.3007
vn -0.5679 -0.7786 0.2670
vn -0.5131 -0.8278 0.2268
vn -0.4812 -0.8522 0.2053
vn -0.3512 -0.9302 0.1067
vn -0.2528 -0.9671 0.0299
vn -0.7473 -0.5231 -0.4098
vn -0.7435 -0.5622 -0.3620
vn -0.7157 -0.5844 -0.3824
vn -0.7862 -0.5498 -0.2822
vn -0.7772 -0.5868 -0.2273
vn -0.7531 -0.6080 -0.2511
vn -0.6670 -0.6608 -0.3443
vn -0.6309 -0.6689 -0.3931
vn -0.8126 -0.5667 -0.1364
vn -0.7648 -0.6144 -0.1939
vn -0.7771 -0.6188 -0.1150
vn -0.7181 -0.6627 -0.2123
vn -0.6778 -0.7133 -0.1783
vn -0.6641 -0.7043 -0.2507
vn -0.6172 -0.7267 -0.3016
vn -0.5468 -0.7691 -0.3309
vn -0.5679 -0.7786 -0.2670
vn -0.8353 -0.5489 0.0324
vn -0.8123 -0.5830 0.0152
vn -0.7844 -0.6157 0.0750
vn -0.7822 -0.6222 -0.0313
vn -0.7833 -0.6214 0.0142
vn -0.7540 -0.6549 -0.0500
vn -0.6822 -0.7240 -0.1019
vn -0.6908 -0.7219 -0.0405
vn -0.6303 -0.7635 -0.1409
vn -0.5505 -0.8148 -0.1817
vn -0.5858 -0.8017 -0.1191
vn -0.5013 -0.8366 -0.2212
vn -0.4700 -0.8611 -0.1939
vn -0.4462 -0.8588 -0.2516
vn -0.4329 -0.8834 -0.1795
vn -0.7772 -0.5868 0.2273
vn -0.7648 -0.6144 0.1939
vn -0.7386 -0.6640 0.1164
vn -0.7011 -0.6963 0.1538
vn -0.6876 -0.7247 0.0447
vn -0.6824 -0.7237 0.1034
vn -0.6455 -0.7628 0.0375
vn -0.6022 -0.7952 0.0706
vn -0.5581 -0.8289 -0.0382
vn -0.5596 -0.8284 0.0242
vn -0.5274 -0.8466 -0.0717
vn -0.4885 -0.8718 -0.0375
vn -0.4388 -0.8929 -0.1014
vn -0.4386 -0.8976 -0.0442
vn -0.4096 -0.8995 -0.1520
vn -0.3515 -0.9301 -0.1064
vn -0.7651 -0.5628 0.3128
vn -0.7319 -0.5707 0.3724
vn -0.7386 -0.5954 0.3162
vn -0.7261 -0.6351 0.2634
vn -0.6955 -0.6742 0.2484
vn -0.6791 -0.6714 0.2968
vn -0.6636 -0.7044 0.2519
vn -0.6422 -0.7420 0.1922
vn -0.5994 -0.7701 0.2182
vn -0.5481 -0.8123 0.1996
vn -0.5312 -0.8438 0.0757
vn -0.4936 -0.8583 0.1403
vn -0.4350 -0.8996 0.0396
vn -0.4394 -0.8926 0.1010
vn -0.3706 -0.9279 0.0394
vn -0.3166 -0.9479 -0.0341
vn -0.3536 -0.9354 -0.0000
vn -0.3174 -0.9477 0.0340
vn -0.2522 -0.9670 -0.0372
vn -0.1925 -0.9749 -0.1117
vn -0.2324 -0.9698 -0.0743
vn -0.1956 -0.9805 -0.0174
vn -0.7021 -0.5171 0.4896
vn -0.6968 -0.5970 0.3976
vn -0.7019 -0.5584 0.4422
vn -0.6629 -0.6416 0.3859
vn -0.6388 -0.6337 0.4364
vn -0.6200 -0.7066 0.3411
vn -0.6305 -0.6694 0.3930
vn -0.5734 -0.7349 0.3621
vn -0.5447 -0.7708 0.3305
vn -0.4767 -0.8316 0.2850
vn -0.4543 -0.8565 0.2449
vn -0.4189 -0.8669 0.2701
vn -0.4096 -0.8995 0.1520
vn -0.3590 -0.9126 0.1956
vn -0.3086 -0.9441 0.1160
vn -0.3151 -0.9334 0.1719
vn -0.2480 -0.9621 0.1138
vn -0.1954 -0.9802 0.0330
vn -0.2337 -0.9695 0.0740
vn -0.1383 -0.9899 0.0308
vn -0.0349 -0.5959 0.8023
vn -0.1080 -0.5521 0.8267
vn -0.1960 -0.5870 0.7855
vn -0.2560 -0.5464 0.7975
vn -0.0404 -0.7319 0.6803
vn -0.0962 -0.6925 0.7150
vn -0.3819 -0.5657 0.7308
vn -0.0240 -0.8160 0.5776
vn -0.1681 -0.7540 0.6349
vn -0.2680 -0.6676 0.6946
vn -0.4545 -0.5868 0.6701
vn -0.5081 -0.5487 0.6640
vn -0.0870 -0.9139 0.3964
vn -0.1863 -0.8711 0.4544
vn -0.2352 -0.8441 0.4819
vn -0.2912 -0.7989 0.5263
vn -0.3303 -0.7625 0.5563
vn -0.3629 -0.6963 0.6193
vn -0.4246 -0.6625 0.6172
vn -0.5746 -0.5608 0.5961
vn -0.6211 -0.5212 0.5853
vn -0.0842 -0.9683 0.2352
vn -0.1412 -0.9595 0.2436
vn -0.2197 -0.9226 0.3170
vn -0.2722 -0.8992 0.3425
vn -0.3637 -0.8371 0.4087
vn -0.4767 -0.7263 0.4953
vn -0.5549 -0.6375 0.5345
vn -0.0432 -0.6419 0.7656
vn -0.1127 -0.6436 0.7570
vn -0.1481 -0.5764 0.8036
vn -0.1492 -0.6210 0.7695
vn -0.0755 -0.8126 0.5779
vn -0.1075 -0.7422 0.6615
vn -0.1635 -0.6669 0.7270
vn -0.1757 -0.7187 0.6727
vn -0.2026 -0.6281 0.7513
vn -0.2427 -0.6109 0.7536
vn -0.2729 -0.6265 0.7301
vn -0.2893 -0.5681 0.7704
vn -0.3152 -0.6158 0.7221
vn -0.0783 -0.8835 0.4619
vn -0.1070 -0.8466 0.5213
vn -0.1319 -0.8705 0.4742
vn -0.1349 -0.8111 0.5691
vn -0.1902 -0.8270 0.5291
vn -0.2111 -0.7621 0.6121
vn -0.2461 -0.7663 0.5935
vn -0.2303 -0.8029 0.5498
vn -0.2549 -0.7248 0.6400
vn -0.3092 -0.7240 0.6167
vn -0.3389 -0.6640 0.6665
vn -0.3495 -0.6188 0.7035
vn -0.4210 -0.6134 0.6682
vn -0.4286 -0.5382 0.7257
vn -0.0328 -0.9594 0.2801
vn -0.0290 -0.9744 0.2229
vn -0.1556 -0.9446 0.2889
vn -0.1741 -0.9224 0.3449
vn -0.1768 -0.8974 0.4044
vn -0.2264 -0.8960 0.3819
vn -0.2869 -0.8585 0.4251
vn -0.3606 -0.8110 0.4607
vn -0.3812 -0.7420 0.5514
vn -0.3927 -0.7701 0.5027
vn -0.4447 -0.7044 0.5533
vn -0.4743 -0.6356 0.6092
vn -0.4512 -0.6742 0.5847
vn -0.4932 -0.6708 0.5540
vn -0.5310 -0.6003 0.5981
vn -0.5537 -0.5162 0.6534
vn -0.5330 -0.5637 0.6310
vn -0.0793 -0.9951 0.0594
vn -0.0723 -0.9890 0.1292
vn -0.1240 -0.9732 0.1939
vn -0.1835 -0.9716 0.1496
vn -0.2022 -0.9433 0.2633
vn -0.1762 -0.9629 0.2045
vn -0.2940 -0.9280 0.2291
vn -0.2958 -0.9127 0.2818
vn -0.3429 -0.8629 0.3713
vn -0.3879 -0.8680 0.3099
vn -0.4012 -0.8393 0.3668
vn -0.4294 -0.7786 0.4576
vn -0.4823 -0.7697 0.4182
vn -0.5156 -0.7053 0.4865
vn -0.5677 -0.6673 0.4822
vn -0.5986 -0.6106 0.5185
vn -0.6079 -0.6474 0.4596
vn -0.6642 -0.4802 0.5729
vn -0.6597 -0.5427 0.5198
vn -0.0610 -0.5252 0.8488
vn -0.0078 -0.5334 0.8459
vn -0.0581 0.9751 -0.2142
vn -0.0170 0.9712 -0.2375
vn -0.0483 0.9273 -0.3711
vn -0.0311 0.7245 -0.6886
vn -0.0805 0.6054 -0.7918
vn -0.0199 0.6066 -0.7948
vn -0.0308 0.9879 -0.1521
vn -0.0560 0.9622 -0.2664
vn -0.0398 0.7586 -0.6504
vn -0.0434 0.6458 -0.7623
vn -0.4525 0.5177 -0.7261
vn -0.4726 0.5504 -0.6883
vn -0.0502 0.3757 -0.9254
vn -0.0248 0.1462 -0.9889
vn -0.0369 0.2967 -0.9543
vn -0.0410 -0.1111 -0.9930
vn -0.0468 -0.2987 -0.9532
vn -0.0525 -0.4108 -0.9102
vn -0.0628 -0.1914 -0.9795
vn -0.0284 -0.1893 0.9815
vn -0.0212 -0.6197 -0.7846
vn -0.0174 -0.9446 -0.3278
vn -0.0799 -0.8831 -0.4623
vn -0.0298 -0.8805 -0.4731
vn -0.0115 -0.8220 -0.5694
vn -0.0232 -0.7391 -0.6732
vn -0.0613 -0.9919 -0.1116
vn -0.0118 -0.9949 -0.1001
vn -0.0286 -0.9753 -0.2189
vn -0.0568 0.9685 0.2425
vn -0.0860 0.9502 0.2994
vn -0.3501 0.8329 0.4286
vn -0.1887 0.6944 0.6944
vn -0.6180 0.7557 -0.2167
vn -0.7111 0.6814 -0.1733
vn -0.1438 0.7007 0.6988
vn -0.3158 0.7966 0.5154
vn -0.3835 0.8223 0.4205
vn -0.5171 0.8527 -0.0736
vn -0.3167 0.9476 0.0429
vn -0.1743 0.9828 -0.0615
vn -0.9099 0.4083 -0.0734
vn -0.9297 0.3553 -0.0973
vn -0.2917 0.9297 0.2249
vn -0.2973 0.9541 -0.0368
vn -0.2901 0.9464 -0.1424
vn -0.4671 0.8722 -0.1451
vn -0.0356 0.9076 0.4184
vn -0.1515 0.9629 -0.2235
vn -0.4047 0.8549 0.3246
vn -0.3567 0.9130 -0.1979
vn -0.3719 0.8905 -0.2621
vn -0.1406 0.9868 0.0799
vn -0.4342 0.8894 0.1431
vn -0.5475 0.8213 0.1604
vn -0.5255 0.8218 0.2200
vn -0.4973 0.8235 0.2731
vn -0.4812 0.8204 0.3089
vn -0.3425 0.8787 0.3326
vn -0.2934 0.9002 0.3216
vn -0.2649 0.9164 0.3002
vn -0.5752 0.8139 0.0820
vn -0.5637 0.8255 0.0298
vn -0.5445 0.8385 -0.0197
vn -0.1776 0.9571 0.2289
vn -0.1490 0.9704 0.1902
vn -0.1195 0.9792 0.1639
vn -0.6153 0.3526 -0.7050
vn -0.6299 0.4413 -0.6391
vn -0.2412 0.9199 0.3092
vn -0.5768 0.7916 0.2018
vn -0.6054 0.7581 0.2426
vn -0.4601 0.8201 0.3403
vn -0.5147 0.7971 0.3158
vn -0.5261 0.7713 0.3581
vn -0.5982 0.7918 0.1238
vn -0.6088 0.7920 0.0464
vn -0.1539 0.9850 0.0780
vn -0.1111 0.9935 -0.0255
vn -0.2470 0.9585 -0.1427
vn -0.1977 0.9689 -0.1490
vn -0.1531 0.9771 -0.1480
vn 0.3133 0.7670 0.5600
vn 0.0904 0.7557 0.6487
vn -0.1326 0.7573 0.6395
vn -0.6924 0.6227 0.3645
vn -0.5815 0.6500 0.4893
vn -0.4404 0.7069 0.5535
vn -0.8200 0.5696 0.0571
vn -0.8177 0.5572 0.1445
vn -0.7618 0.5963 0.2534
vn -0.2797 0.9504 0.1362
vn -0.1396 0.9729 0.1844
vn 0.1134 0.9572 0.2664
vn -0.4627 0.8851 -0.0491
vn -0.4401 0.8969 0.0435
vn 0.2874 0.8177 -0.4988
vn 0.5058 0.7860 -0.3554
vn 0.6062 0.7773 -0.1683
vn -0.7973 0.5871 -0.1399
vn -0.7520 0.6081 -0.2543
vn -0.6574 0.6723 -0.3403
vn -0.6635 0.7466 0.0477
vn -0.4744 0.8782 0.0598
vn -0.4688 0.8757 0.1154
vn -0.5865 0.6906 -0.4233
vn -0.4469 0.7138 -0.5392
vn -0.2363 0.7706 -0.5919
vn -0.3545 0.9317 0.0785
vn -0.3518 0.9360 -0.0121
vn -0.2127 0.9582 -0.1914
vn -0.2500 0.9633 0.0982
vn 0.2398 0.9694 0.0519
vn 0.6093 0.7447 0.2723
vn 0.6834 0.7209 0.1155
vn 0.6599 0.7513 -0.0027
vn -0.3950 0.8450 0.3604
vn -0.3994 0.8957 0.1954
vn -0.3853 0.9163 0.1098
vn -0.1341 0.9729 -0.1883
vn 0.0973 0.2811 0.9547
vn 0.0981 -0.1994 0.9750
vn 0.0974 -0.1752 0.9797
vn -0.2001 0.8282 0.5235
vn -0.2735 0.8977 0.3454
vn -0.1195 0.6449 0.7549
vn -0.3467 0.6531 0.6732
vn -0.4668 0.7222 0.5104
vn -0.0960 0.9924 -0.0775
vn 0.0996 0.9776 -0.1853
vn -0.0237 0.9650 0.2612
vn -0.4290 0.6085 0.6676
vn 0.2107 0.4601 0.8625
vn 0.2589 0.4730 0.8422
vn -0.4690 0.6620 0.5846
vn -0.3226 0.6774 0.6611
vn -0.2026 0.6447 0.7371
vn 0.2824 0.0887 0.9552
vn 0.2862 0.0147 0.9581
vn 0.7485 0.2125 0.6281
vn 0.6190 0.3459 0.7051
vn 0.4974 0.1236 0.8587
vn 0.5474 0.0640 0.8344
vn -0.4991 0.5680 0.6544
vn -0.3874 0.6204 0.6819
vn -0.4423 0.5232 0.7284
vn -0.1952 0.7881 0.5838
vn -0.3107 0.8317 0.4601
vn -0.4177 0.8860 0.2016
vn -0.0940 0.7573 0.6462
vn 0.1944 0.0844 0.9773
vn -0.3182 0.9326 -0.1702
vn -0.4137 0.8820 -0.2256
vn -0.0914 0.9910 -0.0980
vn 0.1180 0.0394 0.9922
vn -0.0973 0.9282 0.3590
vn 0.3514 0.0209 0.9360
vn 0.4059 0.0486 0.9126
vn 0.4023 0.1933 0.8949
vn -0.4392 0.7891 -0.4295
vn 0.6922 0.3740 0.6172
vn 0.7218 0.5039 0.4744
vn 0.5711 0.7799 0.2563
vn -0.1793 0.7270 0.6628
vn 0.1595 0.4792 0.8631
vn -0.0400 0.6155 0.7871
vn -0.1344 0.6747 0.7257
vn -0.5921 0.7272 -0.3473
vn -0.6499 0.6317 -0.4225
vn 0.0614 0.3969 0.9158
vn -0.0012 0.6144 0.7890
vn 0.1326 0.3517 0.9267
vn 0.0003 0.5755 0.8178
vn -0.0749 0.6669 0.7414
vn 0.3929 0.3265 0.8597
vn 0.4501 0.3739 0.8109
vn -0.1178 0.9825 0.1440
vn -0.3245 0.8962 0.3025
vn -0.3510 0.8398 0.4141
vn 0.2013 0.5900 0.7819
vn -0.0890 0.7069 0.7017
vn -0.2580 0.7600 0.5964
vn -0.6499 0.7394 -0.1761
vn -0.5148 0.8308 0.2114
vn -0.3810 0.8035 0.4574
vn 0.0272 -0.9987 0.0439
vn 0.7729 -0.4374 0.4597
vn 0.7613 -0.3745 0.5293
vn 0.2977 0.4953 0.8161
vn 0.8653 0.4997 -0.0404
vn 0.7005 0.7131 -0.0299
vn 0.7996 0.5992 -0.0393
vn 0.1465 0.9654 -0.2156
vn 0.1448 0.9381 -0.3146
vn 0.3063 0.9219 -0.2373
vn 0.2785 0.9067 -0.3169
vn 0.1899 0.9222 -0.3368
vn 0.1791 0.8956 -0.4072
vn 0.5450 0.8198 -0.1758
vn 0.4915 0.8467 -0.2037
vn 0.4507 0.8648 -0.2212
vn 0.4283 0.8445 -0.3215
vn 0.3604 0.8647 -0.3499
vn 0.3255 0.8457 -0.4230
vn 0.2247 0.8033 -0.5515
vn 0.6389 0.7417 -0.2042
vn 0.5794 0.7571 -0.3019
vn 0.5022 0.7838 -0.3653
vn 0.4670 0.7575 -0.4562
vn 0.3772 0.7869 -0.4883
vn 0.3612 0.7379 -0.5701
vn 0.3005 0.7522 -0.5864
vn 0.2548 0.7010 -0.6661
vn 0.7519 0.6375 -0.1681
vn 0.6962 0.6531 -0.2978
vn 0.6296 0.6897 -0.3578
vn 0.6065 0.6724 -0.4242
vn 0.5352 0.6893 -0.4883
vn 0.4976 0.6537 -0.5702
vn 0.3912 0.6257 -0.6749
vn 0.2711 0.5981 -0.7542
vn 0.8306 0.5516 -0.0761
vn 0.8385 0.5205 -0.1614
vn 0.7733 0.5595 -0.2983
vn 0.7252 0.6037 -0.3310
vn 0.7160 0.5583 -0.4191
vn 0.6171 0.5622 -0.5505
vn 0.5389 0.6038 -0.5874
vn 0.5227 0.5595 -0.6432
vn 0.4265 0.5714 -0.7011
vn 0.3150 0.5531 -0.7713
vn 0.1369 0.8050 -0.5772
vn 0.1527 0.7126 -0.6848
vn 0.2080 0.6008 -0.7719
vn 0.0747 0.8522 -0.5178
vn 0.1720 0.5360 -0.8265
vn 0.1309 0.5153 -0.8470
vn 0.0503 0.9970 -0.0592
vn 0.2820 0.6764 0.6804
vn 0.3992 0.8044 0.4401
vn 0.5206 0.7741 0.3602
vn 0.4363 0.8159 0.3794
vn 0.4916 0.7903 0.3656
vn 0.5199 0.7466 0.4151
vn 0.0177 0.9527 0.3034
vn 0.2099 0.9376 0.2772
vn 0.1552 0.9545 0.2546
vn 0.5400 0.4744 -0.6953
vn 0.5216 0.4844 -0.7023
vn 0.5615 0.4320 -0.7058
vn 0.0893 0.5424 -0.8354
vn 0.1225 0.4924 -0.8617
vn 0.0766 0.7373 -0.6712
vn 0.4257 0.7231 0.5440
vn 0.3101 0.7413 0.5953
vn 0.0953 0.6411 0.7615
vn 0.0559 0.8084 0.5860
vn 0.1029 0.9533 0.2839
vn 0.1148 0.7001 0.7048
vn -0.4886 0.7940 0.3617
vn -0.6685 0.5145 0.5371
vn -0.6804 0.3855 0.6232
vn 0.0285 0.6726 0.7394
vn 0.0490 0.6328 0.7727
vn 0.2019 0.5893 0.7823
vn 0.0601 0.5678 0.8209
vn 0.1342 0.5157 0.8462
vn 0.2154 0.4946 0.8420
vn 0.5364 0.8378 0.1018
vn 0.4527 0.8891 0.0675
vn 0.4390 0.8979 0.0334
vn 0.1648 0.9803 0.1091
vn 0.2809 0.5912 -0.7560
vn 0.3766 0.5544 -0.7422
vn 0.3364 0.6477 -0.6836
vn 0.3999 0.6004 -0.6925
vn 0.2568 0.7182 -0.6467
vn 0.2904 0.5866 0.7560
vn -0.6050 0.1012 -0.7898
vn -0.7746 0.2085 -0.5971
vn -0.8595 0.3297 -0.3907
vn -0.6250 0.1130 -0.7724
vn -0.5532 0.4029 -0.7292
vn -0.7528 0.3864 -0.5329
vn -0.8466 0.4201 -0.3267
vn -0.8941 0.4438 -0.0598
vn -0.9001 0.4260 0.0907
vn -0.8762 0.4033 0.2639
vn -0.9137 0.3977 0.0839
vn -0.8710 0.4116 0.2684
vn -0.9027 0.4259 -0.0613
vn 0.4370 0.8824 -0.1743
vn 0.3965 0.5336 0.7470
vn 0.5785 0.5186 0.6296
vn 0.7006 0.5168 0.4920
vn 0.4037 0.5324 0.7440
vn 0.5929 0.4848 0.6430
vn 0.7308 0.4561 0.5078
vn 0.4900 0.3272 -0.8080
vn 0.2376 0.1948 -0.9516
vn -0.0707 0.1221 -0.9900
vn 0.5519 0.4480 -0.7034
vn 0.3482 0.4205 -0.8378
vn 0.0545 0.4085 -0.9111
vn -0.5964 0.4180 0.6853
vn -0.3233 0.4608 0.8265
vn -0.0603 0.5113 0.8573
vn -0.5530 0.4746 0.6849
vn -0.2619 0.5228 0.8112
vn -0.0099 0.5515 0.8341
vn 0.3495 0.8673 0.3544
vn 0.2811 0.8980 0.3385
vn 0.3096 0.8792 0.3621
vn 0.3228 0.9432 0.0787
vn 0.1604 0.9866 0.0297
vn 0.1638 0.9865 -0.0077
vn 0.5407 0.6679 -0.5115
vn 0.6115 0.4611 -0.6430
vn 0.6576 0.4766 -0.5835
vn 0.5982 0.7918 0.1238
vn 0.6282 0.7659 0.1367
vn 0.6076 0.7721 0.1861
vn 0.7093 0.7042 0.0315
vn 0.3253 0.5918 0.7376
vn 0.3563 0.6090 0.7087
vn 0.3822 0.6368 0.6696
vn 0.5505 0.6108 0.5691
vn 0.5464 0.6525 0.5251
vn 0.6028 0.6833 0.4119
vn 0.6098 0.6530 0.4493
vn 0.5945 0.7257 0.3463
vn 0.6888 0.6605 0.2987
vn 0.6914 0.6953 0.1962
vn 0.6468 0.7320 0.2141
vn 0.7532 0.6378 0.1610
vn 0.7597 0.6436 0.0929
vn 0.3320 0.5415 0.7724
vn 0.4157 0.4937 0.7638
vn -0.1701 0.1995 0.9650
vn -0.1155 0.2474 0.9620
vn -0.2710 -0.1338 0.9533
vn -0.2004 -0.1303 0.9710
vn -0.2032 -0.1467 0.9681
vn 0.5883 0.5752 0.5684
vn 0.6325 0.5422 0.5532
vn 0.6553 0.5864 0.4761
vn 0.7303 0.5852 0.3524
vn 0.7926 0.5398 0.2835
vn 0.8374 0.5229 0.1591
vn 0.9114 0.4055 -0.0696
vn 0.9379 0.3242 -0.1234
vn 0.9480 0.2101 -0.2392
vn 0.9486 0.0928 -0.3027
vn 0.9230 -0.0481 -0.3817
vn 0.8787 -0.1526 -0.4524
vn 0.8961 0.3487 -0.2746
vn 0.8722 0.4235 -0.2449
vn 0.8205 0.4723 -0.3220
vn 0.9326 0.1889 -0.3074
vn 0.9072 0.2311 -0.3515
vn 0.8391 0.3675 -0.4010
vn 0.8128 0.4293 -0.3937
vn 0.7519 0.4859 -0.4456
vn 0.8847 0.0848 -0.4584
vn 0.8856 0.1777 -0.4291
vn 0.8374 0.2390 -0.4915
vn 0.8068 0.3353 -0.4865
vn 0.7621 0.3612 -0.5373
vn 0.6546 0.4888 -0.5767
vn 0.8811 -0.0808 -0.4659
vn 0.8525 -0.0551 -0.5197
vn 0.8592 0.0409 -0.5101
vn 0.8070 0.0798 -0.5851
vn 0.7946 0.1877 -0.5774
vn 0.7262 0.2390 -0.6445
vn 0.7120 0.3357 -0.6168
vn 0.6407 0.3675 -0.6741
vn 0.6273 0.4272 -0.6511
vn 0.5438 0.4812 -0.6875
vn 0.8185 -0.2125 -0.5338
vn 0.7984 -0.1723 -0.5770
vn 0.7584 -0.0552 -0.6495
vn 0.7506 0.0409 -0.6595
vn 0.7095 0.0838 -0.6997
vn 0.6818 0.1778 -0.7096
vn 0.6146 0.2312 -0.7542
vn 0.5357 0.3472 -0.7697
vn 0.4435 0.4588 -0.7700
vn 0.7619 -0.3140 -0.5665
vn 0.7283 -0.2893 -0.6212
vn 0.7018 -0.1526 -0.6959
vn 0.7154 -0.0808 -0.6940
vn 0.6482 -0.0481 -0.7599
vn 0.5768 0.0929 -0.8116
vn 0.5806 0.1889 -0.7920
vn 0.5210 0.2114 -0.8269
vn 0.4941 0.3229 -0.8072
vn 0.2132 0.4058 -0.8888
vn 0.0862 0.2190 -0.9719
vn 0.1595 0.4060 -0.8998
vn 0.0824 0.4562 -0.8861
vn 0.1242 0.4582 -0.8801
vn 0.0317 0.4791 0.8772
vn 0.0313 0.4205 0.9067
vn 0.0402 0.1019 0.9940
vn 0.0307 0.2096 0.9773
vn 0.0855 0.2941 0.9519
vn 0.1586 0.4068 0.8997
vn 0.2129 0.4270 0.8788
vn 0.3507 0.4368 0.8284
vn 0.5204 0.2102 0.8277
vn 0.5810 0.0925 0.8086
vn 0.6482 -0.0481 0.7599
vn 0.7018 -0.1526 0.6959
vn 0.7279 -0.2888 0.6219
vn 0.4559 0.4264 0.7812
vn 0.5369 0.3501 0.7675
vn 0.5172 0.4192 0.7462
vn 0.5631 0.4739 0.6771
vn 0.5806 0.1889 0.7920
vn 0.6146 0.2312 0.7542
vn 0.6401 0.3673 0.6749
vn 0.6501 0.4908 0.5801
vn 0.6973 0.1080 0.7086
vn 0.6820 0.1781 0.7093
vn 0.7266 0.2407 0.6436
vn 0.7113 0.3357 0.6176
vn 0.7177 0.4312 0.5467
vn 0.7518 0.4891 0.4423
vn 0.7154 -0.0808 0.6940
vn 0.7578 -0.0551 0.6502
vn 0.7503 0.0408 0.6599
vn 0.8059 0.0798 0.5867
vn 0.7947 0.1875 0.5773
vn 0.8366 0.2407 0.4921
vn 0.8066 0.3357 0.4865
vn 0.8391 0.3675 0.4010
vn 0.8127 0.4288 0.3945
vn 0.8208 0.4649 0.3320
vn 0.7984 -0.1723 0.5770
vn 0.8520 -0.0552 0.5206
vn 0.8592 0.0409 0.5101
vn 0.8847 0.0838 0.4585
vn 0.8856 0.1777 0.4291
vn 0.9072 0.2311 0.3515
vn 0.8964 0.3481 0.2744
vn 0.8795 -0.1837 0.4391
vn 0.8807 -0.0794 0.4670
vn 0.9221 -0.0460 0.3841
vn 0.9486 0.0939 0.3023
vn 0.9326 0.1889 0.3074
vn 0.9480 0.2101 0.2392
vn 0.9273 0.3128 0.2054
vn 0.8955 0.4246 0.1333
vn 0.3661 0.2883 -0.8848
vn 0.4464 0.1832 -0.8759
vn 0.5889 -0.0943 -0.8027
vn 0.6347 -0.2132 -0.7428
vn 0.3127 0.3230 -0.8932
vn 0.2235 0.2900 -0.9305
vn 0.3030 0.1706 -0.9376
vn 0.2220 0.2200 -0.9499
vn 0.1364 0.1620 -0.9773
vn 0.4557 0.0881 -0.8857
vn 0.3836 0.0559 -0.9218
vn 0.2319 0.0577 -0.9710
vn 0.0810 0.0458 -0.9957
vn 0.4455 -0.0839 -0.8913
vn 0.3956 -0.0417 -0.9175
vn 0.3071 -0.0798 -0.9483
vn 0.2132 -0.0493 -0.9758
vn 0.1470 -0.0822 -0.9857
vn 0.0842 -0.0596 -0.9947
vn 0.5746 -0.1892 -0.7963
vn 0.5274 -0.2312 -0.8176
vn 0.4646 -0.1786 -0.8673
vn 0.3886 -0.2390 -0.8899
vn 0.3094 -0.1914 -0.9315
vn 0.2022 -0.2319 -0.9515
vn 0.2423 -0.2083 -0.9476
vn 0.1465 -0.1814 -0.9724
vn 0.6166 -0.3220 -0.7185
vn 0.5724 -0.3587 -0.7373
vn 0.4432 -0.3675 -0.8176
vn 0.3666 -0.3357 -0.8677
vn 0.2133 -0.3362 -0.9173
vn 0.1229 -0.3560 -0.9263
vn 0.6452 -0.4141 -0.6420
vn 0.5976 -0.4664 -0.6522
vn 0.5654 -0.4200 -0.7099
vn 0.4745 -0.4723 -0.7428
vn 0.4262 -0.4293 -0.7963
vn 0.3464 -0.4848 -0.8031
vn 0.2849 -0.4525 -0.8450
vn 0.1235 -0.4576 -0.8805
vn 0.2267 0.2912 0.9294
vn 0.1503 0.1664 0.9745
vn 0.0918 0.0418 0.9949
vn 0.0329 -0.0744 0.9967
vn 0.0415 -0.1111 0.9929
vn 0.2697 0.3219 0.9075
vn 0.3670 0.2898 0.8839
vn 0.3030 0.1706 0.9376
vn 0.4460 0.1641 0.8798
vn 0.2331 0.0586 0.9707
vn 0.3842 0.0551 0.9216
vn 0.4391 0.0818 0.8947
vn 0.5224 0.0481 0.8513
vn 0.0867 -0.0611 0.9944
vn 0.1457 -0.0809 0.9860
vn 0.2146 -0.0497 0.9754
vn 0.3071 -0.0798 0.9483
vn 0.3957 -0.0408 0.9175
vn 0.4584 -0.1080 0.8822
vn 0.5889 -0.0943 0.8027
vn 0.0398 -0.1687 0.9849
vn 0.0473 -0.2506 0.9669
vn 0.1629 -0.1769 0.9707
vn 0.2109 -0.2466 0.9459
vn 0.3100 -0.1911 0.9313
vn 0.3886 -0.2390 0.8899
vn 0.4639 -0.1781 0.8678
vn 0.5274 -0.2312 0.8176
vn 0.5746 -0.1892 0.7963
vn 0.6347 -0.2132 0.7428
vn 0.0067 -0.3296 0.9441
vn 0.0696 -0.3275 0.9423
vn 0.1204 -0.3574 0.9262
vn 0.2123 -0.3351 0.9180
vn 0.3666 -0.3357 0.8677
vn 0.4432 -0.3675 0.8176
vn 0.5724 -0.3587 0.7373
vn 0.0395 -0.4245 0.9046
vn 0.1824 -0.4922 0.8511
vn 0.2826 -0.4557 0.8441
vn 0.3461 -0.4855 0.8028
vn 0.4256 -0.4288 0.7969
vn 0.4681 -0.4662 0.7507
vn 0.5654 -0.4200 0.7099
vn 0.6452 -0.4140 0.6422
vn 0.6914 -0.4174 0.5897
vn 0.9185 0.3952 -0.0102
vn 0.9537 0.2906 0.0768
vn 0.9710 0.1832 0.1539
vn 0.9719 0.0462 0.2309
vn 0.9445 -0.0911 0.3156
vn 0.9057 -0.2081 0.3693
vn 0.8359 -0.3284 0.4398
vn 0.9498 0.3128 -0.0111
vn 0.9541 0.2903 -0.0741
vn 0.9853 0.1706 -0.0015
vn 0.9710 0.1832 -0.1539
vn 0.9870 0.0794 0.1398
vn 0.9953 0.0552 0.0796
vn 0.9952 0.0551 -0.0806
vn 0.9870 0.0794 -0.1398
vn 0.9718 0.0460 -0.2312
vn 0.9853 -0.0850 0.1484
vn 0.9948 -0.0417 0.0928
vn 0.9968 -0.0798 0.0010
vn 0.9948 -0.0408 -0.0929
vn 0.9806 -0.1080 -0.1633
vn 0.9453 -0.0932 -0.3125
vn 0.9351 -0.1890 0.2998
vn 0.9405 -0.2311 0.2489
vn 0.9684 -0.1786 0.1739
vn 0.9661 -0.2407 0.0936
vn 0.9823 -0.1875 -0.0001
vn 0.9661 -0.2407 -0.0936
vn 0.9687 -0.1781 -0.1730
vn 0.9405 -0.2312 -0.2489
vn 0.9349 -0.1892 -0.3004
vn 0.9026 -0.2132 -0.3740
vn 0.8865 -0.3491 0.3036
vn 0.9146 -0.3675 0.1688
vn 0.9384 -0.3357 0.0815
vn 0.9327 -0.3605 -0.0136
vn 0.9388 -0.3352 -0.0798
vn 0.9146 -0.3675 -0.1688
vn 0.8850 -0.3514 -0.3054
vn 0.8356 -0.3313 -0.4382
vn 0.8045 -0.4682 0.3655
vn 0.8499 -0.4232 0.3140
vn 0.8586 -0.4662 0.2131
vn 0.8894 -0.4288 0.1585
vn 0.8686 -0.4888 0.0818
vn 0.8708 -0.4846 -0.0826
vn 0.8890 -0.4293 -0.1592
vn 0.8531 -0.4723 -0.2217
vn 0.8577 -0.4067 -0.3147
vn 0.8144 -0.3937 -0.4263
vn 0.6231 -0.5999 -0.5018
vn 0.5576 -0.7045 -0.4390
vn 0.4542 -0.8033 -0.3851
vn 0.3415 -0.8898 -0.3027
vn 0.2357 -0.9423 -0.2379
vn 0.6363 -0.5523 -0.5386
vn 0.5842 -0.5216 -0.6218
vn 0.5087 -0.6359 -0.5804
vn 0.4503 -0.5595 -0.6959
vn 0.4649 -0.7522 -0.4670
vn 0.4306 -0.7379 -0.5197
vn 0.3885 -0.6537 -0.6495
vn 0.3922 -0.6038 -0.6940
vn 0.3316 -0.5615 -0.7581
vn 0.3195 -0.8290 -0.4591
vn 0.3470 -0.7873 -0.5097
vn 0.2801 -0.7567 -0.5907
vn 0.2527 -0.7796 -0.5731
vn 0.2982 -0.6903 -0.6592
vn 0.2565 -0.5923 -0.7638
vn 0.1626 -0.5595 -0.8127
vn 0.2333 -0.9250 -0.3000
vn 0.2365 -0.8727 -0.4272
vn 0.1560 -0.8447 -0.5120
vn 0.1858 -0.8032 -0.5661
vn 0.1281 -0.7531 -0.6453
vn 0.1514 -0.7004 -0.6975
vn 0.0797 -0.6547 -0.7517
vn 0.1018 -0.9524 -0.2872
vn 0.1020 -0.9285 -0.3571
vn 0.7724 -0.5209 -0.3636
vn 0.8010 -0.5595 -0.2132
vn 0.8256 -0.5583 -0.0818
vn 0.8238 -0.5611 0.0814
vn 0.8079 -0.5398 0.2366
vn 0.7720 -0.5202 0.3652
vn 0.7069 -0.6304 -0.3208
vn 0.6731 -0.6355 -0.3784
vn 0.5912 -0.7170 -0.3693
vn 0.7813 -0.6037 -0.1585
vn 0.7377 -0.6537 -0.1688
vn 0.6274 -0.7379 -0.2489
vn 0.5873 -0.7518 -0.2998
vn 0.5038 -0.8041 -0.3156
vn 0.7404 -0.6720 0.0143
vn 0.7200 -0.6893 -0.0805
vn 0.6460 -0.7575 -0.0946
vn 0.5925 -0.7868 -0.1730
vn 0.5348 -0.8292 -0.1625
vn 0.3933 -0.8899 -0.2309
vn 0.7803 -0.6052 0.1580
vn 0.7377 -0.6537 0.1688
vn 0.7196 -0.6897 0.0806
vn 0.6473 -0.7565 0.0936
vn 0.6071 -0.7947 -0.0000
vn 0.5171 -0.8559 0.0010
vn 0.4814 -0.8716 -0.0929
vn 0.3958 -0.9148 -0.0806
vn 0.3704 -0.9183 -0.1398
vn 0.2704 -0.9504 -0.1539
vn 0.7092 -0.6359 0.3045
vn 0.6274 -0.7379 0.2489
vn 0.5925 -0.7868 0.1730
vn 0.5348 -0.8292 0.1625
vn 0.4814 -0.8716 0.0929
vn 0.3958 -0.9149 0.0797
vn 0.2880 -0.9576 -0.0015
vn 0.1662 -0.9833 -0.0741
vn 0.7089 -0.5522 0.4388
vn 0.6698 -0.5999 0.4375
vn 0.5912 -0.7170 0.3694
vn 0.5873 -0.7518 0.2998
vn 0.5055 -0.8042 0.3126
vn 0.3912 -0.8901 0.2338
vn 0.3687 -0.9188 0.1410
vn 0.2958 -0.9426 0.1548
vn 0.1686 -0.9828 0.0759
vn 0.1354 -0.9905 -0.0237
vn 0.0775 -0.9970 0.0002
vn 0.0585 -0.6688 0.7411
vn 0.0945 -0.5938 0.7991
vn 0.0200 -0.7629 0.6462
vn 0.1077 -0.7749 0.6228
vn 0.1373 -0.7046 0.6962
vn 0.2133 -0.6694 0.7116
vn 0.3324 -0.5615 0.7578
vn 0.0376 -0.8525 0.5214
vn 0.1550 -0.8452 0.5115
vn 0.1310 -0.8698 0.4756
vn 0.1787 -0.7875 0.5898
vn 0.2797 -0.7569 0.5907
vn 0.2991 -0.6893 0.6599
vn 0.3885 -0.6537 0.6495
vn 0.3930 -0.6031 0.6941
vn 0.4593 -0.5518 0.6961
vn 0.0125 -0.9677 0.2519
vn 0.0039 -0.9560 0.2933
vn 0.1018 -0.9524 0.2872
vn 0.1020 -0.9285 0.3571
vn 0.2063 -0.9178 0.3391
vn 0.2365 -0.8727 0.4272
vn 0.3195 -0.8290 0.4591
vn 0.3470 -0.7873 0.5097
vn 0.4306 -0.7379 0.5197
vn 0.5112 -0.6370 0.5770
vn 0.5842 -0.5216 0.6218
vn 0.1371 -0.9813 0.1349
vn 0.2348 -0.9502 0.2049
vn 0.3397 -0.8903 0.3032
vn 0.4558 -0.8041 0.3817
vn 0.4659 -0.7517 0.4668
vn 0.5584 -0.7034 0.4398
vn 0.5549 -0.6375 0.5345
vn 0.6842 -0.4802 0.5489
vn 0.0376 -0.9112 0.4102
vn 0.0130 -0.9678 -0.2515
vn 0.0039 -0.9560 -0.2933
vn 0.0004 -0.8048 -0.5936
vn 0.0243 -0.7858 -0.6180
vn 0.0182 -0.7633 -0.6457
vn 0.0373 -0.8491 -0.5269
vn 0.0377 -0.9110 -0.4106
vn 0.0732 -0.2436 -0.9671
vn 0.0316 -0.3482 -0.9369
vn 0.0298 0.3457 -0.9379
vn 0.0790 0.6395 -0.7647
vn 0.0514 0.6822 -0.7293
vn 0.0381 0.7950 -0.6054
vn -0.0004 0.9382 -0.3462
vn 0.0651 0.9484 -0.3103
vn 0.0279 0.9830 -0.1815
vn 0.0421 0.9669 -0.2515
vn 0.0334 0.5400 -0.8410
vn 0.0434 0.0957 -0.9945
vn 0.0438 -0.0917 -0.9948
vn 0.0277 -0.4713 -0.8815
vn 0.0311 -0.5587 -0.8288
vn 0.2540 0.9416 -0.2209
vn 0.3573 0.9199 -0.1619
vn 0.3981 0.9148 -0.0680
vn 0.3171 0.9242 0.2127
vn 0.3773 0.8949 0.2384
vn 0.4113 0.8881 0.2053
vn 0.0740 0.9893 -0.1260
vn 0.0602 0.9978 -0.0278
vn 0.3991 0.9138 0.0755
vn 0.2418 0.9536 0.1796
vn 0.3533 0.9328 0.0716
vn 0.3393 0.9257 0.1673
vn 0.2149 0.9735 -0.0777
vn 0.2718 0.9604 -0.0607
vn 0.5912 0.8062 -0.0233
vn 0.8920 0.4063 -0.1983
vn 0.8498 0.4064 -0.3358
vn 0.7695 0.4212 -0.4800
vn 0.9048 0.3531 -0.2379
vn 0.8464 0.3710 -0.3820
vn 0.7555 0.4302 -0.4940
vn 0.2101 0.9489 0.2354
vn 0.3447 0.9372 -0.0532
vn 0.1502 0.9621 0.2276
vn 0.1241 0.9728 0.1957
vn 0.8255 0.5025 0.2569
vn 0.8842 0.4451 0.1417
vn 0.8943 0.4431 0.0630
vn 0.8777 0.4071 0.2528
vn 0.9139 0.3751 0.1551
vn 0.9339 0.3566 0.0280
vn 0.2277 0.9170 0.3276
vn 0.1554 0.9340 0.3218
vn 0.1397 0.8754 0.4627
vn 0.0913 0.9781 0.1871
vn 0.5408 0.5259 0.6565
vn 0.5544 0.7876 0.2689
vn 0.5076 0.8501 -0.1404
vn 0.5409 0.8411 -0.0068
vn 0.6516 0.7581 -0.0273
vn 0.6110 0.7815 -0.1263
vn 0.5735 0.8098 0.1239
vn 0.3545 0.9081 -0.2230
vn 0.0997 0.9943 0.0373
vn 0.0461 0.9841 -0.1717
vn -0.1653 0.9823 -0.0880
vn 0.2258 0.9742 0.0059
vn 0.0233 0.9922 0.1224
vn -0.2796 0.9509 0.1323
vn -0.1972 0.9562 0.2163
vn 0.0949 0.9843 0.1490
vn 0.5132 0.8372 0.1892
vn 0.5669 0.7720 0.2876
vn 0.2353 0.9427 0.2365
vn -0.0347 0.9378 0.3454
vn 0.0873 0.9045 0.4174
vn 0.2539 0.8811 0.3991
vn 0.0284 0.9941 0.1049
vn 0.0393 0.9974 0.0611
vn 0.1982 0.7746 0.6005
vn 0.3149 0.8738 0.3705
vn 0.3161 0.8593 0.4022
vn 0.3353 0.8308 0.4442
vn 0.1942 0.6781 0.7088
vn 0.1805 0.8940 0.4100
vn 0.2439 0.8482 0.4702
vn 0.2807 0.6720 0.6853
vn -0.4633 0.0588 0.8843
vn -0.3943 0.0850 0.9150
vn -0.3393 0.0477 0.9395
vn -0.5001 -0.1156 0.8582
vn -0.5188 -0.0450 0.8537
vn -0.6147 0.2493 0.7483
vn -0.5733 0.1992 0.7948
vn -0.5266 0.1634 0.8343
vn -0.6658 0.1915 0.7212
vn -0.6089 0.1688 0.7751
vn -0.5654 0.1106 0.8174
vn -0.0240 0.5477 0.8363
vn -0.2086 0.3675 0.9063
vn 0.1901 0.9271 0.3230
vn 0.3062 0.9143 0.2651
vn 0.1375 0.8470 0.5136
vn 0.2106 0.8461 0.4897
vn 0.1006 0.7966 0.5961
vn -0.1503 0.5415 0.8272
vn 0.0880 0.6614 0.7448
vn 0.2714 0.7310 0.6261
vn 0.5624 0.8249 -0.0569
vn 0.4157 0.9061 -0.0782
vn 0.0689 0.9255 0.3724
vn 0.0417 0.6994 0.7135
vn 0.0048 0.5906 0.8069
vn 0.0524 0.8308 0.5541
vn -0.1818 0.8923 0.4132
vn -0.3663 0.7160 0.5942
vn -0.3135 0.6168 0.7220
vn 0.0916 0.7742 0.6262
vn 0.5005 0.8577 0.1178
vn 0.5971 0.8021 0.0028
vn 0.4089 0.8214 0.3976
vn 0.3044 0.7780 0.5496
vn -0.0223 -0.9972 0.0711
vn -0.7361 -0.4961 0.4605
vn -0.7626 -0.4286 0.4846
vn -0.7542 -0.3818 0.5343
vn -0.7535 -0.3796 -0.5369
vn -0.2314 0.5132 -0.8265
vn -0.7005 0.7131 -0.0299
vn -0.1637 0.9654 -0.2030
vn -0.3063 0.9219 -0.2373
vn -0.2785 0.9067 -0.3169
vn -0.1871 0.9234 -0.3351
vn -0.5450 0.8198 -0.1758
vn -0.4507 0.8648 -0.2212
vn -0.4283 0.8445 -0.3215
vn -0.3604 0.8647 -0.3499
vn -0.3255 0.8457 -0.4230
vn -0.2290 0.8395 -0.4928
vn -0.2247 0.8033 -0.5515
vn -0.6556 0.7504 -0.0841
vn -0.6389 0.7417 -0.2042
vn -0.5799 0.7561 -0.3034
vn -0.5033 0.7844 -0.3626
vn -0.4827 0.8100 -0.3331
vn -0.4670 0.7575 -0.4562
vn -0.3772 0.7869 -0.4883
vn -0.3612 0.7379 -0.5701
vn -0.3005 0.7522 -0.5864
vn -0.2548 0.7010 -0.6661
vn -0.7658 0.6371 -0.0880
vn -0.7601 0.6307 -0.1567
vn -0.6962 0.6531 -0.2978
vn -0.6298 0.6893 -0.3581
vn -0.5906 0.6720 -0.4467
vn -0.5348 0.6897 -0.4882
vn -0.4976 0.6537 -0.5702
vn -0.3934 0.6372 -0.6627
vn -0.3187 0.6391 -0.6999
vn -0.8376 0.5230 -0.1582
vn -0.7733 0.5595 -0.2983
vn -0.7252 0.6037 -0.3310
vn -0.7143 0.5611 -0.4183
vn -0.6198 0.5583 -0.5515
vn -0.5389 0.6038 -0.5874
vn -0.5227 0.5595 -0.6433
vn -0.3523 0.5279 -0.7728
vn -0.3250 0.4979 -0.8040
vn -0.1136 0.8969 -0.4275
vn -0.1369 0.8050 -0.5772
vn -0.1516 0.7128 -0.6848
vn -0.2093 0.5993 -0.7727
vn -0.0766 0.8511 -0.5193
vn -0.1238 0.7426 -0.6582
vn -0.1328 0.5157 -0.8464
vn -0.0377 0.9945 -0.0979
vn -0.2820 0.6764 0.6804
vn -0.3991 0.8044 0.4401
vn -0.5206 0.7741 0.3602
vn -0.4916 0.7903 0.3656
vn -0.4363 0.8159 0.3794
vn -0.5199 0.7466 0.4151
vn -0.0181 0.9522 0.3050
vn -0.2099 0.9376 0.2772
vn -0.1575 0.9537 0.2563
vn -0.1145 0.9653 0.2347
vn -0.5400 0.4744 -0.6953
vn -0.5216 0.4844 -0.7023
vn -0.5615 0.4320 -0.7058
vn -0.0919 0.5480 -0.8314
vn -0.0706 0.4761 -0.8766
vn -0.1272 0.7509 -0.6481
vn -0.4257 0.7231 0.5440
vn -0.0953 0.6411 0.7615
vn -0.3101 0.7413 0.5953
vn -0.0625 0.7028 0.7086
vn -0.1122 0.7005 0.7047
vn 0.4886 0.7940 0.3617
vn 0.6685 0.5145 0.5370
vn 0.6805 0.3855 0.6232
vn -0.0272 0.6744 0.7379
vn -0.0734 0.6307 0.7725
vn -0.0369 0.5241 0.8509
vn -0.0601 0.5676 0.8211
vn -0.1316 0.5155 0.8467
vn -0.1796 0.5416 0.8213
vn -0.2268 0.4993 0.8362
vn -0.5364 0.8378 0.1018
vn -0.1648 0.9803 0.1091
vn -0.4527 0.8891 0.0675
vn -0.4390 0.8979 0.0334
vn -0.2794 0.5865 -0.7603
vn -0.2709 0.4811 -0.8338
vn -0.3423 0.6820 -0.6464
vn -0.3766 0.5544 -0.7422
vn -0.3988 0.6008 -0.6929
vn -0.2905 0.5859 0.7565
vn 0.6050 0.1012 -0.7898
vn 0.6250 0.1130 -0.7724
vn 0.5532 0.4029 -0.7292
vn 0.7746 0.2085 -0.5971
vn 0.7528 0.3864 -0.5329
vn 0.8595 0.3297 -0.3907
vn 0.8466 0.4201 -0.3267
vn 0.8941 0.4438 -0.0598
vn 0.9027 0.4259 -0.0613
vn 0.9001 0.4260 0.0907
vn 0.9137 0.3977 0.0839
vn 0.8762 0.4033 0.2639
vn 0.8710 0.4116 0.2684
vn -0.4370 0.8824 -0.1743
vn -0.3965 0.5336 0.7470
vn -0.4037 0.5324 0.7440
vn -0.5785 0.5186 0.6296
vn -0.5929 0.4848 0.6430
vn -0.7006 0.5168 0.4920
vn -0.7308 0.4561 0.5078
vn -0.4900 0.3272 -0.8080
vn -0.5519 0.4480 -0.7034
vn -0.2376 0.1948 -0.9516
vn -0.3482 0.4205 -0.8378
vn 0.0707 0.1221 -0.9900
vn -0.0545 0.4085 -0.9111
vn 0.5964 0.4180 0.6853
vn 0.5530 0.4746 0.6849
vn 0.3233 0.4608 0.8265
vn 0.2619 0.5228 0.8112
vn 0.0603 0.5113 0.8573
vn 0.0099 0.5515 0.8341
vn -0.2811 0.8980 0.3385
vn -0.3096 0.8792 0.3621
vn -0.3495 0.8673 0.3544
vn -0.1604 0.9866 0.0299
vn -0.1633 0.9865 -0.0087
vn -0.3228 0.9432 0.0787
vn -0.6115 0.4611 -0.6430
vn -0.6576 0.4766 -0.5835
vn -0.5407 0.6679 -0.5115
vn -0.6282 0.7659 0.1367
vn -0.6076 0.7721 0.1861
vn -0.7093 0.7042 0.0315
vn -0.3253 0.5918 0.7376
vn -0.3563 0.6090 0.7087
vn -0.3822 0.6368 0.6696
vn -0.5505 0.6108 0.5691
vn -0.5625 0.6874 0.4595
vn -0.6028 0.6833 0.4119
vn -0.6098 0.6530 0.4493
vn -0.5945 0.7257 0.3463
vn -0.6888 0.6605 0.2987
vn -0.6914 0.6953 0.1962
vn -0.7533 0.6378 0.1604
vn -0.7984 0.6009 0.0381
vn -0.3310 0.5416 0.7727
vn -0.4157 0.4937 0.7638
vn -0.3530 0.5244 0.7748
vn 0.1689 0.1987 0.9654
vn 0.2710 -0.1338 0.9533
vn 0.2055 -0.1439 0.9680
vn 0.2009 -0.1485 0.9683
vn -0.5888 0.5749 0.5682
vn -0.6424 0.5421 0.5418
vn -0.6540 0.5874 0.4766
vn -0.7350 0.5860 0.3413
vn -0.7730 0.5609 0.2963
vn -0.8381 0.5215 0.1600
vn -0.8373 0.5385 0.0947
vn -0.8656 0.4989 0.0427
vn -0.8956 0.4371 -0.0830
vn -0.9346 0.3287 -0.1358
vn -0.9480 0.2102 -0.2391
vn -0.9486 0.0925 -0.3027
vn -0.9230 -0.0481 -0.3817
vn -0.8801 -0.1569 -0.4481
vn -0.8172 -0.2886 -0.4988
vn -0.8948 0.4254 -0.1353
vn -0.8663 0.4672 -0.1770
vn -0.8955 0.3514 -0.2731
vn -0.8205 0.4723 -0.3220
vn -0.9326 0.1889 -0.3074
vn -0.9072 0.2311 -0.3515
vn -0.8391 0.3675 -0.4010
vn -0.8128 0.4294 -0.3937
vn -0.7508 0.4888 -0.4443
vn -0.8887 0.1081 -0.4455
vn -0.8853 0.1774 -0.4299
vn -0.8374 0.2390 -0.4915
vn -0.8071 0.3357 -0.4856
vn -0.7458 0.3610 -0.5598
vn -0.6560 0.4846 -0.5787
vn -0.8811 -0.0811 -0.4659
vn -0.8520 -0.0552 -0.5206
vn -0.8592 0.0399 -0.5101
vn -0.8059 0.0798 -0.5867
vn -0.7947 0.1877 -0.5773
vn -0.7262 0.2390 -0.6445
vn -0.7126 0.3352 -0.6163
vn -0.6407 0.3675 -0.6741
vn -0.6256 0.4294 -0.6514
vn -0.5598 0.4723 -0.6808
vn -0.7980 -0.1706 -0.5779
vn -0.7578 -0.0551 -0.6502
vn -0.7503 0.0417 -0.6598
vn -0.7100 0.0839 -0.6992
vn -0.6813 0.1786 -0.7099
vn -0.6146 0.2312 -0.7542
vn -0.5384 0.3472 -0.7679
vn -0.4418 0.4574 -0.7718
vn -0.7620 -0.3139 -0.5665
vn -0.7291 -0.2900 -0.6200
vn -0.6893 -0.1837 -0.7008
vn -0.7163 -0.0794 -0.6932
vn -0.6508 -0.0462 -0.7578
vn -0.5810 0.0925 -0.8086
vn -0.5806 0.1889 -0.7920
vn -0.5204 0.2101 -0.8276
vn -0.4819 0.3128 -0.8185
vn -0.4072 0.3242 -0.8539
vn -0.3400 0.4322 -0.8352
vn -0.1978 0.4411 -0.8754
vn -0.0881 0.2221 -0.9710
vn -0.1590 0.4064 -0.8997
vn -0.0929 0.2963 -0.9506
vn -0.0320 0.4710 -0.8816
vn -0.0205 0.4238 0.9055
vn -0.0290 0.3940 0.9187
vn -0.0822 0.4609 0.8837
vn -0.1249 0.4568 0.8807
vn -0.0388 0.0890 0.9953
vn -0.0803 0.2204 0.9721
vn -0.0787 0.2664 0.9607
vn -0.1405 0.3465 0.9275
vn -0.1601 0.4068 0.8994
vn -0.2145 0.4066 0.8880
vn -0.3275 0.4242 0.8443
vn -0.4183 0.3272 0.8473
vn -0.5205 0.2102 0.8276
vn -0.5810 0.0928 0.8086
vn -0.6482 -0.0481 0.7599
vn -0.7018 -0.1526 0.6959
vn -0.7197 -0.2991 0.6265
vn -0.4193 0.4100 0.8100
vn -0.5376 0.3506 0.7669
vn -0.5631 0.4739 0.6771
vn -0.5806 0.1889 0.7920
vn -0.6146 0.2312 0.7542
vn -0.6401 0.3673 0.6749
vn -0.6498 0.4900 0.5811
vn -0.6261 0.0510 0.7781
vn -0.7099 0.0850 0.6992
vn -0.6813 0.1786 0.7099
vn -0.7266 0.2407 0.6436
vn -0.7113 0.3357 0.6176
vn -0.7248 0.4557 0.5167
vn -0.7518 0.4883 0.4431
vn -0.7154 -0.0808 0.6940
vn -0.7584 -0.0552 0.6495
vn -0.7503 0.0417 0.6598
vn -0.8059 0.0798 0.5867
vn -0.7947 0.1875 0.5773
vn -0.8366 0.2407 0.4921
vn -0.8066 0.3357 0.4865
vn -0.8391 0.3675 0.4010
vn -0.8131 0.4272 0.3954
vn -0.8219 0.4812 0.3047
vn -0.7971 -0.1862 0.5744
vn -0.8525 -0.0551 0.5197
vn -0.8593 0.0417 0.5097
vn -0.8843 0.0850 0.4591
vn -0.8857 0.1786 0.4286
vn -0.9072 0.2311 0.3515
vn -0.8964 0.3481 0.2744
vn -0.8767 0.4096 0.2521
vn -0.7525 -0.3216 0.5748
vn -0.8237 -0.2230 0.5213
vn -0.8787 -0.1526 0.4524
vn -0.8811 -0.0808 0.4659
vn -0.9220 -0.0488 0.3840
vn -0.9496 0.0911 0.2998
vn -0.9326 0.1889 0.3074
vn -0.9480 0.2101 0.2392
vn -0.9273 0.3128 0.2054
vn -0.9378 0.3239 0.1247
vn -0.2825 0.3782 -0.8815
vn -0.3664 0.2902 -0.8840
vn -0.4464 0.1832 -0.8759
vn -0.5224 0.0481 -0.8513
vn -0.5895 -0.0928 -0.8024
vn -0.6311 -0.2081 -0.7473
vn -0.3053 0.3156 -0.8984
vn -0.2252 0.2918 -0.9296
vn -0.3066 0.1708 -0.9364
vn -0.1382 0.1514 -0.9788
vn -0.4380 0.0794 -0.8955
vn -0.3842 0.0551 -0.9216
vn -0.2331 0.0585 -0.9707
vn -0.0885 0.0421 -0.9952
vn -0.4455 -0.0839 -0.8913
vn -0.3956 -0.0417 -0.9175
vn -0.3071 -0.0798 -0.9483
vn -0.2132 -0.0493 -0.9758
vn -0.1470 -0.0822 -0.9857
vn -0.0868 -0.0611 -0.9944
vn -0.5741 -0.1890 -0.7967
vn -0.5274 -0.2312 -0.8176
vn -0.4646 -0.1786 -0.8673
vn -0.3886 -0.2390 -0.8899
vn -0.3094 -0.1914 -0.9315
vn -0.2023 -0.2321 -0.9514
vn -0.1465 -0.1814 -0.9724
vn -0.6292 -0.3155 -0.7103
vn -0.5761 -0.3516 -0.7379
vn -0.4432 -0.3675 -0.8176
vn -0.3666 -0.3357 -0.8677
vn -0.1471 -0.3646 -0.9195
vn -0.5635 -0.4064 -0.7193
vn -0.4745 -0.4723 -0.7428
vn -0.4262 -0.4294 -0.7963
vn -0.3461 -0.4855 -0.8028
vn -0.2826 -0.4557 -0.8441
vn -0.1134 -0.4533 -0.8841
vn -0.3080 0.3740 0.8748
vn -0.2269 0.2891 0.9300
vn -0.1378 0.1517 0.9788
vn -0.0909 0.0429 0.9949
vn -0.0421 -0.0926 0.9948
vn -0.2832 0.3152 0.9058
vn -0.2218 0.2205 0.9498
vn -0.3084 0.1856 0.9330
vn -0.3599 0.2230 0.9059
vn -0.4464 0.1832 0.8759
vn -0.2331 0.0586 0.9707
vn -0.3842 0.0551 0.9216
vn -0.4380 0.0794 0.8955
vn -0.5196 0.0462 0.8532
vn -0.0842 -0.0596 0.9947
vn -0.1457 -0.0809 0.9860
vn -0.2146 -0.0497 0.9754
vn -0.3071 -0.0798 0.9483
vn -0.3956 -0.0417 0.9175
vn -0.4455 -0.0839 0.8913
vn -0.5895 -0.0925 0.8025
vn -0.0459 -0.2489 0.9674
vn -0.0739 -0.2126 0.9743
vn -0.1629 -0.1769 0.9707
vn -0.2109 -0.2466 0.9459
vn -0.3100 -0.1910 0.9313
vn -0.3876 -0.2407 0.8899
vn -0.4646 -0.1786 0.8673
vn -0.5274 -0.2312 0.8176
vn -0.5746 -0.1892 0.7963
vn -0.6347 -0.2132 0.7428
vn -0.0374 -0.3628 0.9311
vn -0.0683 -0.3215 0.9444
vn -0.1218 -0.3634 0.9236
vn -0.2123 -0.3351 0.9180
vn -0.3666 -0.3357 0.8677
vn -0.4432 -0.3675 0.8176
vn -0.5654 -0.3478 0.7479
vn -0.6752 -0.3290 0.6602
vn -0.0338 -0.4282 0.9030
vn -0.0263 -0.4869 0.8731
vn -0.1824 -0.4922 0.8511
vn -0.2593 -0.4312 0.8642
vn -0.3477 -0.4846 0.8027
vn -0.4256 -0.4288 0.7969
vn -0.4681 -0.4662 0.7507
vn -0.5963 -0.4682 0.6521
vn -0.6590 -0.3933 0.6411
vn -0.6789 -0.4355 0.5912
vn -0.9264 0.3764 -0.0090
vn -0.9540 0.2910 0.0726
vn -0.9710 0.1832 0.1539
vn -0.9718 0.0460 0.2312
vn -0.9027 -0.2131 0.3737
vn -0.8354 -0.3299 0.4397
vn -0.9495 0.3136 0.0105
vn -0.9826 0.1856 -0.0050
vn -0.9728 0.2230 -0.0624
vn -0.9746 0.1641 -0.1523
vn -0.9870 0.0794 0.1398
vn -0.9953 0.0552 0.0796
vn -0.9952 0.0551 -0.0806
vn -0.9866 0.0818 -0.1412
vn -0.9711 0.0481 -0.2338
vn -0.9854 -0.0839 0.1483
vn -0.9948 -0.0417 0.0928
vn -0.9968 -0.0798 -0.0010
vn -0.9948 -0.0408 -0.0929
vn -0.9806 -0.1080 -0.1634
vn -0.9454 -0.0943 -0.3120
vn -0.9302 -0.1786 0.3207
vn -0.9402 -0.2321 0.2492
vn -0.9684 -0.1786 0.1739
vn -0.9661 -0.2407 0.0936
vn -0.9823 -0.1875 0.0001
vn -0.9661 -0.2407 -0.0936
vn -0.9687 -0.1781 -0.1730
vn -0.9405 -0.2312 -0.2489
vn -0.9357 -0.1894 -0.2978
vn -0.8939 -0.2126 -0.3947
vn -0.8865 -0.3491 0.3036
vn -0.9146 -0.3675 0.1688
vn -0.9384 -0.3357 0.0815
vn -0.9325 -0.3610 -0.0145
vn -0.9388 -0.3352 -0.0798
vn -0.9146 -0.3675 -0.1688
vn -0.8858 -0.3472 -0.3079
vn -0.8742 -0.3229 -0.3626
vn -0.8095 -0.3887 0.4400
vn -0.8499 -0.4232 0.3140
vn -0.8441 -0.4812 0.2366
vn -0.8902 -0.4272 0.1580
vn -0.8703 -0.4855 0.0828
vn -0.8702 -0.4859 -0.0814
vn -0.8902 -0.4272 -0.1580
vn -0.8441 -0.4812 -0.2366
vn -0.8113 -0.4588 -0.3622
vn -0.7720 -0.4378 -0.4609
vn -0.6231 -0.5999 -0.5018
vn -0.5294 -0.7177 -0.4524
vn -0.4535 -0.8042 -0.3841
vn -0.3432 -0.8901 -0.2998
vn -0.2288 -0.9509 -0.2084
vn -0.1276 -0.9845 -0.1206
vn -0.5832 -0.5211 -0.6231
vn -0.5095 -0.6375 -0.5779
vn -0.4503 -0.5595 -0.6959
vn -0.4663 -0.7520 -0.4659
vn -0.4306 -0.7379 -0.5197
vn -0.3885 -0.6537 -0.6495
vn -0.3922 -0.6038 -0.6940
vn -0.3316 -0.5621 -0.7576
vn -0.3195 -0.8290 -0.4591
vn -0.3470 -0.7873 -0.5097
vn -0.2797 -0.7569 -0.5907
vn -0.2991 -0.6893 -0.6599
vn -0.2576 -0.5952 -0.7611
vn -0.1633 -0.5614 -0.8113
vn -0.2518 -0.9218 -0.2947
vn -0.2365 -0.8727 -0.4272
vn -0.1667 -0.8444 -0.5091
vn -0.1317 -0.8703 -0.4745
vn -0.1846 -0.8042 -0.5649
vn -0.1295 -0.7529 -0.6452
vn -0.1395 -0.6988 -0.7016
vn -0.0804 -0.6550 -0.7514
vn -0.0927 -0.5800 -0.8093
vn -0.0992 -0.9535 -0.2846
vn -0.1236 -0.9308 -0.3440
vn -0.7252 -0.4989 -0.4746
vn -0.8010 -0.5595 -0.2131
vn -0.8256 -0.5583 -0.0818
vn -0.8237 -0.5612 0.0817
vn -0.8010 -0.5595 0.2131
vn -0.7706 -0.5215 0.3663
vn -0.7150 -0.5523 -0.4285
vn -0.6635 -0.5982 -0.4493
vn -0.7479 -0.5848 -0.3141
vn -0.7077 -0.6295 -0.3207
vn -0.6731 -0.6354 -0.3784
vn -0.5943 -0.7120 -0.3740
vn -0.7813 -0.6038 -0.1585
vn -0.7377 -0.6537 -0.1688
vn -0.6274 -0.7379 -0.2489
vn -0.5873 -0.7516 -0.3004
vn -0.5038 -0.8041 -0.3156
vn -0.7404 -0.6720 -0.0143
vn -0.7196 -0.6897 -0.0806
vn -0.6473 -0.7565 -0.0936
vn -0.5928 -0.7863 -0.1739
vn -0.5157 -0.8438 -0.1483
vn -0.3934 -0.8903 -0.2294
vn -0.7813 -0.6038 0.1585
vn -0.7383 -0.6531 0.1683
vn -0.7200 -0.6893 0.0805
vn -0.6473 -0.7565 0.0936
vn -0.6070 -0.7947 -0.0001
vn -0.5171 -0.8559 0.0010
vn -0.4822 -0.8711 -0.0928
vn -0.3958 -0.9149 -0.0796
vn -0.3690 -0.9187 -0.1410
vn -0.3004 -0.9419 -0.1505
vn -0.7092 -0.6359 0.3045
vn -0.6281 -0.7374 0.2484
vn -0.5920 -0.7873 0.1725
vn -0.5357 -0.8285 0.1628
vn -0.4806 -0.8721 0.0923
vn -0.3957 -0.9148 0.0806
vn -0.2880 -0.9576 -0.0015
vn -0.1627 -0.9840 -0.0727
vn -0.7406 -0.5269 0.4169
vn -0.6683 -0.6007 0.4388
vn -0.5961 -0.7016 0.3905
vn -0.5878 -0.7522 0.2978
vn -0.5038 -0.8041 0.3156
vn -0.3933 -0.8899 0.2309
vn -0.3704 -0.9183 0.1398
vn -0.2693 -0.9494 0.1617
vn -0.1684 -0.9827 0.0765
vn -0.0793 -0.9969 -0.0017
vn -0.0101 -0.6818 0.7314
vn -0.0631 -0.6708 0.7390
vn -0.0908 -0.5910 0.8015
vn -0.0384 -0.7840 0.6196
vn -0.1092 -0.7746 0.6229
vn -0.1346 -0.7050 0.6963
vn -0.2133 -0.6694 0.7116
vn -0.3329 -0.5583 0.7599
vn -0.0505 -0.8514 0.5220
vn -0.1719 -0.8458 0.5051
vn -0.1791 -0.7887 0.5881
vn -0.2831 -0.7636 0.5803
vn -0.2991 -0.6893 0.6599
vn -0.3882 -0.6531 0.6502
vn -0.3930 -0.6031 0.6941
vn -0.4593 -0.5518 0.6961
vn -0.0996 -0.9530 0.2861
vn -0.1236 -0.9308 0.3440
vn -0.2365 -0.8727 0.4272
vn -0.3195 -0.8290 0.4591
vn -0.3470 -0.7873 0.5097
vn -0.4304 -0.7374 0.5206
vn -0.5112 -0.6370 0.5770
vn -0.5859 -0.5202 0.6214
vn -0.0257 -0.9929 0.1163
vn -0.0166 -0.9852 0.1706
vn -0.2378 -0.9427 0.2340
vn -0.2539 -0.9219 0.2926
vn -0.3408 -0.8900 0.3028
vn -0.4535 -0.8042 0.3841
vn -0.4663 -0.7520 0.4659
vn -0.5294 -0.7177 0.4524
vn -0.6324 -0.5982 0.4922
vn -0.6285 -0.5523 0.5476
vn -0.6755 -0.4989 0.5430
vn -0.0242 -0.9289 0.3695
vn -0.0433 -0.9086 0.4155
vn -0.0055 -0.9548 -0.2973
vn -0.0392 -0.9852 -0.1666
vn -0.0198 -0.7627 -0.6465
vn -0.0489 -0.8507 -0.5233
vn -0.0242 -0.9289 -0.3695
vn -0.0433 -0.9088 -0.4150
vn -0.0910 -0.2454 -0.9651
vn -0.0495 -0.2561 -0.9654
vn -0.0508 -0.3508 -0.9351
vn -0.0245 -0.1638 -0.9862
vn -0.0277 0.3414 0.9395
vn -0.0479 0.4222 -0.9052
vn -0.0243 0.3515 -0.9359
vn -0.0779 0.6395 -0.7649
vn -0.0473 0.6890 -0.7232
vn -0.0651 0.9472 -0.3140
vn -0.0226 0.9039 -0.4271
vn -0.0368 0.5313 -0.8464
vn -0.0378 0.0920 -0.9950
vn -0.0327 -0.0738 -0.9967
vn -0.0521 -0.4711 -0.8805
vn -0.0122 -0.5865 -0.8099
vn -0.0284 -0.5655 0.8243
vn -0.2540 0.9416 -0.2209
vn -0.3171 0.9242 0.2127
vn -0.3573 0.9199 -0.1619
vn -0.3981 0.9148 -0.0680
vn -0.3773 0.8949 0.2384
vn -0.0740 0.9893 -0.1260
vn -0.4113 0.8881 0.2053
vn -0.0602 0.9978 -0.0278
vn -0.3991 0.9138 0.0755
vn -0.2405 0.9539 0.1794
vn -0.3533 0.9328 0.0716
vn -0.2168 0.9732 -0.0764
vn -0.2718 0.9604 -0.0607
vn -0.3393 0.9257 0.1673
vn -0.5912 0.8062 -0.0233
vn -0.8920 0.4063 -0.1983
vn -0.9048 0.3531 -0.2379
vn -0.8498 0.4064 -0.3358
vn -0.8464 0.3710 -0.3820
vn -0.7695 0.4212 -0.4800
vn -0.7555 0.4302 -0.4940
vn -0.3447 0.9372 -0.0532
vn -0.2101 0.9489 0.2354
vn -0.1502 0.9621 0.2276
vn -0.1241 0.9728 0.1957
vn -0.8255 0.5025 0.2569
vn -0.8777 0.4071 0.2528
vn -0.8842 0.4451 0.1417
vn -0.9139 0.3751 0.1551
vn -0.8942 0.4431 0.0630
vn -0.9339 0.3566 0.0280
vn -0.2223 0.9179 0.3287
vn -0.1657 0.8723 0.4600
vn -0.1623 0.9352 0.3148
vn -0.1042 0.8834 0.4569
vn -0.5408 0.5259 0.6565
vn -0.5544 0.7876 0.2689
vn -0.5076 0.8501 -0.1404
vn -0.5644 0.8198 -0.0972
vn -0.5409 0.8411 -0.0068
vn -0.6110 0.7815 -0.1263
vn -0.6516 0.7581 -0.0273
vn -0.5735 0.8098 0.1239
vn -0.6712 0.7242 0.1583
vn -0.5397 0.8377 0.0834
vn -0.3545 0.9081 -0.2230
vn -0.4949 0.8432 -0.2101
vn -0.0997 0.9943 0.0373
vn -0.0461 0.9841 -0.1717
vn -0.2258 0.9742 0.0059
vn 0.1653 0.9823 -0.0880
vn -0.0233 0.9922 0.1224
vn -0.0949 0.9843 0.1490
vn 0.1972 0.9562 0.2163
vn 0.2796 0.9509 0.1323
vn -0.5132 0.8372 0.1892
vn -0.5669 0.7720 0.2876
vn -0.2353 0.9427 0.2365
vn 0.0347 0.9378 0.3454
vn -0.2539 0.8811 0.3991
vn -0.0873 0.9045 0.4174
vn -0.1097 0.9846 -0.1364
vn -0.1056 0.9913 -0.0786
vn -0.0478 0.9958 0.0776
vn -0.3149 0.8738 0.3705
vn -0.1982 0.7746 0.6005
vn -0.3161 0.8593 0.4022
vn -0.3353 0.8308 0.4442
vn -0.1942 0.6781 0.7088
vn -0.1823 0.8934 0.4106
vn -0.2439 0.8482 0.4702
vn -0.2807 0.6720 0.6853
vn 0.4633 0.0588 0.8843
vn 0.5188 -0.0450 0.8537
vn 0.3943 0.0850 0.9150
vn 0.5001 -0.1156 0.8582
vn 0.3393 0.0477 0.9395
vn 0.6147 0.2493 0.7483
vn 0.6658 0.1915 0.7212
vn 0.5733 0.1992 0.7948
vn 0.6089 0.1688 0.7751
vn 0.5266 0.1634 0.8343
vn 0.5654 0.1106 0.8174
vn -0.0284 0.7115 0.7021
vn 0.0237 0.5477 0.8364
vn 0.2086 0.3675 0.9063
vn -0.1964 0.9259 0.3228
vn -0.1397 0.8475 0.5121
vn -0.0981 0.7928 0.6016
vn -0.3097 0.9139 0.2624
vn -0.2106 0.8461 0.4897
vn 0.1503 0.5415 0.8272
vn -0.0880 0.6614 0.7448
vn -0.2714 0.7310 0.6261
vn -0.5624 0.8249 -0.0569
vn -0.4157 0.9061 -0.0782
vn -0.0470 0.8428 0.5362
vn -0.0359 0.7941 0.6068
vn -0.0524 0.8308 0.5541
vn 0.1818 0.8923 0.4132
vn -0.0916 0.7743 0.6262
vn 0.3135 0.6168 0.7220
vn 0.3663 0.7160 0.5942
vn -0.5005 0.8577 0.1178
vn -0.4089 0.8214 0.3976
vn -0.3044 0.7780 0.5496
vn -0.5971 0.8021 0.0028
vt 0.184439 0.017353
vt 0.190342 0.014762
vt 0.194601 0.022140
vt 0.181952 0.012727
vt 0.183782 0.009107
vt 0.287065 0.153076
vt 0.279061 0.150656
vt 0.283903 0.144231
vt 0.276930 0.162077
vt 0.268268 0.160112
vt 0.287086 0.163418
vt 0.282732 0.168036
vt 0.297649 0.161002
vt 0.275777 0.172651
vt 0.285513 0.179605
vt 0.466176 0.167696
vt 0.463808 0.159546
vt 0.475576 0.163488
vt 0.457375 0.166525
vt 0.449708 0.158751
vt 0.469225 0.152506
vt 0.480116 0.157461
vt 0.267757 0.171350
vt 0.451175 0.172070
vt 0.459842 0.178687
vt 0.467331 0.179606
vt 0.554717 0.312836
vt 0.550845 0.322225
vt 0.540617 0.313630
vt 0.557704 0.323408
vt 0.564910 0.317621
vt 0.562172 0.311861
vt 0.553978 0.329683
vt 0.558063 0.336759
vt 0.368157 0.312375
vt 0.375690 0.321933
vt 0.369028 0.322225
vt 0.372160 0.329683
vt 0.379381 0.330138
vt 0.376245 0.336759
vt 0.395634 0.352318
vt 0.389205 0.359207
vt 0.386364 0.354286
vt 0.395952 0.361132
vt 0.406982 0.365558
vt 0.397920 0.371517
vt 0.385566 0.340778
vt 0.380682 0.344445
vt 0.462140 0.414942
vt 0.456969 0.424958
vt 0.458221 0.414722
vt 0.449273 0.418255
vt 0.452123 0.413334
vt 0.461785 0.420479
vt 0.452094 0.424087
vt 0.450285 0.425636
vt 0.448864 0.423175
vt 0.452798 0.418886
vt 0.477755 0.408867
vt 0.472178 0.419820
vt 0.469548 0.413324
vt 0.479789 0.424128
vt 0.479645 0.417103
vt 0.487111 0.415978
vt 0.474432 0.428096
vt 0.477273 0.433017
vt 0.447652 0.405592
vt 0.455120 0.402763
vt 0.455419 0.407277
vt 0.447672 0.400476
vt 0.452824 0.395727
vt 0.458876 0.405958
vt 0.468182 0.395594
vt 0.465941 0.400968
vt 0.460929 0.393542
vt 0.477348 0.400362
vt 0.481357 0.395075
vt 0.472352 0.406439
vt 0.483213 0.408495
vt 0.487425 0.402260
vt 0.493115 0.405579
vt 0.490821 0.395698
vt 0.498378 0.396463
vt 0.428371 0.371763
vt 0.422347 0.380137
vt 0.413302 0.371600
vt 0.434292 0.384268
vt 0.439369 0.375074
vt 0.443291 0.380527
vt 0.389014 0.391622
vt 0.434940 0.397772
vt 0.371984 0.398587
vt 0.441533 0.387534
vt 0.444579 0.394850
vt 0.448201 0.386337
vt 0.452824 0.395727
vt 0.450098 0.376279
vt 0.466064 0.380680
vt 0.458981 0.371583
vt 0.469913 0.375333
vt 0.464428 0.386175
vt 0.455405 0.380136
vt 0.453012 0.371306
vt 0.456140 0.386459
vt 0.471843 0.388806
vt 0.476064 0.382561
vt 0.487265 0.381184
vt 0.479440 0.375988
vt 0.491910 0.376787
vt 0.486734 0.386547
vt 0.482836 0.388855
vt 0.492786 0.386473
vt 0.498585 0.386496
vt 0.502137 0.371950
vt 0.494482 0.370578
vt 0.504029 0.386674
vt 0.500729 0.379923
vt 0.509707 0.376839
vt 0.403123 0.371852
vt 0.415274 0.361100
vt 0.403187 0.357713
vt 0.405857 0.351492
vt 0.413302 0.371600
vt 0.423547 0.359771
vt 0.423313 0.366171
vt 0.418308 0.352300
vt 0.427794 0.352917
vt 0.433760 0.364143
vt 0.437683 0.369142
vt 0.441002 0.352250
vt 0.449035 0.359101
vt 0.448638 0.351016
vt 0.455367 0.350136
vt 0.445993 0.365009
vt 0.460057 0.359101
vt 0.463099 0.365009
vt 0.454542 0.365802
vt 0.467294 0.360053
vt 0.461472 0.351916
vt 0.468090 0.352249
vt 0.474446 0.363257
vt 0.480472 0.351484
vt 0.471425 0.369156
vt 0.483077 0.357731
vt 0.485818 0.364987
vt 0.489997 0.360035
vt 0.498536 0.361423
vt 0.490782 0.352295
vt 0.503240 0.351488
vt 0.498435 0.366030
vt 0.505891 0.357620
vt 0.508681 0.364871
vt 0.512715 0.360019
vt 0.519887 0.359207
vt 0.513455 0.352298
vt 0.522728 0.354286
vt 0.515713 0.366436
vt 0.395647 0.346524
vt 0.400451 0.343638
vt 0.386392 0.347814
vt 0.393055 0.335664
vt 0.406267 0.334271
vt 0.414955 0.339422
vt 0.416412 0.333197
vt 0.410515 0.347114
vt 0.418264 0.346460
vt 0.423340 0.343583
vt 0.431901 0.347537
vt 0.430435 0.340393
vt 0.436814 0.341535
vt 0.427368 0.332304
vt 0.431408 0.330087
vt 0.437323 0.331237
vt 0.443987 0.330360
vt 0.448670 0.339427
vt 0.452548 0.341801
vt 0.443198 0.346135
vt 0.459564 0.341559
vt 0.452706 0.331305
vt 0.458975 0.332185
vt 0.465105 0.330360
vt 0.465894 0.346135
vt 0.472278 0.341536
vt 0.475877 0.347092
vt 0.471769 0.331237
vt 0.477684 0.330087
vt 0.485752 0.343583
vt 0.481724 0.332304
vt 0.491646 0.337240
vt 0.478656 0.340393
vt 0.490829 0.346460
vt 0.498578 0.347114
vt 0.509834 0.344477
vt 0.501611 0.339472
vt 0.515435 0.333354
vt 0.519143 0.341177
vt 0.522703 0.347815
vt 0.525538 0.340816
vt 0.524743 0.330979
vt 0.386002 0.330021
vt 0.389118 0.323996
vt 0.380360 0.317984
vt 0.389208 0.314921
vt 0.397580 0.309212
vt 0.397006 0.320984
vt 0.405928 0.317621
vt 0.403206 0.311661
vt 0.407010 0.326841
vt 0.412010 0.323946
vt 0.397441 0.327912
vt 0.420397 0.327835
vt 0.421770 0.322836
vt 0.418363 0.317131
vt 0.428687 0.317647
vt 0.426017 0.311487
vt 0.434689 0.323921
vt 0.440788 0.314921
vt 0.449620 0.322388
vt 0.450500 0.313517
vt 0.457352 0.323909
vt 0.461478 0.317326
vt 0.474403 0.323921
vt 0.468304 0.314921
vt 0.481039 0.317150
vt 0.487323 0.322836
vt 0.488696 0.327835
vt 0.490728 0.317132
vt 0.497082 0.323946
vt 0.503164 0.312222
vt 0.497726 0.332317
vt 0.505887 0.318181
vt 0.511512 0.320630
vt 0.511650 0.327912
vt 0.501806 0.328464
vt 0.519974 0.323995
vt 0.530775 0.319876
vt 0.519885 0.314921
vt 0.534280 0.328151
vt 0.532847 0.336759
vt 0.540203 0.321885
vt 0.531295 0.311544
vt 0.606455 0.398797
vt 0.600281 0.403720
vt 0.600204 0.394579
vt 0.608782 0.409609
vt 0.604994 0.415696
vt 0.593117 0.371047
vt 0.582608 0.376584
vt 0.585318 0.370620
vt 0.598153 0.374395
vt 0.591676 0.380181
vt 0.587763 0.385633
vt 0.597083 0.386893
vt 0.593815 0.396227
vt 0.573513 0.358754
vt 0.582544 0.359799
vt 0.576841 0.365049
vt 0.577408 0.352296
vt 0.568949 0.350213
vt 0.587445 0.354315
vt 0.589832 0.365499
vt 0.567398 0.340787
vt 0.562500 0.344445
vt 0.577734 0.340542
vt 0.566064 0.332439
vt 0.575505 0.333297
vt 0.562500 0.344445
vt 0.565341 0.349366
vt 0.603476 0.388275
vt 0.600022 0.381060
vt 0.607240 0.377862
vt 0.610560 0.386339
vt 0.613798 0.396021
vt 0.596586 0.361167
vt 0.577446 0.346446
vt 0.584704 0.347595
vt 0.569443 0.326137
vt 0.584095 0.321550
vt 0.575858 0.320892
vt 0.581187 0.316022
vt 0.577933 0.327685
vt 0.575320 0.310023
vt 0.593070 0.313480
vt 0.588505 0.328374
vt 0.472553 0.466249
vt 0.447507 0.460191
vt 0.491485 0.456800
vt 0.216824 0.358317
vt 0.218356 0.360583
vt 0.216883 0.365124
vt 0.215910 0.354286
vt 0.215910 0.363641
vt 0.214548 0.346277
vt 0.218860 0.352772
vt 0.220587 0.345114
vt 0.224155 0.353454
vt 0.220233 0.361503
vt 0.217578 0.367472
vt 0.215910 0.369048
vt 0.215910 0.373969
vt 0.108536 0.437759
vt 0.100706 0.443958
vt 0.102442 0.438404
vt 0.105816 0.433017
vt 0.104107 0.433017
vt 0.104424 0.447181
vt 0.102274 0.452699
vt 0.099407 0.447735
vt 0.254107 0.367048
vt 0.261019 0.364941
vt 0.266013 0.373492
vt 0.248989 0.360020
vt 0.256238 0.358613
vt 0.258112 0.376073
vt 0.269473 0.387888
vt 0.243024 0.366371
vt 0.241888 0.363422
vt 0.249013 0.355997
vt 0.259582 0.348531
vt 0.272132 0.351711
vt 0.268122 0.360551
vt 0.274508 0.368124
vt 0.204393 0.339157
vt 0.212379 0.334607
vt 0.206838 0.346420
vt 0.213069 0.354286
vt 0.214091 0.352182
vt 0.115884 0.404784
vt 0.109895 0.402632
vt 0.116726 0.404947
vt 0.131687 0.397932
vt 0.133117 0.400241
vt 0.255063 0.413395
vt 0.205908 0.411513
vt 0.230889 0.408303
vt 0.215910 0.418255
vt 0.179306 0.415830
vt 0.165604 0.425516
vt 0.141892 0.421880
vt 0.221793 0.402649
vt 0.220422 0.364092
vt 0.219001 0.369331
vt 0.217721 0.369522
vt 0.215910 0.373969
vt 0.221263 0.365310
vt 0.219906 0.369024
vt 0.217491 0.371692
vt 0.217895 0.372332
vt 0.121906 0.367509
vt 0.123548 0.369685
vt 0.120966 0.366842
vt 0.125622 0.371990
vt 0.121710 0.368008
vt 0.121698 0.366324
vt 0.120443 0.365941
vt 0.119039 0.363644
vt 0.126381 0.370850
vt 0.130006 0.372836
vt 0.124302 0.372758
vt 0.121025 0.367082
vt 0.120736 0.366552
vt 0.239638 0.360479
vt 0.239642 0.365471
vt 0.237467 0.359886
vt 0.239625 0.355997
vt 0.237972 0.352878
vt 0.241478 0.359207
vt 0.241478 0.369048
vt 0.239666 0.370592
vt 0.236031 0.365818
vt 0.237241 0.364762
vt 0.235684 0.355061
vt 0.234167 0.360322
vt 0.133384 0.356023
vt 0.133143 0.362766
vt 0.126333 0.363834
vt 0.126304 0.356014
vt 0.121225 0.360872
vt 0.134461 0.368478
vt 0.123185 0.364194
vt 0.123177 0.365932
vt 0.126695 0.369989
vt 0.120726 0.364177
vt 0.121819 0.363199
vt 0.230435 0.358455
vt 0.228277 0.359104
vt 0.228981 0.357094
vt 0.231880 0.360452
vt 0.229501 0.360405
vt 0.229508 0.355224
vt 0.227508 0.356550
vt 0.227905 0.354833
vt 0.231022 0.356322
vt 0.232495 0.358014
vt 0.232544 0.364227
vt 0.230676 0.362346
vt 0.227030 0.358532
vt 0.123135 0.355687
vt 0.128258 0.346237
vt 0.127631 0.347415
vt 0.127323 0.338569
vt 0.132232 0.333345
vt 0.140361 0.343528
vt 0.131901 0.339152
vt 0.141454 0.331534
vt 0.147301 0.341064
vt 0.133194 0.349088
vt 0.126749 0.333817
vt 0.149649 0.348938
vt 0.142273 0.353644
vt 0.159331 0.349810
vt 0.159546 0.338414
vt 0.165147 0.341730
vt 0.169735 0.330434
vt 0.133577 0.317562
vt 0.132978 0.318266
vt 0.129527 0.327525
vt 0.135451 0.326905
vt 0.143178 0.321550
vt 0.151416 0.320892
vt 0.145404 0.316017
vt 0.156185 0.313236
vt 0.149341 0.327685
vt 0.151778 0.333273
vt 0.158565 0.327377
vt 0.168704 0.320634
vt 0.165101 0.311861
vt 0.176137 0.324762
vt 0.173296 0.329683
vt 0.306594 0.391334
vt 0.306334 0.397993
vt 0.298787 0.392667
vt 0.307330 0.409000
vt 0.301113 0.398907
vt 0.322745 0.386188
vt 0.327345 0.390507
vt 0.308474 0.402874
vt 0.332112 0.394036
vt 0.309954 0.407903
vt 0.306819 0.413334
vt 0.304604 0.407320
vt 0.301729 0.402399
vt 0.298301 0.398333
vt 0.292039 0.392698
vt 0.294193 0.395292
vt 0.134786 0.372955
vt 0.136295 0.374277
vt 0.141879 0.374266
vt 0.131134 0.373913
vt 0.135307 0.372084
vt 0.142067 0.373587
vt 0.141896 0.372800
vt 0.147728 0.373969
vt 0.147728 0.373969
vt 0.141409 0.375092
vt 0.133418 0.375165
vt 0.197595 0.342247
vt 0.193183 0.334604
vt 0.203097 0.351776
vt 0.279016 0.394479
vt 0.284084 0.393977
vt 0.279214 0.395184
vt 0.279464 0.396034
vt 0.289121 0.394504
vt 0.284091 0.395408
vt 0.278767 0.393562
vt 0.284072 0.392866
vt 0.289347 0.393451
vt 0.293799 0.396294
vt 0.288718 0.396032
vt 0.293039 0.397829
vt 0.288314 0.397388
vt 0.284092 0.396750
vt 0.279870 0.397388
vt 0.275885 0.399119
vt 0.275142 0.397833
vt 0.274681 0.397034
vt 0.273865 0.395621
vt 0.301203 0.403327
vt 0.303499 0.408682
vt 0.300236 0.404365
vt 0.297809 0.399303
vt 0.296835 0.400669
vt 0.304145 0.408106
vt 0.306819 0.413334
vt 0.302222 0.409017
vt 0.299085 0.405042
vt 0.295870 0.401705
vt 0.292299 0.399119
vt 0.439052 0.400575
vt 0.428970 0.398587
vt 0.430529 0.405726
vt 0.423591 0.407903
vt 0.441801 0.405869
vt 0.439507 0.418972
vt 0.437195 0.423363
vt 0.439033 0.418965
vt 0.437735 0.423372
vt 0.434633 0.428120
vt 0.443182 0.413334
vt 0.439344 0.415518
vt 0.441292 0.418458
vt 0.438960 0.423244
vt 0.435024 0.428121
vt 0.431819 0.433017
vt 0.435947 0.428105
vt 0.431819 0.433017
vt 0.434660 0.428096
vt 0.437501 0.423175
vt 0.440342 0.418255
vt 0.438196 0.415592
vt 0.269684 0.398893
vt 0.267833 0.403947
vt 0.266500 0.403177
vt 0.266795 0.408691
vt 0.265371 0.408339
vt 0.270812 0.400035
vt 0.268567 0.404371
vt 0.264311 0.408059
vt 0.264549 0.413334
vt 0.263574 0.413334
vt 0.271423 0.400676
vt 0.272393 0.401705
vt 0.269729 0.405042
vt 0.268171 0.409017
vt 0.267980 0.415981
vt 0.266193 0.413334
vt 0.426182 0.413003
vt 0.431441 0.413078
vt 0.422644 0.413341
vt 0.432357 0.414063
vt 0.426356 0.413519
vt 0.420455 0.413334
vt 0.420455 0.413334
vt 0.426773 0.412215
vt 0.432490 0.412036
vt 0.436175 0.413756
vt 0.437800 0.412409
vt 0.423322 0.413682
vt 0.416628 0.413448
vt 0.413348 0.413348
vt 0.235993 0.397495
vt 0.251752 0.395429
vt 0.244247 0.402146
vt 0.242576 0.382078
vt 0.261463 0.381876
vt 0.249476 0.388893
vt 0.264264 0.393325
vt 0.260462 0.399733
vt 0.256932 0.406303
vt 0.273634 0.437221
vt 0.278362 0.435055
vt 0.277889 0.438159
vt 0.288565 0.435628
vt 0.282154 0.438370
vt 0.268530 0.432313
vt 0.270118 0.430723
vt 0.275522 0.432174
vt 0.286063 0.434094
vt 0.285449 0.438794
vt 0.279759 0.446853
vt 0.267182 0.447391
vt 0.224447 0.358249
vt 0.225742 0.359078
vt 0.224402 0.359987
vt 0.224365 0.356386
vt 0.225985 0.357024
vt 0.226201 0.355222
vt 0.224303 0.360798
vt 0.115157 0.398481
vt 0.111189 0.398764
vt 0.122102 0.396006
vt 0.111031 0.398759
vt 0.120568 0.395346
vt 0.110781 0.399012
vt 0.113954 0.395416
vt 0.328367 0.375006
vt 0.330396 0.364094
vt 0.363322 0.366552
vt 0.361348 0.377115
vt 0.304800 0.371872
vt 0.312496 0.364078
vt 0.298379 0.356480
vt 0.306607 0.352444
vt 0.315599 0.355403
vt 0.333642 0.359698
vt 0.321687 0.351243
vt 0.325059 0.356483
vt 0.332645 0.359712
vt 0.326108 0.365767
vt 0.321023 0.359207
vt 0.331486 0.352350
vt 0.340133 0.350232
vt 0.330970 0.367390
vt 0.329546 0.373969
vt 0.335228 0.364128
vt 0.228341 0.343372
vt 0.230225 0.348566
vt 0.226726 0.351432
vt 0.236755 0.351804
vt 0.237924 0.346989
vt 0.237674 0.342380
vt 0.251971 0.346346
vt 0.248510 0.340412
vt 0.254361 0.337394
vt 0.238255 0.342380
vt 0.244319 0.344445
vt 0.258706 0.342533
vt 0.263364 0.331140
vt 0.247160 0.349366
vt 0.244319 0.344445
vt 0.280218 0.335986
vt 0.274203 0.343107
vt 0.271311 0.338486
vt 0.270616 0.332464
vt 0.282842 0.341941
vt 0.282658 0.349152
vt 0.278295 0.358020
vt 0.287711 0.355945
vt 0.289573 0.339433
vt 0.289193 0.347731
vt 0.291023 0.332205
vt 0.297526 0.332476
vt 0.304279 0.343924
vt 0.310854 0.333205
vt 0.297478 0.347106
vt 0.312312 0.339430
vt 0.315164 0.346073
vt 0.319844 0.329228
vt 0.323868 0.337899
vt 0.319241 0.341684
vt 0.329125 0.346251
vt 0.335488 0.337699
vt 0.330966 0.330026
vt 0.341726 0.341453
vt 0.343751 0.349366
vt 0.192968 0.328138
vt 0.210709 0.321576
vt 0.223836 0.319871
vt 0.219550 0.328002
vt 0.210171 0.311627
vt 0.200553 0.316951
vt 0.218118 0.312561
vt 0.230219 0.317341
vt 0.204518 0.328129
vt 0.192638 0.393197
vt 0.163832 0.393945
vt 0.193768 0.392812
vt 0.191563 0.394189
vt 0.211218 0.391109
vt 0.163285 0.394714
vt 0.162386 0.393697
vt 0.130277 0.393652
vt 0.189264 0.393652
vt 0.226043 0.393418
vt 0.254388 0.319503
vt 0.252062 0.328027
vt 0.244925 0.328310
vt 0.248615 0.317321
vt 0.263111 0.325358
vt 0.279137 0.321838
vt 0.267008 0.318303
vt 0.276786 0.313513
vt 0.272578 0.326283
vt 0.278667 0.329759
vt 0.285957 0.318809
vt 0.293940 0.326656
vt 0.294633 0.319102
vt 0.285509 0.327427
vt 0.306877 0.327835
vt 0.302018 0.321793
vt 0.301256 0.311487
vt 0.308910 0.312710
vt 0.315264 0.323946
vt 0.321346 0.312221
vt 0.324068 0.318182
vt 0.330268 0.320984
vt 0.329694 0.309212
vt 0.338068 0.314921
vt 0.339371 0.324829
vt 0.343040 0.332448
vt 0.349279 0.320878
vt 0.338068 0.314921
vt 0.352462 0.328151
vt 0.351029 0.336759
vt 0.357759 0.319986
vt 0.349300 0.310536
vt 0.375267 0.304686
vt 0.377797 0.311544
vt 0.389949 0.288665
vt 0.383563 0.289012
vt 0.386245 0.282283
vt 0.388640 0.297352
vt 0.401762 0.293988
vt 0.379165 0.295109
vt 0.399557 0.268534
vt 0.392915 0.268631
vt 0.397775 0.260250
vt 0.395639 0.277541
vt 0.382445 0.276947
vt 0.410480 0.243393
vt 0.402213 0.248106
vt 0.405853 0.238993
vt 0.406957 0.257888
vt 0.417182 0.253055
vt 0.414610 0.259265
vt 0.426814 0.223494
vt 0.415970 0.224277
vt 0.424382 0.215159
vt 0.427741 0.234766
vt 0.431833 0.229433
vt 0.409229 0.229411
vt 0.418021 0.235658
vt 0.429097 0.205961
vt 0.432335 0.211763
vt 0.438176 0.203865
vt 0.435738 0.195436
vt 0.420382 0.209768
vt 0.442519 0.189711
vt 0.431938 0.190098
vt 0.387903 0.305013
vt 0.397441 0.301930
vt 0.405852 0.278354
vt 0.399258 0.285365
vt 0.403201 0.272222
vt 0.410515 0.282728
vt 0.408953 0.288599
vt 0.411366 0.297525
vt 0.407287 0.301377
vt 0.420397 0.302007
vt 0.417445 0.292602
vt 0.412010 0.305896
vt 0.410656 0.263812
vt 0.410556 0.268419
vt 0.426015 0.272111
vt 0.419095 0.269807
vt 0.423274 0.264855
vt 0.418310 0.277548
vt 0.428621 0.278358
vt 0.418264 0.283382
vt 0.423340 0.286259
vt 0.433216 0.282750
vt 0.437323 0.298605
vt 0.436813 0.288307
vt 0.443987 0.299482
vt 0.431408 0.299755
vt 0.427368 0.297538
vt 0.430436 0.289449
vt 0.420942 0.308054
vt 0.434688 0.305921
vt 0.424200 0.242789
vt 0.416306 0.243369
vt 0.421827 0.248658
vt 0.433252 0.243355
vt 0.439178 0.254509
vt 0.433368 0.247901
vt 0.443305 0.249122
vt 0.429652 0.253855
vt 0.437667 0.260686
vt 0.434646 0.266585
vt 0.449034 0.270742
vt 0.441802 0.269797
vt 0.445993 0.264833
vt 0.448638 0.278825
vt 0.455366 0.279706
vt 0.441002 0.277593
vt 0.443198 0.283707
vt 0.448670 0.290416
vt 0.452548 0.288042
vt 0.458975 0.297658
vt 0.459563 0.288283
vt 0.465105 0.299482
vt 0.452706 0.298537
vt 0.451740 0.305933
vt 0.459473 0.307454
vt 0.474403 0.305921
vt 0.471769 0.298605
vt 0.437734 0.221345
vt 0.437350 0.213074
vt 0.443986 0.212304
vt 0.449517 0.223496
vt 0.443206 0.228046
vt 0.433794 0.223736
vt 0.441007 0.234141
vt 0.441797 0.241971
vt 0.448190 0.243125
vt 0.448661 0.232887
vt 0.455374 0.232021
vt 0.460902 0.243125
vt 0.458985 0.253507
vt 0.465787 0.249123
vt 0.469914 0.254509
vt 0.452347 0.253828
vt 0.463099 0.264833
vt 0.455152 0.262733
vt 0.460058 0.270742
vt 0.471425 0.260686
vt 0.474446 0.266585
vt 0.468090 0.277593
vt 0.480471 0.278358
vt 0.461472 0.277926
vt 0.475877 0.282750
vt 0.472278 0.288306
vt 0.478657 0.289449
vt 0.485752 0.286260
vt 0.481724 0.297539
vt 0.492680 0.296645
vt 0.477684 0.299755
vt 0.488695 0.302007
vt 0.483836 0.308049
vt 0.490014 0.309117
vt 0.497082 0.305897
vt 0.446760 0.203087
vt 0.448895 0.193232
vt 0.457800 0.193309
vt 0.459104 0.204055
vt 0.458987 0.214155
vt 0.465106 0.212304
vt 0.450105 0.214155
vt 0.454546 0.220539
vt 0.459576 0.223496
vt 0.454546 0.220539
vt 0.461475 0.233803
vt 0.465886 0.228046
vt 0.468086 0.234142
vt 0.471358 0.221345
vt 0.475298 0.223736
vt 0.477260 0.229433
vt 0.481351 0.234766
vt 0.475841 0.243355
vt 0.475724 0.247901
vt 0.467295 0.241970
vt 0.479440 0.253855
vt 0.482836 0.240987
vt 0.486732 0.245976
vt 0.491910 0.253055
vt 0.478643 0.261626
vt 0.485818 0.264855
vt 0.483077 0.272111
vt 0.494482 0.259264
vt 0.498436 0.263812
vt 0.490782 0.277548
vt 0.498536 0.268419
vt 0.503240 0.278354
vt 0.489997 0.269807
vt 0.490828 0.283382
vt 0.498578 0.282729
vt 0.494137 0.290420
vt 0.509835 0.285365
vt 0.502825 0.295572
vt 0.515435 0.296488
vt 0.502082 0.303001
vt 0.511650 0.301930
vt 0.512086 0.308858
vt 0.449664 0.184065
vt 0.441761 0.179606
vt 0.476462 0.184002
vt 0.465980 0.189390
vt 0.456441 0.184379
vt 0.473354 0.195436
vt 0.477154 0.190098
vt 0.465910 0.200983
vt 0.470917 0.203866
vt 0.465910 0.200983
vt 0.471742 0.213074
vt 0.476758 0.211763
vt 0.479995 0.205962
vt 0.484710 0.215160
vt 0.488710 0.209767
vt 0.482278 0.223494
vt 0.493122 0.224276
vt 0.491071 0.235658
vt 0.498618 0.228985
vt 0.500808 0.240397
vt 0.493620 0.243115
vt 0.502135 0.257888
vt 0.512609 0.247020
vt 0.514573 0.253071
vt 0.500722 0.249907
vt 0.509475 0.243282
vt 0.511292 0.262614
vt 0.509535 0.268534
vt 0.505891 0.272222
vt 0.516177 0.268632
vt 0.513453 0.277541
vt 0.526647 0.276946
vt 0.522847 0.282284
vt 0.519143 0.288665
vt 0.525528 0.289012
vt 0.524741 0.298860
vt 0.519974 0.305846
vt 0.533117 0.305465
vt 0.532670 0.292777
vt 0.542084 0.300311
vt 0.557079 0.304688
vt 0.548284 0.305857
vt 0.562474 0.291904
vt 0.573030 0.287725
vt 0.570520 0.293238
vt 0.575045 0.277918
vt 0.565310 0.284626
vt 0.564218 0.276962
vt 0.582163 0.293157
vt 0.580935 0.270414
vt 0.574356 0.268597
vt 0.580823 0.259148
vt 0.571224 0.261398
vt 0.591939 0.273849
vt 0.552868 0.296714
vt 0.567951 0.301936
vt 0.576949 0.301232
vt 0.581643 0.309170
vt 0.582005 0.281654
vt 0.594649 0.318670
vt 0.594144 0.317908
vt 0.592327 0.276900
vt 0.592179 0.276842
vt 0.135745 0.292310
vt 0.136547 0.303018
vt 0.137742 0.297895
vt 0.142265 0.297808
vt 0.145745 0.307345
vt 0.133866 0.312167
vt 0.134017 0.311615
vt 0.134792 0.303739
vt 0.150541 0.308740
vt 0.151020 0.298051
vt 0.141678 0.243757
vt 0.139965 0.241965
vt 0.136365 0.236191
vt 0.141282 0.249085
vt 0.141512 0.258966
vt 0.141131 0.250853
vt 0.152303 0.257330
vt 0.139289 0.254081
vt 0.141075 0.260939
vt 0.138061 0.269863
vt 0.135716 0.274433
vt 0.135606 0.274821
vt 0.139604 0.265362
vt 0.138993 0.267961
vt 0.156067 0.272759
vt 0.146218 0.271855
vt 0.150837 0.264922
vt 0.153362 0.278801
vt 0.146819 0.281442
vt 0.138416 0.283451
vt 0.164800 0.291904
vt 0.157056 0.287484
vt 0.161964 0.284626
vt 0.157056 0.287484
vt 0.146293 0.288902
vt 0.156748 0.293229
vt 0.159337 0.301908
vt 0.170811 0.301974
vt 0.174406 0.296714
vt 0.169725 0.307991
vt 0.175834 0.316065
vt 0.178990 0.305857
vt 0.186657 0.313630
vt 0.205302 0.279645
vt 0.203735 0.288380
vt 0.198780 0.279024
vt 0.217740 0.268534
vt 0.211097 0.268632
vt 0.216705 0.259949
vt 0.210036 0.259180
vt 0.213821 0.277541
vt 0.225139 0.257888
vt 0.235364 0.253055
vt 0.232792 0.259265
vt 0.220395 0.248106
vt 0.244996 0.223494
vt 0.234152 0.224277
vt 0.242564 0.215160
vt 0.245923 0.234766
vt 0.250015 0.229433
vt 0.228657 0.228985
vt 0.236203 0.235658
vt 0.226466 0.240397
vt 0.247279 0.205961
vt 0.250516 0.211762
vt 0.256357 0.203866
vt 0.253920 0.195436
vt 0.238564 0.209768
vt 0.261294 0.189391
vt 0.250812 0.184002
vt 0.259943 0.179605
vt 0.250120 0.190098
vt 0.202419 0.297392
vt 0.191759 0.302638
vt 0.194604 0.292776
vt 0.194932 0.309209
vt 0.207374 0.302613
vt 0.209972 0.292141
vt 0.219941 0.293981
vt 0.216150 0.304886
vt 0.221443 0.307477
vt 0.224034 0.278354
vt 0.217439 0.285365
vt 0.221383 0.272222
vt 0.228696 0.282728
vt 0.226860 0.301141
vt 0.233138 0.290420
vt 0.234620 0.296590
vt 0.227135 0.288600
vt 0.233620 0.308648
vt 0.238586 0.301938
vt 0.239208 0.309522
vt 0.228838 0.263812
vt 0.228738 0.268419
vt 0.244197 0.272111
vt 0.237277 0.269808
vt 0.241456 0.264855
vt 0.236492 0.277548
vt 0.246802 0.278358
vt 0.236445 0.283382
vt 0.241522 0.286259
vt 0.251397 0.282751
vt 0.255523 0.298597
vt 0.254996 0.288307
vt 0.262181 0.299466
vt 0.247927 0.297363
vt 0.247777 0.303083
vt 0.243865 0.313449
vt 0.252958 0.305954
vt 0.248615 0.317321
vt 0.266358 0.307988
vt 0.261006 0.319321
vt 0.259741 0.308993
vt 0.233655 0.243115
vt 0.242382 0.242789
vt 0.240009 0.248658
vt 0.258180 0.253088
vt 0.249553 0.251361
vt 0.252852 0.245165
vt 0.255579 0.259355
vt 0.245558 0.253532
vt 0.248631 0.261626
vt 0.252828 0.266584
vt 0.262778 0.263053
vt 0.266820 0.278825
vt 0.266374 0.268642
vt 0.273549 0.279707
vt 0.259184 0.277593
vt 0.261379 0.283707
vt 0.267710 0.288283
vt 0.272728 0.291307
vt 0.277157 0.297658
vt 0.277746 0.288283
vt 0.283287 0.299482
vt 0.270189 0.299545
vt 0.275535 0.305933
vt 0.292586 0.305921
vt 0.289951 0.298606
vt 0.255916 0.221345
vt 0.255531 0.213074
vt 0.262168 0.212304
vt 0.267698 0.223496
vt 0.261388 0.228047
vt 0.251977 0.223736
vt 0.259189 0.234141
vt 0.262775 0.248691
vt 0.259979 0.241970
vt 0.266372 0.243125
vt 0.266842 0.232887
vt 0.273555 0.232020
vt 0.279084 0.243126
vt 0.277167 0.253508
vt 0.283969 0.249123
vt 0.288096 0.254509
vt 0.270529 0.253827
vt 0.272683 0.261761
vt 0.282678 0.263054
vt 0.279082 0.268643
vt 0.285472 0.269797
vt 0.289607 0.260686
vt 0.292628 0.266585
vt 0.286272 0.277593
vt 0.298654 0.278358
vt 0.279654 0.277927
vt 0.294059 0.282751
vt 0.290461 0.288307
vt 0.296838 0.289450
vt 0.303934 0.286260
vt 0.299906 0.297539
vt 0.310862 0.296645
vt 0.295866 0.299755
vt 0.306877 0.302007
vt 0.305505 0.307006
vt 0.315264 0.305896
vt 0.261364 0.200983
vt 0.268170 0.204054
vt 0.269474 0.193309
vt 0.280514 0.203088
vt 0.272866 0.209866
vt 0.277169 0.214155
vt 0.283288 0.212304
vt 0.268287 0.214154
vt 0.272728 0.220539
vt 0.277758 0.223496
vt 0.279657 0.233803
vt 0.284068 0.228046
vt 0.286268 0.234141
vt 0.289539 0.221346
vt 0.293480 0.223736
vt 0.295441 0.229434
vt 0.299533 0.234766
vt 0.294023 0.243355
vt 0.293905 0.247901
vt 0.285476 0.241970
vt 0.297622 0.253855
vt 0.301018 0.240987
vt 0.304914 0.245977
vt 0.310092 0.253055
vt 0.296825 0.261626
vt 0.304000 0.264855
vt 0.301259 0.272111
vt 0.312664 0.259265
vt 0.316618 0.263812
vt 0.308964 0.277547
vt 0.316718 0.268419
vt 0.317404 0.279481
vt 0.308179 0.269807
vt 0.309010 0.283382
vt 0.312319 0.290420
vt 0.320231 0.298851
vt 0.318322 0.288599
vt 0.326447 0.292370
vt 0.324708 0.282284
vt 0.329832 0.301930
vt 0.269175 0.183430
vt 0.277610 0.184066
vt 0.259943 0.179605
vt 0.289099 0.203866
vt 0.278379 0.193233
vt 0.284755 0.189711
vt 0.289689 0.193359
vt 0.296211 0.192737
vt 0.289924 0.213073
vt 0.296617 0.207935
vt 0.297586 0.214260
vt 0.301011 0.201625
vt 0.306866 0.212132
vt 0.300459 0.223493
vt 0.311304 0.224276
vt 0.308996 0.238255
vt 0.318320 0.242970
vt 0.314943 0.233389
vt 0.310996 0.245163
vt 0.320317 0.257888
vt 0.325062 0.248106
vt 0.329499 0.260250
vt 0.327716 0.268534
vt 0.324073 0.272222
vt 0.334359 0.268631
vt 0.331635 0.277541
vt 0.344830 0.276946
vt 0.341029 0.282283
vt 0.337325 0.288665
vt 0.330083 0.283891
vt 0.343710 0.289012
vt 0.338634 0.297352
vt 0.339371 0.305013
vt 0.348110 0.295109
vt 0.352623 0.301970
vt 0.357202 0.307939
vt 0.534021 0.282992
vt 0.532670 0.292777
vt 0.528259 0.259308
vt 0.522762 0.264006
vt 0.520597 0.258121
vt 0.529085 0.268516
vt 0.508931 0.236724
vt 0.518650 0.237616
vt 0.522742 0.242949
vt 0.497866 0.214493
vt 0.508092 0.219327
vt 0.505519 0.213118
vt 0.506381 0.229267
vt 0.486548 0.194841
vt 0.541903 0.288952
vt 0.551106 0.279150
vt 0.550336 0.288316
vt 0.542201 0.279073
vt 0.556888 0.282991
vt 0.534895 0.260078
vt 0.534091 0.271399
vt 0.540897 0.268327
vt 0.541014 0.258227
vt 0.551918 0.268681
vt 0.549896 0.258227
vt 0.556015 0.260076
vt 0.557849 0.270682
vt 0.565287 0.266583
vt 0.562625 0.259318
vt 0.571302 0.253179
vt 0.527575 0.248902
vt 0.539570 0.239495
vt 0.534115 0.244336
vt 0.531916 0.238241
vt 0.540425 0.248886
vt 0.546282 0.240361
vt 0.545455 0.251843
vt 0.550484 0.248886
vt 0.552384 0.238578
vt 0.569755 0.244466
vt 0.558994 0.238241
vt 0.572079 0.237530
vt 0.564328 0.249194
vt 0.588556 0.243059
vt 0.581657 0.234354
vt 0.588422 0.238223
vt 0.586124 0.250077
vt 0.579742 0.243098
vt 0.513269 0.226406
vt 0.517165 0.231395
vt 0.530908 0.219294
vt 0.524277 0.224481
vt 0.520561 0.218526
vt 0.528306 0.213027
vt 0.524161 0.229027
vt 0.532706 0.230412
vt 0.535502 0.223692
vt 0.539099 0.229256
vt 0.541016 0.218874
vt 0.555409 0.223692
vt 0.547654 0.218553
vt 0.559958 0.219299
vt 0.551811 0.229256
vt 0.559175 0.229610
vt 0.566688 0.229077
vt 0.571567 0.219080
vt 0.562579 0.213059
vt 0.573602 0.231353
vt 0.569527 0.224459
vt 0.579072 0.228176
vt 0.585557 0.222315
vt 0.584248 0.215933
vt 0.588218 0.229371
vt 0.489145 0.203655
vt 0.501465 0.203963
vt 0.494110 0.200160
vt 0.496761 0.194028
vt 0.509219 0.194834
vt 0.510004 0.202575
vt 0.501565 0.208570
vt 0.514183 0.207527
vt 0.521358 0.210756
vt 0.525555 0.205798
vt 0.516925 0.200272
vt 0.519529 0.194024
vt 0.531911 0.194790
vt 0.539944 0.201640
vt 0.538529 0.194456
vt 0.544634 0.192676
vt 0.536902 0.207549
vt 0.544722 0.209684
vt 0.550973 0.201638
vt 0.554199 0.206665
vt 0.551303 0.211696
vt 0.559164 0.203373
vt 0.551366 0.193558
vt 0.556821 0.195080
vt 0.568209 0.203457
vt 0.562315 0.193517
vt 0.572039 0.194726
vt 0.574838 0.208389
vt 0.490166 0.187017
vt 0.482699 0.180241
vt 0.485519 0.174243
vt 0.498302 0.182165
vt 0.501423 0.189654
vt 0.509173 0.189000
vt 0.514248 0.186123
vt 0.508355 0.179780
vt 0.524124 0.189631
vt 0.521344 0.182933
vt 0.527722 0.184075
vt 0.518277 0.174843
vt 0.522317 0.172627
vt 0.528232 0.173777
vt 0.534896 0.172900
vt 0.540438 0.184099
vt 0.545455 0.181075
vt 0.550473 0.184100
vt 0.541026 0.174724
vt 0.545455 0.181075
vt 0.549884 0.174725
vt 0.559977 0.174270
vt 0.556814 0.188679
vt 0.562537 0.180610
vt 0.565808 0.185112
vt 0.579280 0.181374
vt 0.570028 0.184175
vt 0.571756 0.174397
vt 0.577888 0.191542
vt 0.475145 0.174991
vt 0.490440 0.167120
vt 0.486948 0.161764
vt 0.496837 0.160160
vt 0.478805 0.169279
vt 0.494115 0.154200
vt 0.502275 0.174857
vt 0.498196 0.171005
vt 0.502919 0.166486
vt 0.511306 0.170375
vt 0.509273 0.155250
vt 0.525597 0.166461
vt 0.511851 0.164328
vt 0.516927 0.160895
vt 0.519596 0.154735
vt 0.531697 0.157461
vt 0.544085 0.169785
vt 0.546263 0.161666
vt 0.539515 0.160732
vt 0.554060 0.168168
vt 0.555010 0.160771
vt 0.561760 0.163125
vt 0.568425 0.168817
vt 0.573366 0.160705
vt 0.570715 0.154389
vt 0.183839 0.299508
vt 0.166035 0.278019
vt 0.178267 0.288952
vt 0.170386 0.282992
vt 0.161986 0.266582
vt 0.144618 0.233540
vt 0.154196 0.248893
vt 0.148608 0.242746
vt 0.156527 0.237734
vt 0.139056 0.229371
vt 0.140423 0.224320
vt 0.187470 0.279149
vt 0.186701 0.288316
vt 0.178565 0.279073
vt 0.193253 0.282991
vt 0.194604 0.292776
vt 0.171259 0.260076
vt 0.164648 0.259318
vt 0.169425 0.270682
vt 0.175356 0.268681
vt 0.177378 0.258227
vt 0.186378 0.268328
vt 0.186260 0.258227
vt 0.192379 0.260078
vt 0.181956 0.262516
vt 0.193183 0.271399
vt 0.198189 0.268516
vt 0.199015 0.259308
vt 0.161078 0.246077
vt 0.162259 0.252362
vt 0.174890 0.238578
vt 0.170479 0.244336
vt 0.168280 0.238241
vt 0.176789 0.248886
vt 0.180992 0.240362
vt 0.181819 0.251843
vt 0.186849 0.248885
vt 0.187704 0.239495
vt 0.204532 0.242949
vt 0.195358 0.238241
vt 0.208623 0.237616
vt 0.202571 0.248646
vt 0.198631 0.251037
vt 0.193159 0.244335
vt 0.204524 0.261860
vt 0.209551 0.248888
vt 0.218343 0.236723
vt 0.155708 0.219082
vt 0.141865 0.219284
vt 0.145846 0.216757
vt 0.157747 0.224459
vt 0.148201 0.228176
vt 0.153672 0.231353
vt 0.164715 0.219965
vt 0.160586 0.229077
vt 0.171267 0.220644
vt 0.168099 0.229611
vt 0.175463 0.229256
vt 0.186258 0.218874
vt 0.181824 0.224666
vt 0.179620 0.218554
vt 0.191773 0.223692
vt 0.196367 0.219294
vt 0.188175 0.229257
vt 0.194568 0.230412
vt 0.201696 0.227217
vt 0.204994 0.221022
vt 0.198968 0.213027
vt 0.214538 0.223724
vt 0.208990 0.218849
vt 0.219183 0.219327
vt 0.212165 0.229593
vt 0.220892 0.229267
vt 0.229408 0.214494
vt 0.221755 0.213118
vt 0.140706 0.194110
vt 0.143388 0.200014
vt 0.139058 0.201741
vt 0.144724 0.193477
vt 0.155967 0.199349
vt 0.154291 0.209832
vt 0.146037 0.206331
vt 0.141916 0.211875
vt 0.160507 0.203897
vt 0.160521 0.210955
vt 0.167652 0.207539
vt 0.169182 0.201951
vt 0.175463 0.203739
vt 0.168245 0.194780
vt 0.175910 0.193557
vt 0.182639 0.192676
vt 0.175973 0.211696
vt 0.187330 0.201640
vt 0.190372 0.207549
vt 0.182455 0.209747
vt 0.194568 0.202592
vt 0.188745 0.194456
vt 0.195363 0.194789
vt 0.201719 0.205798
vt 0.207744 0.194024
vt 0.210350 0.200271
vt 0.213091 0.207527
vt 0.205916 0.210757
vt 0.217270 0.202574
vt 0.225809 0.203963
vt 0.218055 0.194834
vt 0.230513 0.194028
vt 0.225709 0.208570
vt 0.233165 0.200160
vt 0.238129 0.203655
vt 0.240726 0.194841
vt 0.140704 0.187549
vt 0.146479 0.187225
vt 0.144468 0.178575
vt 0.156927 0.183573
vt 0.152975 0.193795
vt 0.157199 0.173480
vt 0.164964 0.184118
vt 0.164651 0.173755
vt 0.171260 0.172905
vt 0.160529 0.189753
vt 0.176801 0.184099
vt 0.181819 0.181075
vt 0.186836 0.184100
vt 0.177390 0.174724
vt 0.181819 0.181075
vt 0.186248 0.174725
vt 0.192378 0.172900
vt 0.193168 0.188675
vt 0.199551 0.184075
vt 0.203150 0.189632
vt 0.199042 0.173776
vt 0.204957 0.172627
vt 0.213026 0.186123
vt 0.208997 0.174843
vt 0.218919 0.179780
vt 0.205930 0.182933
vt 0.218101 0.189000
vt 0.225851 0.189654
vt 0.237108 0.187017
vt 0.228971 0.182165
vt 0.241755 0.174243
vt 0.244575 0.180241
vt 0.143448 0.173271
vt 0.142950 0.180502
vt 0.148572 0.156261
vt 0.150835 0.168178
vt 0.143709 0.164259
vt 0.143548 0.163434
vt 0.143434 0.154915
vt 0.162058 0.166370
vt 0.156479 0.159900
vt 0.169076 0.163250
vt 0.175430 0.164385
vt 0.168636 0.154155
vt 0.174889 0.155057
vt 0.181012 0.153256
vt 0.187361 0.162264
vt 0.182939 0.168968
vt 0.187759 0.154190
vt 0.195576 0.157461
vt 0.201676 0.166460
vt 0.207678 0.160187
vt 0.214596 0.165376
vt 0.215968 0.170375
vt 0.218001 0.159672
vt 0.210347 0.154027
vt 0.224355 0.166486
vt 0.230437 0.160160
vt 0.224999 0.174856
vt 0.236834 0.167120
vt 0.229078 0.171005
vt 0.240326 0.161764
vt 0.233159 0.154200
vt 0.248469 0.169279
vt 0.252129 0.174991
vt 0.260488 0.165933
vt 0.256005 0.154398
vt 0.251698 0.163488
vt 0.247158 0.157461
vt 0.262421 0.152927
vt 0.364859 0.303717
vt 0.361569 0.297826
vt 0.368932 0.293695
vt 0.352203 0.282991
vt 0.346441 0.259309
vt 0.340943 0.264006
vt 0.338779 0.258121
vt 0.347266 0.268516
vt 0.325114 0.238590
vt 0.335905 0.248888
vt 0.336832 0.237617
vt 0.340923 0.242949
vt 0.316048 0.214494
vt 0.326273 0.219327
vt 0.323701 0.213118
vt 0.322186 0.228191
vt 0.304729 0.194841
vt 0.294663 0.183328
vt 0.366892 0.279073
vt 0.365532 0.288002
vt 0.358755 0.288317
vt 0.375071 0.282991
vt 0.353077 0.260078
vt 0.352273 0.271399
vt 0.357986 0.279150
vt 0.359079 0.268328
vt 0.359196 0.258227
vt 0.370100 0.268681
vt 0.368078 0.258227
vt 0.374197 0.260078
vt 0.375001 0.271399
vt 0.380008 0.268517
vt 0.380833 0.259309
vt 0.388495 0.258121
vt 0.342885 0.248646
vt 0.346825 0.251037
vt 0.356708 0.238578
vt 0.352297 0.244335
vt 0.350097 0.238240
vt 0.358607 0.248886
vt 0.362810 0.240362
vt 0.363637 0.251843
vt 0.368667 0.248886
vt 0.369523 0.239494
vt 0.386351 0.242949
vt 0.377177 0.238240
vt 0.390442 0.237616
vt 0.384389 0.248646
vt 0.380449 0.251037
vt 0.374977 0.244335
vt 0.391369 0.248888
vt 0.330918 0.223724
vt 0.333292 0.229593
vt 0.328007 0.233532
vt 0.349089 0.219294
vt 0.342459 0.224481
vt 0.338743 0.218527
vt 0.346488 0.213027
vt 0.342343 0.229027
vt 0.350889 0.230412
vt 0.353683 0.223692
vt 0.357281 0.229257
vt 0.368076 0.218874
vt 0.363633 0.224666
vt 0.361437 0.218554
vt 0.373590 0.223691
vt 0.378185 0.219294
vt 0.369992 0.229256
vt 0.376385 0.230412
vt 0.383514 0.227217
vt 0.386812 0.221021
vt 0.380786 0.213027
vt 0.398930 0.225345
vt 0.390808 0.218849
vt 0.401001 0.219327
vt 0.393983 0.229593
vt 0.399905 0.234127
vt 0.411226 0.214494
vt 0.403573 0.213118
vt 0.308054 0.204072
vt 0.319647 0.203963
vt 0.312292 0.200160
vt 0.314943 0.194028
vt 0.327401 0.194834
vt 0.328186 0.202575
vt 0.319747 0.208570
vt 0.332365 0.207527
vt 0.339540 0.210757
vt 0.343737 0.205797
vt 0.335106 0.200271
vt 0.337711 0.194024
vt 0.353687 0.209328
vt 0.350888 0.202593
vt 0.357283 0.203740
vt 0.350093 0.194789
vt 0.357729 0.193557
vt 0.364458 0.192676
vt 0.364243 0.209649
vt 0.369991 0.203740
vt 0.373587 0.209328
vt 0.370563 0.194455
vt 0.377181 0.194790
vt 0.383537 0.205797
vt 0.389563 0.194024
vt 0.392168 0.200271
vt 0.394909 0.207527
vt 0.387734 0.210756
vt 0.399088 0.202574
vt 0.407627 0.203963
vt 0.399873 0.194834
vt 0.412331 0.194028
vt 0.407527 0.208570
vt 0.414983 0.200159
vt 0.419947 0.203655
vt 0.422545 0.194840
vt 0.304738 0.189064
vt 0.309541 0.186177
vt 0.300881 0.180241
vt 0.310853 0.178394
vt 0.319605 0.189653
vt 0.327355 0.189000
vt 0.332431 0.186122
vt 0.327355 0.189000
vt 0.326537 0.179780
vt 0.342306 0.189631
vt 0.339526 0.182933
vt 0.345905 0.184075
vt 0.336459 0.174844
vt 0.340499 0.172627
vt 0.346414 0.173777
vt 0.353078 0.172900
vt 0.358619 0.184099
vt 0.359208 0.174724
vt 0.365477 0.173845
vt 0.369513 0.181966
vt 0.374196 0.172900
vt 0.374985 0.188675
vt 0.365635 0.184340
vt 0.381369 0.184076
vt 0.384968 0.189631
vt 0.380860 0.173777
vt 0.386775 0.172627
vt 0.394843 0.186123
vt 0.390815 0.174843
vt 0.401771 0.175737
vt 0.387748 0.182933
vt 0.399919 0.189000
vt 0.403228 0.181962
vt 0.407669 0.189653
vt 0.411140 0.173531
vt 0.416475 0.184705
vt 0.425128 0.178203
vt 0.422537 0.189063
vt 0.422537 0.189063
vt 0.432611 0.183328
vt 0.438812 0.172660
vt 0.432182 0.172561
vt 0.300444 0.170330
vt 0.293441 0.173522
vt 0.308622 0.167121
vt 0.305130 0.161763
vt 0.315019 0.160161
vt 0.312297 0.154201
vt 0.320458 0.174856
vt 0.316378 0.171005
vt 0.321101 0.166486
vt 0.329489 0.170375
vt 0.330860 0.165376
vt 0.327455 0.159671
vt 0.337143 0.159690
vt 0.343779 0.166461
vt 0.349879 0.157461
vt 0.358711 0.164928
vt 0.359591 0.156058
vt 0.366443 0.166449
vt 0.370569 0.159866
vt 0.383495 0.166461
vt 0.377395 0.157461
vt 0.389496 0.154735
vt 0.392165 0.160894
vt 0.397241 0.164328
vt 0.397786 0.170375
vt 0.406174 0.166486
vt 0.399820 0.155250
vt 0.412256 0.160161
vt 0.420603 0.163171
vt 0.420742 0.170452
vt 0.414977 0.154201
vt 0.429065 0.166536
vt 0.441089 0.163825
vt 0.428976 0.157461
vt 0.440032 0.154822
vt 0.460878 0.150656
vt 0.465721 0.144231
vt 0.471591 0.127937
vt 0.476475 0.131605
vt 0.467154 0.135623
vt 0.494110 0.114762
vt 0.486305 0.111547
vt 0.491320 0.107511
vt 0.486793 0.101608
vt 0.480114 0.113175
vt 0.486546 0.120084
vt 0.477273 0.118096
vt 0.497864 0.100432
vt 0.508091 0.095595
vt 0.505519 0.101804
vt 0.492923 0.090989
vt 0.517726 0.066029
vt 0.507078 0.066471
vt 0.515090 0.057052
vt 0.518652 0.077306
vt 0.522744 0.071974
vt 0.520099 0.048342
vt 0.523243 0.054303
vt 0.530234 0.046115
vt 0.526601 0.038031
vt 0.536349 0.041627
vt 0.542296 0.031222
vt 0.545084 0.044180
vt 0.534020 0.031734
vt 0.525569 0.034445
vt 0.475257 0.141403
vt 0.488350 0.144470
vt 0.480027 0.148387
vt 0.483964 0.136718
vt 0.487914 0.151398
vt 0.480116 0.157461
vt 0.496762 0.120894
vt 0.486556 0.125858
vt 0.477301 0.124568
vt 0.492618 0.130217
vt 0.501424 0.125268
vt 0.497822 0.139938
vt 0.505864 0.132960
vt 0.507321 0.139185
vt 0.497918 0.145541
vt 0.497918 0.145541
vt 0.502919 0.148436
vt 0.511306 0.144547
vt 0.512678 0.149546
vt 0.501566 0.106352
vt 0.501465 0.110959
vt 0.516924 0.114651
vt 0.510004 0.112347
vt 0.514183 0.107395
vt 0.509219 0.120087
vt 0.519529 0.120898
vt 0.509173 0.125922
vt 0.514248 0.128799
vt 0.524124 0.125291
vt 0.528232 0.141145
vt 0.527723 0.130846
vt 0.534896 0.142022
vt 0.522317 0.142295
vt 0.518277 0.140079
vt 0.521344 0.131989
vt 0.525598 0.148461
vt 0.539912 0.152658
vt 0.509186 0.080798
vt 0.513269 0.088516
vt 0.507187 0.087703
vt 0.517165 0.083527
vt 0.500008 0.085258
vt 0.503126 0.076125
vt 0.530082 0.097047
vt 0.522280 0.093900
vt 0.525580 0.087703
vt 0.534227 0.091651
vt 0.518285 0.096072
vt 0.521358 0.104165
vt 0.528576 0.103226
vt 0.525555 0.109125
vt 0.539601 0.103228
vt 0.536711 0.108261
vt 0.531911 0.120133
vt 0.533932 0.112686
vt 0.541447 0.119467
vt 0.544037 0.110919
vt 0.534107 0.126247
vt 0.540438 0.130823
vt 0.545572 0.124853
vt 0.545455 0.133847
vt 0.549884 0.140197
vt 0.550444 0.130835
vt 0.559836 0.140620
vt 0.541026 0.140198
vt 0.544335 0.145954
vt 0.555446 0.144994
vt 0.551849 0.150538
vt 0.559139 0.150889
vt 0.566609 0.150247
vt 0.526058 0.064564
vt 0.528243 0.055627
vt 0.537822 0.057790
vt 0.538526 0.076277
vt 0.532273 0.075478
vt 0.538877 0.066660
vt 0.544659 0.074456
vt 0.531540 0.068874
vt 0.532717 0.084512
vt 0.539193 0.085665
vt 0.547672 0.087075
vt 0.545016 0.102907
vt 0.546062 0.092693
vt 0.552554 0.099807
vt 0.541026 0.096023
vt 0.553124 0.106284
vt 0.551215 0.114631
vt 0.561257 0.101112
vt 0.561681 0.111631
vt 0.556305 0.113381
vt 0.564878 0.118110
vt 0.556447 0.124835
vt 0.562420 0.134362
vt 0.563282 0.125550
vt 0.569431 0.132269
vt 0.571382 0.124068
vt 0.580466 0.139149
vt 0.577435 0.132476
vt 0.574905 0.127982
vt 0.568976 0.141676
vt 0.574695 0.144612
vt 0.536865 0.050068
vt 0.544914 0.054437
vt 0.550067 0.052561
vt 0.556245 0.061081
vt 0.547490 0.065758
vt 0.550683 0.073597
vt 0.446023 0.142699
vt 0.442198 0.147987
vt 0.441938 0.135623
vt 0.450195 0.149925
vt 0.421178 0.151398
vt 0.428976 0.157461
vt 0.396413 0.149546
vt 0.406173 0.148436
vt 0.368564 0.149994
vt 0.383494 0.148461
vt 0.374196 0.142022
vt 0.380860 0.141145
vt 0.343780 0.148460
vt 0.353078 0.142022
vt 0.346414 0.141145
vt 0.321101 0.148436
vt 0.334347 0.150589
vt 0.306096 0.151398
vt 0.424526 0.139028
vt 0.433835 0.141403
vt 0.429065 0.148386
vt 0.434628 0.131567
vt 0.428234 0.131205
vt 0.431047 0.122159
vt 0.434660 0.123016
vt 0.401771 0.139184
vt 0.411173 0.145541
vt 0.411173 0.145541
vt 0.397786 0.144547
vt 0.420742 0.144470
vt 0.411270 0.139938
vt 0.403228 0.132960
vt 0.411274 0.131918
vt 0.415616 0.124824
vt 0.420992 0.126430
vt 0.414983 0.114762
vt 0.408313 0.122020
vt 0.422545 0.120084
vt 0.426459 0.113634
vt 0.386775 0.142295
vt 0.390815 0.140078
vt 0.384967 0.125290
vt 0.387748 0.131989
vt 0.381369 0.130846
vt 0.394843 0.128800
vt 0.389562 0.120898
vt 0.399919 0.125922
vt 0.399873 0.120088
vt 0.392168 0.114650
vt 0.403573 0.101804
vt 0.394908 0.107395
vt 0.401001 0.095595
vt 0.407527 0.106352
vt 0.407627 0.110959
vt 0.399088 0.112347
vt 0.419220 0.110850
vt 0.411228 0.100432
vt 0.420320 0.102638
vt 0.411932 0.083651
vt 0.405073 0.086705
vt 0.407433 0.075858
vt 0.416169 0.090989
vt 0.360831 0.148473
vt 0.365477 0.141077
vt 0.359208 0.140198
vt 0.357761 0.132956
vt 0.364457 0.122247
vt 0.361639 0.130581
vt 0.357729 0.121365
vt 0.368654 0.130823
vt 0.370563 0.120466
vt 0.377181 0.120133
vt 0.369148 0.113281
vt 0.380786 0.101894
vt 0.372190 0.107373
vt 0.378185 0.095627
vt 0.383537 0.109124
vt 0.387734 0.104165
vt 0.390808 0.096072
vt 0.386812 0.093901
vt 0.391927 0.083527
vt 0.383514 0.087705
vt 0.390442 0.077306
vt 0.395823 0.088516
vt 0.399268 0.081390
vt 0.402187 0.076379
vt 0.391367 0.066029
vt 0.386350 0.071973
vt 0.402014 0.066471
vt 0.395883 0.055853
vt 0.336459 0.140079
vt 0.329488 0.144547
vt 0.325503 0.139185
vt 0.332430 0.128799
vt 0.339526 0.131989
vt 0.340499 0.142295
vt 0.342306 0.125290
vt 0.337712 0.120898
vt 0.345905 0.130846
vt 0.352289 0.126247
vt 0.350093 0.120132
vt 0.343737 0.109124
vt 0.353687 0.105593
vt 0.346488 0.101895
vt 0.349089 0.095627
vt 0.357284 0.111182
vt 0.364198 0.105350
vt 0.361438 0.096367
vt 0.368076 0.096047
vt 0.353684 0.091230
vt 0.357281 0.085665
vt 0.369993 0.085665
vt 0.362810 0.074559
vt 0.373590 0.091230
vt 0.369523 0.075427
vt 0.377176 0.076682
vt 0.374977 0.070586
vt 0.380449 0.063885
vt 0.368667 0.066036
vt 0.374197 0.054844
vt 0.384388 0.066276
vt 0.380833 0.055613
vt 0.388508 0.056823
vt 0.386323 0.050902
vt 0.390705 0.046884
vt 0.380006 0.046402
vt 0.386364 0.039365
vt 0.316101 0.145541
vt 0.316004 0.139938
vt 0.306532 0.144470
vt 0.302146 0.136718
vt 0.310800 0.130216
vt 0.319605 0.125268
vt 0.314943 0.120894
vt 0.324046 0.132960
vt 0.327355 0.125922
vt 0.327401 0.120088
vt 0.335106 0.114651
vt 0.328186 0.112347
vt 0.332365 0.107395
vt 0.319647 0.110959
vt 0.319748 0.106352
vt 0.323701 0.101804
vt 0.326273 0.095595
vt 0.336466 0.096073
vt 0.340462 0.093901
vt 0.339540 0.104165
vt 0.343760 0.087704
vt 0.331451 0.088516
vt 0.335348 0.083527
vt 0.336832 0.077305
vt 0.350888 0.084509
vt 0.350097 0.076681
vt 0.356708 0.076343
vt 0.340924 0.071973
vt 0.342885 0.066275
vt 0.358607 0.066035
vt 0.346824 0.063884
vt 0.353077 0.054843
vt 0.352297 0.070586
vt 0.363637 0.063077
vt 0.359196 0.056693
vt 0.363637 0.063077
vt 0.368078 0.056694
vt 0.359079 0.046594
vt 0.370100 0.046240
vt 0.366899 0.035880
vt 0.363500 0.052405
vt 0.375001 0.043529
vt 0.380744 0.036164
vt 0.298209 0.148387
vt 0.293439 0.141403
vt 0.285336 0.135624
vt 0.289773 0.127937
vt 0.294657 0.131604
vt 0.304737 0.125858
vt 0.304728 0.120084
vt 0.295483 0.124568
vt 0.295455 0.118096
vt 0.312292 0.114762
vt 0.300815 0.113634
vt 0.307629 0.102463
vt 0.301137 0.108254
vt 0.303978 0.103334
vt 0.316046 0.100432
vt 0.308054 0.110850
vt 0.311105 0.090989
vt 0.327098 0.078223
vt 0.324565 0.085651
vt 0.317489 0.082740
vt 0.321023 0.073810
vt 0.325260 0.066472
vt 0.335908 0.066029
vt 0.333458 0.057725
vt 0.340934 0.053899
vt 0.346441 0.055613
vt 0.335228 0.049207
vt 0.332387 0.054127
vt 0.347268 0.046402
vt 0.339726 0.046239
vt 0.340910 0.039365
vt 0.352273 0.043529
vt 0.346530 0.036164
vt 0.352273 0.043529
vt 0.357999 0.035776
vt 0.350855 0.022140
vt 0.352210 0.031889
vt 0.346592 0.029524
vt 0.358697 0.026598
vt 0.357507 0.016148
vt 0.363681 0.013944
vt 0.367276 0.025974
vt 0.369767 0.016148
vt 0.376419 0.022140
vt 0.163293 0.115953
vt 0.155238 0.123449
vt 0.157037 0.114536
vt 0.157564 0.130023
vt 0.148461 0.131849
vt 0.151015 0.127572
vt 0.150789 0.136104
vt 0.147243 0.137900
vt 0.155163 0.123468
vt 0.162865 0.135238
vt 0.163041 0.126085
vt 0.158345 0.143794
vt 0.148449 0.143901
vt 0.149534 0.148245
vt 0.154402 0.151906
vt 0.163244 0.149449
vt 0.173225 0.146748
vt 0.167422 0.140613
vt 0.166470 0.100836
vt 0.161323 0.102155
vt 0.158331 0.098413
vt 0.162263 0.107142
vt 0.159164 0.110579
vt 0.160436 0.111410
vt 0.170182 0.109790
vt 0.173797 0.114581
vt 0.180258 0.106392
vt 0.172171 0.101375
vt 0.176082 0.121579
vt 0.182640 0.122251
vt 0.169733 0.123542
vt 0.171933 0.130653
vt 0.179463 0.131192
vt 0.186131 0.143238
vt 0.186836 0.130823
vt 0.192378 0.142022
vt 0.181339 0.142420
vt 0.177390 0.140197
vt 0.201676 0.148461
vt 0.199041 0.141146
vt 0.172309 0.080192
vt 0.172789 0.089668
vt 0.165842 0.084274
vt 0.167123 0.092641
vt 0.162129 0.083992
vt 0.161962 0.081590
vt 0.163487 0.079274
vt 0.188083 0.085664
vt 0.179600 0.087066
vt 0.182615 0.074453
vt 0.186248 0.096024
vt 0.193048 0.091650
vt 0.197193 0.097047
vt 0.179601 0.100376
vt 0.172171 0.101375
vt 0.187677 0.103229
vt 0.183240 0.110922
vt 0.198698 0.103226
vt 0.201718 0.109124
vt 0.190563 0.108262
vt 0.195363 0.120133
vt 0.207745 0.120898
vt 0.188745 0.120466
vt 0.193345 0.112680
vt 0.203150 0.125290
vt 0.199551 0.130846
vt 0.205930 0.131989
vt 0.213025 0.128800
vt 0.208997 0.140078
vt 0.219953 0.139185
vt 0.204957 0.142295
vt 0.215968 0.144547
vt 0.215423 0.150594
vt 0.224355 0.148436
vt 0.177502 0.039365
vt 0.175205 0.046706
vt 0.171018 0.044998
vt 0.182190 0.044179
vt 0.177206 0.052560
vt 0.171989 0.053060
vt 0.170966 0.052276
vt 0.171725 0.058244
vt 0.169353 0.057138
vt 0.182359 0.054437
vt 0.171028 0.061081
vt 0.179784 0.065758
vt 0.170473 0.066659
vt 0.188397 0.066660
vt 0.189452 0.057790
vt 0.176592 0.073597
vt 0.195734 0.068874
vt 0.195001 0.075478
vt 0.201216 0.064565
vt 0.204531 0.071973
vt 0.208623 0.077306
vt 0.188748 0.076276
vt 0.201694 0.087703
vt 0.210109 0.083527
vt 0.214005 0.088516
vt 0.208990 0.096072
vt 0.219183 0.095595
vt 0.205916 0.104165
vt 0.204994 0.093900
vt 0.213090 0.107394
vt 0.210349 0.114651
vt 0.221755 0.101805
vt 0.225709 0.106352
vt 0.218055 0.120087
vt 0.225809 0.110959
vt 0.230512 0.120894
vt 0.217270 0.112347
vt 0.218101 0.125922
vt 0.225851 0.125268
vt 0.221410 0.132960
vt 0.237108 0.127905
vt 0.230098 0.138112
vt 0.242708 0.139028
vt 0.229356 0.145541
vt 0.238924 0.144470
vt 0.229356 0.145541
vt 0.239359 0.151398
vt 0.247158 0.157461
vt 0.180949 0.024550
vt 0.179755 0.033001
vt 0.178777 0.027215
vt 0.190756 0.028846
vt 0.187389 0.034706
vt 0.195091 0.032197
vt 0.200673 0.038031
vt 0.201705 0.034445
vt 0.190925 0.041627
vt 0.197040 0.046115
vt 0.190410 0.050068
vt 0.199031 0.055626
vt 0.205701 0.050462
vt 0.207825 0.056370
vt 0.207387 0.044286
vt 0.209549 0.066030
vt 0.215910 0.059048
vt 0.220196 0.066472
vt 0.218089 0.080798
vt 0.221920 0.074267
vt 0.228932 0.081603
vt 0.223255 0.086705
vt 0.234351 0.090989
vt 0.229410 0.100431
vt 0.238637 0.098413
vt 0.236914 0.106754
vt 0.233164 0.114762
vt 0.240728 0.120085
vt 0.247160 0.113175
vt 0.249229 0.122159
vt 0.246416 0.131206
vt 0.252811 0.131567
vt 0.252842 0.123016
vt 0.252017 0.141403
vt 0.247247 0.148387
vt 0.258942 0.147099
vt 0.260120 0.135624
vt 0.264205 0.142699
vt 0.268377 0.149925
vt 0.168606 0.073309
vt 0.165544 0.079377
vt 0.163170 0.075296
vt 0.168152 0.068459
vt 0.167719 0.063788
vt 0.556255 0.044998
vt 0.555285 0.053060
vt 0.552068 0.046706
vt 0.556309 0.052275
vt 0.555548 0.058244
vt 0.547990 0.023866
vt 0.535874 0.023446
vt 0.547816 0.017040
vt 0.542834 0.017354
vt 0.570058 0.114847
vt 0.570986 0.118096
vt 0.570947 0.118096
vt 0.572406 0.123366
vt 0.566824 0.101946
vt 0.565876 0.106685
vt 0.565830 0.106707
vt 0.568214 0.110479
vt 0.563788 0.079300
vt 0.561314 0.084297
vt 0.554986 0.080225
vt 0.565329 0.081574
vt 0.563559 0.086739
vt 0.560156 0.092633
vt 0.554278 0.089713
vt 0.559555 0.063787
vt 0.556801 0.066659
vt 0.559122 0.068459
vt 0.558668 0.073309
vt 0.564103 0.075296
vt 0.579882 0.202377
vt 0.586900 0.198902
vt 0.587179 0.203006
vt 0.584789 0.210589
vt 0.583679 0.190239
vt 0.586533 0.195895
vt 0.585743 0.187877
vt 0.586670 0.192553
vt 0.586268 0.211652
vt 0.585502 0.219523
vt 0.138274 0.287841
vt 0.137468 0.281617
vt 0.135452 0.277137
vt 0.586717 0.263418
vt 0.590413 0.265674
vt 0.588951 0.257449
vt 0.589924 0.293562
vt 0.588761 0.302027
vt 0.592936 0.296454
vt 0.593071 0.309065
vt 0.591532 0.284954
vt 0.591446 0.286019
vt 0.589391 0.334737
vt 0.596400 0.333450
vt 0.591609 0.341000
vt 0.600771 0.338661
vt 0.596518 0.340967
vt 0.597598 0.348515
vt 0.597746 0.327525
vt 0.598590 0.333645
vt 0.600065 0.353183
vt 0.606487 0.371017
vt 0.605684 0.366456
vt 0.600604 0.344254
vt 0.607597 0.379428
vt 0.607359 0.374020
vt 0.606224 0.370245
vt 0.613470 0.414742
vt 0.614208 0.421554
vt 0.618973 0.415732
vt 0.620788 0.419675
vt 0.619777 0.428679
vt 0.609379 0.425643
vt 0.616763 0.434716
vt 0.616015 0.407652
vt 0.622080 0.430308
vt 0.620316 0.441872
vt 0.613648 0.446855
vt 0.587887 0.451639
vt 0.620660 0.445182
vt 0.586618 0.250205
vt 0.581436 0.162005
vt 0.577883 0.167776
vt 0.584242 0.158397
vt 0.580164 0.154811
vt 0.584107 0.164516
vt 0.584669 0.168270
vt 0.580237 0.148980
vt 0.581142 0.140542
vt 0.580490 0.144743
vt 0.580838 0.150509
vt 0.147150 0.148951
vt 0.146884 0.139241
vt 0.536932 0.014762
vt 0.542906 0.011110
vt 0.543646 0.010417
vt 0.265111 0.402375
vt 0.265271 0.398567
vt 0.268579 0.397773
vt 0.262860 0.407681
vt 0.260331 0.409533
vt 0.273074 0.394244
vt 0.262060 0.413337
vt 0.275613 0.389188
vt 0.284072 0.391326
vt 0.278369 0.392093
vt 0.287447 0.389239
vt 0.276443 0.378545
vt 0.284537 0.383603
vt 0.292931 0.384223
vt 0.261895 0.422229
vt 0.263757 0.421239
vt 0.260801 0.427330
vt 0.269367 0.427827
vt 0.255063 0.413395
vt 0.264301 0.418609
vt 0.266316 0.423551
vt 0.262634 0.448019
vt 0.259872 0.448476
vt 0.439569 0.425369
vt 0.444687 0.420802
vt 0.441046 0.428096
vt 0.446893 0.423175
vt 0.434660 0.433017
vt 0.438960 0.423244
vt 0.443562 0.418273
vt 0.441292 0.418458
vt 0.446023 0.413334
vt 0.448864 0.413334
vt 0.446023 0.428096
vt 0.438489 0.433017
vt 0.368798 0.382553
vt 0.355449 0.394757
vt 0.382233 0.387007
vt 0.267180 0.423079
vt 0.271407 0.426004
vt 0.270189 0.427155
vt 0.265256 0.418358
vt 0.268527 0.422320
vt 0.269367 0.427827
vt 0.274042 0.430279
vt 0.266316 0.423551
vt 0.266795 0.417977
vt 0.269729 0.421626
vt 0.272393 0.424964
vt 0.275885 0.427549
vt 0.275127 0.428844
vt 0.443066 0.408364
vt 0.432032 0.407717
vt 0.439095 0.410536
vt 0.444603 0.410874
vt 0.437800 0.412409
vt 0.433511 0.410387
vt 0.432490 0.412036
vt 0.427761 0.410519
vt 0.421876 0.410874
vt 0.283714 0.433112
vt 0.289843 0.432461
vt 0.289381 0.433295
vt 0.278597 0.432179
vt 0.284425 0.431805
vt 0.295455 0.433017
vt 0.295455 0.433017
vt 0.279491 0.430703
vt 0.279949 0.429349
vt 0.284723 0.430465
vt 0.292336 0.431881
vt 0.173815 0.401539
vt 0.184632 0.397081
vt 0.196395 0.399319
vt 0.215688 0.396225
vt 0.144208 0.403650
vt 0.219536 0.392123
vt 0.256905 0.437000
vt 0.251569 0.434202
vt 0.251101 0.425994
vt 0.257003 0.420679
vt 0.264250 0.433087
vt 0.259434 0.444596
vt 0.235796 0.329683
vt 0.238138 0.322586
vt 0.288925 0.364839
vt 0.302341 0.386454
vt 0.273277 0.407412
vt 0.271206 0.419752
vt 0.271274 0.406743
vt 0.269729 0.421626
vt 0.278388 0.417867
vt 0.277058 0.409860
vt 0.321518 0.414802
vt 0.272393 0.424964
vt 0.278838 0.426304
vt 0.269729 0.421626
vt 0.273878 0.423313
vt 0.273770 0.419703
vt 0.282056 0.423368
vt 0.286862 0.425838
vt 0.288369 0.428199
vt 0.275885 0.427549
vt 0.279949 0.429349
vt 0.284723 0.430465
vt 0.322198 0.418104
vt 0.273873 0.403355
vt 0.277296 0.404824
vt 0.275885 0.399119
vt 0.277068 0.401169
vt 0.269729 0.405042
vt 0.280886 0.407781
vt 0.284835 0.398938
vt 0.281826 0.402158
vt 0.280559 0.399495
vt 0.281826 0.402158
vt 0.284448 0.401053
vt 0.284359 0.405299
vt 0.275885 0.399119
vt 0.284092 0.396750
vt 0.292299 0.399119
vt 0.288314 0.397388
vt 0.294150 0.403212
vt 0.284092 0.396750
vt 0.280886 0.407781
vt 0.297101 0.406062
vt 0.294839 0.406942
vt 0.294898 0.409657
vt 0.297101 0.406062
vt 0.299195 0.409474
vt 0.289773 0.413334
vt 0.295455 0.413334
vt 0.295870 0.401705
vt 0.301137 0.413334
vt 0.302222 0.409017
vt 0.295455 0.413334
vt 0.299085 0.405042
vt 0.386681 0.416581
vt 0.340011 0.420350
vt 0.357264 0.416464
vt 0.406251 0.418255
vt 0.347786 0.422227
vt 0.332387 0.428096
vt 0.369319 0.423175
vt 0.392893 0.413366
vt 0.378176 0.413732
vt 0.364105 0.413438
vt 0.398535 0.413490
vt 0.400311 0.413868
vt 0.344049 0.413800
vt 0.386364 0.413334
vt 0.398535 0.413490
vt 0.423322 0.413682
vt 0.416628 0.413448
vt 0.458719 0.445182
vt 0.448627 0.437918
vt 0.452677 0.435261
vt 0.453830 0.450219
vt 0.446391 0.443065
vt 0.455426 0.434540
vt 0.462193 0.452699
vt 0.448864 0.452699
vt 0.443182 0.445069
vt 0.141945 0.456227
vt 0.147792 0.452699
vt 0.142515 0.459747
vt 0.190101 0.459323
vt 0.114942 0.469934
vt 0.131464 0.464307
vt 0.236943 0.383310
vt 0.229090 0.392163
vt 0.237876 0.376469
vt 0.227990 0.387125
vt 0.242188 0.375199
vt 0.237465 0.387354
vt 0.146778 0.357858
vt 0.141354 0.371122
vt 0.135435 0.370591
vt 0.143061 0.368704
vt 0.138127 0.364379
vt 0.146308 0.371509
vt 0.108025 0.419429
vt 0.114472 0.412503
vt 0.228769 0.352378
vt 0.233582 0.349130
vt 0.232229 0.353436
vt 0.231022 0.356322
vt 0.229508 0.355224
vt 0.227905 0.354833
vt 0.231417 0.383991
vt 0.223844 0.387971
vt 0.231021 0.383861
vt 0.233772 0.379775
vt 0.235275 0.379501
vt 0.227909 0.388190
vt 0.230948 0.383988
vt 0.233095 0.378987
vt 0.234964 0.375960
vt 0.236749 0.375133
vt 0.234729 0.365602
vt 0.234623 0.369618
vt 0.233634 0.366911
vt 0.236722 0.371547
vt 0.235922 0.368476
vt 0.233389 0.362747
vt 0.237709 0.370443
vt 0.237876 0.376469
vt 0.235147 0.372596
vt 0.233675 0.371734
vt 0.232638 0.367415
vt 0.231629 0.364824
vt 0.120148 0.390920
vt 0.113011 0.392568
vt 0.113329 0.389405
vt 0.228565 0.383860
vt 0.230292 0.383150
vt 0.227119 0.389022
vt 0.226079 0.379318
vt 0.224471 0.385091
vt 0.224433 0.388731
vt 0.229251 0.377252
vt 0.231846 0.376271
vt 0.132550 0.376845
vt 0.139186 0.378982
vt 0.131528 0.378979
vt 0.141085 0.381354
vt 0.130315 0.381320
vt 0.121986 0.376328
vt 0.140442 0.376783
vt 0.146308 0.376429
vt 0.144887 0.378890
vt 0.142046 0.383810
vt 0.134174 0.383796
vt 0.119246 0.383171
vt 0.120777 0.378608
vt 0.119348 0.380867
vt 0.229197 0.369778
vt 0.231278 0.369127
vt 0.226987 0.370395
vt 0.230414 0.365432
vt 0.226629 0.367030
vt 0.228876 0.366030
vt 0.223325 0.363568
vt 0.224613 0.361704
vt 0.223827 0.364225
vt 0.225726 0.361606
vt 0.225604 0.360185
vt 0.225008 0.363749
vt 0.226708 0.359852
vt 0.224168 0.366686
vt 0.119305 0.373969
vt 0.119140 0.376216
vt 0.132914 0.388706
vt 0.136705 0.391191
vt 0.127688 0.386201
vt 0.116399 0.385254
vt 0.138123 0.386269
vt 0.136365 0.393652
vt 0.128763 0.393652
vt 0.116190 0.387811
vt 0.228884 0.361225
vt 0.228108 0.361935
vt 0.227850 0.360185
vt 0.229700 0.363042
vt 0.228884 0.361225
vt 0.231629 0.364824
vt 0.230414 0.365432
vt 0.228365 0.363617
vt 0.228876 0.366030
vt 0.220414 0.374242
vt 0.221649 0.376336
vt 0.218787 0.373705
vt 0.217330 0.376429
vt 0.220439 0.370230
vt 0.222002 0.382472
vt 0.218751 0.378890
vt 0.220171 0.381350
vt 0.185477 0.007937
vt 0.181819 0.000000
vt 0.189094 0.015779
vt 0.180796 0.021030
vt 0.273230 0.155145
vt 0.287085 0.151504
vt 0.282366 0.146048
vt 0.287242 0.160100
vt 0.297649 0.161002
vt 0.468904 0.163418
vt 0.460981 0.164443
vt 0.465560 0.170412
vt 0.454044 0.155145
vt 0.468884 0.153076
vt 0.480116 0.157461
vt 0.266293 0.164443
vt 0.282701 0.164310
vt 0.273650 0.171614
vt 0.282667 0.169744
vt 0.285513 0.179606
vt 0.448111 0.164443
vt 0.457960 0.154902
vt 0.453623 0.171614
vt 0.443531 0.170412
vt 0.441761 0.179605
vt 0.459842 0.178687
vt 0.467331 0.179606
vt 0.191071 0.316981
vt 0.192215 0.325199
vt 0.198533 0.317978
vt 0.183437 0.317723
vt 0.550845 0.322225
vt 0.557804 0.324395
vt 0.559617 0.318299
vt 0.558063 0.336759
vt 0.560129 0.309971
vt 0.571088 0.313236
vt 0.377975 0.319306
vt 0.369969 0.321725
vt 0.374812 0.328151
vt 0.369160 0.309224
vt 0.359132 0.316294
vt 0.395634 0.352318
vt 0.406982 0.365558
vt 0.395952 0.361132
vt 0.397920 0.371517
vt 0.452798 0.418886
vt 0.453704 0.427235
vt 0.457198 0.421426
vt 0.462140 0.414942
vt 0.458221 0.414722
vt 0.449261 0.418255
vt 0.452123 0.413334
vt 0.451811 0.430513
vt 0.461785 0.420479
vt 0.479788 0.424128
vt 0.479645 0.417103
vt 0.472177 0.419819
vt 0.477755 0.408868
vt 0.469548 0.413324
vt 0.487110 0.415978
vt 0.447652 0.405592
vt 0.455120 0.402763
vt 0.447672 0.400476
vt 0.455419 0.407277
vt 0.458876 0.405958
vt 0.469548 0.413324
vt 0.452825 0.395727
vt 0.460930 0.393543
vt 0.465941 0.400968
vt 0.468183 0.395594
vt 0.472352 0.406439
vt 0.477349 0.400362
vt 0.481356 0.395075
vt 0.483792 0.405782
vt 0.490411 0.402382
vt 0.490821 0.395698
vt 0.491478 0.408414
vt 0.498378 0.396462
vt 0.439370 0.375074
vt 0.422348 0.380136
vt 0.434292 0.384268
vt 0.428371 0.371763
vt 0.413302 0.371601
vt 0.371984 0.398587
vt 0.389013 0.391622
vt 0.443291 0.380527
vt 0.441533 0.387535
vt 0.448201 0.386337
vt 0.434940 0.397772
vt 0.444579 0.394850
vt 0.450098 0.376279
vt 0.456139 0.386459
vt 0.458981 0.371582
vt 0.466065 0.380680
vt 0.469913 0.375333
vt 0.453012 0.371306
vt 0.455405 0.380136
vt 0.464428 0.386175
vt 0.471843 0.388806
vt 0.476064 0.382561
vt 0.479440 0.375987
vt 0.482836 0.388855
vt 0.486734 0.386547
vt 0.487265 0.381184
vt 0.491910 0.376787
vt 0.492786 0.386473
vt 0.498585 0.386496
vt 0.502137 0.371951
vt 0.494482 0.370578
vt 0.504028 0.386675
vt 0.500729 0.379923
vt 0.509707 0.376839
vt 0.413302 0.371601
vt 0.403123 0.371852
vt 0.403188 0.357714
vt 0.415274 0.361100
vt 0.409865 0.350386
vt 0.423547 0.359771
vt 0.423313 0.366170
vt 0.418308 0.352300
vt 0.427794 0.352917
vt 0.433760 0.364143
vt 0.437683 0.369142
vt 0.441002 0.352249
vt 0.444596 0.366789
vt 0.447620 0.351916
vt 0.448192 0.361200
vt 0.453725 0.350136
vt 0.454550 0.365802
vt 0.463099 0.365009
vt 0.460057 0.359101
vt 0.460454 0.351017
vt 0.468090 0.352249
vt 0.471425 0.369156
vt 0.474446 0.363258
vt 0.480472 0.351484
vt 0.478643 0.368217
vt 0.485818 0.364987
vt 0.483077 0.357731
vt 0.498435 0.366030
vt 0.490782 0.352295
vt 0.498536 0.361423
vt 0.499222 0.350362
vt 0.489997 0.360035
vt 0.508681 0.364872
vt 0.505892 0.357620
vt 0.515713 0.366436
vt 0.513455 0.352298
vt 0.512716 0.360019
vt 0.402566 0.347558
vt 0.397191 0.345952
vt 0.386392 0.347814
vt 0.385548 0.341453
vt 0.391790 0.337701
vt 0.406909 0.340464
vt 0.396310 0.330027
vt 0.406913 0.332444
vt 0.414955 0.339422
vt 0.416412 0.333198
vt 0.418264 0.346460
vt 0.423340 0.343583
vt 0.431901 0.347537
vt 0.427368 0.332303
vt 0.430435 0.340392
vt 0.431408 0.330087
vt 0.437323 0.331237
vt 0.436814 0.341536
vt 0.443987 0.330360
vt 0.443198 0.346135
vt 0.449528 0.341560
vt 0.456544 0.341801
vt 0.452706 0.331305
vt 0.458975 0.332185
vt 0.460422 0.339426
vt 0.465105 0.330360
vt 0.475876 0.347092
vt 0.472279 0.341536
vt 0.465894 0.346135
vt 0.478657 0.340393
vt 0.471769 0.331237
vt 0.477684 0.330087
vt 0.485753 0.343583
vt 0.481724 0.332304
vt 0.492680 0.333197
vt 0.490828 0.346460
vt 0.494137 0.339422
vt 0.502049 0.330991
vt 0.500140 0.341242
vt 0.508264 0.337473
vt 0.506526 0.347559
vt 0.522703 0.347815
vt 0.519143 0.341177
vt 0.511901 0.345952
vt 0.525539 0.340816
vt 0.520453 0.332490
vt 0.387903 0.324829
vt 0.384234 0.332448
vt 0.376245 0.336759
vt 0.389208 0.314921
vt 0.397006 0.320984
vt 0.396039 0.310619
vt 0.407010 0.326841
vt 0.412010 0.323946
vt 0.420397 0.327835
vt 0.403206 0.318181
vt 0.405928 0.312221
vt 0.418363 0.317131
vt 0.421769 0.322836
vt 0.428688 0.317648
vt 0.426017 0.311488
vt 0.434689 0.323921
vt 0.440788 0.314921
vt 0.451740 0.323909
vt 0.459473 0.322388
vt 0.450500 0.316325
vt 0.461478 0.312516
vt 0.468304 0.314921
vt 0.474404 0.323921
vt 0.480404 0.317647
vt 0.488696 0.327835
vt 0.487323 0.322836
vt 0.490728 0.317132
vt 0.483074 0.311488
vt 0.497082 0.323946
vt 0.503164 0.317620
vt 0.511651 0.327912
vt 0.511512 0.320630
vt 0.505887 0.311661
vt 0.521189 0.324829
vt 0.530020 0.334577
vt 0.531097 0.320878
vt 0.534279 0.328152
vt 0.519885 0.314921
vt 0.539578 0.319986
vt 0.528732 0.311858
vt 0.533881 0.309255
vt 0.593814 0.396227
vt 0.601733 0.403807
vt 0.600204 0.394579
vt 0.608369 0.405614
vt 0.604995 0.415697
vt 0.612180 0.396251
vt 0.582608 0.376584
vt 0.593118 0.371047
vt 0.585318 0.370620
vt 0.597083 0.386893
vt 0.587764 0.385634
vt 0.600022 0.381060
vt 0.591676 0.380181
vt 0.573513 0.358754
vt 0.576292 0.349142
vt 0.568950 0.350212
vt 0.581621 0.353353
vt 0.576842 0.365050
vt 0.589832 0.365499
vt 0.582545 0.359798
vt 0.592893 0.354422
vt 0.567398 0.340786
vt 0.566064 0.332439
vt 0.577734 0.340543
vt 0.575505 0.333297
vt 0.603475 0.388275
vt 0.598152 0.374395
vt 0.610396 0.386339
vt 0.596586 0.361166
vt 0.584704 0.347595
vt 0.569442 0.326137
vt 0.577932 0.327685
vt 0.575858 0.320893
vt 0.581870 0.316018
vt 0.588505 0.328374
vt 0.584095 0.321550
vt 0.552417 0.453563
vt 0.471024 0.455837
vt 0.616471 0.451575
vt 0.535159 0.454343
vt 0.216859 0.358610
vt 0.218545 0.362156
vt 0.218922 0.353285
vt 0.214091 0.352182
vt 0.215910 0.363641
vt 0.216980 0.366028
vt 0.215910 0.369048
vt 0.217878 0.370560
vt 0.220729 0.365622
vt 0.224165 0.354691
vt 0.214548 0.346277
vt 0.220599 0.345253
vt 0.212379 0.334607
vt 0.105559 0.445147
vt 0.100923 0.450360
vt 0.131233 0.431361
vt 0.261020 0.364941
vt 0.254107 0.367047
vt 0.266013 0.373492
vt 0.256238 0.358613
vt 0.248989 0.360020
vt 0.258113 0.376074
vt 0.269467 0.387878
vt 0.268122 0.360551
vt 0.274508 0.368124
vt 0.272132 0.351712
vt 0.259582 0.348532
vt 0.249013 0.355997
vt 0.241883 0.363432
vt 0.243024 0.366371
vt 0.206837 0.346420
vt 0.203097 0.351776
vt 0.204393 0.339157
vt 0.143179 0.403320
vt 0.121716 0.399135
vt 0.120688 0.395081
vt 0.115372 0.412897
vt 0.179306 0.415832
vt 0.164014 0.421806
vt 0.255051 0.413395
vt 0.205909 0.411514
vt 0.125201 0.423445
vt 0.218751 0.369048
vt 0.220623 0.365806
vt 0.217839 0.370627
vt 0.215910 0.373969
vt 0.215910 0.373969
vt 0.217330 0.371509
vt 0.217330 0.371509
vt 0.219261 0.368164
vt 0.221052 0.365062
vt 0.121631 0.367917
vt 0.125853 0.371719
vt 0.125462 0.371872
vt 0.121798 0.368109
vt 0.123251 0.370017
vt 0.120443 0.365941
vt 0.121060 0.367144
vt 0.122847 0.370239
vt 0.128325 0.373969
vt 0.129594 0.373282
vt 0.124210 0.372599
vt 0.237347 0.360206
vt 0.236866 0.365588
vt 0.239568 0.365615
vt 0.239624 0.360511
vt 0.237963 0.352906
vt 0.235454 0.355796
vt 0.235072 0.367794
vt 0.239602 0.370713
vt 0.239625 0.355997
vt 0.125023 0.363129
vt 0.129024 0.356662
vt 0.133142 0.362767
vt 0.135225 0.355215
vt 0.126049 0.369561
vt 0.134320 0.368726
vt 0.142273 0.353644
vt 0.146779 0.357858
vt 0.228694 0.356835
vt 0.230114 0.359410
vt 0.228694 0.357506
vt 0.230114 0.359226
vt 0.231535 0.361693
vt 0.227273 0.356602
vt 0.228694 0.356747
vt 0.227273 0.354286
vt 0.227273 0.354930
vt 0.231535 0.361671
vt 0.232955 0.364128
vt 0.232955 0.364128
vt 0.231535 0.361667
vt 0.230114 0.359207
vt 0.135591 0.339886
vt 0.132232 0.333344
vt 0.133194 0.349088
vt 0.141605 0.346309
vt 0.141454 0.331534
vt 0.147301 0.341064
vt 0.151777 0.333273
vt 0.149648 0.348938
vt 0.159546 0.338415
vt 0.159331 0.349809
vt 0.165147 0.341729
vt 0.169734 0.330434
vt 0.143178 0.321551
vt 0.135451 0.326906
vt 0.151416 0.320892
vt 0.146085 0.316020
vt 0.149341 0.327685
vt 0.151948 0.310022
vt 0.162363 0.317621
vt 0.169719 0.321855
vt 0.158564 0.327378
vt 0.177480 0.317354
vt 0.174868 0.326960
vt 0.298838 0.392629
vt 0.301024 0.399123
vt 0.306290 0.398077
vt 0.307260 0.409122
vt 0.308430 0.402950
vt 0.302349 0.386447
vt 0.306596 0.391335
vt 0.322746 0.386188
vt 0.292293 0.392574
vt 0.298296 0.398572
vt 0.303978 0.408413
vt 0.309954 0.407903
vt 0.327344 0.390508
vt 0.332111 0.394036
vt 0.134389 0.373758
vt 0.142067 0.373956
vt 0.142066 0.373957
vt 0.134588 0.373969
vt 0.134501 0.373670
vt 0.136364 0.373969
vt 0.136525 0.373870
vt 0.142046 0.373969
vt 0.147728 0.373969
vt 0.197595 0.342247
vt 0.278807 0.394386
vt 0.284092 0.394062
vt 0.278962 0.394677
vt 0.284092 0.394027
vt 0.289361 0.394415
vt 0.274306 0.396385
vt 0.272816 0.393804
vt 0.274030 0.395907
vt 0.272728 0.393652
vt 0.278410 0.393652
vt 0.284092 0.393652
vt 0.289376 0.394386
vt 0.289773 0.393652
vt 0.294153 0.395907
vt 0.294145 0.395920
vt 0.295455 0.393652
vt 0.297886 0.399283
vt 0.301029 0.403680
vt 0.301029 0.403681
vt 0.303964 0.408437
vt 0.303964 0.408437
vt 0.297886 0.399283
vt 0.303978 0.408414
vt 0.306819 0.413334
vt 0.306819 0.413334
vt 0.301137 0.403493
vt 0.439052 0.400576
vt 0.430522 0.405737
vt 0.428970 0.398587
vt 0.423591 0.407903
vt 0.439110 0.418963
vt 0.437175 0.423363
vt 0.437176 0.423363
vt 0.434619 0.428120
vt 0.434619 0.428120
vt 0.439186 0.415610
vt 0.439019 0.418966
vt 0.438190 0.415594
vt 0.431819 0.433017
vt 0.431819 0.433017
vt 0.434660 0.428096
vt 0.265040 0.408437
vt 0.267520 0.403766
vt 0.265107 0.408439
vt 0.269921 0.398627
vt 0.267088 0.403517
vt 0.267372 0.403681
vt 0.270499 0.399563
vt 0.263985 0.413334
vt 0.264205 0.408413
vt 0.261364 0.413334
vt 0.263969 0.413334
vt 0.263106 0.416351
vt 0.267046 0.403493
vt 0.270325 0.399283
vt 0.269887 0.398572
vt 0.422633 0.413360
vt 0.426349 0.413531
vt 0.431189 0.413531
vt 0.432356 0.414063
vt 0.435999 0.414076
vt 0.420455 0.413334
vt 0.425979 0.413358
vt 0.426137 0.413334
vt 0.420455 0.413334
vt 0.413351 0.413343
vt 0.416654 0.413403
vt 0.423564 0.413539
vt 0.437501 0.413334
vt 0.431819 0.413334
vt 0.235993 0.397495
vt 0.251752 0.395429
vt 0.249475 0.388893
vt 0.264266 0.393319
vt 0.221793 0.402649
vt 0.244247 0.402146
vt 0.230889 0.408303
vt 0.256927 0.406308
vt 0.260468 0.399736
vt 0.242497 0.382015
vt 0.261463 0.381876
vt 0.249604 0.377768
vt 0.278004 0.438082
vt 0.288773 0.435462
vt 0.278767 0.434889
vt 0.276868 0.444096
vt 0.267180 0.447392
vt 0.285449 0.438794
vt 0.282246 0.438293
vt 0.295455 0.433017
vt 0.287547 0.433017
vt 0.287547 0.433017
vt 0.275713 0.433017
vt 0.268563 0.432394
vt 0.270215 0.431026
vt 0.268434 0.436415
vt 0.273691 0.437228
vt 0.224437 0.359390
vt 0.225853 0.356863
vt 0.225853 0.357488
vt 0.224360 0.359332
vt 0.224372 0.359493
vt 0.224200 0.359609
vt 0.225853 0.356747
vt 0.148911 0.394144
vt 0.113743 0.397640
vt 0.109920 0.400090
vt 0.113814 0.397491
vt 0.109511 0.401158
vt 0.330397 0.364094
vt 0.328368 0.375006
vt 0.363323 0.366552
vt 0.361349 0.377115
vt 0.333643 0.359698
vt 0.315599 0.355403
vt 0.312496 0.364078
vt 0.306607 0.352444
vt 0.298379 0.356480
vt 0.304800 0.371872
vt 0.330970 0.367390
vt 0.332645 0.359712
vt 0.326108 0.365767
vt 0.325059 0.356483
vt 0.321688 0.351243
vt 0.331487 0.352350
vt 0.340133 0.350232
vt 0.226614 0.351870
vt 0.223643 0.341386
vt 0.228339 0.343380
vt 0.228492 0.352602
vt 0.230155 0.348641
vt 0.233727 0.343108
vt 0.237920 0.347001
vt 0.236704 0.351967
vt 0.237668 0.342402
vt 0.233463 0.349488
vt 0.248510 0.340412
vt 0.251971 0.346346
vt 0.254362 0.337393
vt 0.258705 0.342534
vt 0.263364 0.331140
vt 0.270616 0.332464
vt 0.271310 0.338486
vt 0.262821 0.351556
vt 0.274203 0.343107
vt 0.280219 0.335986
vt 0.282658 0.349152
vt 0.289193 0.347731
vt 0.287711 0.355945
vt 0.289573 0.339433
vt 0.291023 0.332205
vt 0.297526 0.332476
vt 0.297478 0.347106
vt 0.304278 0.343924
vt 0.310853 0.333205
vt 0.309708 0.348368
vt 0.315164 0.346073
vt 0.312313 0.339430
vt 0.319844 0.329228
vt 0.319241 0.341684
vt 0.330320 0.346098
vt 0.323868 0.337899
vt 0.346592 0.344445
vt 0.341708 0.340778
vt 0.346592 0.344445
vt 0.351029 0.336759
vt 0.204518 0.328129
vt 0.210708 0.321576
vt 0.201274 0.312221
vt 0.223836 0.319871
vt 0.219550 0.328002
vt 0.210172 0.311627
vt 0.218118 0.312561
vt 0.230219 0.317341
vt 0.195299 0.392949
vt 0.163387 0.393644
vt 0.194353 0.392762
vt 0.162328 0.393659
vt 0.215155 0.391319
vt 0.226069 0.393420
vt 0.189265 0.393652
vt 0.113954 0.395416
vt 0.197849 0.393652
vt 0.263112 0.325358
vt 0.252062 0.328028
vt 0.244925 0.328310
vt 0.254388 0.319503
vt 0.248615 0.317321
vt 0.262769 0.318553
vt 0.272744 0.318097
vt 0.279259 0.327053
vt 0.272577 0.326283
vt 0.286897 0.325666
vt 0.285902 0.318242
vt 0.279660 0.317326
vt 0.294633 0.319101
vt 0.306877 0.327835
vt 0.305504 0.322836
vt 0.301256 0.318355
vt 0.308911 0.317131
vt 0.315264 0.323946
vt 0.321346 0.317621
vt 0.329833 0.327913
vt 0.332622 0.337201
vt 0.329694 0.309212
vt 0.324068 0.311661
vt 0.330268 0.320984
vt 0.338067 0.314921
vt 0.342607 0.320948
vt 0.339378 0.326740
vt 0.338634 0.332490
vt 0.347893 0.330138
vt 0.349299 0.310536
vt 0.338067 0.314921
vt 0.355114 0.329683
vt 0.359286 0.322457
vt 0.377994 0.308964
vt 0.374652 0.301969
vt 0.385572 0.289054
vt 0.375664 0.282671
vt 0.376422 0.292776
vt 0.392915 0.268631
vt 0.399557 0.268534
vt 0.398523 0.259949
vt 0.391854 0.259180
vt 0.395639 0.277541
vt 0.382444 0.276946
vt 0.406957 0.257888
vt 0.402213 0.248106
vt 0.417182 0.253055
vt 0.414610 0.259264
vt 0.415971 0.224276
vt 0.426815 0.223493
vt 0.424269 0.214362
vt 0.418021 0.235658
vt 0.410475 0.228985
vt 0.408284 0.240397
vt 0.427741 0.234766
vt 0.431833 0.229433
vt 0.430440 0.204036
vt 0.438176 0.203866
vt 0.435738 0.195436
vt 0.434619 0.183370
vt 0.443113 0.189391
vt 0.441761 0.179605
vt 0.431938 0.190098
vt 0.384236 0.297391
vt 0.387903 0.305013
vt 0.391790 0.292141
vt 0.394610 0.298139
vt 0.399531 0.305262
vt 0.405853 0.278354
vt 0.395646 0.283319
vt 0.401708 0.287677
vt 0.386244 0.282283
vt 0.403201 0.272222
vt 0.410515 0.282728
vt 0.407043 0.298851
vt 0.408952 0.288599
vt 0.414955 0.290420
vt 0.416412 0.296645
vt 0.412010 0.305896
vt 0.420397 0.302007
vt 0.410556 0.268419
vt 0.423274 0.264855
vt 0.410657 0.263812
vt 0.418310 0.277547
vt 0.419095 0.269807
vt 0.428621 0.278358
vt 0.418264 0.283382
vt 0.423340 0.286260
vt 0.426015 0.272111
vt 0.433216 0.282750
vt 0.430435 0.289450
vt 0.436814 0.288307
vt 0.427368 0.297539
vt 0.431408 0.299755
vt 0.437323 0.298606
vt 0.443987 0.299482
vt 0.434688 0.305921
vt 0.420942 0.308054
vt 0.449619 0.307454
vt 0.415472 0.243115
vt 0.422360 0.245976
vt 0.426256 0.240987
vt 0.434669 0.245165
vt 0.427376 0.253533
vt 0.443305 0.249122
vt 0.437667 0.260686
vt 0.430449 0.261626
vt 0.434646 0.266585
vt 0.431371 0.251361
vt 0.445993 0.264833
vt 0.441002 0.277593
vt 0.449035 0.270742
vt 0.448638 0.278826
vt 0.455367 0.279707
vt 0.449528 0.288283
vt 0.452706 0.298537
vt 0.460422 0.290416
vt 0.458975 0.297658
vt 0.465105 0.299482
vt 0.457352 0.305933
vt 0.474403 0.305922
vt 0.471769 0.298605
vt 0.433794 0.223736
vt 0.431843 0.211360
vt 0.437350 0.213074
vt 0.437734 0.221345
vt 0.443986 0.212304
vt 0.447617 0.233803
vt 0.443206 0.228046
vt 0.441007 0.234141
vt 0.449516 0.223496
vt 0.453719 0.232020
vt 0.448190 0.243125
vt 0.460902 0.243125
vt 0.450107 0.253507
vt 0.464500 0.248690
vt 0.456745 0.253828
vt 0.469094 0.253088
vt 0.455150 0.262735
vt 0.460058 0.270742
vt 0.463099 0.264833
vt 0.467294 0.269790
vt 0.471695 0.259355
vt 0.474446 0.266584
vt 0.461472 0.277926
vt 0.468090 0.277593
vt 0.480471 0.278358
vt 0.465894 0.283707
vt 0.456544 0.288042
vt 0.472278 0.288306
vt 0.475877 0.282751
vt 0.485752 0.286259
vt 0.477684 0.299755
vt 0.481724 0.297539
vt 0.492680 0.296645
vt 0.478657 0.289449
vt 0.488150 0.308054
vt 0.488695 0.302007
vt 0.497082 0.305896
vt 0.443182 0.200984
vt 0.448895 0.193232
vt 0.448083 0.203701
vt 0.457800 0.193309
vt 0.459104 0.204054
vt 0.454684 0.209866
vt 0.450105 0.214154
vt 0.458987 0.214155
vt 0.465106 0.212304
vt 0.459576 0.223496
vt 0.460432 0.232887
vt 0.471359 0.221345
vt 0.465887 0.228046
vt 0.475298 0.223736
vt 0.477260 0.229433
vt 0.468086 0.234142
vt 0.481351 0.234766
vt 0.467295 0.241970
vt 0.475724 0.247901
vt 0.475841 0.243355
vt 0.485527 0.239568
vt 0.486732 0.245977
vt 0.479440 0.253856
vt 0.491910 0.253055
vt 0.483077 0.272111
vt 0.485818 0.264855
vt 0.489997 0.269808
vt 0.494482 0.259264
vt 0.498436 0.263812
vt 0.498536 0.268419
vt 0.490782 0.277547
vt 0.499222 0.279480
vt 0.490828 0.283382
vt 0.494136 0.290420
vt 0.490828 0.283382
vt 0.502179 0.297398
vt 0.502082 0.303001
vt 0.511651 0.301930
vt 0.508265 0.292370
vt 0.512087 0.308858
vt 0.456441 0.184379
vt 0.449664 0.184065
vt 0.465980 0.189390
vt 0.476462 0.184002
vt 0.467331 0.179606
vt 0.465910 0.200983
vt 0.470916 0.203866
vt 0.471742 0.213074
vt 0.471507 0.193359
vt 0.478029 0.192737
vt 0.482828 0.201625
vt 0.478436 0.207935
vt 0.479404 0.214261
vt 0.488685 0.212132
vt 0.482278 0.223494
vt 0.493122 0.224276
vt 0.493620 0.243115
vt 0.494198 0.232683
vt 0.500808 0.240397
vt 0.502135 0.257888
vt 0.506879 0.248106
vt 0.511317 0.260250
vt 0.505892 0.272223
vt 0.509534 0.268534
vt 0.516178 0.268631
vt 0.513453 0.277541
vt 0.526647 0.276946
vt 0.506525 0.282284
vt 0.511901 0.283891
vt 0.522847 0.282284
vt 0.519143 0.288666
vt 0.525528 0.289012
vt 0.520452 0.297353
vt 0.529928 0.295109
vt 0.521189 0.305013
vt 0.534441 0.301970
vt 0.542626 0.305858
vt 0.549916 0.312270
vt 0.554993 0.303675
vt 0.562474 0.291904
vt 0.570208 0.287489
vt 0.565310 0.284626
vt 0.575045 0.277918
vt 0.571161 0.272756
vt 0.581151 0.287841
vt 0.570520 0.293238
vt 0.577742 0.299692
vt 0.580614 0.270249
vt 0.576329 0.264882
vt 0.584395 0.263262
vt 0.581132 0.256145
vt 0.591957 0.273830
vt 0.552299 0.294125
vt 0.567951 0.301937
vt 0.578731 0.308914
vt 0.580075 0.281419
vt 0.593089 0.311304
vt 0.144621 0.303397
vt 0.145631 0.309165
vt 0.153143 0.300132
vt 0.147105 0.291672
vt 0.146175 0.256143
vt 0.150837 0.264922
vt 0.145689 0.277316
vt 0.146503 0.270024
vt 0.156068 0.272759
vt 0.153362 0.278802
vt 0.147366 0.283634
vt 0.161964 0.284627
vt 0.157044 0.291586
vt 0.167309 0.312283
vt 0.170195 0.304688
vt 0.159337 0.301908
vt 0.164800 0.291904
vt 0.173433 0.292523
vt 0.179927 0.308974
vt 0.195592 0.304582
vt 0.190911 0.308261
vt 0.184867 0.299731
vt 0.194604 0.292777
vt 0.193846 0.282670
vt 0.205302 0.279646
vt 0.198780 0.279023
vt 0.203754 0.289054
vt 0.194604 0.292777
vt 0.211097 0.268632
vt 0.217740 0.268534
vt 0.215958 0.260250
vt 0.213821 0.277541
vt 0.221471 0.239700
vt 0.228662 0.243393
vt 0.228081 0.231985
vt 0.220395 0.248106
vt 0.225139 0.257888
vt 0.235364 0.253055
vt 0.232792 0.259265
vt 0.234152 0.224276
vt 0.244996 0.223494
vt 0.242564 0.215160
vt 0.236203 0.235658
vt 0.245923 0.234766
vt 0.250015 0.229433
vt 0.250516 0.211762
vt 0.247279 0.205961
vt 0.256357 0.203866
vt 0.249245 0.192736
vt 0.238564 0.209768
vt 0.263146 0.193376
vt 0.260253 0.187673
vt 0.255767 0.193359
vt 0.269175 0.183430
vt 0.271775 0.192676
vt 0.202418 0.297391
vt 0.207374 0.302613
vt 0.209972 0.292141
vt 0.219942 0.293981
vt 0.216150 0.304887
vt 0.221443 0.307477
vt 0.224034 0.278354
vt 0.213828 0.283319
vt 0.218632 0.286204
vt 0.221383 0.272222
vt 0.228696 0.282728
vt 0.233137 0.290420
vt 0.226860 0.301141
vt 0.234620 0.296589
vt 0.233621 0.308648
vt 0.238586 0.301938
vt 0.228738 0.268419
vt 0.241456 0.264855
vt 0.228838 0.263812
vt 0.236492 0.277548
vt 0.237277 0.269808
vt 0.246802 0.278358
vt 0.236446 0.283382
vt 0.241521 0.286259
vt 0.244197 0.272111
vt 0.251398 0.282751
vt 0.248618 0.289449
vt 0.254995 0.288306
vt 0.247927 0.297363
vt 0.255523 0.298596
vt 0.262180 0.299466
vt 0.247778 0.303083
vt 0.252958 0.305954
vt 0.243865 0.313449
vt 0.248615 0.317321
vt 0.259741 0.308993
vt 0.266358 0.307988
vt 0.234488 0.243370
vt 0.242382 0.242789
vt 0.240009 0.248658
vt 0.258180 0.253088
vt 0.251550 0.247901
vt 0.247834 0.253856
vt 0.251434 0.243355
vt 0.255579 0.259355
vt 0.248631 0.261626
vt 0.252828 0.266584
vt 0.262778 0.263054
vt 0.259985 0.269797
vt 0.266375 0.268642
vt 0.259184 0.277593
vt 0.266820 0.278825
vt 0.273549 0.279707
vt 0.267711 0.288283
vt 0.272728 0.291307
vt 0.277745 0.288283
vt 0.268299 0.297658
vt 0.277157 0.297658
vt 0.283287 0.299482
vt 0.278270 0.310118
vt 0.273848 0.303414
vt 0.292586 0.305921
vt 0.289951 0.298605
vt 0.251976 0.223736
vt 0.255532 0.213074
vt 0.255916 0.221345
vt 0.262168 0.212304
vt 0.265799 0.233803
vt 0.261388 0.228046
vt 0.259189 0.234141
vt 0.267698 0.223496
vt 0.271901 0.232020
vt 0.259979 0.241970
vt 0.262775 0.248691
vt 0.266373 0.243125
vt 0.277167 0.253508
vt 0.272732 0.247717
vt 0.270529 0.253827
vt 0.279084 0.243125
vt 0.282682 0.248690
vt 0.287276 0.253088
vt 0.273289 0.262810
vt 0.279082 0.268642
vt 0.282678 0.263054
vt 0.289877 0.259355
vt 0.292627 0.266585
vt 0.279654 0.277927
vt 0.286272 0.277593
vt 0.298653 0.278358
vt 0.284076 0.283707
vt 0.290461 0.288306
vt 0.294059 0.282750
vt 0.303934 0.286260
vt 0.295866 0.299755
vt 0.299906 0.297539
vt 0.310862 0.296645
vt 0.296839 0.289450
vt 0.302018 0.308049
vt 0.306877 0.302007
vt 0.315264 0.305896
vt 0.264942 0.203088
vt 0.273213 0.207707
vt 0.268287 0.214154
vt 0.272728 0.220539
vt 0.277758 0.223497
vt 0.278614 0.232888
vt 0.280304 0.215221
vt 0.289539 0.221345
vt 0.284069 0.228046
vt 0.293480 0.223736
vt 0.295441 0.229433
vt 0.286267 0.234141
vt 0.299533 0.234765
vt 0.285477 0.241970
vt 0.293906 0.247901
vt 0.294022 0.243355
vt 0.303074 0.242789
vt 0.297622 0.253856
vt 0.305447 0.248658
vt 0.310092 0.253055
vt 0.301259 0.272111
vt 0.303999 0.264855
vt 0.308179 0.269807
vt 0.312664 0.259265
vt 0.316618 0.263812
vt 0.316718 0.268419
vt 0.308964 0.277548
vt 0.317404 0.279480
vt 0.309010 0.283382
vt 0.312319 0.290420
vt 0.309010 0.283382
vt 0.320231 0.298851
vt 0.329832 0.301930
vt 0.326447 0.292370
vt 0.267020 0.173476
vt 0.259943 0.179605
vt 0.278380 0.193233
vt 0.277610 0.184065
vt 0.284755 0.189711
vt 0.291536 0.195436
vt 0.295335 0.190098
vt 0.281528 0.207494
vt 0.282823 0.202035
vt 0.289924 0.213073
vt 0.289099 0.203866
vt 0.298176 0.205962
vt 0.294940 0.211762
vt 0.302892 0.215159
vt 0.306892 0.209768
vt 0.300459 0.223493
vt 0.312388 0.221302
vt 0.306665 0.228708
vt 0.316778 0.224440
vt 0.312633 0.231390
vt 0.308996 0.238255
vt 0.321421 0.238993
vt 0.314179 0.244191
vt 0.325061 0.248106
vt 0.320317 0.257888
vt 0.329499 0.260250
vt 0.324074 0.272222
vt 0.327717 0.268534
vt 0.334359 0.268632
vt 0.331635 0.277541
vt 0.340154 0.279645
vt 0.324708 0.282284
vt 0.330083 0.283891
vt 0.337325 0.288666
vt 0.343710 0.289012
vt 0.346676 0.279023
vt 0.338634 0.297352
vt 0.348110 0.295109
vt 0.339371 0.305013
vt 0.352623 0.301970
vt 0.357202 0.307939
vt 0.546093 0.300478
vt 0.540160 0.293696
vt 0.534021 0.282991
vt 0.520597 0.258121
vt 0.529085 0.268516
vt 0.508931 0.236724
vt 0.517723 0.248889
vt 0.518650 0.237616
vt 0.522742 0.242949
vt 0.497866 0.214493
vt 0.501389 0.228990
vt 0.508091 0.219327
vt 0.505519 0.213117
vt 0.486549 0.194841
vt 0.548168 0.284484
vt 0.543561 0.288003
vt 0.539803 0.279149
vt 0.544520 0.271437
vt 0.552405 0.278056
vt 0.556888 0.282991
vt 0.561240 0.278019
vt 0.535949 0.269842
vt 0.534895 0.260078
vt 0.528259 0.259308
vt 0.541014 0.258227
vt 0.545318 0.262516
vt 0.549896 0.258227
vt 0.556015 0.260076
vt 0.557849 0.270683
vt 0.565286 0.266582
vt 0.562625 0.259318
vt 0.570678 0.260074
vt 0.528643 0.251037
vt 0.531916 0.238240
vt 0.524703 0.248646
vt 0.540425 0.248885
vt 0.534115 0.244335
vt 0.546283 0.240362
vt 0.545455 0.251843
vt 0.550485 0.248886
vt 0.539570 0.239495
vt 0.552384 0.238579
vt 0.556795 0.244336
vt 0.558994 0.238241
vt 0.565010 0.252362
vt 0.566193 0.246074
vt 0.570746 0.237734
vt 0.573086 0.248889
vt 0.578657 0.242735
vt 0.582656 0.233539
vt 0.517166 0.231395
vt 0.513269 0.226406
vt 0.507215 0.229012
vt 0.520561 0.218527
vt 0.524160 0.229027
vt 0.530907 0.219294
vt 0.528306 0.213027
vt 0.535501 0.223692
vt 0.532706 0.230412
vt 0.539099 0.229257
vt 0.524277 0.224481
vt 0.541016 0.218874
vt 0.545459 0.224666
vt 0.547654 0.218554
vt 0.551811 0.229256
vt 0.555409 0.223692
vt 0.559958 0.219299
vt 0.566688 0.229077
vt 0.559175 0.229610
vt 0.569527 0.224459
vt 0.571567 0.219079
vt 0.562578 0.213059
vt 0.573603 0.231353
vt 0.581428 0.216757
vt 0.579073 0.228176
vt 0.586851 0.224320
vt 0.501566 0.208570
vt 0.489872 0.204072
vt 0.494110 0.200160
vt 0.501465 0.203963
vt 0.500779 0.192901
vt 0.516924 0.200272
vt 0.510004 0.202575
vt 0.514183 0.207527
vt 0.509219 0.194834
vt 0.525555 0.205798
vt 0.519529 0.194024
vt 0.539944 0.201640
vt 0.532711 0.202584
vt 0.536902 0.207549
vt 0.531911 0.194789
vt 0.538529 0.194456
vt 0.544634 0.192675
vt 0.544819 0.209747
vt 0.551303 0.211696
vt 0.550973 0.201638
vt 0.554199 0.206665
vt 0.551366 0.193558
vt 0.559047 0.194751
vt 0.559164 0.203373
vt 0.568210 0.203458
vt 0.567420 0.192641
vt 0.568562 0.210923
vt 0.574837 0.208389
vt 0.493476 0.190098
vt 0.488100 0.188491
vt 0.482699 0.180241
vt 0.497730 0.183156
vt 0.485519 0.174243
vt 0.497953 0.173531
vt 0.505864 0.181962
vt 0.507322 0.175737
vt 0.509173 0.189000
vt 0.509173 0.189000
vt 0.514248 0.186122
vt 0.518277 0.174843
vt 0.521344 0.182932
vt 0.522317 0.172627
vt 0.524124 0.189631
vt 0.528232 0.173777
vt 0.527723 0.184076
vt 0.534896 0.172900
vt 0.534107 0.188675
vt 0.540438 0.184099
vt 0.545455 0.181075
vt 0.541026 0.174724
vt 0.550473 0.184099
vt 0.549884 0.174724
vt 0.559977 0.174270
vt 0.558276 0.188869
vt 0.558162 0.184384
vt 0.566159 0.176076
vt 0.566969 0.182676
vt 0.573409 0.184017
vt 0.574020 0.193618
vt 0.574394 0.175459
vt 0.478812 0.167369
vt 0.475145 0.174991
vt 0.486948 0.161763
vt 0.490440 0.167120
vt 0.494115 0.160722
vt 0.502919 0.166486
vt 0.511306 0.170375
vt 0.496837 0.154761
vt 0.509273 0.155250
vt 0.511851 0.164328
vt 0.516927 0.160895
vt 0.525597 0.166461
vt 0.519596 0.154735
vt 0.531698 0.157461
vt 0.539515 0.154190
vt 0.539913 0.162264
vt 0.546263 0.153256
vt 0.544335 0.168968
vt 0.558024 0.168302
vt 0.551849 0.164384
vt 0.556810 0.161393
vt 0.562294 0.160828
vt 0.552386 0.155056
vt 0.569662 0.169236
vt 0.579847 0.171805
vt 0.568789 0.161368
vt 0.177664 0.300970
vt 0.166035 0.278019
vt 0.170385 0.282991
vt 0.164648 0.259318
vt 0.156594 0.260079
vt 0.161986 0.266581
vt 0.145617 0.234356
vt 0.154196 0.248893
vt 0.148609 0.242746
vt 0.156527 0.237734
vt 0.141501 0.221991
vt 0.142422 0.214160
vt 0.145845 0.216758
vt 0.178565 0.279073
vt 0.179925 0.288002
vt 0.186701 0.288316
vt 0.171259 0.260076
vt 0.169425 0.270682
vt 0.175357 0.268681
vt 0.177378 0.258227
vt 0.182479 0.264674
vt 0.190619 0.264888
vt 0.191915 0.270348
vt 0.198189 0.268516
vt 0.187471 0.279149
vt 0.199015 0.259308
vt 0.189395 0.257161
vt 0.204512 0.264006
vt 0.206677 0.258121
vt 0.162259 0.252362
vt 0.161078 0.246077
vt 0.168280 0.238241
vt 0.176790 0.248886
vt 0.170479 0.244336
vt 0.174890 0.238578
vt 0.180992 0.240362
vt 0.181819 0.251844
vt 0.186849 0.248886
vt 0.187705 0.239495
vt 0.193159 0.244335
vt 0.195358 0.238240
vt 0.198631 0.251037
vt 0.202571 0.248646
vt 0.204532 0.242949
vt 0.208624 0.237616
vt 0.209551 0.248888
vt 0.153672 0.231353
vt 0.148202 0.228176
vt 0.155708 0.219082
vt 0.157747 0.224459
vt 0.160586 0.229077
vt 0.171267 0.220645
vt 0.168099 0.229611
vt 0.175463 0.229256
vt 0.164715 0.219965
vt 0.179620 0.218554
vt 0.188175 0.229257
vt 0.186258 0.218874
vt 0.191772 0.223691
vt 0.196367 0.219294
vt 0.203114 0.229027
vt 0.202997 0.224481
vt 0.194568 0.230412
vt 0.206713 0.218527
vt 0.198968 0.213027
vt 0.212800 0.232814
vt 0.214005 0.226406
vt 0.219183 0.219327
vt 0.220893 0.229267
vt 0.229408 0.214494
vt 0.221755 0.213117
vt 0.140873 0.208548
vt 0.143388 0.200014
vt 0.146037 0.206331
vt 0.155967 0.199349
vt 0.154292 0.209831
vt 0.167651 0.207539
vt 0.160521 0.210956
vt 0.168245 0.194780
vt 0.169182 0.201951
vt 0.175973 0.211696
vt 0.175464 0.203739
vt 0.175910 0.193557
vt 0.182639 0.192675
vt 0.191769 0.209328
vt 0.188173 0.203739
vt 0.182311 0.209497
vt 0.194563 0.202584
vt 0.188745 0.194456
vt 0.195363 0.194790
vt 0.201719 0.205798
vt 0.207744 0.194024
vt 0.205916 0.210756
vt 0.213090 0.207527
vt 0.210350 0.200271
vt 0.225709 0.208570
vt 0.218055 0.194834
vt 0.225809 0.203963
vt 0.230513 0.194028
vt 0.217270 0.202574
vt 0.238129 0.203655
vt 0.233164 0.200160
vt 0.240726 0.194841
vt 0.149494 0.195142
vt 0.157523 0.189036
vt 0.146995 0.188956
vt 0.157348 0.182692
vt 0.146179 0.177379
vt 0.157199 0.173480
vt 0.164650 0.173755
vt 0.164964 0.184118
vt 0.171260 0.172905
vt 0.170462 0.188677
vt 0.176801 0.184099
vt 0.181819 0.181075
vt 0.179280 0.172838
vt 0.186248 0.174724
vt 0.186836 0.184099
vt 0.192378 0.172900
vt 0.203150 0.189631
vt 0.199552 0.184076
vt 0.205930 0.182933
vt 0.199042 0.173777
vt 0.204957 0.172627
vt 0.213025 0.186123
vt 0.208997 0.174844
vt 0.219953 0.175737
vt 0.218101 0.189000
vt 0.225851 0.189653
vt 0.218101 0.189000
vt 0.221410 0.181962
vt 0.229322 0.173531
vt 0.238441 0.188234
vt 0.227413 0.183782
vt 0.235538 0.180012
vt 0.250793 0.183328
vt 0.259943 0.179605
vt 0.143365 0.172717
vt 0.150426 0.155923
vt 0.150835 0.168178
vt 0.156479 0.159900
vt 0.162058 0.166370
vt 0.168636 0.154155
vt 0.174889 0.155058
vt 0.175430 0.164385
vt 0.181011 0.153256
vt 0.184625 0.166449
vt 0.188751 0.159866
vt 0.201676 0.166460
vt 0.195577 0.157461
vt 0.207678 0.160187
vt 0.215968 0.170375
vt 0.214596 0.165376
vt 0.218001 0.159672
vt 0.210347 0.154027
vt 0.224355 0.166486
vt 0.230437 0.160161
vt 0.236834 0.167120
vt 0.240326 0.161764
vt 0.233159 0.154200
vt 0.245012 0.170330
vt 0.247807 0.161002
vt 0.250363 0.172562
vt 0.244575 0.180241
vt 0.258371 0.163418
vt 0.256993 0.172660
vt 0.257122 0.154995
vt 0.358342 0.293695
vt 0.364920 0.300085
vt 0.352203 0.282991
vt 0.338779 0.258121
vt 0.347266 0.268516
vt 0.335906 0.248888
vt 0.336833 0.237616
vt 0.340924 0.242949
vt 0.315800 0.216033
vt 0.322186 0.228191
vt 0.326273 0.219327
vt 0.323701 0.213118
vt 0.304730 0.194841
vt 0.294663 0.183328
vt 0.285513 0.179606
vt 0.360382 0.279073
vt 0.361743 0.288003
vt 0.368518 0.288317
vt 0.353077 0.260078
vt 0.352273 0.271399
vt 0.357174 0.268682
vt 0.346441 0.259309
vt 0.359196 0.258227
vt 0.364297 0.264675
vt 0.372437 0.264888
vt 0.373733 0.270348
vt 0.380008 0.268517
vt 0.369288 0.279150
vt 0.380833 0.259308
vt 0.371213 0.257161
vt 0.346825 0.251037
vt 0.350097 0.238240
vt 0.342885 0.248646
vt 0.358607 0.248886
vt 0.352297 0.244336
vt 0.356708 0.238579
vt 0.362810 0.240362
vt 0.363637 0.251843
vt 0.368666 0.248886
vt 0.369523 0.239494
vt 0.374977 0.244336
vt 0.377176 0.238240
vt 0.380449 0.251037
vt 0.384389 0.248646
vt 0.386351 0.242949
vt 0.390442 0.237617
vt 0.391369 0.248888
vt 0.386343 0.261859
vt 0.400162 0.236724
vt 0.327370 0.234127
vt 0.331451 0.226405
vt 0.335348 0.231395
vt 0.338743 0.218527
vt 0.342342 0.229027
vt 0.349090 0.219294
vt 0.346488 0.213027
vt 0.353684 0.223692
vt 0.350889 0.230412
vt 0.357281 0.229257
vt 0.342459 0.224481
vt 0.359198 0.218875
vt 0.363633 0.224666
vt 0.365837 0.218554
vt 0.369993 0.229256
vt 0.373590 0.223691
vt 0.378185 0.219294
vt 0.383514 0.227217
vt 0.386813 0.221022
vt 0.380786 0.213027
vt 0.393982 0.229593
vt 0.390808 0.218850
vt 0.396356 0.223724
vt 0.401001 0.219327
vt 0.402710 0.229267
vt 0.411226 0.214494
vt 0.403573 0.213118
vt 0.307327 0.203655
vt 0.312292 0.200160
vt 0.320962 0.205955
vt 0.314943 0.194028
vt 0.335106 0.200271
vt 0.328186 0.202575
vt 0.332365 0.207527
vt 0.327400 0.194835
vt 0.343738 0.205797
vt 0.337711 0.194024
vt 0.350093 0.194789
vt 0.353687 0.209329
vt 0.357730 0.193556
vt 0.357283 0.203740
vt 0.364458 0.192676
vt 0.364243 0.209650
vt 0.373587 0.209328
vt 0.369991 0.203740
vt 0.376381 0.202585
vt 0.370563 0.194456
vt 0.377181 0.194789
vt 0.383537 0.205797
vt 0.389563 0.194024
vt 0.387734 0.210756
vt 0.394909 0.207527
vt 0.392168 0.200271
vt 0.407527 0.208570
vt 0.399874 0.194834
vt 0.407627 0.203963
vt 0.412331 0.194028
vt 0.399088 0.202574
vt 0.417785 0.207389
vt 0.414983 0.200159
vt 0.422779 0.203387
vt 0.422545 0.194840
vt 0.304737 0.189063
vt 0.300881 0.180241
vt 0.309541 0.186178
vt 0.310853 0.178394
vt 0.318181 0.183545
vt 0.320457 0.174857
vt 0.319606 0.189654
vt 0.327355 0.189000
vt 0.332431 0.186123
vt 0.326538 0.179780
vt 0.336459 0.174844
vt 0.339527 0.182932
vt 0.340499 0.172627
vt 0.342307 0.189632
vt 0.346414 0.173777
vt 0.345905 0.184076
vt 0.353078 0.172900
vt 0.352289 0.188675
vt 0.358619 0.184099
vt 0.365635 0.184341
vt 0.361797 0.173845
vt 0.368066 0.174725
vt 0.369513 0.181966
vt 0.374196 0.172900
vt 0.384967 0.189632
vt 0.381369 0.184076
vt 0.374985 0.188675
vt 0.387747 0.182933
vt 0.380860 0.173777
vt 0.386775 0.172627
vt 0.394843 0.186122
vt 0.390815 0.174844
vt 0.401771 0.175737
vt 0.399919 0.189000
vt 0.407669 0.189653
vt 0.399919 0.189000
vt 0.403228 0.181962
vt 0.411916 0.176810
vt 0.418926 0.187017
vt 0.424526 0.175894
vt 0.428235 0.183716
vt 0.433833 0.173522
vt 0.293441 0.173522
vt 0.300444 0.170330
vt 0.305130 0.161763
vt 0.308621 0.167120
vt 0.315019 0.160161
vt 0.312297 0.154201
vt 0.316378 0.171005
vt 0.329488 0.170375
vt 0.321101 0.166487
vt 0.327455 0.155250
vt 0.334347 0.164333
vt 0.337143 0.155232
vt 0.343779 0.166461
vt 0.349879 0.157461
vt 0.359460 0.168171
vt 0.366443 0.166449
vt 0.357697 0.160731
vt 0.367684 0.158865
vt 0.383494 0.166461
vt 0.377395 0.157461
vt 0.390131 0.155232
vt 0.397786 0.170375
vt 0.392927 0.164333
vt 0.399106 0.163266
vt 0.399819 0.155250
vt 0.406174 0.166486
vt 0.412255 0.160161
vt 0.411173 0.169381
vt 0.420741 0.170452
vt 0.411173 0.169381
vt 0.420603 0.151752
vt 0.414977 0.154201
vt 0.421178 0.163524
vt 0.428976 0.157461
vt 0.429065 0.166536
vt 0.440189 0.163418
vt 0.428976 0.157461
vt 0.438940 0.154995
vt 0.464183 0.146047
vt 0.476475 0.131605
vt 0.467154 0.135623
vt 0.483732 0.111330
vt 0.490467 0.111074
vt 0.489447 0.102462
vt 0.485796 0.103334
vt 0.486546 0.120084
vt 0.497864 0.100432
vt 0.492923 0.090990
vt 0.508091 0.095594
vt 0.505519 0.101805
vt 0.507078 0.066472
vt 0.517725 0.066030
vt 0.513209 0.055853
vt 0.508916 0.078223
vt 0.502841 0.073810
vt 0.499307 0.082740
vt 0.518652 0.077305
vt 0.522744 0.071974
vt 0.528242 0.055627
vt 0.522769 0.050902
vt 0.520584 0.056823
vt 0.518387 0.046884
vt 0.530233 0.046115
vt 0.526601 0.038031
vt 0.532315 0.030149
vt 0.541214 0.023285
vt 0.537250 0.016745
vt 0.538850 0.032631
vt 0.536349 0.041627
vt 0.544426 0.043929
vt 0.483964 0.136719
vt 0.475257 0.141403
vt 0.480027 0.148387
vt 0.487915 0.151398
vt 0.496761 0.120894
vt 0.486555 0.125859
vt 0.491360 0.128744
vt 0.477302 0.124568
vt 0.494110 0.114762
vt 0.501424 0.125268
vt 0.497176 0.138112
vt 0.505864 0.132960
vt 0.507321 0.139185
vt 0.497919 0.145541
vt 0.502919 0.148436
vt 0.488351 0.144470
vt 0.497919 0.145541
vt 0.511306 0.144547
vt 0.512678 0.149546
vt 0.501465 0.110959
vt 0.514183 0.107395
vt 0.501565 0.106352
vt 0.509219 0.120087
vt 0.510004 0.112347
vt 0.519529 0.120898
vt 0.509173 0.125922
vt 0.514248 0.128799
vt 0.516924 0.114651
vt 0.524124 0.125290
vt 0.521344 0.131989
vt 0.527723 0.130846
vt 0.518277 0.140079
vt 0.522317 0.142295
vt 0.528232 0.141146
vt 0.534896 0.142022
vt 0.525598 0.148461
vt 0.506383 0.085651
vt 0.513269 0.088516
vt 0.517165 0.083527
vt 0.525580 0.087703
vt 0.518284 0.096072
vt 0.534227 0.091651
vt 0.528576 0.103226
vt 0.521358 0.104165
vt 0.525555 0.109125
vt 0.522279 0.093900
vt 0.539601 0.103228
vt 0.536712 0.108261
vt 0.531911 0.120132
vt 0.544038 0.110919
vt 0.538529 0.120466
vt 0.544634 0.122250
vt 0.533932 0.112686
vt 0.540438 0.130823
vt 0.545455 0.133847
vt 0.550444 0.130835
vt 0.551188 0.121578
vt 0.541026 0.140198
vt 0.549884 0.140198
vt 0.559645 0.135118
vt 0.544085 0.145136
vt 0.554055 0.146753
vt 0.559139 0.150889
vt 0.564196 0.140577
vt 0.567994 0.150604
vt 0.523367 0.065272
vt 0.529248 0.066622
vt 0.537823 0.057790
vt 0.536924 0.068068
vt 0.532274 0.075478
vt 0.538526 0.076277
vt 0.544659 0.074456
vt 0.539192 0.085665
vt 0.547672 0.087074
vt 0.541026 0.096024
vt 0.552304 0.090863
vt 0.549930 0.100666
vt 0.559506 0.100976
vt 0.545016 0.102907
vt 0.550342 0.110586
vt 0.555293 0.105590
vt 0.556304 0.113381
vt 0.561681 0.111631
vt 0.564877 0.118110
vt 0.565327 0.127143
vt 0.557759 0.124834
vt 0.569432 0.132269
vt 0.574804 0.128013
vt 0.574681 0.140012
vt 0.536864 0.050069
vt 0.544915 0.054437
vt 0.550904 0.051575
vt 0.549162 0.041824
vt 0.552474 0.061462
vt 0.544207 0.064590
vt 0.550276 0.070805
vt 0.442447 0.150528
vt 0.438802 0.142244
vt 0.447194 0.144727
vt 0.441938 0.135623
vt 0.396414 0.149546
vt 0.406173 0.148436
vt 0.368563 0.149994
vt 0.383494 0.148461
vt 0.374196 0.142022
vt 0.380860 0.141145
vt 0.343780 0.148460
vt 0.358095 0.152658
vt 0.353078 0.142022
vt 0.346414 0.141145
vt 0.330860 0.149546
vt 0.321101 0.148436
vt 0.306096 0.151398
vt 0.429065 0.148387
vt 0.420741 0.144469
vt 0.424526 0.139028
vt 0.428234 0.131205
vt 0.434628 0.131567
vt 0.431047 0.122159
vt 0.432182 0.142361
vt 0.411139 0.141391
vt 0.401771 0.139185
vt 0.397786 0.144547
vt 0.403228 0.132960
vt 0.411274 0.131918
vt 0.415617 0.124824
vt 0.420992 0.126431
vt 0.422546 0.120084
vt 0.414982 0.114762
vt 0.408313 0.122020
vt 0.427478 0.110577
vt 0.390815 0.140078
vt 0.381369 0.130846
vt 0.386775 0.142295
vt 0.394843 0.128800
vt 0.387748 0.131989
vt 0.384968 0.125290
vt 0.389563 0.120898
vt 0.399920 0.125922
vt 0.399874 0.120088
vt 0.392168 0.114650
vt 0.399088 0.112347
vt 0.394908 0.107395
vt 0.407627 0.110959
vt 0.407527 0.106352
vt 0.403573 0.101804
vt 0.401001 0.095595
vt 0.411228 0.100432
vt 0.419952 0.111275
vt 0.420247 0.104920
vt 0.420455 0.098413
vt 0.416169 0.090990
vt 0.405073 0.086705
vt 0.410750 0.081603
vt 0.368066 0.140198
vt 0.361797 0.141077
vt 0.361027 0.147624
vt 0.358620 0.130823
vt 0.369513 0.132956
vt 0.362816 0.122247
vt 0.365635 0.130582
vt 0.369545 0.121365
vt 0.374985 0.126247
vt 0.377181 0.120133
vt 0.369991 0.111182
vt 0.383537 0.109124
vt 0.373587 0.105593
vt 0.380786 0.101895
vt 0.378185 0.095627
vt 0.388532 0.096395
vt 0.395823 0.088516
vt 0.384931 0.085894
vt 0.391926 0.083527
vt 0.390442 0.077305
vt 0.399907 0.080799
vt 0.391366 0.066029
vt 0.386350 0.071973
vt 0.403738 0.074267
vt 0.402014 0.066472
vt 0.394001 0.057052
vt 0.340499 0.142295
vt 0.329488 0.144547
vt 0.336459 0.140078
vt 0.325503 0.139185
vt 0.340991 0.124845
vt 0.339527 0.131989
vt 0.345905 0.130846
vt 0.332430 0.128799
vt 0.356711 0.120466
vt 0.350093 0.120133
vt 0.336884 0.119465
vt 0.353687 0.105593
vt 0.350889 0.112329
vt 0.357283 0.111182
vt 0.343737 0.109124
vt 0.346757 0.103226
vt 0.348269 0.097049
vt 0.368076 0.096047
vt 0.361438 0.096367
vt 0.364200 0.105346
vt 0.363633 0.090255
vt 0.352396 0.091662
vt 0.357281 0.085665
vt 0.373590 0.091230
vt 0.369992 0.085665
vt 0.364464 0.074559
vt 0.376386 0.084510
vt 0.384815 0.090440
vt 0.377177 0.076682
vt 0.370566 0.076343
vt 0.368667 0.066035
vt 0.384388 0.066276
vt 0.380449 0.063885
vt 0.374197 0.054843
vt 0.374977 0.070586
vt 0.385849 0.054302
vt 0.380833 0.055613
vt 0.388994 0.048342
vt 0.380006 0.046401
vt 0.316101 0.145541
vt 0.316101 0.145541
vt 0.316004 0.139938
vt 0.305400 0.142355
vt 0.310800 0.130217
vt 0.318180 0.131377
vt 0.324046 0.132960
vt 0.319605 0.125268
vt 0.314943 0.120894
vt 0.327354 0.125922
vt 0.327401 0.120088
vt 0.319647 0.110959
vt 0.328186 0.112347
vt 0.319748 0.106352
vt 0.335377 0.113289
vt 0.323701 0.101804
vt 0.332365 0.107395
vt 0.326274 0.095595
vt 0.339540 0.104165
vt 0.340462 0.093901
vt 0.336467 0.096072
vt 0.330919 0.091198
vt 0.333292 0.085329
vt 0.343760 0.087705
vt 0.336833 0.077305
vt 0.357751 0.075427
vt 0.350097 0.076681
vt 0.352297 0.070585
vt 0.340924 0.071973
vt 0.342886 0.066275
vt 0.346825 0.063885
vt 0.358608 0.066035
vt 0.353077 0.054843
vt 0.363637 0.063077
vt 0.368078 0.056694
vt 0.359196 0.056694
vt 0.359079 0.046594
vt 0.370100 0.046240
vt 0.366899 0.035879
vt 0.375001 0.043529
vt 0.380744 0.036164
vt 0.367276 0.025975
vt 0.379718 0.027853
vt 0.372685 0.018119
vt 0.296994 0.147553
vt 0.300881 0.134680
vt 0.293325 0.139935
vt 0.285336 0.135623
vt 0.294657 0.131604
vt 0.304738 0.125858
vt 0.304729 0.120084
vt 0.312292 0.114763
vt 0.295483 0.124568
vt 0.299796 0.110577
vt 0.309502 0.107511
vt 0.304974 0.101608
vt 0.316046 0.100431
vt 0.311105 0.090990
vt 0.322201 0.086705
vt 0.316524 0.081603
vt 0.328007 0.081389
vt 0.325087 0.076379
vt 0.325260 0.066472
vt 0.335908 0.066029
vt 0.331391 0.055853
vt 0.346440 0.055613
vt 0.338766 0.056822
vt 0.339754 0.050462
vt 0.338069 0.044286
vt 0.347268 0.046402
vt 0.352273 0.043528
vt 0.357999 0.035777
vt 0.346530 0.036165
vt 0.358697 0.026598
vt 0.363681 0.013945
vt 0.357507 0.016148
vt 0.350854 0.022140
vt 0.360071 0.008226
vt 0.368473 0.008375
vt 0.364442 0.003740
vt 0.156295 0.118096
vt 0.156064 0.118096
vt 0.152153 0.127860
vt 0.152879 0.134359
vt 0.157564 0.130024
vt 0.163041 0.126085
vt 0.157990 0.116187
vt 0.148693 0.143770
vt 0.157591 0.144240
vt 0.162864 0.135238
vt 0.166320 0.148491
vt 0.173225 0.146748
vt 0.167422 0.140613
vt 0.159312 0.150503
vt 0.162655 0.107336
vt 0.167734 0.100914
vt 0.161422 0.100152
vt 0.176348 0.113271
vt 0.170182 0.109790
vt 0.168122 0.115956
vt 0.180258 0.106392
vt 0.176219 0.101689
vt 0.176082 0.121579
vt 0.182640 0.122251
vt 0.171933 0.130653
vt 0.169733 0.123543
vt 0.179463 0.131192
vt 0.186836 0.130823
vt 0.177390 0.140197
vt 0.181339 0.142420
vt 0.186248 0.140198
vt 0.192378 0.142022
vt 0.186745 0.149994
vt 0.201676 0.148461
vt 0.199042 0.141145
vt 0.167329 0.085605
vt 0.172309 0.080192
vt 0.164660 0.088375
vt 0.174989 0.090866
vt 0.179600 0.087066
vt 0.182615 0.074453
vt 0.182414 0.092205
vt 0.188083 0.085664
vt 0.184234 0.097886
vt 0.193048 0.091650
vt 0.197193 0.097047
vt 0.183240 0.110922
vt 0.187677 0.103229
vt 0.198698 0.103226
vt 0.189038 0.110903
vt 0.194256 0.111104
vt 0.201719 0.109124
vt 0.188745 0.120466
vt 0.195363 0.120133
vt 0.208572 0.119464
vt 0.193167 0.126247
vt 0.199551 0.130846
vt 0.204465 0.124844
vt 0.204957 0.142295
vt 0.213025 0.128799
vt 0.208997 0.140079
vt 0.219953 0.139185
vt 0.205930 0.131989
vt 0.215423 0.150594
vt 0.215968 0.144547
vt 0.224355 0.148436
vt 0.176370 0.051575
vt 0.178112 0.041824
vt 0.174800 0.061462
vt 0.183445 0.046578
vt 0.183200 0.035471
vt 0.182359 0.054437
vt 0.183067 0.064591
vt 0.176998 0.070805
vt 0.189452 0.057790
vt 0.190349 0.068068
vt 0.195001 0.075478
vt 0.198025 0.066622
vt 0.188748 0.076277
vt 0.204531 0.071974
vt 0.208623 0.077306
vt 0.194558 0.084512
vt 0.201694 0.087703
vt 0.204994 0.093901
vt 0.212800 0.082108
vt 0.214005 0.088516
vt 0.208989 0.096072
vt 0.219183 0.095595
vt 0.210078 0.113289
vt 0.213090 0.107395
vt 0.205916 0.104165
vt 0.217270 0.112347
vt 0.221755 0.101804
vt 0.225708 0.106351
vt 0.218056 0.120087
vt 0.225809 0.110959
vt 0.230513 0.120894
vt 0.218101 0.125922
vt 0.221410 0.132960
vt 0.225851 0.125268
vt 0.237107 0.127905
vt 0.230098 0.138112
vt 0.242708 0.139028
vt 0.227276 0.131377
vt 0.229356 0.145541
vt 0.238924 0.144470
vt 0.239359 0.151398
vt 0.187192 0.026891
vt 0.178960 0.034414
vt 0.194602 0.022140
vt 0.193254 0.031734
vt 0.200673 0.038031
vt 0.190926 0.041628
vt 0.190410 0.050069
vt 0.199032 0.055627
vt 0.197041 0.046115
vt 0.205730 0.046239
vt 0.204522 0.053900
vt 0.209549 0.066030
vt 0.212183 0.057052
vt 0.220196 0.066472
vt 0.220890 0.085651
vt 0.221616 0.075473
vt 0.227967 0.082740
vt 0.229410 0.100431
vt 0.234351 0.090990
vt 0.238503 0.102638
vt 0.233165 0.114762
vt 0.236807 0.111074
vt 0.243542 0.111330
vt 0.240727 0.120084
vt 0.249229 0.122158
vt 0.246416 0.131205
vt 0.252810 0.131567
vt 0.250363 0.142361
vt 0.256984 0.142245
vt 0.247247 0.148387
vt 0.260629 0.150528
vt 0.265376 0.144727
vt 0.260120 0.135623
vt 0.169139 0.073452
vt 0.549771 0.039365
vt 0.545183 0.029322
vt 0.548313 0.034414
vt 0.548846 0.030909
vt 0.570085 0.114801
vt 0.580129 0.136768
vt 0.577262 0.132554
vt 0.568046 0.110639
vt 0.559901 0.085558
vt 0.561737 0.079414
vt 0.554986 0.080225
vt 0.558135 0.073451
vt 0.576822 0.202469
vt 0.583109 0.209876
vt 0.583142 0.200357
vt 0.582333 0.195545
vt 0.580519 0.187909
vt 0.582692 0.182592
vt 0.588083 0.258021
vt 0.587731 0.302240
vt 0.586522 0.293461
vt 0.591609 0.340999
vt 0.596518 0.340967
vt 0.589391 0.334738
vt 0.597870 0.349335
vt 0.604420 0.365714
vt 0.601593 0.357193
vt 0.604020 0.359360
vt 0.614208 0.421553
vt 0.613250 0.412289
vt 0.609380 0.425643
vt 0.617932 0.427766
vt 0.615193 0.402853
vt 0.614277 0.397814
vt 0.618100 0.440315
vt 0.624046 0.439138
vt 0.619154 0.435230
vt 0.613637 0.433017
vt 0.578069 0.163251
vt 0.576342 0.154659
vt 0.569574 0.145504
vt 0.265303 0.398551
vt 0.265315 0.402493
vt 0.268643 0.397595
vt 0.262738 0.407825
vt 0.260260 0.409559
vt 0.272835 0.393830
vt 0.275575 0.389152
vt 0.261582 0.413337
vt 0.264205 0.408413
vt 0.287481 0.389271
vt 0.284537 0.383609
vt 0.284080 0.391577
vt 0.292937 0.384223
vt 0.276443 0.378544
vt 0.272835 0.393830
vt 0.278184 0.392062
vt 0.261902 0.422192
vt 0.260414 0.427990
vt 0.264255 0.433092
vt 0.256999 0.420675
vt 0.269887 0.428096
vt 0.263789 0.421106
vt 0.264205 0.418255
vt 0.261582 0.413337
vt 0.261042 0.452742
vt 0.253653 0.452298
vt 0.259875 0.448475
vt 0.208353 0.450850
vt 0.440958 0.428096
vt 0.446879 0.423175
vt 0.444553 0.420802
vt 0.439078 0.425364
vt 0.443182 0.418255
vt 0.434660 0.433017
vt 0.438489 0.433017
vt 0.440342 0.418255
vt 0.443182 0.413334
vt 0.368797 0.382554
vt 0.355449 0.394757
vt 0.382235 0.387007
vt 0.270328 0.427380
vt 0.267372 0.422987
vt 0.270325 0.427385
vt 0.267380 0.422983
vt 0.265055 0.418231
vt 0.274030 0.430761
vt 0.274033 0.430756
vt 0.272728 0.433017
vt 0.267046 0.423175
vt 0.265040 0.418231
vt 0.431984 0.407801
vt 0.443037 0.408413
vt 0.441795 0.405881
vt 0.438921 0.410874
vt 0.427557 0.410874
vt 0.421876 0.410874
vt 0.426137 0.413334
vt 0.433239 0.410874
vt 0.289787 0.432993
vt 0.284204 0.432823
vt 0.289787 0.432993
vt 0.284200 0.432829
vt 0.278832 0.432285
vt 0.295455 0.433017
vt 0.291953 0.433017
vt 0.291953 0.433017
vt 0.284092 0.433017
vt 0.278820 0.432306
vt 0.278410 0.433017
vt 0.197089 0.399259
vt 0.161340 0.397439
vt 0.173695 0.401323
vt 0.216772 0.396271
vt 0.197165 0.396073
vt 0.223117 0.392263
vt 0.251634 0.432504
vt 0.251022 0.423708
vt 0.258101 0.442391
vt 0.238248 0.342402
vt 0.238138 0.322587
vt 0.239208 0.309522
vt 0.288925 0.364839
vt 0.278295 0.358020
vt 0.272772 0.424702
vt 0.273262 0.420030
vt 0.269849 0.420347
vt 0.269945 0.406123
vt 0.272728 0.407119
vt 0.277931 0.428073
vt 0.276957 0.409809
vt 0.278302 0.417929
vt 0.316998 0.413334
vt 0.286771 0.426249
vt 0.281834 0.423823
vt 0.288192 0.429048
vt 0.321881 0.417612
vt 0.340159 0.420094
vt 0.276960 0.404330
vt 0.272767 0.401967
vt 0.280846 0.407713
vt 0.275963 0.399256
vt 0.281635 0.401631
vt 0.284972 0.397474
vt 0.279909 0.397843
vt 0.284475 0.400434
vt 0.281635 0.401631
vt 0.284362 0.405182
vt 0.280846 0.407713
vt 0.295206 0.401789
vt 0.297911 0.405355
vt 0.295028 0.409562
vt 0.299677 0.409211
vt 0.295178 0.406613
vt 0.297911 0.405355
vt 0.303978 0.408414
vt 0.301137 0.403493
vt 0.390815 0.415472
vt 0.347853 0.422115
vt 0.358086 0.415068
vt 0.369319 0.423175
vt 0.392911 0.413335
vt 0.378406 0.413334
vt 0.398619 0.413343
vt 0.364167 0.413334
vt 0.343734 0.413334
vt 0.398620 0.413343
vt 0.401246 0.413352
vt 0.423564 0.413539
vt 0.416654 0.413402
vt 0.458099 0.440557
vt 0.455804 0.430837
vt 0.446391 0.443065
vt 0.456975 0.452699
vt 0.457520 0.448002
vt 0.450491 0.438498
vt 0.463069 0.447779
vt 0.167142 0.457085
vt 0.229827 0.392174
vt 0.236981 0.383049
vt 0.231265 0.386738
vt 0.237602 0.387286
vt 0.237402 0.376108
vt 0.152804 0.357916
vt 0.141347 0.371503
vt 0.135084 0.371375
vt 0.143058 0.368738
vt 0.146308 0.371509
vt 0.138127 0.364379
vt 0.108312 0.420448
vt 0.231830 0.354660
vt 0.235058 0.379222
vt 0.231689 0.383706
vt 0.235033 0.379233
vt 0.229689 0.388651
vt 0.226187 0.387992
vt 0.236684 0.375097
vt 0.236659 0.375111
vt 0.236664 0.377386
vt 0.232955 0.383810
vt 0.234355 0.366600
vt 0.235633 0.369142
vt 0.235631 0.369144
vt 0.236589 0.371871
vt 0.234355 0.366600
vt 0.234376 0.366588
vt 0.236526 0.370312
vt 0.236601 0.371864
vt 0.237402 0.376108
vt 0.237217 0.371509
vt 0.118365 0.390675
vt 0.122060 0.388436
vt 0.118233 0.383159
vt 0.121458 0.385744
vt 0.112270 0.391284
vt 0.231183 0.382901
vt 0.228863 0.383776
vt 0.227353 0.389040
vt 0.222002 0.382471
vt 0.224497 0.385082
vt 0.226139 0.379288
vt 0.229721 0.377015
vt 0.233486 0.375445
vt 0.132782 0.376414
vt 0.139241 0.378888
vt 0.140646 0.376428
vt 0.131597 0.378860
vt 0.141088 0.381349
vt 0.123896 0.376345
vt 0.121115 0.378619
vt 0.130325 0.381305
vt 0.119668 0.380902
vt 0.132118 0.383775
vt 0.146308 0.376429
vt 0.229441 0.369660
vt 0.232113 0.368724
vt 0.227017 0.370380
vt 0.230974 0.365138
vt 0.229042 0.365943
vt 0.226644 0.367023
vt 0.225007 0.363697
vt 0.224593 0.361315
vt 0.223786 0.364118
vt 0.225749 0.361237
vt 0.225656 0.359089
vt 0.224160 0.366675
vt 0.226833 0.358367
vt 0.121916 0.373969
vt 0.136704 0.388729
vt 0.138123 0.386269
vt 0.136705 0.391191
vt 0.128763 0.393652
vt 0.228214 0.361653
vt 0.229165 0.360646
vt 0.228041 0.359089
vt 0.230106 0.362714
vt 0.228473 0.363513
vt 0.226833 0.358367
vt 0.229042 0.365943
vt 0.229042 0.365943
vt 0.218616 0.373473
vt 0.220360 0.374172
vt 0.220183 0.369894
vt 0.217330 0.376429
vt 0.221642 0.376328
vt 0.223192 0.363247
vt 0.191885 0.322056
vt 0.184660 0.319842
vt 0.394887 0.369048
vt 0.380682 0.344445
vt 0.486734 0.386547
vt 0.441798 0.360053
vt 0.478643 0.368217
vt 0.408953 0.341243
vt 0.442307 0.321154
vt 0.466785 0.321154
vt 0.107955 0.442858
vt 0.262821 0.351556
vt 0.141316 0.363026
vt 0.249604 0.377768
vt 0.268432 0.436403
vt 0.223644 0.341366
vt 0.233727 0.343108
vt 0.296216 0.340540
vt 0.309708 0.348368
vt 0.308197 0.320725
vt 0.408370 0.249907
vt 0.420609 0.228708
vt 0.442307 0.308688
vt 0.430449 0.261626
vt 0.466785 0.308688
vt 0.454551 0.247716
vt 0.467294 0.269789
vt 0.465894 0.283707
vt 0.454683 0.209866
vt 0.500002 0.288837
vt 0.488483 0.228708
vt 0.226553 0.249907
vt 0.238791 0.228708
vt 0.248618 0.289450
vt 0.259985 0.269797
vt 0.284967 0.308688
vt 0.272732 0.247716
vt 0.284076 0.283707
vt 0.306665 0.228708
vt 0.318904 0.249907
vt 0.499279 0.222475
vt 0.545318 0.262516
vt 0.521993 0.249627
vt 0.556795 0.244336
vt 0.545460 0.224666
vt 0.532711 0.202584
vt 0.568562 0.210923
vt 0.534107 0.188674
vt 0.533216 0.163695
vt 0.158471 0.262064
vt 0.215756 0.243674
vt 0.227995 0.222475
vt 0.170462 0.188677
vt 0.194058 0.163694
vt 0.329700 0.243673
vt 0.317461 0.222475
vt 0.363500 0.262516
vt 0.386330 0.264006
vt 0.397574 0.243674
vt 0.409813 0.222475
vt 0.376385 0.202593
vt 0.318043 0.183782
vt 0.352289 0.188675
vt 0.409231 0.183782
vt 0.351398 0.163694
vt 0.375876 0.163694
vt 0.499272 0.092459
vt 0.511525 0.071235
vt 0.499999 0.131377
vt 0.533216 0.151227
vt 0.375876 0.151228
vt 0.351398 0.151228
vt 0.328168 0.151657
vt 0.426137 0.108254
vt 0.409820 0.092459
vt 0.374985 0.126247
vt 0.376386 0.112329
vt 0.397567 0.071236
vt 0.350889 0.112329
vt 0.363642 0.090256
vt 0.376386 0.084510
vt 0.318181 0.131377
vt 0.375064 0.031889
vt 0.380682 0.029524
vt 0.317454 0.092459
vt 0.329707 0.071236
vt 0.359315 0.007485
vt 0.369319 0.009841
vt 0.194058 0.151228
vt 0.181225 0.092690
vt 0.193167 0.126247
vt 0.194558 0.084512
vt 0.227276 0.131377
vt 0.215749 0.071236
vt 0.228002 0.092459
vt 0.240968 0.111547
vt 0.557921 0.057138
vt 0.579923 0.137125
vt 0.566634 0.098413
vt 0.543842 0.002794
vt 0.220516 0.458387
vt 0.279830 0.445318
vt 0.435947 0.428105
vt 0.268171 0.409017
vt 0.269729 0.405042
vt 0.448864 0.433017
vt 0.245739 0.376429
vt 0.152803 0.357917
vt 0.236166 0.341331
vt 0.235796 0.339524
vt 0.228876 0.366030
vt 0.451087 0.421549
vt 0.476015 0.430837
vt 0.441798 0.360053
vt 0.467294 0.360053
vt 0.442307 0.321154
vt 0.466785 0.321154
vt 0.596591 0.403493
vt 0.230889 0.408303
vt 0.119039 0.363644
vt 0.141316 0.363026
vt 0.232955 0.364128
vt 0.296217 0.340540
vt 0.130274 0.393652
vt 0.295359 0.327249
vt 0.351538 0.321854
vt 0.408370 0.249907
vt 0.420609 0.228708
vt 0.442307 0.308687
vt 0.441798 0.269789
vt 0.443198 0.283707
vt 0.466785 0.308688
vt 0.441797 0.241970
vt 0.454551 0.247716
vt 0.478643 0.261626
vt 0.500139 0.288600
vt 0.488483 0.228708
vt 0.500722 0.249907
vt 0.226552 0.249907
vt 0.238791 0.228709
vt 0.227272 0.288837
vt 0.261380 0.283707
vt 0.284967 0.308688
vt 0.285476 0.269789
vt 0.308197 0.309117
vt 0.296825 0.261626
vt 0.318184 0.288838
vt 0.318904 0.249906
vt 0.522762 0.264006
vt 0.511518 0.243674
vt 0.499279 0.222475
vt 0.521358 0.210756
vt 0.533216 0.163694
vt 0.215756 0.243673
vt 0.181815 0.224666
vt 0.227995 0.222475
vt 0.193167 0.188675
vt 0.169076 0.163249
vt 0.194058 0.163694
vt 0.340943 0.264006
vt 0.329700 0.243674
vt 0.397574 0.243673
vt 0.376386 0.230412
vt 0.409813 0.222475
vt 0.317543 0.210427
vt 0.339540 0.210756
vt 0.350893 0.202584
vt 0.409093 0.183545
vt 0.328168 0.163265
vt 0.351398 0.163694
vt 0.375875 0.163694
vt 0.499272 0.092459
vt 0.511525 0.071236
vt 0.499999 0.131377
vt 0.533216 0.151228
vt 0.534106 0.126247
vt 0.532716 0.084512
vt 0.544861 0.092203
vt 0.375876 0.151227
vt 0.351398 0.151228
vt 0.409820 0.092459
vt 0.376385 0.112329
vt 0.387734 0.104165
vt 0.397566 0.071235
vt 0.352289 0.126247
vt 0.350888 0.084509
vt 0.363774 0.052405
vt 0.375064 0.031889
vt 0.305467 0.112363
vt 0.317455 0.092459
vt 0.329708 0.071235
vt 0.352210 0.031890
vt 0.194058 0.151227
vt 0.210228 0.049207
vt 0.203906 0.065272
vt 0.215748 0.071235
vt 0.228002 0.092459
vt 0.269467 0.387878
vt 0.446969 0.450154
vt 0.236155 0.341365
vt 0.231816 0.383716
vt 0.113011 0.392568
s 1
f 1681/1/1681 1611/2/1611 5/3/5
f 4119/4/4119 3474/5/3474 1681/1/1681
f 1594/6/1594 347/7/347 346/8/346
f 347/7/347 351/9/351 2/10/2
f 351/9/351 3475/11/3475 1364/12/1364
f 3475/11/3475 1594/6/1594 1366/13/1366
f 3476/14/3476 1364/12/1364 413/15/413
f 1126/16/1126 350/17/350 1127/18/1127
f 350/17/350 353/19/353 3/20/3
f 1127/18/1127 1385/21/1385 405/22/405
f 1127/18/1127 350/17/350 1385/21/1385
f 351/9/351 3476/14/3476 1011/23/1011
f 860/24/860 353/19/353 861/25/861
f 861/25/861 1126/16/1126 443/26/443
f 861/25/861 353/19/353 1126/16/1126
f 356/27/356 360/28/360 4/29/4
f 356/27/356 623/30/623 360/28/360
f 624/31/624 356/27/356 879/32/879
f 359/33/359 623/30/623 487/34/487
f 360/28/360 623/30/623 359/33/359
f 358/35/358 3478/36/3478 447/37/447
f 471/38/471 515/39/515 51/40/51
f 447/37/447 515/39/515 471/38/471
f 507/41/507 3611/42/3611 52/43/52
f 3479/44/3479 548/45/548 53/46/53
f 3480/47/3480 726/48/726 51/40/51
f 493/49/493 3481/50/3481 492/51/492
f 492/51/492 1821/52/1821 1788/53/1788
f 531/54/531 3481/50/3481 493/49/493
f 1864/55/1864 1863/56/1863 1783/57/1783
f 492/51/492 1822/58/1822 1821/52/1821
f 3485/59/3485 531/60/531 60/61/60
f 478/62/478 3482/63/3482 479/64/479
f 3481/65/3481 478/62/478 477/66/477
f 3481/65/3481 531/60/531 478/62/478
f 1788/67/1788 3483/68/3483 492/69/492
f 3483/68/3483 1793/70/1793 1794/71/1794
f 493/49/493 532/72/532 60/61/60
f 492/69/492 532/72/532 493/49/493
f 496/73/496 3484/74/3484 533/75/533
f 535/76/535 496/73/496 61/77/61
f 534/78/534 496/73/496 535/76/535
f 532/72/532 534/78/534 60/61/60
f 535/76/535 3485/59/3485 534/78/534
f 3482/63/3482 536/79/536 479/64/479
f 3485/59/3485 536/79/536 3482/63/3482
f 61/77/61 3486/80/3486 535/76/535
f 480/81/480 494/82/494 481/83/481
f 536/79/536 480/81/480 479/64/479
f 500/84/500 3487/85/3487 62/86/62
f 3488/87/3488 501/88/501 537/89/537
f 4054/90/4054 3487/85/3487 3488/87/3488
f 3488/87/3488 3580/91/3580 1789/92/1789
f 3489/93/3489 495/94/495 3580/91/3580
f 495/94/495 538/95/538 1794/96/1794
f 502/97/502 537/89/537 501/88/501
f 502/97/502 538/95/538 537/89/537
f 540/98/540 504/99/504 63/100/63
f 3491/101/3491 3490/102/3490 540/98/540
f 3490/102/3490 503/103/503 504/99/504
f 538/95/538 539/104/539 1794/96/1794
f 539/104/539 533/75/533 1794/96/1794
f 3491/101/3491 533/75/533 539/104/539
f 496/73/496 541/105/541 61/77/61
f 63/100/63 3492/106/3492 540/98/540
f 544/107/544 505/108/505 547/109/547
f 543/110/543 505/108/505 544/107/544
f 541/105/541 542/111/542 61/77/61
f 3492/106/3492 543/110/543 542/111/542
f 542/111/542 494/82/494 61/77/61
f 546/112/546 544/107/544 547/109/547
f 494/82/494 545/113/545 481/83/481
f 498/114/498 547/109/547 497/115/497
f 482/116/482 3493/117/3493 483/118/483
f 545/113/545 482/116/482 481/83/481
f 53/46/53 548/45/548 499/119/499
f 549/120/549 508/121/508 64/122/64
f 62/123/62 548/45/548 549/120/549
f 549/120/549 3494/124/3494 550/125/550
f 509/126/509 549/120/549 64/122/64
f 3494/124/3494 509/126/509 510/127/510
f 549/120/549 550/125/550 62/123/62
f 550/125/550 500/84/500 62/86/62
f 552/128/552 3494/124/3494 510/127/510
f 552/128/552 550/125/550 3494/124/3494
f 500/84/500 551/129/551 501/88/501
f 511/130/511 552/128/552 510/127/510
f 554/131/554 573/132/573 65/133/65
f 554/131/554 511/130/511 573/132/573
f 551/129/551 553/134/553 501/88/501
f 552/128/552 553/134/553 551/129/551
f 553/134/553 502/97/502 501/88/501
f 556/135/556 554/131/554 65/133/65
f 555/136/555 3496/137/3496 556/135/556
f 3496/137/3496 553/134/553 554/131/554
f 504/99/504 555/136/555 63/100/63
f 556/135/556 3497/138/3497 555/136/555
f 512/139/512 556/135/556 65/133/65
f 513/140/513 556/135/556 512/139/512
f 558/141/558 513/140/513 66/142/66
f 555/136/555 557/143/557 63/100/63
f 555/136/555 558/141/558 557/143/557
f 557/143/557 505/108/505 63/100/63
f 560/144/560 558/141/558 66/142/66
f 559/145/559 558/141/558 560/144/560
f 505/108/505 559/145/559 547/109/547
f 560/144/560 3499/146/3499 559/145/559
f 561/147/561 514/148/514 67/149/67
f 3500/150/3500 3499/146/3499 561/147/561
f 559/145/559 497/115/497 547/109/547
f 559/145/559 3500/150/3500 497/115/497
f 497/115/497 3500/150/3500 498/114/498
f 563/151/563 561/147/561 67/149/67
f 562/152/562 561/147/561 563/151/563
f 498/114/498 562/152/562 483/118/483
f 563/151/563 3501/153/3501 562/152/562
f 485/154/485 506/155/506 58/156/58
f 484/157/484 3501/153/3501 485/154/485
f 562/152/562 484/157/484 483/118/483
f 64/122/64 565/158/565 566/159/566
f 564/160/564 507/41/507 52/43/52
f 565/158/565 507/41/507 564/160/564
f 566/159/566 565/158/565 516/161/516
f 507/41/507 64/122/64 508/121/508
f 517/162/517 566/159/566 516/161/516
f 569/163/569 517/162/517 518/164/518
f 566/159/566 567/165/567 64/122/64
f 510/127/510 568/166/568 570/167/570
f 567/165/567 509/126/509 64/122/64
f 568/166/568 509/126/509 567/165/567
f 570/167/570 569/163/569 518/164/518
f 570/167/570 568/166/568 569/163/569
f 510/127/510 570/167/570 571/168/571
f 571/168/571 3503/169/3503 572/170/572
f 519/171/519 570/167/570 518/164/518
f 3513/172/3513 3503/169/3503 519/171/519
f 572/170/572 591/173/591 68/174/68
f 572/170/572 3513/172/3513 591/173/591
f 571/168/571 511/130/511 510/127/510
f 572/170/572 511/130/511 571/168/571
f 574/175/574 572/170/572 68/174/68
f 3505/176/3505 3504/177/3504 574/175/574
f 65/133/65 3505/176/3505 575/178/575
f 520/179/520 574/175/574 68/174/68
f 575/178/575 521/180/521 69/181/69
f 575/178/575 520/179/520 521/180/521
f 3505/176/3505 65/133/65 573/132/573
f 512/139/512 3506/182/3506 513/140/513
f 575/178/575 512/139/512 65/133/65
f 577/183/577 575/178/575 69/181/69
f 513/140/513 576/184/576 66/142/66
f 513/140/513 577/183/577 576/184/576
f 522/185/522 577/183/577 69/181/69
f 3516/186/3516 577/183/577 522/185/522
f 578/187/578 523/188/523 581/189/581
f 3507/190/3507 3516/186/3516 523/188/523
f 576/184/576 578/187/578 66/142/66
f 66/142/66 580/191/580 514/148/514
f 66/142/66 514/148/514 560/144/560
f 580/191/580 578/187/578 581/189/581
f 514/148/514 579/192/579 67/149/67
f 514/148/514 580/191/580 579/192/579
f 582/193/582 3508/194/3508 70/195/70
f 579/192/579 582/193/582 67/149/67
f 67/149/67 582/193/582 506/155/506
f 67/149/67 506/155/506 563/151/563
f 583/196/583 582/193/582 70/195/70
f 506/155/506 486/197/486 58/156/58
f 506/155/506 583/196/583 486/197/486
f 583/196/583 3509/198/3509 486/197/486
f 3519/199/3519 583/196/583 70/195/70
f 516/161/516 3510/200/3510 584/201/584
f 584/201/584 357/202/357 467/203/467
f 584/201/584 3478/36/3478 357/202/357
f 749/204/749 3511/205/3511 467/203/467
f 587/206/587 749/204/749 750/207/750
f 518/164/518 586/208/586 588/209/588
f 585/210/585 517/162/517 516/161/516
f 586/208/586 517/162/517 585/210/585
f 588/209/588 586/208/586 587/206/587
f 518/164/518 588/209/588 589/211/589
f 3512/212/3512 466/213/466 590/214/590
f 466/213/466 588/209/588 587/206/587
f 590/214/590 466/213/466 752/215/752
f 591/173/591 3513/172/3513 592/216/592
f 589/211/589 519/171/519 518/164/518
f 3512/212/3512 519/171/519 589/211/589
f 592/216/592 3512/212/3512 590/214/590
f 465/217/465 592/216/592 590/214/590
f 593/218/593 465/217/465 46/219/46
f 592/216/592 68/174/68 591/173/591
f 594/220/594 520/179/520 593/218/593
f 521/180/521 520/179/520 594/220/594
f 593/218/593 520/179/520 68/174/68
f 594/220/594 593/218/593 46/219/46
f 521/180/521 594/220/594 69/181/69
f 464/221/464 594/220/594 46/219/46
f 595/222/595 463/223/463 596/224/596
f 69/181/69 595/222/595 522/185/522
f 3517/225/3517 595/222/595 596/224/596
f 523/188/523 597/226/597 581/189/581
f 523/188/523 3517/225/3517 597/226/597
f 462/227/462 3517/225/3517 596/224/596
f 598/228/598 462/227/462 45/229/45
f 597/226/597 524/230/524 581/189/581
f 598/228/598 524/230/524 597/226/597
f 600/231/600 598/228/598 45/229/45
f 599/232/599 598/228/598 600/231/600
f 3508/194/3508 601/233/601 70/195/70
f 524/230/524 3518/234/3518 3508/194/3508
f 3518/234/3518 599/232/599 601/233/601
f 601/233/601 602/235/602 70/195/70
f 603/236/603 602/235/602 44/237/44
f 3519/199/3519 359/238/359 487/239/487
f 3519/199/3519 603/236/603 359/238/359
f 603/236/603 360/240/360 359/238/359
f 4/29/4 603/236/603 461/241/461
f 605/242/605 480/243/480 604/244/604
f 480/243/480 1702/245/1702 479/246/479
f 480/243/480 605/242/605 1702/245/1702
f 618/247/618 483/248/483 606/249/606
f 607/250/607 3520/251/3520 618/247/618
f 482/252/482 613/253/613 481/254/481
f 485/255/485 3521/256/3521 484/257/484
f 608/258/608 485/255/485 58/259/58
f 3521/256/3521 608/258/608 609/260/609
f 484/257/484 606/249/606 483/248/483
f 484/257/484 617/261/617 606/249/606
f 3522/262/3522 3509/263/3509 487/34/487
f 621/264/621 610/265/610 611/266/611
f 3509/267/3509 58/259/58 486/268/486
f 3523/269/3523 613/253/613 614/270/614
f 613/253/613 604/244/604 481/254/481
f 616/271/616 614/270/614 607/250/607
f 615/272/615 614/270/614 616/271/616
f 605/242/605 615/272/615 612/273/612
f 604/244/604 3523/269/3523 605/242/605
f 606/249/606 617/261/617 618/247/618
f 619/274/619 3521/256/3521 609/260/609
f 618/247/618 617/261/617 619/274/619
f 620/275/620 608/258/608 58/259/58
f 609/260/609 608/258/608 622/276/622
f 623/30/623 610/265/610 487/34/487
f 3524/277/3524 623/30/623 624/31/624
f 627/278/627 3525/279/3525 460/280/460
f 625/281/625 3525/279/3525 627/278/627
f 3690/282/3690 3525/279/3525 624/31/624
f 460/280/460 3525/279/3525 3690/282/3690
f 627/278/627 460/280/460 1771/283/1771
f 625/281/625 626/284/626 611/266/611
f 625/281/625 627/278/627 626/284/626
f 1955/285/1955 56/286/56 3526/287/3526
f 3527/288/3527 3529/289/3529 3528/290/3528
f 161/291/161 3527/288/3527 1756/292/1756
f 713/293/713 1874/294/1874 3527/288/3527
f 713/293/713 3612/295/3612 1874/294/1874
f 1874/294/1874 1875/296/1875 3529/289/3529
f 3529/289/3529 1758/297/1758 1757/298/1757
f 1755/299/1755 1757/298/1757 48/300/48
f 1756/292/1756 3528/290/3528 1755/299/1755
f 469/301/469 1760/302/1760 1759/303/1759
f 1869/304/1869 1759/303/1759 160/305/160
f 468/306/468 47/307/47 159/308/159
f 468/306/468 159/308/159 1760/302/1760
f 3530/309/3530 3531/310/3531 1816/311/1816
f 708/312/708 3532/313/3532 3531/310/3531
f 664/314/664 1816/311/1816 1792/315/1792
f 1763/316/1763 3530/309/3530 664/314/664
f 707/317/707 708/312/708 3530/309/3530
f 709/318/709 667/319/667 3532/313/3532
f 3532/313/3532 668/320/668 1818/321/1818
f 3531/310/3531 1818/321/1818 1817/322/1817
f 713/293/713 3566/323/3566 673/324/673
f 713/293/713 712/325/712 3566/323/3566
f 4080/326/4080 714/327/714 161/291/161
f 4179/328/4179 1872/329/1872 3533/330/3533
f 1872/329/1872 636/331/636 1790/332/1790
f 175/333/175 3534/334/3534 1813/335/1813
f 1809/336/1809 3535/337/3535 3534/334/3534
f 1810/338/1810 1753/339/1753 3535/337/3535
f 1813/335/1813 3534/334/3534 182/340/182
f 1812/341/1812 3538/342/3538 3536/343/3536
f 48/300/48 3536/343/3536 1710/344/1710
f 1757/298/1757 1812/341/1812 3536/343/3536
f 1811/345/1811 1924/346/1924 3538/342/3538
f 3537/347/3537 1924/346/1924 1923/348/1923
f 1711/344/1711 1923/348/1923 185/300/185
f 3537/347/3537 1711/344/1711 1710/344/1710
f 3539/349/3539 3540/350/3540 642/351/642
f 3540/350/3540 731/352/731 3541/353/3541
f 631/354/631 643/355/643 162/356/162
f 631/354/631 733/357/733 3539/349/3539
f 733/357/733 732/358/732 3540/350/3540
f 3541/353/3541 1907/359/1907 186/360/186
f 642/351/642 3541/353/3541 641/361/641
f 3542/362/3542 3543/363/3543 1888/364/1888
f 709/365/709 3542/362/3542 715/366/715
f 708/367/708 707/317/707 3542/362/3542
f 1763/316/1763 3543/363/3543 707/317/707
f 1762/368/1762 1761/369/1761 3543/363/3543
f 1761/369/1761 1887/370/1887 3544/371/3544
f 1889/372/1889 1887/370/1887 184/373/184
f 1888/364/1888 3544/371/3544 1889/372/1889
f 640/374/640 3547/375/3547 638/376/638
f 633/377/633 638/376/638 1752/378/1752
f 638/376/638 637/379/637 3545/380/3545
f 3546/381/3546 632/382/632 631/354/631
f 1883/383/1883 631/354/631 162/356/162
f 1882/384/1882 3546/381/3546 1883/383/1883
f 1752/378/1752 3545/380/3545 1882/384/1882
f 3549/385/3549 1918/386/1918 3548/387/3548
f 3550/388/3550 1917/389/1917 3549/385/3549
f 706/390/706 1877/391/1877 76/392/76
f 705/393/705 3548/387/3548 706/390/706
f 704/394/704 3549/385/3549 705/393/705
f 184/373/184 3550/388/3550 704/394/704
f 1892/395/1892 1916/396/1916 3550/388/3550
f 3548/387/3548 1878/397/1878 1877/391/1877
f 163/398/163 3551/399/3551 633/377/633
f 3551/399/3551 4197/400/4197 1750/401/1750
f 634/402/634 644/403/644 3552/404/3552
f 635/405/635 645/406/645 644/403/644
f 1712/407/1712 3551/399/3551 3552/404/3552
f 634/402/634 1750/401/1750 1751/408/1751
f 645/406/645 646/409/646 644/403/644
f 644/403/644 1876/410/1876 640/374/640
f 49/411/49 3553/412/3553 470/413/470
f 3553/412/3553 646/409/646 645/406/645
f 470/413/470 3553/412/3553 50/414/50
f 4199/415/4199 647/416/647 1772/417/1772
f 1772/417/1772 3554/418/3554 634/402/634
f 647/416/647 648/419/648 3554/418/3554
f 648/419/648 635/405/635 3554/418/3554
f 1772/417/1772 634/402/634 1751/408/1751
f 3555/420/3555 459/421/459 890/422/890
f 635/405/635 649/423/649 71/424/71
f 648/419/648 649/423/649 635/405/635
f 649/423/649 650/425/650 71/424/71
f 71/424/71 650/425/650 3553/412/3553
f 3556/426/3556 3555/420/3555 890/422/890
f 650/425/650 3556/426/3556 50/414/50
f 458/427/458 3556/426/3556 890/422/890
f 50/414/50 3477/428/3477 728/429/728
f 3557/430/3557 3558/431/3558 1796/432/1796
f 3558/431/3558 473/433/473 3560/434/3560
f 1804/435/1804 3558/431/3558 3557/430/3557
f 1805/436/1805 3559/437/3559 3558/431/3558
f 1806/438/1806 174/439/174 3559/437/3559
f 473/433/473 54/440/54 697/441/697
f 3560/434/3560 697/441/697 698/442/698
f 3560/434/3560 698/442/698 699/443/699
f 1795/444/1795 699/443/699 75/445/75
f 1796/432/1796 3560/434/3560 1795/444/1795
f 3561/446/3561 3563/447/3563 732/358/732
f 3561/446/3561 3564/448/3564 3563/447/3563
f 732/358/732 3563/447/3563 3565/449/3565
f 632/382/632 3561/446/3561 733/357/733
f 629/450/629 3562/451/3562 3561/446/3561
f 630/452/630 1710/453/1710 3562/451/3562
f 3562/451/3562 1710/453/1710 3564/448/3564
f 3564/448/3564 185/454/185 1906/455/1906
f 3563/447/3563 1906/455/1906 1905/456/1905
f 731/352/731 1905/456/1905 1907/359/1907
f 732/358/732 3565/449/3565 731/352/731
f 3566/323/3566 470/457/470 50/458/50
f 470/457/470 712/325/712 49/459/49
f 3567/460/3567 3568/461/3568 3570/462/3570
f 3568/461/3568 3571/463/3571 3570/462/3570
f 3569/464/3569 3572/465/3572 3568/461/3568
f 661/466/661 3568/461/3568 3567/460/3567
f 662/467/662 3569/464/3569 3568/461/3568
f 663/468/663 656/469/656 3569/464/3569
f 656/469/656 3573/470/3573 3569/464/3569
f 655/471/655 1840/472/1840 3573/470/3573
f 3573/470/3573 1839/473/1839 3572/465/3572
f 3572/465/3572 1838/474/1838 3571/463/3571
f 3571/463/3571 180/475/180 660/476/660
f 3570/462/3570 660/476/660 659/477/659
f 3567/460/3567 659/477/659 74/478/74
f 3575/479/3575 3578/480/3578 3577/481/3577
f 3574/482/3574 3577/481/3577 3579/483/3579
f 75/445/75 3574/482/3574 656/469/656
f 699/443/699 3575/479/3575 3574/482/3574
f 698/442/698 3576/484/3576 3575/479/3575
f 697/441/697 687/485/687 3576/484/3576
f 3576/484/3576 686/485/686 3578/480/3578
f 3578/480/3578 177/440/177 1857/486/1857
f 3577/481/3577 1857/486/1857 1858/487/1858
f 3577/481/3577 1859/488/1859 3579/483/3579
f 3579/483/3579 181/489/181 655/471/655
f 3574/482/3574 655/471/655 656/469/656
f 495/94/495 1793/70/1793 529/490/529
f 1789/491/1789 528/492/528 174/493/174
f 530/494/530 1793/70/1793 1788/67/1788
f 3580/91/3580 529/490/529 528/492/528
f 3581/495/3581 3585/496/3585 3584/497/3584
f 3582/498/3582 3586/499/3586 3585/496/3585
f 59/500/59 3581/495/3581 688/501/688
f 527/502/527 3582/498/3582 3581/495/3581
f 526/503/526 3583/504/3583 3582/498/3582
f 55/505/55 3583/504/3583 525/506/525
f 696/507/696 3586/499/3586 3583/504/3583
f 695/507/695 1826/508/1826 3586/499/3586
f 3585/496/3585 1826/508/1826 1827/509/1827
f 3584/497/3584 1827/509/1827 1828/510/1828
f 689/511/689 1828/510/1828 178/500/178
f 688/501/688 3584/497/3584 689/511/689
f 692/512/692 3588/513/3588 691/514/691
f 3588/513/3588 3590/515/3590 3587/516/3587
f 3589/517/3589 3591/518/3591 3588/513/3588
f 690/519/690 693/520/693 73/521/73
f 691/514/691 3587/516/3587 690/519/690
f 74/478/74 3589/517/3589 692/512/692
f 659/477/659 3592/522/3592 3589/517/3589
f 660/476/660 1851/523/1851 3592/522/3592
f 3592/522/3592 1850/524/1850 3591/518/3591
f 3591/518/3591 1849/525/1849 3590/515/3590
f 3590/515/3590 1843/526/1843 694/527/694
f 3587/516/3587 694/527/694 693/520/693
f 3593/528/3593 3594/529/3594 3596/530/3596
f 3594/529/3594 3598/531/3598 3597/532/3597
f 54/533/54 3593/528/3593 687/534/687
f 489/535/489 3594/529/3594 3593/528/3593
f 490/536/490 3595/537/3595 3594/529/3594
f 491/538/491 688/501/688 3595/537/3595
f 3595/537/3595 689/511/689 3598/531/3598
f 3598/531/3598 178/500/178 1825/539/1825
f 3597/532/3597 1825/539/1825 1824/540/1824
f 3596/530/3596 1824/540/1824 1823/541/1823
f 686/534/686 1823/541/1823 177/533/177
f 687/534/687 3596/530/3596 686/534/686
f 639/542/639 3601/543/3601 3600/544/3600
f 4079/545/4079 664/546/664 3599/547/3599
f 3599/547/3599 664/314/664 1801/548/1801
f 3601/543/3601 1801/548/1801 1802/549/1802
f 3600/544/3600 1802/549/1802 1803/550/1803
f 1813/335/1813 1803/550/1803 175/333/175
f 182/340/182 3600/544/3600 1813/335/1813
f 1820/551/1820 3602/552/3602 3603/553/3603
f 3603/553/3603 1782/554/1782 3604/555/3604
f 681/556/681 3602/552/3602 1820/551/1820
f 682/557/682 72/558/72 3602/552/3602
f 3602/552/3602 654/559/654 1782/554/1782
f 3604/555/3604 1782/554/1782 1783/560/1783
f 3603/553/3603 475/561/475 652/562/652
f 1820/551/1820 3603/553/3603 652/562/652
f 3607/563/3607 1915/564/1915 3606/565/3606
f 1758/297/1758 3607/563/3607 1812/341/1812
f 702/566/702 3605/567/3605 3607/563/3607
f 703/568/703 1877/391/1877 3605/567/3605
f 3605/567/3605 1878/397/1878 1915/564/1915
f 3606/565/3606 1915/564/1915 188/569/188
f 3606/565/3606 188/569/188 1811/345/1811
f 1812/341/1812 3606/565/3606 1811/345/1811
f 1866/570/1866 1880/571/1880 1867/572/1867
f 1867/572/1867 1881/573/1881 1868/574/1868
f 1879/575/1879 1880/571/1880 1866/570/1866
f 1881/573/1881 1908/576/1908 1868/574/1868
f 3608/577/3608 3609/578/3609 710/579/710
f 1819/580/1819 710/579/710 53/46/53
f 1814/581/1814 3610/582/3610 3608/577/3608
f 1815/583/1815 3622/584/3622 3610/582/3610
f 3610/582/3610 671/585/671 3609/578/3609
f 3609/578/3609 671/585/671 711/586/711
f 711/586/711 671/585/671 77/587/77
f 3609/578/3609 711/586/711 710/579/710
f 665/588/665 3611/589/3611 710/590/710
f 665/588/665 711/591/711 77/587/77
f 665/588/665 710/590/710 711/591/711
f 3611/589/3611 666/592/666 52/593/52
f 710/590/710 472/594/472 53/595/53
f 472/594/472 3611/589/3611 3479/596/3479
f 3626/597/3626 1898/598/1898 3613/599/3613
f 3613/599/3613 76/392/76 703/568/703
f 1875/296/1875 703/568/703 702/566/702
f 1875/296/1875 702/566/702 1758/297/1758
f 3614/600/3614 716/601/716 715/366/715
f 716/601/716 3614/600/3614 1885/602/1885
f 1889/372/1889 3614/600/3614 1888/364/1888
f 3616/603/3616 3615/604/3615 675/605/675
f 1885/606/1885 3615/604/3615 716/607/716
f 717/608/717 675/605/675 78/609/78
f 715/610/715 3616/603/3616 709/318/709
f 716/611/716 3616/603/3616 715/610/715
f 3616/603/3616 667/319/667 709/318/709
f 717/608/717 667/319/667 3616/603/3616
f 677/612/677 3617/613/3617 3618/614/3618
f 676/615/676 717/608/717 78/609/78
f 3618/614/3618 667/319/667 717/608/717
f 3617/613/3617 677/612/677 719/616/719
f 3617/613/3617 3619/617/3619 668/320/668
f 669/618/669 3619/617/3619 670/619/670
f 721/620/721 719/616/719 677/612/677
f 720/621/720 719/616/719 721/620/721
f 670/619/670 720/621/720 1815/583/1815
f 678/622/678 721/620/721 677/612/677
f 679/623/679 721/620/721 678/622/678
f 723/624/723 679/623/679 79/625/79
f 720/621/720 722/626/722 1815/583/1815
f 722/626/722 3622/584/3622 1815/583/1815
f 722/626/722 723/624/723 3622/584/3622
f 725/627/725 723/624/723 79/625/79
f 724/628/724 723/624/723 725/627/725
f 671/585/671 724/628/724 77/587/77
f 744/629/744 725/627/725 79/625/79
f 680/630/680 3623/631/3623 744/629/744
f 724/628/724 3623/631/3623 77/587/77
f 77/587/77 3624/632/3624 666/592/666
f 727/633/727 680/630/680 80/634/80
f 726/635/726 3624/632/3624 727/633/727
f 3624/632/3624 3623/631/3623 680/630/680
f 666/592/666 726/635/726 52/593/52
f 52/593/52 726/635/726 564/636/564
f 728/637/728 3566/323/3566 50/458/50
f 729/638/729 3626/639/3626 730/640/730
f 456/641/456 729/638/729 43/642/43
f 455/643/455 729/638/729 456/641/456
f 3626/639/3626 455/643/455 42/644/42
f 3625/645/3625 730/640/730 673/324/673
f 729/638/729 730/640/730 3625/645/3625
f 3627/646/3627 3630/647/3630 3629/648/3629
f 628/649/628 3627/646/3627 1890/650/1890
f 628/649/628 3628/651/3628 3627/646/3627
f 636/331/636 1866/570/1866 3628/651/3628
f 3628/651/3628 1867/572/1867 3630/647/3630
f 3630/647/3630 1868/574/1868 3631/652/3631
f 3631/652/3631 1908/653/1908 1904/654/1904
f 1890/650/1890 3629/648/3629 1891/655/1891
f 735/656/735 3632/657/3632 674/658/674
f 735/656/735 674/658/674 734/659/734
f 675/605/675 736/660/736 78/609/78
f 736/660/736 676/615/676 78/609/78
f 738/661/738 453/662/453 452/663/452
f 453/662/453 3634/664/3634 736/660/736
f 676/615/676 737/665/737 677/612/677
f 451/666/451 738/661/738 452/663/452
f 3635/667/3635 451/666/451 740/668/740
f 737/665/737 739/669/739 677/612/677
f 738/661/738 739/669/739 737/665/737
f 678/622/678 3635/667/3635 679/623/679
f 739/669/739 678/622/678 677/612/677
f 3635/667/3635 678/622/678 739/669/739
f 679/623/679 742/670/742 79/625/79
f 679/623/679 741/671/741 742/670/742
f 450/672/450 741/671/741 740/668/740
f 449/673/449 741/671/741 450/672/450
f 743/674/743 449/673/449 41/675/41
f 743/674/743 79/625/79 742/670/742
f 745/676/745 743/674/743 41/675/41
f 744/629/744 743/674/743 745/676/745
f 3637/677/3637 1009/678/1009 40/679/40
f 80/634/80 746/680/746 672/681/672
f 747/682/747 746/680/746 40/683/40
f 672/681/672 471/684/471 51/685/51
f 672/681/672 747/682/747 471/684/471
f 747/682/747 447/686/447 471/684/471
f 448/687/448 747/682/747 40/683/40
f 447/686/447 747/682/747 448/687/448
f 358/35/358 3638/688/3638 748/689/748
f 357/202/357 748/689/748 467/203/467
f 751/690/751 3639/691/3639 421/692/421
f 792/693/792 751/690/751 81/694/81
f 791/695/791 3639/691/3639 792/693/792
f 3640/696/3640 420/697/420 24/698/24
f 420/697/420 795/699/795 1254/700/1254
f 758/701/758 419/702/419 23/703/23
f 801/704/801 760/705/760 802/706/802
f 419/702/419 801/704/801 24/698/24
f 767/707/767 417/708/417 22/709/22
f 811/710/811 767/707/767 825/711/825
f 418/712/418 810/713/810 23/703/23
f 417/708/417 810/713/810 418/712/418
f 415/714/415 3643/715/3643 22/709/22
f 773/716/773 415/714/415 21/717/21
f 415/714/415 22/709/22 416/718/416
f 841/719/841 21/717/21 414/720/414
f 792/693/792 793/721/793 791/695/791
f 794/722/794 792/693/792 81/694/81
f 794/722/794 793/721/793 792/693/792
f 748/689/748 793/721/793 467/203/467
f 3638/688/3638 793/721/793 748/689/748
f 797/723/797 796/724/796 795/699/795
f 795/699/795 421/692/421 1254/700/1254
f 795/699/795 751/690/751 421/692/421
f 797/723/797 795/699/795 753/725/753
f 751/690/751 796/724/796 81/694/81
f 754/726/754 796/724/796 797/723/797
f 796/724/796 3644/727/3644 81/694/81
f 81/694/81 3644/727/3644 798/728/798
f 798/728/798 3645/729/3645 81/694/81
f 3645/729/3645 749/204/749 794/722/794
f 800/730/800 798/728/798 756/731/756
f 799/732/799 798/728/798 800/730/800
f 750/207/750 799/732/799 587/206/587
f 749/204/749 799/732/799 750/207/750
f 799/732/799 466/213/466 587/206/587
f 802/706/802 3647/733/3647 801/704/801
f 801/704/801 3640/696/3640 24/698/24
f 753/725/753 803/734/803 797/723/797
f 3640/696/3640 803/734/803 753/725/753
f 762/735/762 3648/736/3648 761/737/761
f 761/737/761 802/706/802 760/705/760
f 761/737/761 3647/733/3647 802/706/802
f 803/734/803 804/738/804 797/723/797
f 3647/733/3647 3648/736/3648 803/734/803
f 806/739/806 755/740/755 804/738/804
f 804/738/804 754/726/754 797/723/797
f 804/738/804 755/740/755 754/726/754
f 806/739/806 804/738/804 762/735/762
f 755/740/755 805/741/805 756/731/756
f 763/742/763 805/741/805 806/739/806
f 808/743/808 764/744/764 82/745/82
f 3650/746/3650 764/744/764 808/743/808
f 805/741/805 807/747/807 756/731/756
f 3649/748/3649 3650/746/3650 807/747/807
f 807/747/807 800/730/800 756/731/756
f 807/747/807 3646/749/3646 800/730/800
f 752/215/752 809/750/809 590/214/590
f 3646/749/3646 809/750/809 752/215/752
f 82/745/82 809/750/809 808/743/808
f 809/750/809 465/217/465 590/214/590
f 810/713/810 758/701/758 23/703/23
f 813/751/813 810/713/810 811/710/811
f 759/752/759 812/753/812 760/705/760
f 768/754/768 813/751/813 811/710/811
f 815/755/815 3652/756/3652 828/757/828
f 812/753/812 814/758/814 760/705/760
f 813/751/813 814/758/814 812/753/812
f 814/758/814 761/737/761 760/705/760
f 817/759/817 814/758/814 815/755/815
f 762/735/762 816/760/816 806/739/806
f 761/737/761 816/760/816 762/735/762
f 770/761/770 3654/762/3654 769/763/769
f 769/763/769 817/759/817 815/755/815
f 769/763/769 816/760/816 817/759/817
f 819/764/819 770/761/770 83/765/83
f 818/766/818 770/761/770 819/764/819
f 816/760/816 818/766/818 806/739/806
f 819/764/819 3655/767/3655 818/766/818
f 818/766/818 763/742/763 806/739/806
f 818/766/818 764/744/764 763/742/763
f 764/744/764 820/768/820 82/745/82
f 3655/767/3655 3656/769/3656 820/768/820
f 83/765/83 3656/769/3656 819/764/819
f 822/770/822 771/771/771 824/772/824
f 821/773/821 771/771/771 822/770/822
f 820/768/820 821/773/821 82/745/82
f 757/774/757 821/773/821 823/775/823
f 821/773/821 757/774/757 82/745/82
f 823/775/823 822/770/822 824/772/824
f 757/774/757 823/775/823 46/219/46
f 766/776/766 824/772/824 765/777/765
f 463/223/463 766/776/766 596/224/596
f 823/775/823 464/221/464 46/219/46
f 823/775/823 463/223/463 464/221/464
f 3643/715/3643 767/707/767 22/709/22
f 826/778/826 774/779/774 84/780/84
f 826/778/826 3643/715/3643 774/779/774
f 775/781/775 826/778/826 84/780/84
f 3659/782/3659 3658/783/3658 826/778/826
f 825/711/825 827/784/827 811/710/811
f 3658/783/3658 827/784/827 825/711/825
f 828/757/828 3660/785/3660 829/786/829
f 827/784/827 768/754/768 811/710/811
f 3660/785/3660 3652/756/3652 768/754/768
f 829/786/829 776/787/776 85/788/85
f 829/786/829 827/784/827 776/787/776
f 777/789/777 829/786/829 85/788/85
f 831/790/831 848/791/848 86/792/86
f 831/790/831 777/789/777 848/791/848
f 828/757/828 830/793/830 815/755/815
f 829/786/829 830/793/830 828/757/828
f 830/793/830 769/763/769 815/755/815
f 833/794/833 831/790/831 86/792/86
f 3662/795/3662 830/793/830 831/790/831
f 770/761/770 832/796/832 83/765/83
f 769/763/769 3662/795/3662 770/761/770
f 3662/795/3662 833/794/833 832/796/832
f 778/797/778 833/794/833 86/792/86
f 779/798/779 833/794/833 778/797/778
f 835/799/835 779/798/779 87/800/87
f 832/796/832 834/801/834 83/765/83
f 832/796/832 835/799/835 834/801/834
f 834/801/834 771/771/771 83/765/83
f 837/802/837 835/799/835 87/800/87
f 836/803/836 835/799/835 837/802/837
f 771/771/771 836/803/836 824/772/824
f 837/802/837 3665/804/3665 836/803/836
f 780/805/780 837/802/837 87/800/87
f 838/806/838 780/805/780 88/807/88
f 3666/808/3666 3665/804/3665 838/806/838
f 836/803/836 765/777/765 824/772/824
f 836/803/836 3666/808/3666 765/777/765
f 765/777/765 3666/808/3666 766/776/766
f 840/809/840 838/806/838 88/807/88
f 839/810/839 838/806/838 840/809/840
f 766/776/766 839/810/839 596/224/596
f 840/809/840 3667/811/3667 839/810/839
f 462/227/462 772/812/772 45/229/45
f 839/810/839 462/227/462 596/224/596
f 841/719/841 773/716/773 21/717/21
f 3668/813/3668 783/814/783 89/815/89
f 3668/813/3668 841/719/841 783/814/783
f 773/716/773 84/780/84 774/779/774
f 784/816/784 3668/813/3668 89/815/89
f 844/817/844 784/816/784 785/818/785
f 3668/813/3668 842/819/842 84/780/84
f 85/788/85 843/820/843 845/821/845
f 842/819/842 775/781/775 84/780/84
f 843/822/843 775/781/775 842/819/842
f 845/821/845 844/817/844 785/818/785
f 845/821/845 843/822/843 844/817/844
f 775/781/775 85/788/85 776/787/776
f 846/823/846 3670/824/3670 847/825/847
f 786/826/786 845/821/845 785/818/785
f 3680/827/3680 3670/824/3670 786/826/786
f 847/825/847 867/828/867 90/829/90
f 847/825/847 3680/827/3680 867/828/867
f 845/821/845 846/823/846 85/788/85
f 846/823/846 777/789/777 85/788/85
f 847/825/847 777/789/777 846/823/846
f 849/830/849 847/825/847 90/829/90
f 3672/831/3672 3671/832/3671 849/830/849
f 86/792/86 3672/831/3672 850/833/850
f 787/834/787 849/830/849 90/829/90
f 788/835/788 849/830/849 787/834/787
f 850/833/850 788/835/788 91/836/91
f 3672/831/3672 86/792/86 848/791/848
f 778/797/778 3673/837/3673 779/798/779
f 850/833/850 778/797/778 86/792/86
f 851/838/851 850/833/850 91/836/91
f 779/798/779 852/839/852 87/800/87
f 779/798/779 851/838/851 852/839/852
f 789/840/789 851/838/851 91/836/91
f 3683/841/3683 851/838/851 789/840/789
f 853/842/853 790/843/790 92/844/92
f 3674/845/3674 3683/841/3683 790/843/790
f 87/800/87 855/846/855 780/805/780
f 853/842/853 87/800/87 852/839/852
f 856/847/856 853/842/853 92/844/92
f 855/846/855 853/842/853 856/847/856
f 780/805/780 854/848/854 88/807/88
f 780/805/780 855/846/855 854/848/854
f 3685/849/3685 856/847/856 92/844/92
f 857/850/857 3685/849/3685 93/851/93
f 854/848/854 857/850/857 88/807/88
f 88/807/88 858/852/858 772/812/772
f 88/807/88 772/812/772 840/809/840
f 859/853/859 857/850/857 93/851/93
f 858/852/858 857/850/857 859/853/859
f 772/812/772 858/852/858 45/229/45
f 599/232/599 3676/854/3676 44/237/44
f 45/229/45 599/232/599 600/231/600
f 860/24/860 782/855/782 20/856/20
f 783/814/783 782/855/782 89/815/89
f 1113/857/1113 3678/858/3678 443/26/443
f 861/25/861 3678/858/3678 3677/859/3677
f 863/860/863 1113/857/1113 1112/861/1112
f 785/818/785 862/862/862 864/863/864
f 862/864/862 784/816/784 89/815/89
f 864/863/864 862/864/862 863/860/863
f 785/818/785 864/863/864 865/865/865
f 3679/866/3679 442/867/442 866/868/866
f 442/867/442 864/863/864 863/860/863
f 866/868/866 442/867/442 1100/869/1100
f 867/828/867 3680/827/3680 868/870/868
f 865/865/865 786/826/786 785/818/785
f 3679/866/3679 786/826/786 865/865/865
f 868/870/868 3679/866/3679 866/868/866
f 441/871/441 868/870/868 866/868/866
f 869/872/869 440/873/440 439/874/439
f 869/872/869 441/871/441 440/873/440
f 868/870/868 90/829/90 867/828/867
f 870/875/870 788/835/788 869/872/869
f 869/872/869 787/834/787 90/829/90
f 870/875/870 869/872/869 439/874/439
f 788/835/788 870/875/870 91/836/91
f 871/876/871 1078/877/1078 37/878/37
f 3682/879/3682 438/880/438 1078/877/1078
f 91/836/91 871/876/871 789/840/789
f 872/881/872 871/876/871 37/878/37
f 3684/882/3684 871/876/871 872/881/872
f 790/843/790 873/883/873 92/844/92
f 790/843/790 3684/882/3684 873/883/873
f 437/884/437 3684/882/3684 872/881/872
f 874/885/874 437/884/437 36/886/36
f 874/885/874 92/844/92 873/883/873
f 876/887/876 874/885/874 36/886/36
f 875/888/875 874/885/874 876/887/876
f 3685/849/3685 875/888/875 93/851/93
f 436/889/436 875/888/875 876/887/876
f 875/888/875 877/890/877 93/851/93
f 93/851/93 877/890/877 781/891/781
f 878/892/878 877/890/877 35/893/35
f 781/891/781 461/241/461 44/237/44
f 781/891/781 878/892/878 461/241/461
f 435/894/435 878/892/878 35/893/35
f 4/29/4 878/892/878 435/894/435
f 461/241/461 603/236/603 44/237/44
f 356/27/356 3686/895/3686 879/32/879
f 354/896/354 356/27/356 4/29/4
f 354/896/354 3686/895/3686 356/27/356
f 884/897/884 882/898/882 885/899/885
f 881/900/881 446/901/446 1033/902/1033
f 882/898/882 446/901/446 881/900/881
f 885/899/885 882/898/882 94/903/94
f 3687/904/3687 445/905/445 39/906/39
f 39/906/39 445/905/445 3751/907/3751
f 881/900/881 3687/904/3687 887/908/887
f 445/905/445 881/900/881 1033/902/1033
f 884/897/884 3686/895/3686 1032/909/1032
f 885/899/885 3688/910/3688 884/897/884
f 886/911/886 885/899/885 94/903/94
f 879/32/879 3690/282/3690 624/31/624
f 3686/895/3686 3688/910/3688 879/32/879
f 3689/912/3689 3690/282/3690 886/911/886
f 460/280/460 3689/912/3689 1771/283/1771
f 887/908/887 888/913/888 881/900/881
f 882/898/882 888/913/888 94/903/94
f 4012/914/4012 1771/283/1771 4672/915/4672
f 1749/916/1749 887/908/887 3303/917/3303
f 167/918/167 3692/919/3692 4342/920/4342
f 894/921/894 893/922/893 3692/919/3692
f 893/922/893 3691/923/3691 3692/919/3692
f 3692/919/3692 165/924/165 4341/925/4341
f 889/926/889 893/922/893 95/927/95
f 426/928/426 2021/929/2021 28/930/28
f 426/928/426 4345/931/4345 2021/929/2021
f 895/932/895 3693/933/3693 27/934/27
f 1775/935/1775 3693/933/3693 895/932/895
f 895/932/895 1743/936/1743 1775/935/1775
f 1745/937/1745 891/938/891 166/939/166
f 1744/940/1744 3694/941/3694 1745/937/1745
f 1743/936/1743 3694/941/3694 1744/940/1744
f 26/942/26 896/943/896 425/944/425
f 425/944/425 895/932/895 27/934/27
f 425/944/425 3694/941/3694 895/932/895
f 896/943/896 26/942/26 897/945/897
f 3694/941/3694 896/943/896 891/938/891
f 891/938/891 3695/946/3695 892/947/892
f 423/948/423 899/949/899 424/950/424
f 424/950/424 897/945/897 26/942/26
f 424/950/424 899/951/899 897/945/897
f 898/952/898 900/953/900 95/927/95
f 899/951/899 900/953/900 898/952/898
f 900/953/900 3696/954/3696 95/927/95
f 95/927/95 3696/954/3696 889/926/889
f 901/955/901 423/948/423 25/956/25
f 3697/957/3697 3696/954/3696 901/955/901
f 3696/954/3696 900/953/900 423/948/423
f 889/926/889 3696/954/3696 890/422/890
f 3696/954/3696 3697/957/3697 458/427/458
f 457/958/457 422/959/422 355/960/355
f 34/961/34 903/962/903 1141/963/1141
f 3699/964/3699 433/965/433 33/966/33
f 33/966/33 433/965/433 1145/967/1145
f 433/965/433 948/968/948 34/961/34
f 953/969/953 913/970/913 954/971/954
f 432/972/432 953/969/953 33/966/33
f 920/973/920 430/974/430 31/975/31
f 963/976/963 920/973/920 976/977/976
f 431/978/431 962/979/962 32/980/32
f 430/974/430 962/979/962 431/978/431
f 428/981/428 3702/982/3702 31/975/31
f 927/983/927 428/981/428 30/984/30
f 428/981/428 31/975/31 429/985/429
f 3703/986/3703 1237/987/1237 29/988/29
f 1237/987/1237 30/984/30 427/989/427
f 946/990/946 352/991/352 434/992/434
f 946/990/946 3698/993/3698 352/991/352
f 947/994/947 904/995/904 96/996/96
f 3698/993/3698 456/641/456 43/642/43
f 456/641/456 3704/997/3704 455/643/455
f 3704/997/3704 947/994/947 96/996/96
f 455/643/455 902/998/902 42/644/42
f 950/999/950 949/1000/949 948/968/948
f 948/968/948 903/962/903 34/961/34
f 950/999/950 948/968/948 907/1001/907
f 904/995/904 949/1000/949 96/996/96
f 903/962/903 949/1000/949 904/995/904
f 908/1002/908 949/1000/949 950/999/950
f 3706/1003/3706 910/1004/910 951/1005/951
f 949/1000/949 3705/1006/3705 96/996/96
f 96/996/96 3705/1006/3705 3706/1003/3706
f 3706/1003/3706 902/998/902 3704/997/3704
f 454/1007/454 951/1005/951 952/1008/952
f 902/998/902 454/1007/454 42/644/42
f 952/1008/952 3707/1009/3707 454/1007/454
f 954/971/954 3708/1010/3708 953/969/953
f 953/969/953 3699/964/3699 33/966/33
f 907/1001/907 955/1011/955 950/999/950
f 3699/964/3699 955/1011/955 907/1001/907
f 915/1012/915 3709/1013/3709 914/1014/914
f 914/1014/914 954/971/954 913/970/913
f 914/1014/914 3708/1010/3708 954/971/954
f 955/1011/955 956/1015/956 950/999/950
f 3708/1010/3708 3709/1013/3709 955/1011/955
f 958/1016/958 909/1017/909 956/1015/956
f 956/1015/956 908/1002/908 950/999/950
f 956/1015/956 909/1017/909 908/1002/908
f 958/1016/958 956/1015/956 915/1012/915
f 910/1004/910 957/1018/957 951/1005/951
f 909/1017/909 957/1018/957 910/1004/910
f 916/1019/916 957/1018/957 958/1016/958
f 960/1020/960 917/1021/917 97/1022/97
f 959/1023/959 917/1021/917 960/1020/960
f 957/1018/957 959/1023/959 951/1005/951
f 960/1020/960 905/1024/905 959/1023/959
f 959/1023/959 952/1008/952 951/1005/951
f 959/1023/959 905/1024/905 952/1008/952
f 906/1025/906 961/1026/961 734/1027/734
f 905/1024/905 961/1026/961 906/1025/906
f 97/1022/97 961/1026/961 960/1020/960
f 453/662/453 911/1028/911 452/663/452
f 3633/1029/3633 911/1028/911 453/662/453
f 961/1026/961 735/656/735 734/1027/734
f 3711/1030/3711 3633/1029/3633 735/656/735
f 962/979/962 912/1031/912 32/980/32
f 965/1032/965 962/979/962 963/976/963
f 912/1031/912 964/1033/964 913/970/913
f 922/1034/922 3712/1035/3712 921/1036/921
f 921/1036/921 965/1032/965 963/976/963
f 3712/1035/3712 922/1034/922 967/1037/967
f 964/1033/964 966/1038/966 913/970/913
f 965/1032/965 966/1038/966 964/1033/964
f 966/1038/966 914/1014/914 913/970/913
f 3712/1035/3712 3713/1039/3713 966/1038/966
f 915/1012/915 968/1040/968 958/1016/958
f 914/1014/914 968/1040/968 915/1012/915
f 923/1041/923 967/1037/967 922/1034/922
f 923/1041/923 968/1040/968 967/1037/967
f 970/1042/970 924/1043/924 98/1044/98
f 969/1045/969 924/1043/924 970/1042/970
f 968/1040/968 969/1045/969 958/1016/958
f 970/1042/970 3715/1046/3715 969/1045/969
f 969/1045/969 916/1019/916 958/1016/958
f 969/1045/969 917/1021/917 916/1019/916
f 917/1021/917 971/1047/971 97/1022/97
f 98/1044/98 972/1048/972 971/1047/971
f 98/1044/98 971/1047/971 970/1042/970
f 973/1049/973 925/1050/925 975/1051/975
f 972/1048/972 925/1050/925 973/1049/973
f 971/1047/971 3716/1052/3716 97/1022/97
f 971/1047/971 972/1048/972 3716/1052/3716
f 3716/1052/3716 911/1028/911 97/1022/97
f 974/1053/974 973/1049/973 975/1051/975
f 911/1028/911 974/1053/974 452/663/452
f 919/1054/919 975/1051/975 918/1055/918
f 451/666/451 919/1054/919 740/668/740
f 3702/982/3702 920/973/920 31/975/31
f 977/1056/977 928/1057/928 99/1058/99
f 977/1056/977 3702/982/3702 928/1057/928
f 929/1059/929 977/1056/977 99/1058/99
f 3719/1060/3719 3718/1061/3718 977/1056/977
f 976/977/976 978/1062/978 963/976/963
f 3718/1061/3718 978/1062/978 976/977/976
f 979/1063/979 3720/1064/3720 980/1065/980
f 978/1062/978 921/1036/921 963/976/963
f 980/1065/980 930/1066/930 100/1067/100
f 980/1065/980 978/1062/978 930/1066/930
f 921/1036/921 979/1063/979 922/1034/922
f 931/1068/931 980/1065/980 100/1067/100
f 982/1069/982 999/1070/999 101/1071/101
f 982/1069/982 931/1068/931 999/1070/999
f 979/1063/979 981/1072/981 922/1034/922
f 980/1065/980 981/1072/981 979/1063/979
f 981/1072/981 923/1041/923 922/1034/922
f 3722/1073/3722 924/1043/924 923/1041/923
f 984/1074/984 982/1069/982 101/1071/101
f 983/1075/983 3722/1073/3722 984/1074/984
f 3722/1073/3722 981/1072/981 982/1069/982
f 924/1043/924 983/1075/983 98/1044/98
f 984/1074/984 3723/1076/3723 983/1075/983
f 932/1077/932 984/1074/984 101/1071/101
f 933/1078/933 984/1074/984 932/1077/932
f 986/1079/986 933/1078/933 102/1080/102
f 983/1075/983 985/1081/985 98/1044/98
f 983/1075/983 986/1079/986 985/1081/985
f 985/1081/985 925/1050/925 98/1044/98
f 988/1082/988 986/1079/986 102/1080/102
f 987/1083/987 986/1079/986 988/1082/988
f 925/1050/925 987/1083/987 975/1051/975
f 988/1082/988 3725/1084/3725 987/1083/987
f 934/1085/934 988/1082/988 102/1080/102
f 989/1086/989 934/1085/934 103/1087/103
f 3726/1088/3726 3725/1084/3725 989/1086/989
f 987/1083/987 918/1055/918 975/1051/975
f 987/1083/987 3726/1088/3726 918/1055/918
f 918/1055/918 3726/1088/3726 919/1054/919
f 990/1089/990 989/1086/989 103/1087/103
f 3727/1090/3727 989/1086/989 990/1089/990
f 919/1054/919 450/672/450 740/668/740
f 919/1054/919 3727/1090/3727 450/672/450
f 3727/1090/3727 449/673/449 450/672/450
f 449/673/449 926/1091/926 41/675/41
f 99/1058/99 991/1092/991 992/1093/992
f 991/1092/991 927/983/927 30/984/30
f 992/1093/992 991/1092/991 936/1094/936
f 927/983/927 99/1058/99 928/1057/928
f 937/1095/937 992/1093/992 936/1094/936
f 937/1095/937 3728/1096/3728 992/1093/992
f 995/1097/995 937/1095/937 938/1098/938
f 992/1093/992 993/1099/993 99/1058/99
f 100/1067/100 994/1100/994 996/1101/996
f 993/1099/993 929/1059/929 99/1058/99
f 994/1100/994 929/1059/929 993/1099/993
f 996/1101/996 995/1097/995 938/1098/938
f 996/1101/996 994/1100/994 995/1097/995
f 929/1059/929 100/1067/100 930/1066/930
f 997/1102/997 3729/1103/3729 998/1104/998
f 939/1105/939 996/1101/996 938/1098/938
f 3736/1106/3736 3729/1103/3729 939/1105/939
f 998/1104/998 1018/1107/1018 104/1108/104
f 998/1104/998 3736/1106/3736 1018/1107/1018
f 996/1101/996 997/1102/997 100/1067/100
f 997/1102/997 931/1068/931 100/1067/100
f 998/1104/998 931/1068/931 997/1102/997
f 1000/1109/1000 998/1104/998 104/1108/104
f 3731/1110/3731 3730/1111/3730 1000/1109/1000
f 101/1071/101 3731/1110/3731 1001/1112/1001
f 940/1113/940 1000/1109/1000 104/1108/104
f 941/1114/941 1000/1109/1000 940/1113/940
f 1001/1112/1001 941/1114/941 105/1115/105
f 3731/1110/3731 101/1071/101 999/1070/999
f 932/1077/932 3732/1116/3732 933/1078/933
f 1001/1112/1001 932/1077/932 101/1071/101
f 1002/1117/1002 1001/1112/1001 105/1115/105
f 933/1078/933 1003/1118/1003 102/1080/102
f 933/1078/933 1002/1117/1002 1003/1118/1003
f 942/1119/942 1002/1117/1002 105/1115/105
f 3739/1120/3739 1002/1117/1002 942/1119/942
f 1004/1121/1004 943/1122/943 1007/1123/1007
f 3733/1124/3733 3739/1120/3739 943/1122/943
f 102/1080/102 1006/1125/1006 934/1085/934
f 1004/1121/1004 102/1080/102 1003/1118/1003
f 1006/1125/1006 1004/1121/1004 1007/1123/1007
f 934/1085/934 1005/1126/1005 103/1087/103
f 934/1085/934 1006/1125/1006 1005/1126/1005
f 1008/1127/1008 3734/1128/3734 945/1129/945
f 945/1129/945 3734/1128/3734 944/1130/944
f 1005/1126/1005 1008/1127/1008 103/1087/103
f 103/1087/103 1008/1127/1008 926/1091/926
f 103/1087/103 926/1091/926 990/1089/990
f 1010/1131/1010 1008/1127/1008 945/1129/945
f 1009/678/1009 1008/1127/1008 1010/1131/1010
f 926/1091/926 1009/678/1009 41/675/41
f 41/675/41 1009/678/1009 745/676/745
f 936/1094/936 935/1132/935 1012/1133/1012
f 1011/23/1011 935/1132/935 29/1134/29
f 3476/14/3476 935/1132/935 1011/23/1011
f 1012/1133/1012 3476/14/3476 413/15/413
f 938/1098/938 937/1095/937 1015/1135/1015
f 1013/1136/1013 937/1095/937 936/1094/936
f 1014/1137/1014 937/1095/937 1013/1136/1013
f 1015/1135/1015 412/1138/412 19/1139/19
f 1015/1135/1015 1014/1137/1014 412/1138/412
f 938/1098/938 1015/1135/1015 1016/1140/1016
f 1016/1140/1016 3735/1141/3735 1017/1142/1017
f 411/1143/411 1015/1135/1015 19/1139/19
f 1017/1142/1017 3735/1141/3735 18/1144/18
f 1018/1107/1018 3736/1106/3736 1019/1145/1019
f 1016/1140/1016 939/1105/939 938/1098/938
f 1017/1142/1017 939/1105/939 1016/1140/1016
f 1019/1145/1019 1017/1142/1017 18/1144/18
f 410/1146/410 1019/1145/1019 18/1144/18
f 1019/1145/1019 104/1108/104 1018/1107/1018
f 1020/1147/1020 940/1113/940 104/1108/104
f 1022/1148/1022 1020/1147/1020 17/1149/17
f 1021/1150/1021 1020/1147/1020 1022/1148/1022
f 941/1114/941 1021/1150/1021 105/1115/105
f 1023/1151/1023 409/1152/409 1024/1153/1024
f 105/1115/105 1023/1151/1023 942/1119/942
f 3740/1154/3740 1023/1151/1023 1024/1153/1024
f 943/1122/943 1025/1155/1025 1007/1123/1007
f 943/1122/943 3740/1154/3740 1025/1155/1025
f 408/1156/408 3740/1154/3740 1024/1153/1024
f 1026/1157/1026 408/1156/408 16/1158/16
f 1025/1155/1025 944/1130/944 1007/1123/1007
f 1026/1157/1026 944/1130/944 1025/1155/1025
f 1028/1159/1028 1026/1157/1026 16/1158/16
f 1027/1160/1027 1026/1157/1026 1028/1159/1028
f 944/1130/944 3741/1161/3741 945/1129/945
f 407/1162/407 1027/1160/1027 1028/1159/1028
f 1027/1160/1027 1029/1163/1029 945/1129/945
f 3742/1164/3742 1029/1163/1029 1030/1165/1030
f 1029/1163/1029 1010/1131/1010 945/1129/945
f 448/687/448 1030/1165/1030 1031/1166/1031
f 3742/1164/3742 448/687/448 40/683/40
f 406/1167/406 448/687/448 1031/1166/1031
f 447/686/447 406/1167/406 358/35/358
f 447/686/447 448/687/448 406/1167/406
f 354/896/354 435/894/435 1032/909/1032
f 354/896/354 1032/909/1032 3686/895/3686
f 4/29/4 435/894/435 354/896/354
f 36/886/36 436/889/436 876/887/876
f 436/889/436 3743/1168/3743 35/1169/35
f 1037/1170/1037 3744/1171/3744 1036/1172/1036
f 1036/1172/1036 872/881/872 37/878/37
f 1036/1172/1036 437/884/437 872/881/872
f 437/884/437 1071/1173/1071 36/886/36
f 1042/1174/1042 438/880/438 439/874/439
f 1078/877/1078 1043/1175/1043 1079/1176/1079
f 1048/1177/1048 441/871/441 866/868/866
f 1088/1178/1088 1048/1177/1048 1101/1179/1101
f 440/873/440 1087/1180/1087 439/874/439
f 1054/1181/1054 442/867/442 863/860/863
f 3747/1182/3747 435/894/435 35/893/35
f 1070/1183/1070 1069/1184/1069 1035/1185/1035
f 435/894/435 1069/1184/1069 1032/909/1032
f 1069/1184/1069 884/897/884 1032/909/1032
f 3748/1186/3748 446/901/446 884/897/884
f 1073/1187/1073 1034/1188/1034 1071/1173/1071
f 1071/1173/1071 1034/1188/1034 36/886/36
f 1073/1187/1073 1071/1173/1071 1037/1170/1037
f 1034/1188/1034 1072/1189/1072 1035/1185/1035
f 1038/1190/1038 1072/1189/1072 1073/1187/1073
f 1074/1191/1074 1040/1192/1040 1075/1193/1075
f 1072/1189/1072 1074/1191/1074 1035/1185/1035
f 1075/1193/1075 3750/1194/3750 1074/1191/1074
f 1074/1191/1074 1070/1183/1070 1035/1185/1035
f 1074/1191/1074 3750/1194/3750 1070/1183/1070
f 1076/1195/1076 1075/1193/1075 1077/1196/1077
f 1077/1196/1077 3751/907/3751 1076/1195/1076
f 3751/907/3751 1086/1197/1086 39/906/39
f 1076/1195/1076 445/905/445 1033/902/1033
f 1037/1170/1037 1080/1198/1080 1073/1187/1073
f 1036/1172/1036 1080/1198/1080 1037/1170/1037
f 1045/1199/1045 3753/1200/3753 1044/1201/1044
f 1044/1201/1044 1079/1176/1079 1043/1175/1043
f 1044/1201/1044 1080/1198/1080 1079/1176/1079
f 1080/1198/1080 1081/1202/1081 1073/1187/1073
f 1083/1203/1083 1039/1204/1039 1081/1202/1081
f 1081/1202/1081 1038/1190/1038 1073/1187/1073
f 1081/1202/1081 1039/1204/1039 1038/1190/1038
f 1083/1203/1083 1081/1202/1081 1045/1199/1045
f 1040/1192/1040 1082/1205/1082 1075/1193/1075
f 1039/1204/1039 1082/1205/1082 1040/1192/1040
f 1046/1206/1046 1082/1205/1082 1083/1203/1083
f 1085/1207/1085 1047/1208/1047 106/1209/106
f 1084/1210/1084 1047/1208/1047 1085/1207/1085
f 1082/1205/1082 1084/1210/1084 1075/1193/1075
f 1086/1197/1086 1084/1210/1084 1085/1207/1085
f 1084/1210/1084 1077/1196/1077 1075/1193/1075
f 1084/1210/1084 1086/1197/1086 1077/1196/1077
f 444/1211/444 1041/1212/1041 38/1213/38
f 1086/1197/1086 4013/1214/4013 39/906/39
f 1085/1207/1085 3755/1215/3755 1086/1197/1086
f 1087/1180/1087 1090/1216/1090 1042/1174/1042
f 1087/1180/1087 1042/1174/1042 439/874/439
f 1090/1216/1090 1087/1180/1087 1088/1178/1088
f 1042/1174/1042 1089/1217/1089 1043/1175/1043
f 1092/1218/1092 3756/1219/3756 1049/1220/1049
f 1049/1220/1049 1090/1216/1090 1088/1178/1088
f 1092/1218/1092 1049/1220/1049 1104/1221/1104
f 1089/1217/1089 1091/1222/1091 1043/1175/1043
f 1090/1216/1090 1091/1222/1091 1089/1217/1089
f 1091/1222/1091 1044/1201/1044 1043/1175/1043
f 3756/1219/3756 3757/1223/3757 1091/1222/1091
f 1094/1224/1094 3756/1219/3756 1092/1218/1092
f 1045/1199/1045 1093/1225/1093 1083/1203/1083
f 1044/1201/1044 1093/1225/1093 1045/1199/1045
f 1050/1226/1050 1094/1224/1094 1092/1218/1092
f 1050/1226/1050 1093/1225/1093 1094/1224/1094
f 1096/1227/1096 1051/1228/1051 1098/1229/1098
f 1095/1230/1095 1051/1228/1051 1096/1227/1096
f 1093/1225/1093 1095/1230/1095 1083/1203/1083
f 1096/1227/1096 3759/1231/3759 1095/1230/1095
f 1095/1230/1095 1046/1206/1046 1083/1203/1083
f 1095/1230/1095 1047/1208/1047 1046/1206/1046
f 3759/1231/3759 1096/1227/1096 1098/1229/1098
f 1047/1208/1047 1097/1232/1097 106/1209/106
f 1053/1233/1053 1098/1229/1098 1052/1234/1052
f 1097/1232/1097 1099/1235/1099 106/1209/106
f 1097/1232/1097 3760/1236/3760 1099/1235/1099
f 1099/1235/1099 3761/1237/3761 1041/1212/1041
f 1099/1235/1099 1041/1212/1041 106/1209/106
f 4014/1238/4014 1053/1233/1053 107/1239/107
f 3761/1237/3761 3760/1236/3760 1053/1233/1053
f 1041/1212/1041 1773/1240/1773 38/1213/38
f 1773/1240/1773 3761/1237/3761 4014/1238/4014
f 1100/869/1100 1048/1177/1048 866/868/866
f 3746/1241/3746 1048/1177/1048 1100/869/1100
f 1102/1242/1102 1055/1243/1055 108/1244/108
f 1102/1242/1102 3746/1241/3746 1055/1243/1055
f 1056/1245/1056 1102/1242/1102 108/1244/108
f 3763/1246/3763 3762/1247/3762 1102/1242/1102
f 1101/1179/1101 1103/1248/1103 1088/1178/1088
f 3762/1247/3762 1103/1248/1103 1101/1179/1101
f 1104/1221/1104 3764/1249/3764 1105/1250/1105
f 1103/1248/1103 1049/1220/1049 1088/1178/1088
f 1105/1250/1105 1057/1251/1057 109/1252/109
f 1105/1250/1105 1103/1248/1103 1057/1251/1057
f 1058/1253/1058 1105/1250/1105 109/1252/109
f 1107/1254/1107 1059/1255/1059 110/1256/110
f 1107/1254/1107 1058/1253/1058 1059/1255/1059
f 1104/1221/1104 1106/1257/1106 1092/1218/1092
f 1105/1250/1105 1106/1257/1106 1104/1221/1104
f 1106/1257/1106 1050/1226/1050 1092/1218/1092
f 3766/1258/3766 1051/1228/1051 1050/1226/1050
f 1109/1259/1109 1107/1254/1107 110/1256/110
f 3768/1260/3768 3766/1258/3766 1109/1259/1109
f 3766/1258/3766 1106/1257/1106 1107/1254/1107
f 1051/1228/1051 1108/1261/1108 1098/1229/1098
f 1109/1259/1109 3767/1262/3767 3768/1260/3768
f 1060/1263/1060 1109/1259/1109 110/1256/110
f 1061/1264/1061 1109/1259/1109 1060/1263/1060
f 1110/1265/1110 1122/1266/1122 111/1267/111
f 3767/1262/3767 1061/1264/1061 1122/1266/1122
f 1108/1261/1108 1052/1234/1052 1098/1229/1098
f 3768/1260/3768 3767/1262/3767 1052/1234/1052
f 1053/1233/1053 1111/1268/1111 107/1239/107
f 1112/861/1112 1054/1181/1054 863/860/863
f 1113/857/1113 1054/1181/1054 1112/861/1112
f 3770/1269/3770 1063/1270/1063 112/1271/112
f 3770/1269/3770 1113/857/1113 1063/1270/1063
f 1054/1181/1054 108/1244/108 1055/1243/1055
f 3771/1272/3771 3770/1269/3770 112/1271/112
f 3770/1269/3770 1114/1273/1114 108/1244/108
f 109/1252/109 1115/1274/1115 1117/1275/1117
f 1114/1273/1114 1056/1245/1056 108/1244/108
f 1115/1274/1115 1056/1245/1056 1114/1273/1114
f 1117/1275/1117 1115/1274/1115 1116/1276/1116
f 1056/1245/1056 109/1252/109 1057/1251/1057
f 1118/1277/1118 3772/1278/3772 1119/1279/1119
f 1065/1280/1065 1117/1275/1117 1116/1276/1116
f 3780/1281/3780 3772/1278/3772 1065/1280/1065
f 1119/1279/1119 1132/1282/1132 113/1283/113
f 1119/1279/1119 3780/1281/3780 1132/1282/1132
f 1117/1275/1117 1118/1277/1118 109/1252/109
f 1118/1277/1118 1058/1253/1058 109/1252/109
f 1119/1279/1119 1058/1253/1058 1118/1277/1118
f 1120/1284/1120 1119/1279/1119 113/1283/113
f 1059/1255/1059 1120/1284/1120 110/1256/110
f 110/1256/110 1067/1285/1067 1121/1286/1121
f 1066/1287/1066 1120/1284/1120 113/1283/113
f 1067/1288/1067 1120/1284/1120 1066/1287/1066
f 1121/1286/1121 1068/1289/1068 114/1290/114
f 1121/1286/1121 1067/1288/1067 1068/1289/1068
f 110/1256/110 1121/1286/1121 1060/1263/1060
f 1060/1263/1060 3774/1291/3774 1061/1264/1061
f 1124/1292/1124 1121/1286/1121 114/1290/114
f 1123/1293/1123 3774/1291/3774 1124/1292/1124
f 1125/1294/1125 3775/1295/3775 1136/1296/1136
f 1123/1293/1123 3775/1295/3775 1122/1266/1122
f 3775/1295/3775 1715/1297/1715 111/1267/111
f 1126/16/1126 1062/1298/1062 443/26/443
f 1063/1270/1063 1062/1298/1062 112/1271/112
f 1128/1299/1128 3777/1300/3777 1129/1301/1129
f 1127/18/1127 3777/1300/3777 3776/1302/3776
f 1129/1301/1129 3777/1300/3777 1387/1303/1387
f 3776/1302/3776 1128/1299/1128 112/1271/112
f 1064/1304/1064 3778/1305/3778 1130/1306/1130
f 1128/1299/1128 3771/1272/3771 112/1271/112
f 3778/1305/3778 1064/1304/1064 3771/1272/3771
f 1130/1306/1130 1128/1299/1128 1129/1301/1129
f 1064/1304/1064 1131/1307/1131 1116/1276/1116
f 1064/1304/1064 1130/1306/1130 1131/1307/1131
f 404/1308/404 1130/1306/1130 1129/1301/1129
f 1132/1282/1132 3780/1281/3780 1133/1309/1133
f 1131/1307/1131 1065/1280/1065 1116/1276/1116
f 3779/1310/3779 1065/1280/1065 1131/1307/1131
f 1133/1309/1133 403/1311/403 1390/1312/1390
f 1133/1309/1133 3779/1310/3779 403/1311/403
f 402/1313/402 1133/1309/1133 1390/1312/1390
f 1133/1309/1133 113/1283/113 1132/1282/1132
f 3782/1314/3782 1066/1287/1066 113/1283/113
f 1135/1315/1135 3782/1314/3782 401/1316/401
f 1068/1289/1068 1134/1317/1134 114/1290/114
f 1134/1317/1134 400/1318/400 399/1319/399
f 400/1318/400 1134/1317/1134 1135/1315/1135
f 1134/1317/1134 399/1319/399 114/1290/114
f 114/1290/114 3783/1320/3783 1136/1296/1136
f 114/1290/114 1136/1296/1136 1124/1292/1124
f 1138/1321/1138 399/1319/399 15/1322/15
f 1139/1323/1139 422/959/422 25/956/25
f 25/956/25 422/959/422 901/955/901
f 352/991/352 1139/1323/1139 434/992/434
f 355/960/355 1139/1323/1139 352/991/352
f 1142/1324/1142 424/950/424 26/942/26
f 423/948/423 3789/1325/3789 25/956/25
f 424/950/424 3784/1326/3784 423/948/423
f 425/944/425 1182/1327/1182 26/942/26
f 1151/1328/1151 426/928/426 28/930/28
f 1189/1329/1189 3786/1330/3786 1152/1331/1152
f 3786/1330/3786 1151/1328/1151 1152/1331/1152
f 3693/933/3693 1189/1329/1189 27/934/27
f 426/928/426 3786/1330/3786 3693/933/3693
f 1774/1332/1774 1151/1328/1151 28/930/28
f 1774/1332/1774 3787/1333/3787 1151/1328/1151
f 3789/1325/3789 1139/1323/1139 25/956/25
f 1181/1334/1181 1180/1335/1180 1144/1336/1144
f 1139/1323/1139 1180/1335/1180 434/992/434
f 3790/1337/3790 903/962/903 434/1338/434
f 1182/1327/1182 1142/1324/1142 26/942/26
f 1184/1339/1184 1182/1327/1182 1146/1340/1146
f 1143/1341/1143 1183/1342/1183 1144/1336/1144
f 1147/1343/1147 1183/1342/1183 1184/1339/1184
f 1185/1344/1185 1149/1345/1149 1186/1346/1186
f 1183/1342/1183 1185/1344/1185 1144/1336/1144
f 1183/1342/1183 3791/1347/3791 1185/1344/1185
f 1186/1346/1186 1140/1348/1140 1185/1344/1185
f 1185/1344/1185 1181/1334/1181 1144/1336/1144
f 1185/1344/1185 1140/1348/1140 1181/1334/1181
f 1187/1349/1187 1186/1346/1186 1188/1350/1188
f 1141/963/1141 1187/1349/1187 34/961/34
f 1140/1348/1140 1187/1349/1187 1141/963/1141
f 1187/1349/1187 433/965/433 34/961/34
f 1189/1329/1189 1191/1351/1191 1190/1352/1190
f 1191/1351/1191 1189/1329/1189 1152/1331/1152
f 1146/1340/1146 1190/1352/1190 1184/1339/1184
f 1154/1353/1154 3793/1354/3793 1153/1355/1153
f 1153/1355/1153 1191/1351/1191 1152/1331/1152
f 1192/1356/1192 1154/1353/1154 1193/1357/1193
f 1190/1352/1190 1192/1356/1192 1184/1339/1184
f 1191/1351/1191 3793/1354/3793 1190/1352/1190
f 1193/1357/1193 1148/1358/1148 1192/1356/1192
f 1192/1356/1192 1147/1343/1147 1184/1339/1184
f 1192/1356/1192 1148/1358/1148 1147/1343/1147
f 1194/1359/1194 1193/1357/1193 1195/1360/1195
f 1149/1345/1149 1194/1359/1194 1186/1346/1186
f 1148/1358/1148 1194/1359/1194 1149/1345/1149
f 1197/1361/1197 1155/1362/1155 115/1363/115
f 3795/1364/3795 1155/1362/1155 1197/1361/1197
f 1194/1359/1194 1196/1365/1196 1186/1346/1186
f 3794/1366/3794 3795/1364/3795 1196/1365/1196
f 1196/1365/1196 1188/1350/1188 1186/1346/1186
f 1196/1365/1196 3792/1367/3792 1188/1350/1188
f 1145/967/1145 1198/1368/1198 33/966/33
f 3792/1367/3792 1198/1368/1198 1145/967/1145
f 115/1363/115 1198/1368/1198 1197/1361/1197
f 432/972/432 1150/1369/1150 32/980/32
f 1198/1368/1198 432/972/432 33/966/33
f 1200/1370/1200 3788/1371/3788 1158/1372/1158
f 3798/1373/3798 3797/1374/3797 1200/1370/1200
f 3797/1374/3797 3787/1333/3787 3788/1371/3788
f 1151/1328/1151 1199/1375/1199 1152/1331/1152
f 1159/1376/1159 3798/1373/3798 1200/1370/1200
f 1199/1375/1199 1201/1377/1201 1152/1331/1152
f 3798/1373/3798 1201/1377/1201 1199/1375/1199
f 1201/1377/1201 1153/1355/1153 1152/1331/1152
f 1203/1378/1203 3799/1379/3799 1159/1376/1159
f 1154/1353/1154 1202/1380/1202 1193/1357/1193
f 1153/1355/1153 1202/1380/1202 1154/1353/1154
f 1161/1381/1161 3800/1382/3800 1160/1383/1160
f 1160/1383/1160 1202/1380/1202 1203/1378/1203
f 1205/1384/1205 1161/1381/1161 1207/1385/1207
f 1204/1386/1204 1161/1381/1161 1205/1384/1205
f 1202/1380/1202 1204/1386/1204 1193/1357/1193
f 1205/1384/1205 3801/1387/3801 1204/1386/1204
f 1204/1386/1204 1195/1360/1195 1193/1357/1193
f 1204/1386/1204 1155/1362/1155 1195/1360/1195
f 1206/1388/1206 1205/1384/1205 1207/1385/1207
f 1155/1362/1155 1206/1388/1206 115/1363/115
f 1207/1385/1207 3802/1389/3802 1206/1388/1206
f 3802/1389/3802 1207/1385/1207 1162/1390/1162
f 1209/1391/1209 1163/1392/1163 1211/1393/1211
f 1208/1394/1208 1163/1392/1163 1209/1391/1209
f 1206/1388/1206 1208/1394/1208 115/1363/115
f 1208/1394/1208 1150/1369/1150 115/1363/115
f 1210/1395/1210 1209/1391/1209 1211/1393/1211
f 1150/1369/1150 1210/1395/1210 32/980/32
f 1157/1396/1157 1211/1393/1211 1156/1397/1156
f 430/974/430 1157/1396/1157 31/975/31
f 1210/1395/1210 431/978/431 32/980/32
f 1740/1398/1740 3805/1399/3805 1739/1400/1739
f 1165/1401/1165 1213/1402/1213 3805/1399/3805
f 1213/1402/1213 1212/1403/1212 1719/1404/1719
f 1212/1403/1212 3804/1405/3804 1719/1404/1719
f 1719/1404/1719 1739/1400/1739 3805/1399/3805
f 1215/1406/1215 3806/1407/3806 1212/1403/1212
f 1212/1403/1212 1200/1370/1200 1158/1372/1158
f 1215/1406/1215 1212/1403/1212 1213/1402/1213
f 1159/1376/1159 1214/1408/1214 1203/1378/1203
f 1200/1370/1200 3806/1407/3806 1159/1376/1159
f 1214/1408/1214 3807/1409/3807 1217/1410/1217
f 1167/1411/1167 1215/1406/1215 1213/1402/1213
f 3807/1409/3807 1214/1408/1214 1215/1406/1215
f 1217/1410/1217 1227/1412/1227 116/1413/116
f 1217/1410/1217 1167/1411/1167 1227/1412/1227
f 1214/1408/1214 1216/1414/1216 1203/1378/1203
f 1214/1408/1214 1217/1410/1217 1216/1414/1216
f 1216/1414/1216 1160/1383/1160 1203/1378/1203
f 1219/1415/1219 1217/1410/1217 116/1413/116
f 1218/1416/1218 3808/1417/3808 1219/1415/1219
f 1161/1381/1161 1218/1416/1218 1207/1385/1207
f 1160/1383/1160 3808/1417/3808 1161/1381/1161
f 1219/1415/1219 3809/1418/3809 1218/1416/1218
f 1168/1419/1168 1219/1415/1219 116/1413/116
f 1169/1420/1169 1219/1415/1219 1168/1419/1168
f 1220/1421/1220 1169/1420/1169 117/1422/117
f 1218/1416/1218 1162/1390/1162 1207/1385/1207
f 1218/1416/1218 1220/1421/1220 1162/1390/1162
f 1222/1423/1222 1220/1421/1220 117/1422/117
f 1221/1424/1221 1220/1421/1220 1222/1423/1222
f 1163/1392/1163 1221/1424/1221 1211/1393/1211
f 3802/1389/3802 3810/1425/3810 1163/1392/1163
f 1222/1423/1222 3811/1426/3811 1221/1424/1221
f 1223/1427/1223 1170/1428/1170 118/1429/118
f 3812/1430/3812 3811/1426/3811 1223/1427/1223
f 1221/1424/1221 1156/1397/1156 1211/1393/1211
f 1221/1424/1221 3812/1430/3812 1156/1397/1156
f 1156/1397/1156 3812/1430/3812 1157/1396/1157
f 1224/1431/1224 1223/1427/1223 118/1429/118
f 3813/1432/3813 1223/1427/1223 1224/1431/1224
f 1157/1396/1157 429/985/429 31/975/31
f 1157/1396/1157 3813/1432/3813 429/985/429
f 428/981/428 1164/1433/1164 30/984/30
f 3814/1434/3814 3815/1435/3815 1165/1401/1165
f 1172/1436/1172 3816/1437/3816 3815/1435/3815
f 3816/1437/3816 1166/1438/1166 3815/1435/3815
f 3814/1434/3814 1165/1401/1165 1740/1398/1740
f 1173/1439/1173 3816/1437/3816 1172/1436/1172
f 1226/1440/1226 1241/1441/1241 119/1442/119
f 1226/1440/1226 1173/1439/1173 1241/1441/1241
f 1166/1438/1166 1225/1443/1225 1213/1402/1213
f 3816/1437/3816 1225/1443/1225 1166/1438/1166
f 1225/1443/1225 1167/1411/1167 1213/1402/1213
f 1226/1440/1226 1167/1411/1167 1225/1443/1225
f 1228/1444/1228 1226/1440/1226 119/1442/119
f 116/1413/116 1175/1445/1175 1229/1446/1229
f 1174/1447/1174 1228/1444/1228 119/1442/119
f 1175/1448/1175 1228/1444/1228 1174/1447/1174
f 1229/1446/1229 1176/1449/1176 120/1450/120
f 1229/1446/1229 1175/1448/1175 1176/1449/1176
f 1228/1444/1228 116/1413/116 1227/1412/1227
f 1168/1419/1168 3818/1451/3818 1169/1420/1169
f 1229/1446/1229 1168/1419/1168 116/1413/116
f 1231/1452/1231 1229/1446/1229 120/1450/120
f 1169/1420/1169 1230/1453/1230 117/1422/117
f 1169/1420/1169 1231/1452/1231 1230/1453/1230
f 1177/1454/1177 1231/1452/1231 120/1450/120
f 3825/1455/3825 1231/1452/1231 1177/1454/1177
f 1232/1456/1232 1178/1457/1178 1235/1458/1235
f 3819/1459/3819 3825/1455/3825 1178/1457/1178
f 1230/1453/1230 1232/1456/1232 117/1422/117
f 117/1422/117 1234/1460/1234 1170/1428/1170
f 117/1422/117 1170/1428/1170 1222/1423/1222
f 1234/1460/1234 1232/1456/1232 1235/1458/1235
f 1170/1428/1170 1233/1461/1233 118/1429/118
f 1170/1428/1170 1234/1460/1234 1233/1461/1233
f 1236/1462/1236 3820/1463/3820 121/1464/121
f 1233/1461/1233 1236/1462/1236 118/1429/118
f 118/1429/118 1236/1462/1236 1164/1433/1164
f 118/1429/118 1164/1433/1164 1224/1431/1224
f 1238/1465/1238 1236/1462/1236 121/1464/121
f 1237/987/1237 1236/1462/1236 1238/1465/1238
f 1164/1433/1164 427/989/427 30/984/30
f 1164/1433/1164 1237/987/1237 427/989/427
f 3821/1466/3821 1172/1436/1172 4469/1467/4469
f 1701/1468/1701 1239/1469/1239 1777/1470/1777
f 1701/1468/1701 4478/1471/4478 3288/1472/3288
f 1239/1469/1239 3821/1466/3821 1777/1470/1777
f 1241/1441/1241 1173/1439/1173 1242/1473/1242
f 1239/1469/1239 1173/1439/1173 1172/1436/1172
f 1242/1473/1242 1239/1469/1239 1240/1474/1240
f 119/1442/119 3822/1475/3822 1243/1476/1243
f 377/1477/377 1242/1473/1242 1240/1474/1240
f 1243/1476/1243 376/1478/376 1617/1479/1617
f 1243/1476/1243 377/1477/377 376/1478/376
f 1242/1473/1242 119/1442/119 1241/1441/1241
f 1243/1476/1243 1174/1447/1174 119/1442/119
f 1244/1480/1244 1243/1476/1243 1617/1479/1617
f 1176/1449/1176 3823/1481/3823 120/1450/120
f 375/1482/375 1244/1480/1244 1617/1479/1617
f 374/1483/374 1244/1480/1244 375/1482/375
f 1245/1484/1245 374/1483/374 1246/1485/1246
f 120/1450/120 1245/1484/1245 1177/1454/1177
f 3826/1486/3826 1245/1484/1245 1246/1485/1246
f 1178/1457/1178 1247/1487/1247 1235/1458/1235
f 1178/1457/1178 3826/1486/3826 1247/1487/1247
f 372/1488/372 3826/1486/3826 1246/1485/1246
f 372/1488/372 1246/1485/1246 373/1489/373
f 1248/1490/1248 372/1488/372 1250/1491/1250
f 1247/1487/1247 1179/1492/1179 1235/1458/1235
f 1248/1490/1248 1179/1492/1179 1247/1487/1247
f 1249/1493/1249 1248/1490/1248 1250/1491/1250
f 3820/1463/3820 1249/1493/1249 121/1464/121
f 1179/1492/1179 3827/1494/3827 3820/1463/3820
f 370/1495/370 1249/1493/1249 1250/1491/1250
f 370/1495/370 1250/1491/1250 371/1496/371
f 1249/1493/1249 3828/1497/3828 121/1464/121
f 121/1464/121 3828/1497/3828 1171/1498/1171
f 1171/1498/1171 3829/1499/3829 29/1134/29
f 369/1500/369 1251/1501/1251 7/1502/7
f 3993/1503/3993 1251/1501/1251 369/1500/369
f 2/10/2 3829/1499/3829 3993/1503/3993
f 3829/1499/3829 1011/23/1011 29/1134/29
f 3830/1504/3830 1252/1505/1252 1296/1506/1296
f 1252/1505/1252 1031/1166/1031 1030/1165/1030
f 1252/1505/1252 406/1167/406 1031/1166/1031
f 3638/688/3638 1296/1506/1296 791/695/791
f 3830/1504/3830 1296/1506/1296 3638/688/3638
f 16/1158/16 407/1162/407 1028/1159/1028
f 407/1162/407 3831/1507/3831 1030/1165/1030
f 1259/1508/1259 3832/1509/3832 1258/1510/1258
f 1258/1510/1258 408/1156/408 1024/1153/1024
f 408/1156/408 1298/1511/1298 16/1158/16
f 1264/1512/1264 1022/1148/1022 17/1149/17
f 1264/1512/1264 409/1152/409 1022/1148/1022
f 1305/1513/1305 1266/1514/1266 1306/1515/1306
f 409/1152/409 1305/1513/1305 1024/1153/1024
f 1272/1516/1272 410/1146/410 18/1144/18
f 1316/1517/1316 1272/1516/1272 1330/1518/1330
f 410/1146/410 1315/1519/1315 17/1149/17
f 1279/1520/1279 411/1143/411 19/1139/19
f 3836/1521/3836 1014/1137/1014 413/15/413
f 1014/1137/1014 19/1139/19 412/1138/412
f 1297/1522/1297 3837/1523/3837 1295/1524/1295
f 1295/1524/1295 1252/1505/1252 1030/1165/1030
f 3639/691/3639 1254/700/1254 421/692/421
f 3838/1525/3838 3639/691/3639 791/695/791
f 1300/1526/1300 1255/1527/1255 1298/1511/1298
f 1298/1511/1298 1255/1527/1255 16/1158/16
f 1300/1526/1300 1298/1511/1298 1259/1508/1259
f 1256/1528/1256 1299/1529/1299 1297/1522/1297
f 1255/1527/1255 1299/1529/1299 1256/1528/1256
f 1260/1530/1260 1299/1529/1299 1300/1526/1300
f 1301/1531/1301 1262/1532/1262 1302/1533/1302
f 1299/1529/1299 1301/1531/1301 1297/1522/1297
f 1302/1533/1302 1253/1534/1253 1301/1531/1301
f 1301/1531/1301 1253/1534/1253 1297/1522/1297
f 1303/1535/1303 1302/1533/1302 1304/1536/1304
f 1253/1534/1253 1303/1535/1303 1254/700/1254
f 420/697/420 1257/1537/1257 24/698/24
f 1303/1535/1303 420/697/420 1254/700/1254
f 1306/1515/1306 3841/1538/3841 1305/1513/1305
f 1305/1513/1305 1258/1510/1258 1024/1153/1024
f 1259/1508/1259 1307/1539/1307 1300/1526/1300
f 1258/1510/1258 1307/1539/1307 1259/1508/1259
f 1268/1540/1268 3842/1541/3842 1267/1542/1267
f 1267/1542/1267 1306/1515/1306 1266/1514/1266
f 1267/1542/1267 3841/1538/3841 1306/1515/1306
f 1308/1543/1308 1268/1540/1268 1309/1544/1309
f 1307/1539/1307 1308/1543/1308 1300/1526/1300
f 3841/1538/3841 3842/1541/3842 1307/1539/1307
f 1309/1544/1309 1261/1545/1261 1308/1543/1308
f 1308/1543/1308 1260/1530/1260 1300/1526/1300
f 1308/1543/1308 1261/1545/1261 1260/1530/1260
f 1310/1546/1310 1309/1544/1309 1311/1547/1311
f 1262/1532/1262 1310/1546/1310 1302/1533/1302
f 1261/1545/1261 1310/1546/1310 1262/1532/1262
f 1313/1548/1313 1269/1549/1269 122/1550/122
f 3844/1551/3844 1269/1549/1269 1313/1548/1313
f 1310/1546/1310 1312/1552/1312 1302/1533/1302
f 3843/1553/3843 3844/1551/3844 1312/1552/1312
f 1312/1552/1312 1304/1536/1304 1302/1533/1302
f 1312/1552/1312 1257/1537/1257 1304/1536/1304
f 1257/1537/1257 1314/1554/1314 24/698/24
f 122/1550/122 1314/1554/1314 1313/1548/1313
f 1314/1554/1314 419/702/419 24/698/24
f 1318/1555/1318 1317/1556/1317 1315/1519/1315
f 1315/1519/1315 1264/1512/1264 17/1149/17
f 1318/1555/1318 1315/1519/1315 1316/1517/1316
f 1265/1557/1265 1317/1556/1317 1266/1514/1266
f 1320/1558/1320 3846/1559/3846 1273/1560/1273
f 1273/1560/1273 1318/1555/1318 1316/1517/1316
f 1273/1560/1273 1317/1556/1317 1318/1555/1318
f 1320/1558/1320 1273/1560/1273 1333/1561/1333
f 1317/1556/1317 1319/1562/1319 1266/1514/1266
f 1319/1562/1319 1267/1542/1267 1266/1514/1266
f 3846/1559/3846 3847/1563/3847 1319/1562/1319
f 1322/1564/1322 3846/1559/3846 1320/1558/1320
f 1268/1540/1268 1321/1565/1321 1309/1544/1309
f 1267/1542/1267 1321/1565/1321 1268/1540/1268
f 1275/1566/1275 3848/1567/3848 1274/1568/1274
f 1274/1568/1274 1322/1564/1322 1320/1558/1320
f 1274/1568/1274 1321/1565/1321 1322/1564/1322
f 1324/1569/1324 1275/1566/1275 1326/1570/1326
f 1323/1571/1323 1275/1566/1275 1324/1569/1324
f 1321/1565/1321 1323/1571/1323 1309/1544/1309
f 1324/1569/1324 3849/1572/3849 1323/1571/1323
f 1323/1571/1323 1311/1547/1311 1309/1544/1309
f 1323/1571/1323 1269/1549/1269 1311/1547/1311
f 1325/1573/1325 1324/1569/1324 1326/1570/1326
f 1269/1549/1269 1325/1573/1325 122/1550/122
f 1326/1570/1326 3850/1574/3850 1325/1573/1325
f 3850/1574/3850 1326/1570/1326 1276/1575/1276
f 1328/1576/1328 1277/1577/1277 1329/1578/1329
f 1327/1579/1327 1277/1577/1277 1328/1576/1328
f 1325/1573/1325 1327/1579/1327 122/1550/122
f 1263/1580/1263 1327/1579/1327 1328/1576/1328
f 1327/1579/1327 1263/1580/1263 122/1550/122
f 1263/1580/1263 418/712/418 23/703/23
f 1263/1580/1263 1328/1576/1328 418/712/418
f 1271/1581/1271 1329/1578/1329 1270/1582/1270
f 417/708/417 1271/1581/1271 22/709/22
f 3835/1583/3835 1272/1516/1272 18/1144/18
f 1331/1584/1331 1280/1585/1280 123/1586/123
f 1331/1584/1331 3835/1583/3835 1280/1585/1280
f 1281/1587/1281 1331/1584/1331 123/1586/123
f 3853/1588/3853 3852/1589/3852 1331/1584/1331
f 1330/1518/1330 1332/1590/1332 1316/1517/1316
f 3852/1589/3852 1332/1590/1332 1330/1518/1330
f 1333/1561/1333 3854/1591/3854 1334/1592/1334
f 1332/1590/1332 1273/1560/1273 1316/1517/1316
f 1334/1592/1334 1282/1593/1282 124/1594/124
f 1334/1592/1334 1332/1590/1332 1282/1593/1282
f 1335/1595/1335 3855/1596/3855 1336/1597/1336
f 1283/1598/1283 1334/1592/1334 124/1594/124
f 1336/1597/1336 1352/1599/1352 125/1600/125
f 1336/1597/1336 1283/1598/1283 1352/1599/1352
f 1333/1561/1333 1335/1595/1335 1320/1558/1320
f 1334/1592/1334 1335/1595/1335 1333/1561/1333
f 1335/1595/1335 1274/1568/1274 1320/1558/1320
f 1336/1597/1336 3856/1601/3856 1335/1595/1335
f 1338/1602/1338 1336/1597/1336 125/1600/125
f 1275/1566/1275 1337/1603/1337 1326/1570/1326
f 1274/1568/1274 3856/1601/3856 1275/1566/1275
f 3856/1601/3856 1338/1602/1338 1337/1603/1337
f 1284/1604/1284 1338/1602/1338 125/1600/125
f 1285/1605/1285 1338/1602/1338 1284/1604/1284
f 1339/1606/1339 1285/1605/1285 126/1607/126
f 1337/1603/1337 1276/1575/1276 1326/1570/1326
f 1337/1603/1337 1339/1606/1339 1276/1575/1276
f 1341/1608/1341 1339/1606/1339 126/1607/126
f 1340/1609/1340 1339/1606/1339 1341/1608/1341
f 1277/1577/1277 1340/1609/1340 1329/1578/1329
f 3850/1574/3850 3858/1610/3858 1277/1577/1277
f 1341/1608/1341 3859/1611/3859 1340/1609/1340
f 1342/1612/1342 1286/1613/1286 127/1614/127
f 3860/1615/3860 3859/1611/3859 1342/1612/1342
f 1340/1609/1340 1270/1582/1270 1329/1578/1329
f 1340/1609/1340 3860/1615/3860 1270/1582/1270
f 1270/1582/1270 3860/1615/3860 1271/1581/1271
f 1343/1616/1343 1342/1612/1342 127/1614/127
f 3861/1617/3861 1342/1612/1342 1343/1616/1343
f 1271/1581/1271 416/718/416 22/709/22
f 1271/1581/1271 3861/1617/3861 416/718/416
f 415/714/415 1278/1618/1278 21/717/21
f 123/1586/123 1344/1619/1344 1345/1620/1345
f 1344/1619/1344 1279/1520/1279 19/1139/19
f 1345/1620/1345 1288/1621/1288 128/1622/128
f 1345/1620/1345 1344/1619/1344 1288/1621/1288
f 1279/1520/1279 123/1586/123 1280/1585/1280
f 1345/1620/1345 1346/1623/1346 123/1586/123
f 124/1594/124 1347/1624/1347 1349/1625/1349
f 1346/1623/1346 1281/1587/1281 123/1586/123
f 1347/1626/1347 1281/1587/1281 1346/1623/1346
f 1349/1625/1349 1347/1626/1347 1348/1627/1348
f 1281/1587/1281 124/1594/124 1282/1593/1282
f 1350/1628/1350 3863/1629/3863 1351/1630/1351
f 1290/1631/1290 1349/1625/1349 1348/1627/1348
f 3873/1632/3873 3863/1629/3863 1290/1631/1290
f 1351/1630/1351 1371/1633/1371 129/1634/129
f 1351/1630/1351 3873/1632/3873 1371/1633/1371
f 1349/1625/1349 1350/1628/1350 124/1594/124
f 1350/1628/1350 1283/1598/1283 124/1594/124
f 1351/1630/1351 1283/1598/1283 1350/1628/1350
f 1353/1635/1353 1351/1630/1351 129/1634/129
f 1291/1636/1291 1353/1635/1353 129/1634/129
f 1292/1637/1292 1353/1635/1353 1291/1636/1291
f 1354/1638/1354 1292/1637/1292 130/1639/130
f 1353/1635/1353 125/1600/125 1352/1599/1352
f 1284/1604/1284 3866/1640/3866 1285/1605/1285
f 3865/1641/3865 1284/1604/1284 125/1600/125
f 1356/1642/1356 1354/1638/1354 130/1639/130
f 3866/1640/3866 3865/1641/3865 1354/1638/1354
f 1285/1605/1285 1355/1643/1355 126/1607/126
f 1285/1605/1285 1356/1642/1356 1355/1643/1355
f 1293/1644/1293 1356/1642/1356 130/1639/130
f 3876/1645/3876 1356/1642/1356 1293/1644/1293
f 1357/1646/1357 1294/1647/1294 131/1648/131
f 3867/1649/3867 3876/1645/3876 1294/1647/1294
f 1355/1643/1355 1357/1646/1357 126/1607/126
f 126/1607/126 1359/1650/1359 1286/1613/1286
f 126/1607/126 1286/1613/1286 1341/1608/1341
f 1360/1651/1360 1357/1646/1357 131/1648/131
f 1359/1650/1359 1357/1646/1357 1360/1651/1360
f 1286/1613/1286 1358/1652/1358 127/1614/127
f 1286/1613/1286 1359/1650/1359 1358/1652/1358
f 3878/1653/3878 1360/1651/1360 131/1648/131
f 1361/1654/1361 3878/1653/3878 1363/1655/1363
f 1358/1652/1358 1361/1654/1361 127/1614/127
f 127/1614/127 1362/1656/1362 1278/1618/1278
f 127/1614/127 1278/1618/1278 1343/1616/1343
f 1362/1657/1362 1361/1654/1361 1363/1655/1363
f 1278/1618/1278 414/720/414 21/717/21
f 1278/1618/1278 1362/1657/1362 414/720/414
f 841/719/841 3869/1658/3869 20/856/20
f 1383/1659/1383 3869/1658/3869 3879/1660/3879
f 1365/1661/1365 1287/1662/1287 1366/13/1366
f 1364/12/1364 1287/1662/1287 413/15/413
f 3475/11/3475 1287/1662/1287 1364/12/1364
f 1288/1621/1288 1365/1661/1365 128/1622/128
f 1288/1621/1288 1287/1662/1287 1365/1661/1365
f 1367/1663/1367 3870/1664/3870 1368/1665/1368
f 1366/13/1366 3870/1664/3870 1365/1661/1365
f 1368/1665/1368 3870/1664/3870 1573/1666/1573
f 1365/1661/1365 1367/1663/1367 128/1622/128
f 1289/1667/1289 3871/1668/3871 1369/1669/1369
f 3871/1668/3871 1289/1667/1289 128/1622/128
f 1369/1669/1369 1367/1663/1367 1368/1665/1368
f 1289/1667/1289 1370/1670/1370 1348/1627/1348
f 1289/1667/1289 1369/1669/1369 1370/1670/1370
f 3872/1671/3872 384/1672/384 11/1673/11
f 384/1672/384 1369/1669/1369 1368/1665/1368
f 1371/1633/1371 3873/1632/3873 1372/1674/1372
f 1370/1670/1370 1290/1631/1290 1348/1627/1348
f 3872/1671/3872 1290/1631/1290 1370/1670/1370
f 1372/1674/1372 3872/1671/3872 11/1673/11
f 383/1675/383 1372/1674/1372 11/1673/11
f 1373/1676/1373 383/1675/383 10/1677/10
f 1372/1674/1372 129/1634/129 1371/1633/1371
f 1374/1678/1374 1292/1637/1292 1373/1676/1373
f 1373/1676/1373 1291/1636/1291 129/1634/129
f 1374/1678/1374 1373/1676/1373 10/1677/10
f 1292/1637/1292 1374/1678/1374 130/1639/130
f 382/1679/382 1374/1678/1374 10/1677/10
f 1375/1680/1375 381/1681/381 9/1682/9
f 130/1639/130 1375/1680/1375 1293/1644/1293
f 1376/1683/1376 1375/1680/1375 9/1682/9
f 3877/1684/3877 1375/1680/1375 1376/1683/1376
f 1294/1647/1294 1377/1685/1377 131/1648/131
f 1294/1647/1294 3877/1684/3877 1377/1685/1377
f 1378/1686/1378 380/1687/380 1380/1688/1380
f 1378/1686/1378 131/1648/131 1377/1685/1377
f 1379/1689/1379 1378/1686/1378 1380/1688/1380
f 3878/1653/3878 1381/1690/1381 1363/1655/1363
f 3878/1653/3878 1379/1689/1379 1381/1690/1381
f 1379/1689/1379 1380/1688/1380 379/1691/379
f 1381/1690/1381 1382/1692/1382 1363/1655/1363
f 1384/1693/1384 1382/1692/1382 8/1694/8
f 378/1695/378 1384/1693/1384 8/1694/8
f 3/20/3 1384/1693/1384 378/1695/378
f 1383/1659/1383 860/24/860 20/856/20
f 1385/21/1385 349/1696/349 348/1697/348
f 349/1696/349 350/17/350 3/20/3
f 396/1698/396 3880/1699/3880 397/1700/397
f 1392/1701/1392 3881/1702/3881 1391/1703/1391
f 1391/1703/1391 3881/1702/3881 1483/1704/1483
f 394/1705/394 1424/1706/1424 1480/1707/1480
f 1431/1708/1431 1398/1709/1398 1432/1710/1432
f 393/1711/393 1431/1708/1431 1483/1704/1483
f 1404/1712/1404 390/1713/390 14/1714/14
f 1441/1715/1441 1404/1712/1404 1457/1716/1457
f 389/1717/389 3884/1718/3884 14/1714/14
f 1409/1719/1409 389/1717/389 13/1720/13
f 1472/1721/1472 1420/1722/1420 1474/1723/1474
f 387/1724/387 13/1720/13 388/1725/388
f 3885/1726/3885 348/1697/348 397/1700/397
f 3885/1726/3885 1385/21/1385 348/1697/348
f 1423/1727/1423 1422/1728/1422 1389/1729/1389
f 1385/21/1385 1422/1728/1422 405/22/405
f 3886/1730/3886 3777/1300/3777 405/1731/405
f 1426/1732/1426 1388/1733/1388 1424/1706/1424
f 1424/1706/1424 395/1734/395 1480/1707/1480
f 1424/1706/1424 1388/1733/1388 395/1734/395
f 1426/1732/1426 1424/1706/1424 1392/1701/1392
f 1388/1733/1388 1425/1735/1425 1389/1729/1389
f 1393/1736/1393 1425/1735/1425 1426/1732/1426
f 1427/1737/1427 1395/1738/1395 1428/1739/1428
f 1425/1735/1425 1427/1737/1427 1389/1729/1389
f 1428/1739/1428 1386/1740/1386 1427/1737/1427
f 1427/1737/1427 1423/1727/1423 1389/1729/1389
f 1427/1737/1427 1386/1741/1386 1423/1727/1423
f 1429/1742/1429 1428/1739/1428 1430/1743/1430
f 1387/1303/1387 1429/1742/1429 1129/1301/1129
f 1386/1741/1386 1429/1742/1429 1387/1303/1387
f 404/1308/404 3888/1744/3888 1390/1312/1390
f 404/1308/404 1390/1312/1390 403/1311/403
f 1429/1742/1429 404/1308/404 1129/1301/1129
f 1432/1710/1432 3889/1745/3889 1431/1708/1431
f 1431/1708/1431 1391/1703/1391 1483/1704/1483
f 1392/1701/1392 1433/1746/1433 1426/1732/1426
f 1391/1703/1391 1433/1746/1433 1392/1701/1392
f 1400/1747/1400 3890/1748/3890 1399/1749/1399
f 1399/1749/1399 1432/1710/1432 1398/1709/1398
f 1399/1749/1399 3889/1745/3889 1432/1710/1432
f 1433/1746/1433 1434/1750/1434 1426/1732/1426
f 3889/1745/3889 3890/1748/3890 1433/1746/1433
f 1436/1751/1436 1394/1752/1394 1434/1750/1434
f 1434/1750/1434 1393/1736/1393 1426/1732/1426
f 1434/1750/1434 1394/1752/1394 1393/1736/1393
f 1436/1751/1436 1434/1750/1434 1400/1747/1400
f 1395/1738/1395 1435/1753/1435 1428/1739/1428
f 1394/1752/1394 1435/1753/1435 1395/1738/1395
f 1401/1754/1401 1435/1753/1435 1436/1751/1436
f 1438/1755/1438 1402/1756/1402 132/1757/132
f 3892/1758/3892 1402/1756/1402 1438/1755/1438
f 1435/1753/1435 1437/1759/1437 1428/1739/1428
f 3891/1760/3891 3892/1758/3892 1437/1759/1437
f 1437/1759/1437 1430/1743/1430 1428/1739/1428
f 1437/1759/1437 3888/1744/3888 1430/1743/1430
f 3888/1744/3888 1439/1761/1439 1390/1312/1390
f 132/1757/132 1439/1761/1439 1438/1755/1438
f 401/1316/401 1396/1762/1396 1135/1315/1135
f 402/1313/402 1396/1762/1396 401/1316/401
f 1439/1761/1439 402/1313/402 1390/1312/1390
f 1440/1763/1440 1442/1764/1442 1397/1765/1397
f 1443/1766/1443 1442/1764/1442 1440/1763/1440
f 1440/1763/1440 392/1767/392 391/1768/391
f 1440/1763/1440 1397/1765/1397 392/1767/392
f 1443/1766/1443 1440/1763/1440 1441/1715/1441
f 1397/1765/1397 1442/1764/1442 1398/1709/1398
f 1445/1769/1445 3894/1770/3894 1405/1771/1405
f 1405/1771/1405 1443/1766/1443 1441/1715/1441
f 1405/1771/1405 1442/1764/1442 1443/1766/1443
f 1445/1769/1445 1405/1771/1405 1461/1772/1461
f 1442/1764/1442 1444/1773/1444 1398/1709/1398
f 1444/1773/1444 1399/1749/1399 1398/1709/1398
f 3894/1770/3894 3895/1774/3895 1444/1773/1444
f 1447/1775/1447 3894/1770/3894 1445/1769/1445
f 1400/1747/1400 1446/1776/1446 1436/1751/1436
f 1399/1749/1399 1446/1776/1446 1400/1747/1400
f 1406/1777/1406 1447/1775/1447 1445/1769/1445
f 3897/1778/3897 1446/1776/1446 1447/1775/1447
f 1448/1779/1448 3896/1780/3896 1449/1781/1449
f 3896/1780/3896 3897/1778/3897 1407/1782/1407
f 1446/1776/1446 1448/1779/1448 1436/1751/1436
f 1449/1781/1449 3898/1783/3898 1448/1779/1448
f 1448/1779/1448 1401/1754/1401 1436/1751/1436
f 1448/1779/1448 1402/1756/1402 1401/1754/1401
f 1450/1784/1450 1449/1781/1449 1451/1785/1451
f 1402/1756/1402 1450/1784/1450 132/1757/132
f 1451/1785/1451 1453/1786/1453 1450/1784/1450
f 1454/1787/1454 1408/1788/1408 133/1789/133
f 1453/1786/1453 1408/1788/1408 1454/1787/1454
f 1450/1784/1450 1452/1790/1452 132/1757/132
f 1450/1784/1450 1453/1786/1453 1452/1790/1452
f 1452/1790/1452 3899/1791/3899 132/1757/132
f 1456/1792/1456 1454/1787/1454 133/1789/133
f 1455/1793/1455 1454/1787/1454 1456/1792/1456
f 1396/1762/1396 1455/1793/1455 1135/1315/1135
f 1456/1792/1456 3900/1794/3900 1455/1793/1455
f 3900/1794/3900 1456/1792/1456 133/1789/133
f 399/1319/399 1403/1795/1403 15/1322/15
f 400/1318/400 3900/1794/3900 399/1319/399
f 1455/1793/1455 400/1318/400 1135/1315/1135
f 3884/1718/3884 1404/1712/1404 14/1714/14
f 3901/1796/3901 1410/1797/1410 134/1798/134
f 3901/1796/3901 3884/1718/3884 1410/1797/1410
f 1460/1799/1460 1459/1800/1459 1411/1801/1411
f 1411/1801/1411 3901/1796/3901 134/1798/134
f 1460/1799/1460 1411/1801/1411 1412/1802/1412
f 1457/1716/1457 1459/1800/1459 1441/1715/1441
f 1458/1803/1458 1459/1800/1459 1457/1716/1457
f 1461/1772/1461 3902/1804/3902 1462/1805/1462
f 1459/1800/1459 1405/1771/1405 1441/1715/1441
f 1462/1805/1462 1460/1799/1460 1412/1802/1412
f 1462/1805/1462 1459/1800/1459 1460/1799/1460
f 1413/1806/1413 1462/1805/1462 1412/1802/1412
f 3904/1807/3904 3903/1808/3903 1464/1809/1464
f 1461/1772/1461 1463/1810/1463 1445/1769/1445
f 1462/1805/1462 1463/1810/1463 1461/1772/1461
f 1407/1782/1407 3904/1807/3904 1465/1811/1465
f 1463/1810/1463 1406/1777/1406 1445/1769/1445
f 3904/1807/3904 1406/1777/1406 1463/1810/1463
f 1407/1782/1407 1466/1812/1466 1449/1781/1449
f 1407/1782/1407 1465/1811/1465 1466/1812/1466
f 1415/1813/1415 1465/1811/1465 1464/1809/1464
f 1416/1814/1416 1465/1811/1465 1415/1813/1415
f 3905/1815/3905 1416/1814/1416 1467/1816/1467
f 1466/1812/1466 1451/1785/1451 1449/1781/1449
f 3905/1815/3905 3906/1817/3906 1466/1812/1466
f 3906/1817/3906 1408/1788/1408 1451/1785/1451
f 1467/1816/1467 3906/1817/3906 3905/1815/3905
f 1408/1788/1408 1469/1818/1469 133/1789/133
f 3906/1817/3906 1468/1819/1468 1469/1818/1469
f 3907/1820/3907 1468/1819/1468 1417/1821/1417
f 1417/1821/1417 1468/1819/1468 1467/1816/1467
f 135/1822/135 3907/1820/3907 1419/1823/1419
f 1419/1823/1419 3907/1820/3907 1418/1824/1418
f 1403/1795/1403 1470/1825/1470 1471/1826/1471
f 1470/1825/1470 133/1789/133 1469/1818/1469
f 1471/1826/1471 1470/1825/1470 135/1822/135
f 1403/1795/1403 1471/1826/1471 15/1322/15
f 1472/1721/1472 1409/1719/1409 13/1720/13
f 1473/1827/1473 1472/1721/1472 1474/1723/1474
f 1410/1797/1410 1473/1827/1473 134/1798/134
f 1409/1719/1409 1473/1827/1473 1410/1797/1410
f 3908/1828/3908 1421/1829/1421 1475/1830/1475
f 3908/1828/3908 1411/1801/1411 134/1798/134
f 1475/1830/1475 3909/1831/3909 3908/1828/3908
f 1412/1802/1412 3909/1831/3909 1476/1832/1476
f 348/1833/348 1478/1834/1478 397/1835/397
f 349/1836/349 1478/1834/1478 348/1833/348
f 1379/1689/1379 3910/1837/3910 8/1838/8
f 3911/1839/3911 380/1687/380 9/1682/9
f 9/1682/9 380/1687/380 1376/1683/1376
f 380/1687/380 1523/1840/1523 1380/1688/1380
f 1489/1841/1489 382/1679/382 10/1677/10
f 1489/1841/1489 381/1681/381 382/1679/382
f 1529/1842/1529 1490/1843/1490 1530/1844/1530
f 381/1681/381 1529/1842/1529 9/1682/9
f 1496/1845/1496 383/1675/383 11/1673/11
f 1540/1846/1540 1496/1845/1496 1556/1847/1556
f 1502/1848/1502 384/1672/384 1368/1665/1368
f 384/1672/384 1555/1849/1555 11/1673/11
f 3915/1850/3915 3870/1664/3870 1366/13/1366
f 1522/1851/1522 1521/1852/1521 1520/1853/1520
f 1520/1853/1520 378/1695/378 8/1694/8
f 1520/1853/1520 1478/1834/1478 378/1695/378
f 1478/1834/1478 1521/1852/1521 397/1835/397
f 396/1854/396 1479/1855/1479 1480/1856/1480
f 1479/1855/1479 1521/1852/1521 1522/1851/1522
f 396/1854/396 1480/1856/1480 395/1857/395
f 1525/1858/1525 1481/1859/1481 1523/1840/1523
f 1523/1840/1523 379/1691/379 1380/1688/1380
f 1523/1840/1523 1481/1860/1481 379/1691/379
f 1525/1858/1525 1523/1840/1523 1484/1861/1484
f 1482/1862/1482 1524/1863/1524 1522/1851/1522
f 1481/1860/1481 1524/1863/1524 1482/1862/1482
f 1485/1864/1485 1524/1863/1524 1525/1858/1525
f 1524/1863/1524 3916/1865/3916 1522/1851/1522
f 3916/1865/3916 1479/1855/1479 1522/1851/1522
f 1526/1866/1526 3917/1867/3917 3916/1865/3916
f 1528/1868/1528 1526/1866/1526 1487/1869/1487
f 1527/1870/1527 1526/1866/1526 1528/1868/1528
f 1479/1855/1479 1527/1870/1527 1480/1856/1480
f 1527/1870/1527 394/1871/394 1480/1856/1480
f 1530/1844/1530 3919/1872/3919 1529/1842/1529
f 1529/1842/1529 3911/1839/3911 9/1682/9
f 1484/1861/1484 1531/1873/1531 1525/1858/1525
f 3911/1839/3911 1531/1873/1531 1484/1861/1484
f 1492/1874/1492 3920/1875/3920 1491/1876/1491
f 1491/1876/1491 1530/1844/1530 1490/1843/1490
f 1491/1876/1491 3919/1872/3919 1530/1844/1530
f 1532/1877/1532 1492/1874/1492 1533/1878/1533
f 1531/1873/1531 1532/1877/1532 1525/1858/1525
f 3919/1872/3919 3920/1875/3920 1531/1873/1531
f 1533/1878/1533 1486/1879/1486 1532/1877/1532
f 1532/1877/1532 1485/1864/1485 1525/1858/1525
f 1532/1877/1532 1486/1879/1486 1485/1864/1485
f 1534/1880/1534 1533/1878/1533 1535/1881/1535
f 1486/1879/1486 1534/1880/1534 1487/1869/1487
f 1537/1882/1537 1493/1883/1493 136/1884/136
f 3922/1885/3922 1493/1883/1493 1537/1882/1537
f 1534/1880/1534 1536/1886/1536 1487/1869/1487
f 3921/1887/3921 3922/1885/3922 1536/1886/1536
f 1536/1886/1536 1528/1868/1528 1487/1869/1487
f 1536/1886/1536 3918/1888/3918 1528/1868/1528
f 3918/1888/3918 1538/1889/1538 1483/1890/1483
f 136/1884/136 1538/1889/1538 1537/1882/1537
f 392/1891/392 1488/1892/1488 391/1893/391
f 393/1894/393 1488/1892/1488 392/1891/392
f 1538/1889/1538 393/1894/393 1483/1890/1483
f 1539/1895/1539 1541/1896/1541 1489/1841/1489
f 1542/1897/1542 1541/1896/1541 1539/1895/1539
f 1539/1895/1539 1489/1841/1489 10/1677/10
f 1542/1897/1542 1539/1895/1539 1540/1846/1540
f 1489/1841/1489 1541/1896/1541 1490/1843/1490
f 1497/1898/1497 1542/1897/1542 1540/1846/1540
f 1497/1898/1497 1541/1896/1541 1542/1897/1542
f 1544/1899/1544 3924/1900/3924 1560/1901/1560
f 1541/1896/1541 1543/1902/1543 1490/1843/1490
f 1543/1902/1543 1491/1876/1491 1490/1843/1490
f 1546/1903/1546 1543/1902/1543 1544/1899/1544
f 1492/1874/1492 1545/1904/1545 1533/1878/1533
f 1491/1876/1491 1545/1904/1545 1492/1874/1492
f 1498/1905/1498 1546/1903/1546 1544/1899/1544
f 1498/1905/1498 1545/1904/1545 1546/1903/1546
f 1548/1906/1548 1499/1907/1499 137/1908/137
f 1547/1909/1547 1499/1907/1499 1548/1906/1548
f 1545/1904/1545 1547/1909/1547 1533/1878/1533
f 1548/1906/1548 3927/1910/3927 1547/1909/1547
f 1547/1909/1547 1535/1881/1535 1533/1878/1533
f 1547/1909/1547 1493/1883/1493 1535/1881/1535
f 1493/1883/1493 1549/1911/1549 136/1884/136
f 3927/1910/3927 3928/1912/3928 1549/1911/1549
f 137/1908/137 3928/1912/3928 1548/1906/1548
f 1551/1913/1551 1500/1914/1500 1554/1915/1554
f 1550/1916/1550 1500/1914/1500 1551/1913/1551
f 1549/1911/1549 1550/1916/1550 136/1884/136
f 1550/1916/1550 1488/1892/1488 136/1884/136
f 1553/1917/1553 1551/1913/1551 1554/1915/1554
f 1488/1892/1488 1552/1918/1552 391/1893/391
f 1495/1919/1495 1554/1915/1554 1494/1920/1494
f 390/1921/390 1495/1919/1495 14/1922/14
f 1552/1918/1552 390/1921/390 391/1893/391
f 1555/1849/1555 1496/1845/1496 11/1673/11
f 1557/1923/1557 1503/1924/1503 138/1925/138
f 1557/1923/1557 1555/1849/1555 1503/1924/1503
f 1504/1926/1504 1557/1923/1557 138/1925/138
f 3931/1927/3931 3930/1928/3930 1557/1923/1557
f 1559/1929/1559 1504/1926/1504 1505/1930/1505
f 1556/1847/1556 1558/1931/1558 1540/1846/1540
f 3930/1928/3930 1558/1931/1558 1556/1847/1556
f 1560/1901/1560 3932/1932/3932 1561/1933/1561
f 1558/1931/1558 1497/1898/1497 1540/1846/1540
f 3932/1932/3932 3924/1900/3924 1497/1898/1497
f 1561/1933/1561 1559/1929/1559 1505/1930/1505
f 1561/1933/1561 1558/1931/1558 1559/1929/1559
f 1506/1934/1506 1561/1933/1561 1505/1930/1505
f 1563/1935/1563 1582/1936/1582 139/1937/139
f 1563/1935/1563 1506/1934/1506 1582/1936/1582
f 1560/1901/1560 1562/1938/1562 1544/1899/1544
f 1561/1933/1561 1562/1938/1562 1560/1901/1560
f 1562/1938/1562 1498/1905/1498 1544/1899/1544
f 3934/1939/3934 1499/1907/1499 1498/1905/1498
f 1565/1940/1565 1563/1935/1563 139/1937/139
f 3934/1939/3934 1562/1938/1562 1563/1935/1563
f 1499/1907/1499 1564/1941/1564 137/1908/137
f 3934/1939/3934 1565/1940/1565 1564/1941/1564
f 1507/1942/1507 1565/1940/1565 139/1937/139
f 1508/1943/1508 1565/1940/1565 1507/1942/1507
f 1567/1944/1567 1508/1943/1508 140/1945/140
f 1564/1941/1564 1566/1946/1566 137/1908/137
f 1564/1941/1564 1567/1944/1567 1566/1946/1566
f 1566/1946/1566 1500/1914/1500 137/1908/137
f 1569/1947/1569 1567/1944/1567 140/1945/140
f 1568/1948/1568 1567/1944/1567 1569/1947/1569
f 1500/1914/1500 1568/1948/1568 1554/1915/1554
f 1569/1947/1569 3937/1949/3937 1568/1948/1568
f 1570/1950/1570 1509/1951/1509 141/1952/141
f 3938/1953/3938 3937/1949/3937 1570/1950/1570
f 1568/1948/1568 1494/1920/1494 1554/1915/1554
f 1568/1948/1568 3938/1953/3938 1494/1920/1494
f 1494/1920/1494 3938/1953/3938 1495/1919/1495
f 1572/1954/1572 1570/1950/1570 141/1952/141
f 1571/1955/1571 1570/1950/1570 1572/1954/1572
f 1495/1919/1495 1571/1955/1571 14/1922/14
f 1572/1954/1572 3939/1956/3939 1571/1955/1571
f 389/1957/389 1501/1958/1501 13/1959/13
f 1571/1955/1571 389/1957/389 14/1922/14
f 138/1925/138 1574/1960/1574 1575/1961/1575
f 1573/1666/1573 1502/1848/1502 1368/1665/1368
f 1574/1960/1574 1502/1848/1502 1573/1666/1573
f 1575/1961/1575 1511/1962/1511 142/1963/142
f 1575/1961/1575 1574/1960/1574 1511/1962/1511
f 1502/1848/1502 138/1925/138 1503/1924/1503
f 1512/1964/1512 1575/1961/1575 142/1963/142
f 1578/1965/1578 1512/1964/1512 1513/1966/1513
f 1575/1961/1575 1576/1967/1576 138/1925/138
f 1505/1930/1505 1577/1968/1577 1579/1969/1579
f 1576/1967/1576 1504/1926/1504 138/1925/138
f 1577/1968/1577 1504/1926/1504 1576/1967/1576
f 1579/1969/1579 1578/1965/1578 1513/1966/1513
f 1579/1969/1579 1577/1968/1577 1578/1965/1578
f 1505/1930/1505 1579/1969/1579 1580/1970/1580
f 1580/1970/1580 3941/1971/3941 1581/1972/1581
f 1514/1973/1514 1579/1969/1579 1513/1966/1513
f 3951/1974/3951 3941/1971/3941 1514/1973/1514
f 1581/1972/1581 1599/1975/1599 143/1976/143
f 1581/1972/1581 3951/1974/3951 1599/1975/1599
f 1580/1970/1580 1506/1934/1506 1505/1930/1505
f 1581/1972/1581 1506/1934/1506 1580/1970/1580
f 1583/1977/1583 1581/1972/1581 143/1976/143
f 3943/1978/3943 3942/1979/3942 1583/1977/1583
f 139/1937/139 3943/1978/3943 1584/1980/1584
f 1515/1981/1515 1583/1977/1583 143/1976/143
f 1584/1980/1584 1516/1982/1516 144/1983/144
f 1584/1980/1584 1515/1981/1515 1516/1982/1516
f 3943/1978/3943 139/1937/139 1582/1936/1582
f 1507/1942/1507 3944/1984/3944 1508/1943/1508
f 1584/1980/1584 1507/1942/1507 139/1937/139
f 1586/1985/1586 1584/1980/1584 144/1983/144
f 1508/1943/1508 1585/1986/1585 140/1945/140
f 1508/1943/1508 1586/1985/1586 1585/1986/1585
f 1517/1987/1517 1586/1985/1586 144/1983/144
f 3954/1988/3954 1586/1985/1586 1517/1987/1517
f 1587/1989/1587 1518/1990/1518 145/1991/145
f 3945/1992/3945 3954/1988/3954 1518/1990/1518
f 1585/1986/1585 1587/1989/1587 140/1945/140
f 140/1945/140 1589/1993/1589 1509/1951/1509
f 140/1945/140 1509/1951/1509 1569/1947/1569
f 1590/1994/1590 1587/1989/1587 145/1991/145
f 1589/1995/1589 1587/1989/1587 1590/1994/1590
f 1509/1951/1509 1588/1996/1588 141/1952/141
f 1509/1951/1509 1589/1995/1589 1588/1996/1588
f 1519/1997/1519 1590/1994/1590 145/1991/145
f 1591/1998/1591 1519/1997/1519 1593/1999/1593
f 1591/1998/1591 3946/2000/3946 1519/1997/1519
f 1588/1996/1588 1591/1998/1591 141/1952/141
f 141/1952/141 1592/2001/1592 1501/1958/1501
f 141/1952/141 1501/1958/1501 1572/1954/1572
f 1592/2001/1592 1591/1998/1591 1593/1999/1593
f 1501/1958/1501 388/2002/388 13/1959/13
f 1501/1958/1501 1592/2001/1592 388/2002/388
f 1594/6/1594 1510/2003/1510 1366/13/1366
f 3948/2004/3948 346/8/346 368/2005/368
f 3948/2004/3948 1594/6/1594 346/8/346
f 1511/1962/1511 1510/2003/1510 142/1963/142
f 367/2006/367 3949/2007/3949 368/2005/368
f 1513/1966/1513 1595/2008/1595 1596/2009/1596
f 1595/2008/1595 1512/1964/1512 142/1963/142
f 1596/2009/1596 366/2010/366 1698/2011/1698
f 1596/2009/1596 1595/2008/1595 366/2010/366
f 1513/1966/1513 1596/2009/1596 1597/2012/1597
f 365/2013/365 1596/2009/1596 1698/2011/1698
f 1598/2014/1598 3991/2015/3991 1694/2016/1694
f 1599/1975/1599 3951/1974/3951 1600/2017/1600
f 1597/2012/1597 1514/1973/1514 1513/1966/1513
f 3950/2018/3950 1514/1973/1514 1597/2012/1597
f 1600/2017/1600 3950/2018/3950 1598/2014/1598
f 364/2019/364 1600/2017/1600 1598/2014/1598
f 1600/2017/1600 143/1976/143 1599/1975/1599
f 1516/1982/1516 1515/1981/1515 1602/2020/1602
f 1601/2021/1601 1515/1981/1515 143/1976/143
f 1602/2020/1602 1601/2021/1601 6/2022/6
f 1516/1982/1516 1602/2020/1602 144/1983/144
f 363/2023/363 1602/2020/1602 6/2022/6
f 362/2024/362 1602/2020/1602 363/2023/363
f 1603/2025/1603 362/2024/362 1604/2026/1604
f 144/1983/144 1603/2025/1603 1517/1987/1517
f 3955/2027/3955 1603/2025/1603 1604/2026/1604
f 1518/1990/1518 1605/2028/1605 145/1991/145
f 1518/1990/1518 3955/2027/3955 1605/2028/1605
f 3987/2029/3987 1604/2026/1604 1688/2030/1688
f 1606/2031/1606 361/2032/361 1685/2033/1685
f 145/1991/145 1607/2034/1607 1519/1997/1519
f 1606/2031/1606 145/1991/145 1605/2028/1605
f 1608/2035/1608 1606/2031/1606 1685/2033/1685
f 1607/2036/1607 1606/2031/1606 1608/2035/1608
f 1519/1997/1519 1609/2037/1609 1593/1999/1593
f 1519/1997/1519 1607/2036/1607 1609/2037/1609
f 5/2038/5 3956/2039/3956 3986/2040/3986
f 1609/2037/1609 1610/2041/1610 1593/1999/1593
f 1611/2042/1611 1610/2041/1610 5/2038/5
f 3958/2043/3958 1610/2041/1610 1611/2042/1611
f 3957/2044/3957 386/2045/386 12/2046/12
f 3957/2044/3957 3958/2043/3958 386/2045/386
f 146/2047/146 1639/2048/1639 169/2049/169
f 3959/2050/3959 1945/2051/1945 1944/2052/1944
f 1945/2051/1945 1615/2053/1615 168/2054/168
f 1639/2048/1639 1944/2052/1944 1943/2055/1943
f 1615/2053/1615 3959/2050/3959 1619/2056/1619
f 1618/2057/1618 1639/2048/1639 146/2047/146
f 1618/2057/1618 3959/2050/3959 1639/2048/1639
f 1619/2056/1619 3960/2058/3960 1615/2053/1615
f 1612/2059/1612 3960/2058/3960 1613/2060/1613
f 1614/2061/1614 1640/2062/1640 1240/1474/1240
f 1613/2060/1613 1640/2062/1640 1614/2061/1614
f 1616/2063/1616 377/1477/377 1640/2062/1640
f 376/1478/376 377/1477/377 1616/2063/1616
f 1616/2063/1616 1640/2062/1640 1641/2064/1641
f 376/1478/376 1616/2063/1616 1617/1479/1617
f 1640/2062/1640 377/1477/377 1240/1474/1240
f 1642/2065/1642 1726/2066/1726 170/2067/170
f 1642/2065/1642 1727/2068/1727 1726/2066/1726
f 146/2047/146 169/2049/169 3961/2069/3961
f 3961/2069/3961 169/2049/169 1728/2070/1728
f 146/2047/146 3962/2071/3962 1622/2072/1622
f 3969/2073/3969 3962/2071/3962 147/2074/147
f 3962/2071/3962 1727/2068/1727 1642/2065/1642
f 1643/2075/1643 1622/2072/1622 148/2076/148
f 146/2047/146 3963/2077/3963 1618/2057/1618
f 1619/2056/1619 1644/2078/1644 1641/2064/1641
f 1618/2057/1618 1644/2078/1644 1619/2056/1619
f 148/2076/148 3964/2079/3964 1643/2075/1643
f 1647/2080/1647 1623/2081/1623 1648/2082/1648
f 1646/2083/1646 1623/2081/1623 1647/2080/1647
f 1644/2078/1644 1645/2084/1645 1641/2064/1641
f 3964/2079/3964 1646/2083/1646 1645/2084/1645
f 1617/1479/1617 1646/2083/1646 1647/2080/1647
f 1645/2084/1645 1616/2063/1616 1641/2064/1641
f 1617/1479/1617 1647/2080/1647 375/1482/375
f 1621/2085/1621 1648/2082/1648 1620/2086/1620
f 374/1483/374 1621/2085/1621 1246/1485/1246
f 1650/2087/1650 1651/2088/1651 3966/2089/3966
f 1651/2088/1651 1642/2090/1642 3966/2089/3966
f 3966/2089/3966 170/2091/170 1730/2092/1730
f 173/2093/173 3966/2089/3966 1730/2092/1730
f 1628/2094/1628 3968/2095/3968 149/2096/149
f 1653/2097/1653 1669/2098/1669 150/2099/150
f 1653/2097/1653 1628/2094/1628 1669/2098/1669
f 1651/2088/1651 1652/2100/1652 147/2101/147
f 1656/2102/1656 3969/2073/3969 1652/2100/1652
f 1656/2102/1656 1653/2097/1653 150/2099/150
f 1656/2102/1656 1652/2100/1652 1653/2097/1653
f 1622/2072/1622 1654/2103/1654 148/2076/148
f 3969/2073/3969 1654/2103/1654 1622/2072/1622
f 1629/2104/1629 1656/2102/1656 150/2099/150
f 1630/2105/1630 1655/2106/1655 1629/2104/1629
f 1658/2107/1658 1630/2105/1630 151/2108/151
f 1654/2103/1654 1657/2109/1657 148/2076/148
f 1655/2106/1655 3970/2110/3970 1654/2103/1654
f 3970/2110/3970 1658/2107/1658 1657/2109/1657
f 1657/2109/1657 1623/2081/1623 148/2076/148
f 1660/2111/1660 1658/2107/1658 151/2108/151
f 1659/2112/1659 1658/2107/1658 1660/2111/1660
f 1623/2081/1623 1659/2112/1659 1648/2082/1648
f 1660/2111/1660 3972/2113/3972 1659/2112/1659
f 1631/2114/1631 1660/2111/1660 151/2108/151
f 1661/2115/1661 1631/2114/1631 152/2116/152
f 3973/2117/3973 3972/2113/3972 1661/2115/1661
f 1659/2112/1659 1620/2086/1620 1648/2082/1648
f 1659/2112/1659 3973/2117/3973 1620/2086/1620
f 1620/2086/1620 3973/2117/3973 1621/2085/1621
f 1662/2118/1662 1661/2115/1661 152/2116/152
f 3974/2119/3974 1661/2115/1661 1662/2118/1662
f 1621/2085/1621 373/1489/373 1246/1485/1246
f 1621/2085/1621 3974/2119/3974 373/1489/373
f 372/1488/372 1624/2120/1624 1250/1491/1250
f 172/2121/172 3975/2122/3975 1733/2123/1733
f 172/2121/172 1664/2124/1664 3975/2122/3975
f 3975/2122/3975 1663/2125/1663 3976/2126/3976
f 1734/2127/1734 1625/2128/1625 171/2129/171
f 1733/2123/1733 3976/2126/3976 1734/2127/1734
f 1664/2124/1664 3977/2130/3977 1663/2125/1663
f 1663/2125/1663 3977/2130/3977 1625/2131/1625
f 1625/2131/1625 3978/2132/3978 1626/2133/1626
f 1666/2134/1666 3977/2130/3977 1665/2135/1665
f 3978/2132/3978 149/2096/149 1627/2136/1627
f 3979/2137/3979 1668/2138/1668 1666/2134/1666
f 1634/2139/1634 1666/2134/1666 1665/2135/1665
f 1668/2138/1668 1689/2140/1689 153/2141/153
f 1668/2138/1668 3979/2137/3979 1689/2140/1689
f 1666/2134/1666 1667/2142/1667 149/2096/149
f 1667/2142/1667 1628/2094/1628 149/2096/149
f 1668/2138/1668 1628/2094/1628 1667/2142/1667
f 1670/2143/1670 1668/2138/1668 153/2141/153
f 1635/2144/1635 1670/2143/1670 153/2141/153
f 1636/2145/1636 1670/2143/1670 1635/2144/1635
f 1671/2146/1671 1636/2145/1636 154/2147/154
f 1670/2143/1670 150/2099/150 1669/2098/1669
f 1629/2104/1629 3982/2148/3982 1630/2105/1630
f 3981/2149/3981 1629/2104/1629 150/2099/150
f 1672/2150/1672 1671/2146/1671 154/2147/154
f 3982/2148/3982 3981/2149/3981 1671/2146/1671
f 1630/2105/1630 1673/2151/1673 151/2108/151
f 1630/2105/1630 1672/2150/1672 1673/2151/1673
f 1637/2152/1637 1672/2150/1672 154/2147/154
f 3990/2153/3990 1672/2150/1672 1637/2152/1637
f 1674/2154/1674 1638/2155/1638 155/2156/155
f 3983/2157/3983 3990/2153/3990 1638/2155/1638
f 151/2108/151 1676/2158/1676 1631/2114/1631
f 1674/2154/1674 151/2108/151 1673/2151/1673
f 1677/2159/1677 1674/2154/1674 155/2156/155
f 1676/2158/1676 1674/2154/1674 1677/2159/1677
f 1631/2114/1631 1675/2160/1675 152/2116/152
f 1631/2114/1631 1676/2158/1676 1675/2160/1675
f 3992/2161/3992 1677/2159/1677 155/2156/155
f 1678/2162/1678 3992/2161/3992 156/2163/156
f 1675/2160/1675 1678/2162/1678 152/2116/152
f 152/2116/152 1679/2164/1679 1624/2120/1624
f 152/2116/152 1624/2120/1624 1662/2118/1662
f 1680/2165/1680 1678/2162/1678 156/2163/156
f 1679/2166/1679 1678/2162/1678 1680/2165/1680
f 1624/2120/1624 371/1496/371 1250/1491/1250
f 1624/2120/1624 1679/2166/1679 371/1496/371
f 370/1495/370 3985/2167/3985 7/2168/7
f 1725/2169/1725 172/2170/172 4643/2171/4643
f 1681/1/1681 1683/2172/1683 1725/2169/1725
f 1725/2169/1725 1682/2173/1682 172/2170/172
f 1683/2172/1683 3986/2174/3986 1682/2173/1682
f 3986/2174/3986 1683/2172/1683 5/3/5
f 1685/2175/1685 3986/2174/3986 1608/2176/1608
f 1682/2173/1682 1684/2177/1684 1664/2124/1664
f 1684/2177/1684 1686/2178/1686 1633/2179/1633
f 1684/2177/1684 1633/2179/1633 1664/2124/1664
f 1686/2178/1686 1684/2177/1684 1685/2175/1685
f 1633/2179/1633 1687/2180/1687 1665/2135/1665
f 1633/2179/1633 1686/2178/1686 1687/2180/1687
f 1687/2180/1687 3987/2181/3987 1688/2182/1688
f 361/2183/361 1686/2178/1686 1685/2175/1685
f 1689/2140/1689 1634/2139/1634 1690/2184/1690
f 1687/2180/1687 1634/2139/1634 1665/2135/1665
f 1688/2182/1688 1634/2139/1634 1687/2180/1687
f 1690/2184/1690 1688/2182/1688 1604/2185/1604
f 362/2186/362 1690/2184/1690 1604/2185/1604
f 1691/2187/1691 363/2188/363 6/2189/6
f 1690/2184/1690 153/2141/153 1689/2140/1689
f 1691/2187/1691 1635/2144/1635 153/2141/153
f 1692/2190/1692 1691/2187/1691 6/2189/6
f 1636/2145/1636 1692/2190/1692 154/2147/154
f 364/2191/364 1692/2190/1692 6/2189/6
f 1693/2192/1693 364/2191/364 1598/2193/1598
f 154/2147/154 1693/2192/1693 1637/2152/1637
f 1694/2194/1694 1693/2192/1693 1598/2193/1598
f 1638/2155/1638 1695/2195/1695 155/2156/155
f 1638/2155/1638 1694/2194/1694 1695/2195/1695
f 1696/2196/1696 365/2197/365 1698/2198/1698
f 1696/2196/1696 155/2156/155 1695/2195/1695
f 1697/2199/1697 1696/2196/1696 1698/2198/1698
f 3992/2161/3992 1697/2199/1697 156/2163/156
f 367/2200/367 1697/2199/1697 1698/2198/1698
f 367/2200/367 1698/2198/1698 366/2201/366
f 1697/2199/1697 1699/2202/1699 156/2163/156
f 156/2163/156 1699/2202/1699 1632/2203/1632
f 1700/2204/1700 1699/2202/1699 368/2205/368
f 1632/2203/1632 369/1500/369 7/1502/7
f 1632/2203/1632 1700/2204/1700 369/1500/369
f 1700/2204/1700 3993/1503/3993 369/1500/369
f 346/2206/346 1700/2204/1700 368/2205/368
f 347/2207/347 1700/2204/1700 346/2206/346
f 3978/2132/3978 1627/2136/1627 3994/2208/3994
f 1627/2136/1627 1650/2087/1650 3994/2208/3994
f 1649/2209/1649 1729/2210/1729 3994/2208/3994
f 3994/2208/3994 4653/2211/4653 1626/2133/1626
f 1626/2133/1626 171/2212/171 1625/2131/1625
f 1737/2213/1737 3996/2214/3996 3995/2215/3995
f 4655/2216/4655 1475/2217/1475 3996/2214/3996
f 3996/2214/3996 1475/1830/1475 1421/1829/1421
f 3995/2215/3995 1421/1829/1421 1474/1723/1474
f 1731/2218/1731 1420/1722/1420 12/2219/12
f 3316/2220/3316 1731/2218/1731 1723/2221/1723
f 1722/2222/1722 1417/1821/1417 1467/1816/1467
f 3314/2223/3314 1417/1821/1417 1722/2224/1722
f 3003/2225/3003 1418/1824/1418 1417/1821/1417
f 3997/2226/3997 1942/2227/1942 3998/2228/3998
f 1942/2227/1942 3999/2229/3999 3998/2228/3998
f 1416/1814/1416 1722/2222/1722 1467/1816/1467
f 1415/1813/1415 3998/2228/3998 1416/1814/1416
f 1721/2230/1721 4000/2231/4000 1720/2232/1720
f 1720/2232/1720 1413/1806/1413 1412/1802/1412
f 1735/2233/1735 3313/2234/3313 4000/2231/4000
f 4000/2231/4000 1415/2235/1415 1414/2236/1414
f 1414/2236/1414 1415/2235/1415 1464/1809/1464
f 1720/2232/1720 1414/2236/1414 1413/1806/1413
f 3310/2237/3310 1477/2238/1477 1475/1830/1475
f 4659/2239/4659 4001/2240/4001 1477/2238/1477
f 1736/2241/1736 1721/2230/1721 4001/2240/4001
f 4001/2240/4001 1721/2230/1721 1720/2232/1720
f 1476/1832/1476 1720/2232/1720 1412/1802/1412
f 1715/1297/1715 4002/2242/4002 111/1267/111
f 1715/1297/1715 1741/2243/1741 4002/2242/4002
f 4002/2242/4002 1742/2244/1742 1718/2245/1718
f 1111/1268/1111 1718/2245/1718 107/1239/107
f 4002/2242/4002 1111/1268/1111 1110/1265/1110
f 1125/1294/1125 4003/2246/4003 1715/1297/1715
f 4003/2246/4003 1716/2247/1716 1715/1297/1715
f 1125/1294/1125 1717/2248/1717 4003/2246/4003
f 4003/2246/4003 1717/2248/1717 1738/2249/1738
f 4664/2250/4664 1718/2245/1718 1742/2244/1742
f 3304/2251/3304 107/1239/107 4664/2250/4664
f 898/952/898 894/921/894 167/918/167
f 892/947/892 167/918/167 4665/2252/4665
f 892/947/892 4665/2252/4665 2478/2253/2478
f 892/947/892 166/2254/166 891/938/891
f 883/2255/883 1747/2256/1747 887/908/887
f 1746/2257/1746 883/2255/883 39/906/39
f 883/2255/883 887/908/887 3687/904/3687
f 1713/2258/1713 880/2259/880 94/903/94
f 1748/2260/1748 880/2259/880 1713/2258/1713
f 880/2259/880 1714/2261/1714 3689/912/3689
f 1749/916/1749 4004/2262/4004 888/913/888
f 1749/916/1749 888/913/888 887/908/887
f 4667/2263/4667 1713/2258/1713 4004/2262/4004
f 4004/2262/4004 94/903/94 888/913/888
f 1706/2264/1706 621/264/621 611/266/611
f 1706/2264/1706 1707/2265/1707 4005/2266/4005
f 1707/2265/1707 1764/2267/1764 1709/2268/1709
f 4005/2266/4005 1709/2268/1709 4006/2269/4006
f 622/276/622 4006/2269/4006 609/260/609
f 621/264/621 4005/2266/4005 622/276/622
f 626/284/626 1707/2265/1707 1706/2264/1706
f 626/284/626 158/2270/158 1707/2265/1707
f 626/284/626 1706/2264/1706 611/266/611
f 627/278/627 4012/914/4012 626/284/626
f 1707/2265/1707 158/2270/158 3294/2271/3294
f 1705/2272/1705 619/274/619 609/260/609
f 618/247/618 4007/2273/4007 607/250/607
f 619/274/619 1708/2274/1708 618/247/618
f 4006/2269/4006 1705/2272/1705 609/260/609
f 1705/2272/1705 4006/2269/4006 1766/2275/1766
f 2206/2276/2206 615/272/615 616/271/616
f 607/250/607 4007/2273/4007 616/271/616
f 1768/2277/1768 4007/2273/4007 1767/2278/1767
f 1703/2279/1703 4009/2280/4009 479/246/479
f 4008/2281/4008 4009/2280/4009 1703/2279/1703
f 1703/2279/1703 479/246/479 1702/245/1702
f 4009/2280/4009 1769/2282/1769 4011/2283/4011
f 478/2284/478 4011/2283/4011 477/2285/477
f 605/242/605 612/273/612 1704/2286/1704
f 1702/245/1702 1704/2286/1704 1703/2279/1703
f 3290/2287/3290 4010/2288/4010 4011/2283/4011
f 4010/2288/4010 3295/2289/3295 57/2290/57
f 477/2285/477 4010/2288/4010 476/2291/476
f 3290/2287/3290 4011/2283/4011 1769/2282/1769
f 39/906/39 4013/1214/4013 1746/2257/1746
f 1746/2257/1746 4013/1214/4013 4673/2292/4673
f 3304/2251/3304 4014/1238/4014 107/1239/107
f 4015/2293/4015 1137/2294/1137 1138/1321/1138
f 157/2295/157 4015/2293/4015 398/2296/398
f 1732/2297/1732 1717/2298/1717 1137/2294/1137
f 1137/2294/1137 1125/1294/1125 1136/1296/1136
f 4016/2299/4016 398/2296/398 15/1322/15
f 3309/2300/3309 4676/2301/4676 135/1822/135
f 4016/2299/4016 1776/2302/1776 398/2296/398
f 15/1322/15 398/2296/398 1138/1321/1138
f 1613/2060/1613 3288/1472/3288 4677/2303/4677
f 1612/2059/1612 168/2304/168 1615/2053/1615
f 386/2305/386 1723/2221/1723 12/2219/12
f 386/2305/386 385/2306/385 1723/2221/1723
f 3316/2220/3316 385/2306/385 1779/2307/1779
f 4018/2308/4018 4020/2309/4020 4017/2310/4017
f 4019/2311/4019 4020/2309/4020 4018/2308/4018
f 4020/2309/4020 1802/549/1802 1801/548/1801
f 657/2312/657 1802/549/1802 4020/2309/4020
f 692/512/692 1791/2313/1791 74/478/74
f 691/514/691 4017/2310/4017 692/512/692
f 690/519/690 4018/2308/4018 691/514/691
f 73/521/73 4019/2311/4019 690/519/690
f 658/2314/658 657/2312/657 4019/2311/4019
f 4021/2315/4021 1801/548/1801 1792/315/1792
f 1791/2313/1791 4020/2309/4020 4021/2315/4021
f 4021/2315/4021 4024/2316/4024 4023/2317/4023
f 4022/2318/4022 1795/444/1795 4024/2316/4024
f 1800/2319/1800 1799/2320/1799 4021/2315/4021
f 1798/2321/1798 1796/432/1796 4022/2318/4022
f 1795/444/1795 75/445/75 663/468/663
f 4024/2316/4024 663/468/663 662/467/662
f 4023/2317/4023 662/467/662 661/466/661
f 1791/2313/1791 661/466/661 74/478/74
f 4021/2315/4021 4023/2317/4023 1791/2313/1791
f 682/557/682 4026/2322/4026 4025/2323/4025
f 681/556/681 1807/2324/1807 4026/2322/4026
f 72/558/72 682/557/682 683/2325/683
f 4026/2322/4026 175/2326/175 657/2312/657
f 4025/2323/4025 657/2312/657 658/2314/658
f 685/2327/685 658/2314/658 73/521/73
f 684/2328/684 4025/2323/4025 685/2327/685
f 683/2325/683 4025/2323/4025 684/2328/684
f 47/2329/47 1820/551/1820 651/2330/651
f 1820/551/1820 652/562/652 651/2330/651
f 4027/2331/4027 4030/2332/4030 4029/2333/4029
f 4030/2332/4030 1821/52/1821 1822/2334/1822
f 55/505/55 4027/2331/4027 1782/2335/1782
f 526/2336/526 4028/2337/4028 4027/2331/4027
f 527/2338/527 1786/2339/1786 4028/2337/4028
f 4028/2337/4028 1787/2340/1787 4030/2332/4030
f 4030/2332/4030 1788/53/1788 1821/52/1821
f 4029/2333/4029 1822/2334/1822 1864/2341/1864
f 1782/2335/1782 4029/2333/4029 1783/2342/1783
f 1805/436/1805 1819/580/1819 4031/2343/4031
f 1806/438/1806 1780/2344/1780 174/439/174
f 4031/2343/4031 53/46/53 499/119/499
f 1781/2345/1781 499/119/499 62/86/62
f 1806/438/1806 1781/2345/1781 1780/2344/1780
f 4033/2346/4033 4035/2347/4035 4032/2348/4032
f 4034/2349/4034 4036/2350/4036 4033/2346/4033
f 683/2351/683 1784/2352/1784 72/558/72
f 684/2353/684 4032/2348/4032 683/2351/683
f 685/2327/685 4033/2346/4033 684/2353/684
f 73/521/73 4034/2349/4034 685/2327/685
f 693/520/693 4037/2354/4037 4034/2349/4034
f 694/527/694 1843/526/1843 4037/2354/4037
f 4037/2354/4037 1842/2355/1842 4036/2350/4036
f 4036/2350/4036 1841/2356/1841 4035/2347/4035
f 4035/2347/4035 179/2357/179 1785/2358/1785
f 4032/2348/4032 1785/2358/1785 1784/2352/1784
f 1787/2359/1787 4039/2360/4039 530/494/530
f 4038/2361/4038 4039/2360/4039 1787/2359/1787
f 1787/2359/1787 530/494/530 1788/67/1788
f 59/500/59 4038/2361/4038 1786/2362/1786
f 491/2363/491 4040/2364/4040 4038/2361/4038
f 490/2365/490 4041/2366/4041 4040/2364/4040
f 489/535/489 473/2367/473 4041/2366/4041
f 4041/2366/4041 174/493/174 4039/2360/4039
f 4039/2360/4039 174/493/174 528/492/528
f 4039/2360/4039 528/492/528 529/490/529
f 4043/2368/4043 4045/2369/4045 4042/2370/4042
f 4044/2371/4044 4046/2372/4046 4043/2368/4043
f 654/559/654 696/2373/696 55/2374/55
f 72/558/72 4043/2368/4043 654/559/654
f 1785/2358/1785 4047/2375/4047 4044/2371/4044
f 1785/2358/1785 1829/2376/1829 4047/2375/4047
f 4047/2375/4047 1830/2377/1830 4046/2372/4046
f 4046/2372/4046 1831/2378/1831 4045/2369/4045
f 4045/2369/4045 1831/2378/1831 695/2373/695
f 4042/2370/4042 695/2373/695 696/2373/696
f 4049/2379/4049 1790/332/1790 4050/2380/4050
f 182/340/182 4048/2381/4048 1871/2382/1871
f 3534/334/3534 4049/2379/4049 4048/2381/4048
f 3535/337/3535 1754/2383/1754 4049/2379/4049
f 4050/2380/4050 636/331/636 628/649/628
f 1871/2382/1871 4050/2380/4050 1870/2384/1870
f 4051/2385/4051 469/2386/469 1810/2387/1810
f 1807/2324/1807 1810/2387/1810 1809/2388/1809
f 1808/2389/1808 4051/2385/4051 1807/2324/1807
f 47/2329/47 468/2390/468 1808/2389/1808
f 1896/2391/1896 674/658/674 1885/606/1885
f 454/1007/454 4052/2392/4052 42/644/42
f 674/658/674 906/1025/906 734/659/734
f 1799/2320/1799 4053/2393/4053 1798/2321/1798
f 1799/2320/1799 1817/322/1817 4053/2393/4053
f 1798/2321/1798 1814/581/1814 1797/2394/1797
f 1816/311/1816 1817/322/1817 1800/2319/1800
f 669/618/669 670/619/670 4053/2393/4053
f 4053/2393/4053 1815/583/1815 1814/581/1814
f 174/439/174 1780/2344/1780 1789/92/1789
f 3487/85/3487 1781/2345/1781 62/86/62
f 1836/2395/1836 4057/2396/4057 1835/2397/1835
f 1843/526/1843 4057/2396/4057 1842/2398/1842
f 1846/2399/1846 1837/2400/1837 1862/2401/1862
f 1846/2399/1846 1836/2395/1836 1837/2400/1837
f 1841/2402/1841 1844/2403/1844 179/2357/179
f 1842/2404/1842 4056/2405/4056 1841/2402/1841
f 1844/2403/1844 4055/2406/4055 1845/2407/1845
f 1844/2403/1844 4058/2408/4058 1847/2409/1847
f 179/2410/179 1844/2403/1844 1829/2411/1829
f 1829/2411/1829 1847/2409/1847 1830/2412/1830
f 1848/2413/1848 1846/2399/1846 1862/2401/1862
f 1848/2413/1848 4058/2408/4058 1845/2407/1845
f 1830/2412/1830 1847/2409/1847 1831/2378/1831
f 4059/2414/4059 1836/2395/1836 1835/2397/1835
f 1836/2395/1836 1853/2415/1853 1837/2400/1837
f 180/2416/180 4059/2414/4059 1851/523/1851
f 1854/2417/1854 1853/2415/1853 4059/2414/4059
f 1851/523/1851 1835/2397/1835 1850/2418/1850
f 1837/2400/1837 1852/2419/1852 1862/2401/1862
f 1837/2400/1837 1853/2415/1853 1852/2419/1852
f 4062/2420/4062 4063/2421/4063 4061/2422/4061
f 4063/2423/4063 4060/2424/4060 1855/2425/1855
f 1838/474/1838 1854/2417/1854 180/2426/180
f 1839/2427/1839 4061/2422/4061 1838/474/1838
f 4061/2422/4061 1853/2415/1853 1854/2417/1854
f 181/2428/181 4062/2420/4062 1840/2429/1840
f 1856/2430/1856 4060/2424/4060 4062/2420/4062
f 1840/2429/1840 4062/2420/4062 1839/2431/1839
f 1852/2432/1852 1855/2425/1855 1862/2401/1862
f 1853/2415/1853 1855/2425/1855 1852/2432/1852
f 4065/2433/4065 4064/2434/4064 1856/2430/1856
f 4067/2435/4067 4065/2436/4065 4066/2437/4066
f 1855/2425/1855 1832/2438/1832 1862/2401/1862
f 1855/2425/1855 4064/2434/4064 4067/2435/4067
f 1832/2438/1832 4067/2435/4067 1833/2439/1833
f 1859/2440/1859 1856/2430/1856 181/2428/181
f 1858/487/1858 1856/2430/1856 1859/2440/1859
f 1834/2441/1834 1857/2442/1857 177/440/177
f 1833/2443/1833 4066/2437/4066 1834/2441/1834
f 4066/2437/4066 1858/2444/1858 1857/2442/1857
f 1860/2445/1860 4068/2446/4068 1861/2447/1861
f 1861/2447/1861 4068/2446/4068 1848/2413/1848
f 1828/2448/1828 4069/2449/4069 1860/2445/1860
f 1831/2378/1831 4069/2449/4069 1826/2450/1826
f 1847/2409/1847 4068/2446/4068 4069/2449/4069
f 4069/2449/4069 1827/2451/1827 1826/2450/1826
f 1861/2447/1861 1848/2413/1848 1862/2401/1862
f 4071/2452/4071 4070/2453/4070 1833/2454/1833
f 4070/2453/4070 4072/2455/4072 4073/2456/4073
f 1833/2454/1833 4070/2453/4070 1832/2457/1832
f 177/533/177 4071/2452/4071 1834/2458/1834
f 1823/541/1823 4072/2459/4072 4071/2452/4071
f 1860/2445/1860 1825/2460/1825 178/500/178
f 1861/2447/1861 4073/2456/4073 1860/2445/1860
f 4073/2456/4073 1824/2461/1824 1825/2460/1825
f 1832/2457/1832 1861/2447/1861 1862/2401/1862
f 476/2462/476 1863/2463/1863 1865/2464/1865
f 488/2465/488 474/2466/474 1863/2463/1863
f 476/2462/476 1865/2464/1865 477/2467/477
f 57/2468/57 488/2465/488 476/2462/476
f 3526/2469/3526 475/2470/475 474/2466/474
f 47/2329/47 4074/2471/4074 159/2472/159
f 651/2330/651 4075/2473/4075 4074/2471/4074
f 652/562/652 653/2474/653 4075/2473/4075
f 653/2474/653 1955/2475/1955 1778/2476/1778
f 4076/2477/4076 4077/2478/4077 1870/2384/1870
f 701/2479/701 4076/2477/4076 700/2480/700
f 1761/2481/1761 4079/545/4079 4076/2477/4076
f 4078/2482/4078 4079/545/4079 3599/547/3599
f 4077/2478/4077 3599/547/3599 639/542/639
f 1871/2382/1871 639/542/639 182/340/182
f 1870/2384/1870 4077/2478/4077 1871/2382/1871
f 49/411/49 4080/2483/4080 646/409/646
f 637/379/637 4082/2484/4082 4081/2485/4081
f 3547/375/3547 1756/2486/1756 637/379/637
f 3546/381/3546 629/450/629 632/382/632
f 637/379/637 4081/2485/4081 3546/381/3546
f 3547/375/3547 637/379/637 638/376/638
f 1873/2487/1873 1756/2486/1756 3547/375/3547
f 1756/2486/1756 1755/2488/1755 4082/2484/4082
f 4082/2484/4082 48/454/48 630/452/630
f 4081/2485/4081 630/452/630 629/450/629
f 1869/2489/1869 183/2490/183 1753/339/1753
f 1869/2489/1869 1753/339/1753 469/301/469
f 1897/2491/1897 1884/2492/1884 4083/2493/4083
f 704/394/704 1889/372/1889 184/373/184
f 705/2494/705 4083/2493/4083 704/394/704
f 706/2495/706 4083/2493/4083 705/2494/705
f 76/2496/76 1897/2491/1897 706/2495/706
f 4083/2493/4083 1884/2492/1884 1889/372/1889
f 4085/2497/4085 4086/2498/4086 4087/2499/4087
f 4087/2499/4087 4088/2500/4088 4084/2501/4084
f 700/2480/700 4084/2501/4084 701/2479/701
f 700/2480/700 1890/650/1890 4086/2498/4086
f 4086/2498/4086 1891/655/1891 1912/2502/1912
f 1912/2502/1912 1913/2503/1913 4087/2499/4087
f 4087/2499/4087 1914/2504/1914 4088/2500/4088
f 4088/2500/4088 1914/2504/1914 1895/2505/1895
f 4084/2501/4084 1895/2505/1895 1894/2506/1894
f 4089/2507/4089 4093/2508/4093 4092/2509/4092
f 4091/2510/4091 4093/2508/4093 4090/2511/4090
f 184/373/184 4089/2507/4089 1893/2512/1893
f 1887/370/1887 4090/2511/4090 4089/2507/4089
f 1886/2513/1886 4090/2511/4090 1887/370/1887
f 701/2514/701 4091/2510/4091 1886/2513/1886
f 1894/2506/1894 4094/2515/4094 4091/2510/4091
f 1895/2505/1895 1931/2516/1931 4094/2515/4094
f 4094/2515/4094 1931/2516/1931 4093/2508/4093
f 4093/2508/4093 1932/2517/1932 4092/2509/4092
f 4092/2509/4092 189/2518/189 1892/395/1892
f 1893/2512/1893 4089/2507/4089 1892/395/1892
f 1928/2519/1928 1908/2520/1908 1927/2521/1927
f 4095/2522/4095 4096/2523/4096 1929/2524/1929
f 1922/2525/1922 4095/2522/4095 1930/2526/1930
f 1930/2526/1930 4095/2522/4095 4109/2527/4109
f 1913/2503/1913 4096/2523/4096 1914/2504/1914
f 4096/2523/4096 1921/2528/1921 1920/2529/1920
f 1929/2524/1929 1912/2502/1912 1891/655/1891
f 1912/2502/1912 4096/2523/4096 1913/2503/1913
f 4097/2530/4097 4100/2531/4100 4099/2532/4099
f 4099/2532/4099 1899/2533/1899 4101/2534/4101
f 1907/359/1907 4097/2530/4097 4107/2535/4107
f 1905/456/1905 4098/2536/4098 4097/2530/4097
f 1906/455/1906 1901/2537/1901 4098/2536/4098
f 4098/2536/4098 1900/2538/1900 4100/2531/4100
f 1899/2533/1899 1919/2539/1919 1902/2540/1902
f 4101/2534/4101 1902/2540/1902 1903/2541/1903
f 1910/2542/1910 4101/2534/4101 1911/2543/1911
f 4107/2535/4107 4099/2532/4099 1910/2542/1910
f 1920/2529/1920 4103/2544/4103 4102/2545/4102
f 1921/2528/1921 4104/2546/4104 4103/2544/4103
f 1932/2517/1932 1936/2547/1936 189/2518/189
f 1931/2516/1931 4102/2545/4102 1932/2517/1932
f 1914/2504/1914 1920/2529/1920 1931/2516/1931
f 1922/2525/1922 1938/2548/1938 4104/2546/4104
f 4103/2544/4103 1938/2548/1938 1937/2549/1937
f 4102/2545/4102 1937/2549/1937 1936/2547/1936
f 1939/2550/1939 4105/2551/4105 1940/2552/1940
f 1934/2553/1934 4105/2551/4105 4106/2554/4106
f 1935/2555/1935 4105/2551/4105 1934/2553/1934
f 188/569/188 4105/2551/4105 1939/2550/1939
f 1933/2556/1933 1915/564/1915 1878/397/1878
f 1934/2553/1934 4106/2554/4106 1933/2556/1933
f 4106/2554/4106 188/569/188 1915/564/1915
f 1941/2557/1941 1940/2552/1940 1935/2555/1935
f 186/2558/186 4107/2535/4107 1909/2559/1909
f 4109/2560/4109 1929/2561/1929 1928/2519/1928
f 1903/2541/1903 4108/2562/4108 1925/2563/1925
f 1902/2540/1902 1930/2564/1930 4108/2562/4108
f 1929/2561/1929 1891/2565/1891 1904/2566/1904
f 1928/2519/1928 1904/2566/1904 1908/576/1908
f 1925/2563/1925 4109/2560/4109 1926/2567/1926
f 4112/2568/4112 4110/2569/4110 4111/2570/4111
f 4113/2571/4113 4110/2569/4110 4112/2572/4112
f 1918/386/1918 1933/2556/1933 1878/397/1878
f 1917/389/1917 4111/2570/4111 1918/386/1918
f 4111/2570/4111 1934/2553/1934 1933/2556/1933
f 189/2573/189 4113/2571/4113 1916/396/1916
f 1936/2574/1936 4114/2575/4114 4113/2571/4113
f 1916/396/1916 4112/2572/4112 1917/389/1917
f 1935/2555/1935 4110/2569/4110 4114/2575/4114
f 4114/2575/4114 1937/2576/1937 1938/2548/1938
f 4117/2577/4117 1941/2557/1941 4118/2578/4118
f 185/300/185 4115/2579/4115 1901/2580/1901
f 1923/348/1923 4116/2581/4116 4115/2579/4115
f 1924/346/1924 1939/2550/1939 4116/2581/4116
f 4116/2581/4116 1940/2552/1940 4117/2577/4117
f 4118/2578/4118 1938/2548/1938 1919/2582/1919
f 1900/2583/1900 4118/2578/4118 1899/2584/1899
f 1901/2580/1901 4117/2577/4117 1900/2583/1900
f 3474/5/3474 1957/2585/1957 1/2586/1
f 3268/2587/3268 4119/4/4119 4642/2588/4642
f 1965/2589/1965 4120/2590/4120 3176/2591/3176
f 4120/2590/4120 2952/2592/2952 1979/2593/1979
f 2718/2594/2718 1950/2595/1950 1949/2596/1949
f 1971/2597/1971 2718/2594/2718 1946/2598/1946
f 1946/2598/1946 2718/2594/2718 1994/2599/1994
f 2022/2600/2022 4121/2601/4121 1965/2589/1965
f 4121/2601/4121 4122/2602/4122 1947/2603/1947
f 1947/2603/1947 4122/2602/4122 2007/2604/2007
f 2008/2605/2008 1950/2595/1950 1971/2606/1971
f 4123/2607/4123 2972/2608/2972 203/2609/203
f 4123/2607/4123 2008/2605/2008 2972/2608/2972
f 1949/2596/1949 2450/2610/2450 2042/2611/2042
f 1950/2595/1950 2450/2610/2450 1949/2596/1949
f 1952/2612/1952 1953/2613/1953 2317/2614/2317
f 1954/2615/1954 1953/2613/1953 1952/2612/1952
f 1956/2616/1956 4124/2617/4124 2212/2618/2212
f 4124/2617/4124 2194/33/2194 2081/2619/2081
f 4124/2617/4124 1956/2616/1956 2194/33/2194
f 4336/2620/4336 2212/2618/2212 221/2621/221
f 2176/2622/2176 2066/2623/2066 2067/2624/2067
f 2066/2623/2066 1948/2625/1948 190/2626/190
f 4257/42/4257 2101/2627/2101 228/43/228
f 4137/2628/4137 4125/2629/4125 229/2630/229
f 3369/2631/3369 3408/2632/3408 4126/2633/4126
f 4126/2633/4126 2087/2634/2087 2086/2635/2086
f 3368/2636/3368 2086/2635/2086 3334/2637/3334
f 3369/2631/3369 2086/2635/2086 3368/2636/3368
f 3408/2638/3408 2125/2639/2125 4126/2633/4126
f 4126/2633/4126 2125/2639/2125 2087/2634/2087
f 2072/2640/2072 2082/2641/2082 2125/2642/2125
f 2125/2642/2125 4129/2643/4129 237/2644/237
f 2082/2641/2082 2072/2640/2072 2073/2645/2073
f 3334/2646/3334 4127/2647/4127 3339/2648/3339
f 2086/2649/2086 2126/2650/2126 4127/2647/4127
f 2126/2650/2126 2087/2634/2087 237/2651/237
f 2126/2650/2126 2086/2649/2086 2087/2634/2087
f 3339/2648/3339 4127/2647/4127 3340/2652/3340
f 2090/2653/2090 4127/2647/4127 4128/2654/4128
f 4128/2654/4128 2091/2655/2091 2090/2653/2090
f 2127/2656/2127 2126/2650/2126 237/2651/237
f 2091/2655/2091 2129/2657/2129 238/2658/238
f 2091/2655/2091 2127/2656/2127 2129/2657/2129
f 237/2644/237 4129/2643/4129 2127/2656/2127
f 2128/2659/2128 2082/2641/2082 2073/2645/2073
f 2128/2659/2128 4129/2643/4129 2082/2641/2082
f 238/2658/238 2074/2660/2074 2088/2661/2088
f 2128/2659/2128 238/2658/238 2129/2657/2129
f 4165/2662/4165 2128/2659/2128 2073/2645/2073
f 2088/2661/2088 2074/2660/2074 2075/2663/2075
f 2095/2664/2095 4130/2665/4130 2130/2666/2130
f 4130/2665/4130 2094/2667/2094 239/2668/239
f 3335/2669/3335 2130/2666/2130 4715/2670/4715
f 2095/2664/2095 2130/2666/2130 2132/2671/2132
f 2132/2671/2132 4131/2672/4131 2131/2673/2131
f 4227/2674/4227 2130/2666/2130 3335/2669/3335
f 2089/2675/2089 4131/2672/4131 4227/2674/4227
f 2131/2673/2131 2089/2675/2089 3340/2652/3340
f 2132/2671/2132 2096/2676/2096 2095/2664/2095
f 2131/2673/2131 2096/2676/2096 2132/2671/2132
f 2133/2677/2133 2131/2673/2131 3340/2652/3340
f 2097/2678/2097 2135/2679/2135 240/2680/240
f 4141/2681/4141 4132/2682/4132 2097/2678/2097
f 4132/2682/4132 4133/2683/4133 2135/2679/2135
f 2090/2653/2090 2133/2677/2133 3340/2652/3340
f 2090/2653/2090 4133/2683/4133 2133/2677/2133
f 2134/2684/2134 2091/2655/2091 238/2658/238
f 240/2680/240 4134/2685/4134 2098/2686/2098
f 4134/2685/4134 240/2680/240 2135/2679/2135
f 2136/2687/2136 2134/2684/2134 238/2658/238
f 2137/2688/2137 4134/2685/4134 2136/2687/2136
f 2098/2686/2098 2138/2689/2138 2140/2690/2140
f 2098/2686/2098 2137/2688/2137 2138/2689/2138
f 2138/2689/2138 2137/2688/2137 4135/2691/4135
f 2088/2661/2088 2136/2687/2136 238/2658/238
f 2139/2692/2139 2088/2661/2088 2075/2663/2075
f 2138/2689/2138 4135/2691/4135 2140/2690/2140
f 2140/2690/2140 2092/2693/2092 2153/2694/2153
f 2076/2695/2076 2139/2692/2139 2075/2663/2075
f 4136/2696/4136 2076/2695/2076 2077/2697/2077
f 239/2698/239 4137/2628/4137 2093/2699/2093
f 2141/2700/2141 2142/2701/2142 241/2702/241
f 4138/2703/4138 2142/2701/2142 2143/2704/2143
f 2142/2701/2142 2102/2705/2102 241/2702/241
f 2143/2704/2143 2142/2701/2142 239/2698/239
f 2102/2705/2102 4138/2703/4138 2103/2706/2103
f 2094/2667/2094 2145/2707/2145 2143/2704/2143
f 2144/2708/2144 2145/2707/2145 2094/2667/2094
f 2094/2667/2094 2143/2704/2143 239/2668/239
f 2144/2708/2144 2094/2667/2094 2095/2664/2095
f 4138/2703/4138 2145/2707/2145 2103/2706/2103
f 2143/2704/2143 2145/2707/2145 4138/2703/4138
f 2145/2707/2145 2104/2709/2104 2103/2706/2103
f 2146/2710/2146 2144/2708/2144 2095/2664/2095
f 2146/2710/2146 2145/2707/2145 2144/2708/2144
f 2105/2711/2105 2147/2712/2147 242/2713/242
f 2104/2709/2104 2147/2712/2147 2105/2711/2105
f 2097/2678/2097 4140/2714/4140 4141/2681/4141
f 2096/2676/2096 2146/2710/2146 2095/2664/2095
f 4141/2681/4141 2147/2712/2147 2146/2710/2146
f 2148/2715/2148 2097/2678/2097 240/2680/240
f 2147/2712/2147 2149/2716/2149 242/2713/242
f 4140/2714/4140 2148/2715/2148 2149/2716/2149
f 2149/2716/2149 2165/2717/2165 242/2713/242
f 2149/2716/2149 2106/2718/2106 2165/2717/2165
f 2150/2719/2150 2148/2715/2148 240/2680/240
f 2151/2720/2151 2148/2715/2148 2150/2719/2150
f 2106/2718/2106 2151/2720/2151 243/2721/243
f 2150/2719/2150 4143/2722/4143 2151/2720/2151
f 2098/2686/2098 2150/2719/2150 240/2680/240
f 2152/2723/2152 2098/2686/2098 2140/2690/2140
f 2151/2720/2151 2107/2724/2107 243/2721/243
f 2151/2720/2151 2152/2723/2152 2107/2724/2107
f 2153/2694/2153 2152/2723/2152 2140/2690/2140
f 4145/2725/4145 2152/2723/2152 2153/2694/2153
f 2108/2726/2108 2154/2727/2154 244/2728/244
f 4144/2729/4144 4145/2725/4145 2154/2727/2154
f 2155/2730/2155 2092/2693/2092 2077/2697/2077
f 2154/2727/2154 2099/2731/2099 244/2728/244
f 2154/2727/2154 2155/2730/2155 2099/2731/2099
f 2078/2732/2078 2155/2730/2155 2077/2697/2077
f 2100/2733/2100 2079/154/2079 235/156/235
f 4146/2734/4146 2078/2732/2078 2079/154/2079
f 2158/2735/2158 4147/2736/4147 2101/2627/2101
f 2101/2627/2101 2068/2737/2068 228/43/228
f 2101/2627/2101 2156/2738/2156 2068/2737/2068
f 2158/2735/2158 2141/2700/2141 241/2702/241
f 2158/2735/2158 2101/2627/2101 2141/2700/2141
f 2157/2739/2157 4148/2740/4148 245/2741/245
f 2156/2738/2156 4147/2736/4147 2157/2739/2157
f 4147/2736/4147 2158/2735/2158 4148/2740/4148
f 4148/2740/4148 2111/2742/2111 245/2741/245
f 2111/2742/2111 2160/2743/2160 2112/2744/2112
f 2103/2706/2103 2159/2745/2159 2102/2705/2102
f 2102/2705/2102 2159/2745/2159 241/2702/241
f 2162/2746/2162 2103/2706/2103 2161/2747/2161
f 2160/2743/2160 2162/2746/2162 2112/2744/2112
f 2159/2745/2159 2162/2746/2162 2160/2743/2160
f 2162/2746/2162 2113/2748/2113 2112/2744/2112
f 4149/2749/4149 4158/2750/4158 2113/2748/2113
f 2114/2751/2114 2163/2752/2163 246/2753/246
f 4158/2750/4158 2163/2752/2163 2114/2751/2114
f 2105/2711/2105 4150/2754/4150 2104/2709/2104
f 2104/2709/2104 2161/2747/2161 2103/2706/2103
f 2104/2709/2104 2163/2752/2163 2161/2747/2161
f 2164/2755/2164 2105/2711/2105 242/2713/242
f 2163/2752/2163 2164/2755/2164 246/2753/246
f 242/2713/242 4151/2756/4151 2164/2755/2164
f 2164/2755/2164 2115/2757/2115 246/2753/246
f 4151/2756/4151 242/2713/242 2165/2717/2165
f 2116/2758/2116 2166/2759/2166 247/2760/247
f 2115/2757/2115 2166/2759/2166 2116/2758/2116
f 2167/2761/2167 2106/2718/2106 243/2721/243
f 2168/2762/2168 2106/2718/2106 2167/2761/2167
f 2166/2759/2166 2168/2762/2168 247/2760/247
f 4151/2756/4151 4152/2763/4152 2166/2759/2166
f 2167/2761/2167 4153/2764/4153 2168/2762/2168
f 2168/2762/2168 2186/2765/2186 247/2760/247
f 2168/2762/2168 4161/2766/4161 2186/2765/2186
f 2169/2767/2169 2167/2761/2167 243/2721/243
f 2117/2768/2117 2169/2767/2169 248/2769/248
f 4161/2766/4161 4153/2764/4153 2117/2768/2117
f 243/2721/243 2170/2770/2170 2169/2767/2169
f 2108/2726/2108 243/2721/243 2107/2724/2107
f 2170/2770/2170 2108/2726/2108 244/2728/244
f 2169/2767/2169 2171/2771/2171 248/2769/248
f 2169/2767/2169 2170/2770/2170 2171/2771/2171
f 2171/2771/2171 2118/2772/2118 248/2769/248
f 2118/2772/2118 4154/2773/4154 2173/2774/2173
f 2173/2774/2173 4154/2773/4154 2172/2775/2172
f 2099/2731/2099 2172/2775/2172 244/2728/244
f 2100/2733/2100 2172/2775/2172 2099/2731/2099
f 2174/2776/2174 2100/2733/2100 235/156/235
f 2175/2777/2175 2100/2733/2100 2174/2776/2174
f 2172/2775/2172 4155/2778/4155 2173/2774/2173
f 2080/2779/2080 2175/2777/2175 2174/2776/2174
f 2175/2777/2175 2109/2780/2109 2173/2774/2173
f 245/2741/245 2177/2781/2177 2110/2782/2110
f 2110/2782/2110 2067/2624/2067 227/2783/227
f 2110/2782/2110 2176/2622/2176 2067/2624/2067
f 2176/2622/2176 2177/2781/2177 2061/2784/2061
f 4156/2785/4156 4293/2786/4293 2061/2784/2061
f 2112/2744/2112 2178/2787/2178 2111/2742/2111
f 2111/2742/2111 2178/2787/2178 245/2741/245
f 2181/2788/2181 2112/2744/2112 2180/2789/2180
f 2179/2790/2179 2181/2788/2181 2337/2791/2337
f 2178/2787/2178 2181/2788/2181 2179/2790/2179
f 2060/2792/2060 4157/2793/4157 2182/2794/2182
f 2181/2788/2181 2060/2792/2060 2337/2791/2337
f 2060/2792/2060 2182/2794/2182 2059/2795/2059
f 2113/2748/2113 2180/2789/2180 2112/2744/2112
f 2113/2748/2113 4157/2793/4157 2180/2789/2180
f 4157/2793/4157 2183/2796/2183 2182/2794/2182
f 2183/2796/2183 2058/2797/2058 2182/2794/2182
f 246/2753/246 2183/2796/2183 2114/2751/2114
f 2184/2798/2184 2115/2757/2115 2185/2799/2185
f 2115/2757/2115 2184/2798/2184 246/2753/246
f 2185/2799/2185 2116/2758/2116 247/2760/247
f 2184/2798/2184 2185/2799/2185 223/2800/223
f 2185/2799/2185 2057/2801/2057 223/2800/223
f 2185/2799/2185 2056/2802/2056 2057/2801/2057
f 2187/2803/2187 247/2760/247 2186/2765/2186
f 2056/2802/2056 2187/2803/2187 2189/2804/2189
f 2186/2765/2186 4161/2766/4161 2187/2803/2187
f 2188/2805/2188 2117/2768/2117 248/2769/248
f 4162/2806/4162 2117/2768/2117 2188/2805/2188
f 2187/2803/2187 4162/2806/4162 2189/2804/2189
f 4162/2806/4162 2055/2807/2055 2189/2804/2189
f 2189/2804/2189 2055/2807/2055 2428/2808/2428
f 2055/2807/2055 2190/2809/2190 2193/2810/2193
f 248/2769/248 2118/2772/2118 2190/2809/2190
f 248/2769/248 2190/2809/2190 2188/2805/2188
f 2191/2811/2191 2118/2772/2118 2173/2774/2173
f 2192/2812/2192 2118/2772/2118 2191/2811/2191
f 2190/2809/2190 2192/2812/2192 2193/2810/2193
f 2193/2810/2193 2192/2812/2192 2448/2813/2448
f 4163/2814/4163 2109/2780/2109 2081/2815/2081
f 2109/2780/2109 2191/2811/2191 2173/2774/2173
f 4164/2816/4164 2081/2815/2081 2194/2817/2194
f 4163/2814/4163 4164/2816/4164 222/2818/222
f 1956/2819/1956 4164/2816/4164 2194/2817/2194
f 4164/2816/4164 2467/2820/2467 222/2818/222
f 4164/2816/4164 4335/2821/4335 2467/2820/2467
f 2075/2822/2075 4165/2823/4165 2195/2824/2195
f 2202/2825/2202 4165/2823/4165 2073/2826/2073
f 2196/2827/2196 4165/2823/4165 2202/2825/2202
f 2077/2828/2077 2197/2829/2197 2207/2830/2207
f 2203/2831/2203 2076/2832/2076 2075/2822/2075
f 2204/2833/2204 4166/2834/4166 2203/2831/2203
f 2079/2835/2079 2209/2836/2209 235/2837/235
f 2079/2835/2079 2199/2838/2199 2209/2836/2209
f 2207/2830/2207 2078/2839/2078 2077/2828/2077
f 4170/2840/4170 2078/2839/2078 2207/2830/2207
f 2199/2838/2199 4167/2841/4167 249/2842/249
f 2080/263/2080 4168/2843/4168 2081/2619/2081
f 235/2837/235 2080/267/2080 2174/268/2174
f 2200/2844/2200 2211/2845/2211 2201/2846/2201
f 2203/2831/2203 4169/2847/4169 2204/2833/2204
f 2195/2824/2195 2203/2831/2203 2075/2822/2075
f 4169/2847/4169 2195/2824/2195 2196/2827/2196
f 2204/2833/2204 2206/2276/2206 2198/2848/2198
f 2204/2833/2204 2205/2849/2205 2206/2276/2206
f 4167/2841/4167 2208/2850/2208 249/2842/249
f 2210/2851/2210 2209/2836/2209 2199/2838/2199
f 2211/2845/2211 2209/2836/2209 2210/2851/2210
f 2210/2851/2210 2199/2838/2199 249/2842/249
f 2201/2846/2201 2214/2852/2214 2200/2844/2200
f 2200/2844/2200 4124/2617/4124 2081/2619/2081
f 2213/2853/2213 2214/2852/2214 2201/2846/2201
f 2212/2618/2212 4171/2854/4171 221/2621/221
f 4124/2617/4124 2214/2852/2214 2212/2618/2212
f 4171/2854/4171 220/2855/220 221/2621/221
f 2215/2856/2215 2213/2853/2213 2201/2846/2201
f 2216/2857/2216 2213/2853/2213 2215/2856/2215
f 4172/2858/4172 232/2859/232 1955/285/1955
f 233/2860/233 4172/2858/4172 3295/2289/3295
f 4172/2858/4172 488/2861/488 57/2290/57
f 4173/2862/4173 4175/2863/4175 3415/2864/3415
f 330/291/330 4173/2862/4173 2064/2865/2064
f 3321/2866/3321 4174/2867/4174 4173/2862/4173
f 3320/2868/3320 3322/2869/3322 4174/2867/4174
f 4174/2867/4174 3322/2869/3322 4175/2863/4175
f 4175/2863/4175 3323/2870/3323 3416/2871/3416
f 2302/2872/2302 4258/2873/4258 2264/2874/2264
f 2064/2865/2064 4173/2862/4173 2302/2872/2302
f 1760/302/1760 2062/2875/2062 1759/303/1759
f 2217/2876/2217 2062/2875/2062 1760/302/1760
f 1759/303/1759 2063/2877/2063 160/305/160
f 4176/2878/4176 4177/2879/4177 3361/2880/3361
f 4178/2881/4178 2297/2882/2297 4176/2878/4176
f 3361/2880/3361 2253/2883/2253 3338/2884/3338
f 3363/2885/3363 4176/2878/4176 3362/2886/3362
f 2257/2887/2257 4178/2881/4178 3363/2885/3363
f 4262/2888/4262 2298/2889/2298 4178/2881/4178
f 2297/2882/2297 2296/2890/2296 4177/2879/4177
f 4177/2879/4177 3326/2891/3326 2253/2883/2253
f 2064/2865/2064 2302/2872/2302 2301/2892/2301
f 225/2893/225 2064/2865/2064 2301/2892/2301
f 2064/2865/2064 4746/326/4746 330/291/330
f 4213/2894/4213 2302/2872/2302 2264/2874/2264
f 2301/2892/2301 2302/2872/2302 4213/2894/4213
f 3319/2895/3319 3336/2896/3336 4179/328/4179
f 3336/2896/3336 2227/2897/2227 1872/329/1872
f 4179/328/4179 183/2490/183 3419/2898/3419
f 4181/2899/4181 3319/2895/3319 4182/2900/4182
f 332/2901/332 4180/2902/4180 3353/336/3353
f 4182/2900/4182 3319/2895/3319 3318/2903/3318
f 3353/336/3353 4181/2899/4181 4182/2900/4182
f 4185/2904/4185 3357/2905/3357 4183/2906/4183
f 224/2907/224 4183/2906/4183 3322/2869/3322
f 3300/2908/3300 4184/2909/4184 3299/2907/3299
f 3300/2908/3300 3456/2910/3456 4184/2909/4184
f 4184/2909/4184 3457/2911/3457 4185/2904/4185
f 3457/2911/3457 3356/2912/3356 4185/2904/4185
f 3322/2869/3322 3357/2905/3357 3323/2870/3323
f 4186/2913/4186 2320/2914/2320 2321/2915/2321
f 4187/2916/4187 4188/2917/4188 2320/2914/2320
f 643/2918/643 2221/2919/2221 162/356/162
f 643/2918/643 4187/2916/4187 4186/2913/4186
f 642/351/642 641/361/641 4187/2916/4187
f 641/361/641 3442/2920/3442 4188/2917/4188
f 4188/2917/4188 343/2921/343 2319/2922/2319
f 2221/2919/2221 2321/2915/2321 2222/2923/2222
f 3424/2924/3424 4190/2925/4190 4191/2926/4191
f 4189/2927/4189 4191/2926/4191 2296/2890/2296
f 3423/2928/3423 3424/2924/3424 4189/2927/4189
f 3425/2929/3425 3422/2930/3422 4190/2925/4190
f 3422/2930/3422 3324/2931/3324 4190/2925/4190
f 3324/2931/3324 3325/368/3325 4191/2926/4191
f 4191/2926/4191 3326/2891/3326 2296/2890/2296
f 2298/2932/2298 4189/2927/4189 2297/367/2297
f 163/398/163 2230/2933/2230 4192/2934/4192
f 4192/2934/4192 4193/2935/4193 2232/2936/2232
f 1752/378/1752 1882/384/1882 2230/2933/2230
f 1883/383/1883 2222/2923/2222 2228/2937/2228
f 1882/384/1882 2228/2937/2228 2229/2938/2229
f 2232/2936/2232 4193/2935/4193 2223/2939/2223
f 2223/2939/2223 4193/2935/4193 4746/2940/4746
f 3451/2941/3451 4195/2942/4195 4194/2943/4194
f 3450/2944/3450 4196/2945/4196 4195/2942/4195
f 3417/2946/3417 2295/2947/2295 255/2948/255
f 3418/2949/3418 4194/2943/4194 3417/2946/3417
f 3449/2950/3449 3428/2951/3428 4196/2945/4196
f 4196/2945/4196 340/2952/340 2293/2953/2293
f 4195/2942/4195 2293/2953/2293 2294/2954/2294
f 4194/2943/4194 2294/2954/2294 2295/2947/2295
f 1750/401/1750 4198/2955/4198 2226/2956/2226
f 1750/401/1750 2226/2956/2226 1751/408/1751
f 4197/400/4197 2224/2957/2224 4198/2955/4198
f 2224/2957/2224 2233/2958/2233 4198/2955/4198
f 2236/2959/2236 2235/2960/2235 250/2961/250
f 2226/2956/2226 4198/2955/4198 2236/2959/2236
f 2223/2939/2223 2234/2962/2234 2233/2958/2233
f 2223/2939/2223 2233/2958/2233 2232/2936/2232
f 2234/2962/2234 2225/2963/2225 2235/2960/2235
f 225/2964/225 2225/2963/2225 2234/2962/2234
f 2225/2963/2225 2065/2965/2065 226/2966/226
f 2236/2959/2236 2237/2967/2237 4200/2968/4200
f 1772/417/1772 4200/2968/4200 4199/415/4199
f 2237/2967/2237 4201/2969/4201 2054/2970/2054
f 2238/2971/2238 4201/2969/4201 2237/2967/2237
f 2237/2967/2237 2054/2970/2054 4199/415/4199
f 2238/2971/2238 2236/2959/2236 250/2961/250
f 2238/2971/2238 2237/2967/2237 2236/2959/2236
f 4344/2972/4344 4201/2969/4201 2239/2973/2239
f 2054/2970/2054 4201/2969/4201 4344/2972/4344
f 4203/2974/4203 4202/2975/4202 226/2966/226
f 4202/2975/4202 4203/2974/4203 2239/2973/2239
f 1954/2976/1954 4203/2974/4203 1953/2977/1953
f 3342/2978/3342 4205/2979/4205 4206/2980/4206
f 4206/2980/4206 2070/2981/2070 4207/2982/4207
f 3343/2983/3343 4204/2984/4204 3350/2985/3350
f 3343/2983/3343 3342/2978/3342 4204/2984/4204
f 3341/2986/3341 2288/2987/2288 4205/2979/4205
f 4205/2979/4205 2286/2988/2286 2070/2981/2070
f 4207/2982/4207 2070/2981/2070 331/2989/331
f 3351/2990/3351 4207/2982/4207 3352/2991/3352
f 3350/2985/3350 4206/2980/4206 3351/2990/3351
f 4208/2992/4208 4212/2993/4212 4211/2994/4211
f 2222/2923/2222 4208/2992/4208 2219/2995/2219
f 2321/2915/2321 4209/2996/4209 4208/2992/4208
f 2320/2914/2320 2319/2922/2319 4209/2996/4209
f 2319/2922/2319 3440/2997/3440 4210/2998/4210
f 4210/2998/4210 3441/2999/3441 4212/2993/4212
f 4212/2993/4212 341/453/341 3300/3000/3300
f 4212/2993/4212 3300/3000/3300 3299/453/3299
f 2220/2999/2220 3299/453/3299 224/453/224
f 2219/2995/2219 4211/2994/4211 2220/2999/2220
f 2065/3001/2065 4213/2894/4213 226/458/226
f 2301/2892/2301 2065/3001/2065 225/2893/225
f 4216/3002/4216 4217/3003/4217 4215/3004/4215
f 4218/3005/4218 4219/3006/4219 4217/3003/4217
f 2248/3007/2248 4214/3002/4214 253/3008/253
f 2249/3009/2249 4215/3004/4215 2248/3007/2248
f 337/3010/337 4216/3002/4216 2249/3009/2249
f 3385/3011/3385 4218/3005/4218 4216/3002/4216
f 3386/3012/3386 4220/3013/4220 4218/3005/4218
f 3387/3014/3387 2244/3015/2244 4220/3013/4220
f 4220/3013/4220 2245/3016/2245 4219/3006/4219
f 2252/3014/2252 2245/3016/2245 254/3017/254
f 2251/3012/2251 4219/3006/4219 2252/3014/2252
f 2250/3011/2250 4217/3003/4217 2251/3012/2251
f 4221/3018/4221 4224/3019/4224 4223/3020/4223
f 4223/3020/4223 4226/3021/4226 4225/3022/4225
f 254/3017/254 4221/3018/4221 2288/2987/2288
f 2244/3015/2244 4221/3018/4221 2245/3016/2245
f 338/3017/338 4222/3023/4222 2244/3015/2244
f 3404/2987/3404 4224/3019/4224 4222/3023/4222
f 4224/3019/4224 3402/3024/3402 4226/3021/4226
f 4226/3021/4226 334/3025/334 2275/3026/2275
f 4225/3022/4225 2275/3026/2275 2276/3025/2276
f 2286/2988/2286 2276/3025/2276 230/3025/230
f 2287/3027/2287 4225/3022/4225 2286/2988/2286
f 2288/2987/2288 4223/3020/4223 2287/3027/2287
f 3339/2648/3339 2089/2675/2089 2123/3028/2123
f 2122/3029/2122 3335/3030/3335 331/3031/331
f 2123/3028/2123 4227/2674/4227 2122/3029/2122
f 4228/3032/4228 4231/3033/4231 4230/3034/4230
f 4230/3034/4230 4233/3035/4233 4232/3036/4232
f 236/500/236 4228/3032/4228 2121/510/2121
f 2277/3037/2277 4229/3038/4229 4228/3032/4228
f 2278/3039/2278 3376/510/3376 4229/3038/4229
f 4229/3038/4229 3375/509/3375 4231/3033/4231
f 4231/3033/4231 3374/508/3374 4233/3035/4233
f 3374/508/3374 2284/507/2284 4233/3035/4233
f 4233/3035/4233 2285/3040/2285 4232/3036/4232
f 4232/3036/4232 231/3041/231 2119/3042/2119
f 2120/509/2120 4232/3036/4232 2119/3042/2119
f 2121/510/2121 4230/3034/4230 2120/509/2120
f 4235/3043/4235 4236/3044/4236 4234/3045/4234
f 4236/3044/4236 2281/3046/2281 2280/3047/2280
f 4237/3048/4237 4238/3049/4238 4236/3044/4236
f 2282/3050/2282 2279/3051/2279 252/3052/252
f 2283/3053/2283 4234/3045/4234 2282/3050/2282
f 3390/3054/3390 4235/3043/4235 2283/3053/2283
f 3394/3051/3394 4237/3048/4237 4235/3043/4235
f 3395/3055/3395 4239/3056/4239 4237/3048/4237
f 3396/3057/3396 2249/3009/2249 4239/3056/4239
f 4239/3056/4239 2248/3007/2248 4238/3049/4238
f 4238/3049/4238 253/3008/253 2281/3046/2281
f 4234/3045/4234 2280/3047/2280 2279/3051/2279
f 4241/3058/4241 4243/3059/4243 4242/3060/4242
f 4242/3060/4242 4245/3061/4245 4244/3062/4244
f 230/3063/230 4240/3064/4240 2083/3065/2083
f 2276/3066/2276 4241/3058/4241 4240/3064/4240
f 2275/3063/2275 3371/3067/3371 4241/3058/4241
f 4241/3058/4241 3372/3068/3372 4243/3059/4243
f 4243/3059/4243 3373/3069/3373 4245/3061/4245
f 4245/3061/4245 335/500/335 2278/3039/2278
f 4244/3062/4244 2278/3039/2278 2277/3037/2277
f 2085/3070/2085 2277/3037/2277 236/500/236
f 2084/3071/2084 4244/3062/4244 2085/3070/2085
f 2083/3065/2083 4242/3060/4242 2084/3071/2084
f 2231/3072/2231 4247/3073/4247 4248/3074/4248
f 4247/3073/4247 3347/3075/3347 4248/3074/4248
f 339/3076/339 4246/3077/4246 2231/3072/2231
f 3358/3078/3358 3349/3079/3349 4246/3077/4246
f 4246/3077/4246 3348/3080/3348 4247/3073/4247
f 3347/3075/3347 3338/2884/3338 2253/2883/2253
f 4745/3081/4745 2253/3082/2253 3326/3083/3326
f 4249/3084/4249 3328/3085/3328 4251/3086/4251
f 3367/3087/3367 4249/3084/4249 2241/3088/2241
f 3367/3087/3367 3329/3089/3329 4250/3090/4250
f 3328/3085/3328 231/3091/231 2243/3092/2243
f 4251/3086/4251 2243/3093/2243 251/3094/251
f 2270/3095/2270 4251/3086/4251 2271/3096/2271
f 333/3097/333 3366/3098/3366 2270/3095/2270
f 4253/3099/4253 3448/3100/3448 4254/3101/4254
f 3323/2870/3323 4253/3099/4253 2291/3102/2291
f 3357/2905/3357 4252/3103/4252 4253/3099/4253
f 344/3104/344 4252/3103/4252 3356/2912/3356
f 4254/3101/4254 3418/2949/3418 3417/2946/3417
f 2292/3105/2292 3417/2946/3417 255/2948/255
f 2291/3102/2291 4254/3101/4254 2292/3105/2292
f 3409/3106/3409 3410/3107/3410 1879/575/1879
f 187/3108/187 1881/573/1881 3411/3109/3411
f 3411/3109/3411 1880/571/1880 3410/3107/3410
f 1879/575/1879 164/3110/164 2227/2897/2227
f 4255/3111/4255 3364/3112/3364 2299/3113/2299
f 2299/3113/2299 3365/3114/3365 229/2630/229
f 2300/3115/2300 4255/3111/4255 2299/3113/2299
f 2261/3116/2261 4255/3111/4255 2300/3115/2300
f 2261/3116/2261 4256/3117/4256 4255/3111/4255
f 2260/3118/2260 3360/3119/3360 4256/3117/4256
f 4256/3117/4256 3359/3120/3359 3364/3112/3364
f 2069/3121/2069 4257/3122/4257 2299/3123/2299
f 2300/591/2300 2254/3124/2254 256/3125/256
f 2299/3123/2299 2254/3124/2254 2300/591/2300
f 2069/3121/2069 2299/3123/2299 229/595/229
f 2255/3126/2255 4257/3122/4257 228/3127/228
f 4258/2873/4258 4259/3128/4259 4272/3129/4272
f 4258/2873/4258 3416/2871/3416 4259/3128/4259
f 4272/3129/4272 4259/3128/4259 4271/3130/4271
f 2264/2874/2264 4258/2873/4258 4272/3129/4272
f 3415/2864/3415 3416/2871/3416 4258/2873/4258
f 3416/2871/3416 2292/3105/2292 4259/3128/4259
f 4259/3128/4259 255/2948/255 3433/3131/3433
f 4259/3128/4259 3433/3131/3433 3434/3132/3434
f 4271/3130/4271 3434/3132/3434 219/3133/219
f 2303/3134/2303 4260/3135/4260 3423/2928/3423
f 4260/3135/4260 2303/3134/2303 2304/3136/2304
f 3425/2929/3425 4260/3135/4260 3420/3137/3420
f 4261/3138/4261 2305/3139/2305 2265/3140/2265
f 2305/3139/2305 3423/610/3423 2298/2889/2298
f 2305/3139/2305 2303/611/2303 3423/610/3423
f 2265/3140/2265 2306/3141/2306 257/3142/257
f 4262/2888/4262 2305/3139/2305 2298/2889/2298
f 4262/2888/4262 2306/3141/2306 2305/3139/2305
f 2306/3141/2306 2266/3143/2266 257/3142/257
f 4262/2888/4262 4264/3144/4264 2306/3141/2306
f 2256/3145/2256 4263/3146/4263 4262/2888/4262
f 2267/3147/2267 4263/3146/4263 2307/616/2307
f 2307/616/2307 4265/3148/4265 2308/3149/2308
f 4265/3148/4265 4263/3146/4263 2257/2887/2257
f 2308/3149/2308 2259/3150/2259 3360/3119/3360
f 2307/616/2307 2309/3151/2309 2267/3147/2267
f 2307/616/2307 2308/3149/2308 2309/3151/2309
f 2309/3151/2309 2268/3152/2268 2267/3147/2267
f 2309/3151/2309 2269/3153/2269 2268/3152/2268
f 2310/3154/2310 2308/3149/2308 3360/3119/3360
f 2269/3153/2269 2311/3155/2311 258/3156/258
f 2260/3118/2260 4267/3157/4267 2311/3155/2311
f 2260/3118/2260 2310/3154/2310 3360/3119/3360
f 2312/3158/2312 2261/3116/2261 256/3125/256
f 2311/3155/2311 2313/3159/2313 258/3156/258
f 2311/3155/2311 2312/3158/2312 2313/3159/2313
f 2313/3159/2313 2332/3160/2332 258/3156/258
f 4268/3161/4268 2312/3158/2312 256/3125/256
f 2254/3124/2254 2255/3126/2255 256/3125/256
f 256/3125/256 2315/3162/2315 4268/3161/4268
f 2315/3162/2315 2255/3126/2255 228/3127/228
f 4268/3161/4268 2315/3162/2315 2314/3163/2314
f 2156/3164/2156 228/3127/228 2068/636/2068
f 4269/3165/4269 2156/3166/2156 227/3167/227
f 4213/2894/4213 1953/2613/1953 226/458/226
f 2264/2874/2264 4270/3168/4270 4213/2894/4213
f 2317/2614/2317 2318/3169/2318 2487/3170/2487
f 4271/3171/4271 2318/3169/2318 4272/3172/4272
f 2318/3169/2318 2532/3173/2532 2487/3170/2487
f 2318/3169/2318 2053/3174/2053 2532/3173/2532
f 4272/3172/4272 4270/3168/4270 2264/2874/2264
f 4272/3172/4272 2318/3169/2318 4270/3168/4270
f 2053/3174/2053 4271/3171/4271 219/3175/219
f 4273/3176/4273 4275/3177/4275 3409/3106/3409
f 4274/3178/4274 4276/3179/4276 4275/3177/4275
f 3426/3180/3426 4274/3178/4274 4273/3176/4273
f 3427/3181/3427 3439/3182/3439 4274/3178/4274
f 4274/3178/4274 3439/3182/3439 4276/3179/4276
f 4276/3179/4276 3443/3183/3443 3411/3109/3411
f 4275/3177/4275 3411/3109/3411 3410/3107/3410
f 2218/3184/2218 3409/3106/3409 2227/2897/2227
f 2324/3185/2324 2265/3140/2265 257/3142/257
f 2265/3140/2265 4277/3186/4277 4261/3138/4261
f 2322/3187/2322 2051/3188/2051 2323/3189/2323
f 4278/3190/4278 2324/3185/2324 2326/3191/2326
f 2325/3192/2325 4279/3193/4279 2266/3143/2266
f 2266/3143/2266 2324/3185/2324 257/3142/257
f 2325/3192/2325 2266/3143/2266 2267/3147/2267
f 4279/3193/4279 2325/3192/2325 2326/3191/2326
f 2327/3194/2327 2049/3195/2049 2325/3192/2325
f 2325/3192/2325 2050/3196/2050 2326/3191/2326
f 2327/3194/2327 2325/3192/2325 2267/3147/2267
f 2049/3195/2049 2327/3194/2327 2328/3197/2328
f 2268/3152/2268 2327/3194/2327 2267/3147/2267
f 2329/3198/2329 2269/3153/2269 258/3156/258
f 4281/3199/4281 2269/3153/2269 2329/3198/2329
f 2328/3197/2328 4281/3199/4281 2048/3200/2048
f 4281/3199/4281 2047/3201/2047 2048/3200/2048
f 2047/3201/2047 2330/3202/2330 2333/3203/2333
f 258/3156/258 2332/3160/2332 2330/3202/2330
f 258/3156/258 2330/3202/2330 2329/3198/2329
f 2331/3204/2331 2314/3163/2314 2316/3205/2316
f 2330/3202/2330 2332/3160/2332 2333/3203/2333
f 2333/3203/2333 2600/3206/2600 2599/3207/2599
f 2600/3206/2600 4282/3208/4282 218/3209/218
f 2334/3210/2334 4282/3208/4282 4283/3211/4283
f 4283/3211/4283 2262/3212/2262 2263/3213/2263
f 2262/3212/2262 2331/3204/2331 2316/3205/2316
f 2334/3210/2334 2619/3214/2619 218/3215/218
f 2067/3216/2067 2263/3213/2263 227/3167/227
f 2066/3217/2066 2263/3213/2263 2067/3216/2067
f 1948/2625/1948 4285/3218/4285 2335/3219/2335
f 4285/3218/4285 2176/2622/2176 2061/2784/2061
f 4286/3220/4286 2842/3221/2842 2017/3222/2017
f 2016/3223/2016 4287/3224/4287 206/3225/206
f 2016/3223/2016 206/3225/206 2015/3226/2015
f 2381/3227/2381 2016/3223/2016 2843/3228/2843
f 2388/3229/2388 2014/3230/2014 206/3225/206
f 2346/3231/2346 2388/3229/2388 2390/3232/2390
f 2012/3233/2012 2351/3234/2351 2011/3235/2011
f 2398/3236/2398 2013/3237/2013 205/3238/205
f 2398/3236/2398 2012/3233/2012 2013/3237/2013
f 2351/3234/2351 2399/3239/2399 2352/3240/2352
f 2010/3241/2010 2360/3242/2360 204/3243/204
f 2009/3244/2009 4291/3245/4291 203/3246/203
f 204/3243/204 2009/3244/2009 2950/3247/2950
f 2335/3219/2335 2378/3248/2378 2017/3222/2017
f 4285/3218/4285 2378/3248/2378 2335/3219/2335
f 4292/3249/4292 4285/3218/4285 2061/2784/2061
f 2379/3250/2379 2378/3248/2378 2380/3251/2380
f 2336/3252/2336 4293/2786/4293 2337/2791/2337
f 4292/3249/4292 2336/3252/2336 2380/3251/2380
f 2337/2791/2337 4293/2786/4293 2179/2790/2179
f 2384/3253/2384 2339/3254/2339 2383/3255/2383
f 2338/3256/2338 2381/3227/2381 2843/3228/2843
f 2339/3254/2339 2381/3227/2381 2338/3256/2338
f 2383/3255/2383 2379/3250/2379 2380/3251/2380
f 2383/3255/2383 2339/3254/2339 2379/3250/2379
f 2381/3227/2381 2384/3253/2384 2382/3257/2382
f 2383/3255/2383 2341/3258/2341 2384/3253/2384
f 2385/3259/2385 2383/3255/2383 2380/3251/2380
f 2385/3259/2385 4294/3260/4294 2383/3255/2383
f 2343/3261/2343 2385/3259/2385 2386/3262/2386
f 2386/3262/2386 2385/3259/2385 2387/3263/2387
f 2336/3252/2336 2385/3259/2385 2380/3251/2380
f 2387/3263/2387 2336/3252/2336 2337/2791/2337
f 2386/3262/2386 2387/3263/2387 2340/3264/2340
f 2060/2792/2060 2387/3263/2387 2337/2791/2337
f 4287/3224/4287 2388/3229/2388 206/3225/206
f 2389/3265/2389 2382/3257/2382 2384/3253/2384
f 2389/3265/2389 4287/3224/4287 2382/3257/2382
f 2390/3232/2390 2347/3266/2347 2346/3231/2346
f 4296/3267/4296 2347/3266/2347 2390/3232/2390
f 2391/3268/2391 2389/3265/2389 2384/3253/2384
f 4297/3269/4297 4296/3267/4296 2389/3265/2389
f 2394/3270/2394 2342/3271/2342 2393/3272/2393
f 2341/3258/2341 2391/3268/2391 2384/3253/2384
f 2342/3271/2342 2391/3268/2391 2341/3258/2341
f 2393/3272/2393 2343/3261/2343 2386/3262/2386
f 2393/3272/2393 2342/3271/2342 2343/3261/2343
f 2391/3268/2391 2394/3270/2394 2392/3273/2392
f 2348/3274/2348 4298/3275/4298 2349/3276/2349
f 2393/3272/2393 2348/3274/2348 2394/3270/2394
f 2395/3277/2395 2393/3272/2393 2386/3262/2386
f 4299/3278/4299 4298/3275/4298 2395/3277/2395
f 2349/3276/2349 2397/3279/2397 259/3280/259
f 2349/3276/2349 4299/3278/4299 2397/3279/2397
f 2397/3279/2397 4299/3278/4299 2396/3281/2396
f 2340/3264/2340 2395/3277/2395 2386/3262/2386
f 4295/3282/4295 2395/3277/2395 2340/3264/2340
f 2396/3281/2396 2059/2795/2059 2182/2794/2182
f 2396/3281/2396 4295/3282/4295 2059/2795/2059
f 2396/3281/2396 259/3280/259 2397/3279/2397
f 2058/2797/2058 2396/3281/2396 2182/2794/2182
f 2344/3283/2344 2058/2797/2058 223/2800/223
f 2345/3284/2345 2400/3285/2400 2398/3236/2398
f 2345/3284/2345 2398/3236/2398 205/3238/205
f 2400/3285/2400 2345/3284/2345 2346/3231/2346
f 2398/3236/2398 2401/3286/2401 2399/3239/2399
f 2401/3286/2401 2353/3287/2353 2399/3239/2399
f 2400/3285/2400 2353/3287/2353 2401/3286/2401
f 2402/3288/2402 2400/3285/2400 2346/3231/2346
f 2353/3287/2353 2403/755/2403 2354/3289/2354
f 2405/3290/2405 4302/3291/4302 2404/3292/2404
f 2347/3266/2347 2402/3288/2402 2346/3231/2346
f 4302/3291/4302 4301/3293/4301 2402/3288/2402
f 2404/3292/2404 2392/3273/2392 2394/3270/2394
f 2404/3292/2404 2347/3266/2347 2392/3273/2392
f 4301/3293/4301 2405/3290/2405 2403/755/2403
f 2405/3290/2405 2355/3294/2355 2403/755/2403
f 2404/3292/2404 2355/3294/2355 2405/3290/2405
f 2406/3295/2406 2404/3292/2404 2394/3270/2394
f 2356/3296/2356 2408/3297/2408 260/3298/260
f 2356/3296/2356 2406/3295/2406 2408/3297/2408
f 2348/3274/2348 2406/3295/2406 2394/3270/2394
f 2349/3276/2349 2406/3295/2406 2348/3274/2348
f 2407/3299/2407 2349/3276/2349 259/3280/259
f 2407/3299/2407 260/3298/260 2408/3297/2408
f 2409/3300/2409 2407/3299/2407 259/3280/259
f 2357/3301/2357 2410/3302/2410 2412/3303/2412
f 2357/3301/2357 2409/3300/2409 2410/3302/2410
f 2411/3304/2411 2409/3300/2409 2344/3283/2344
f 2410/3302/2410 2409/3300/2409 2411/3304/2411
f 2344/3283/2344 2409/3300/2409 259/3280/259
f 2411/3304/2411 2344/3283/2344 223/2800/223
f 2410/3302/2410 2411/3304/2411 2412/3303/2412
f 2412/3303/2412 2350/3305/2350 2426/3306/2426
f 2057/2801/2057 2411/3304/2411 223/2800/223
f 2350/3305/2350 2056/2802/2056 2189/2804/2189
f 2352/3240/2352 4307/3307/4307 2351/3234/2351
f 2351/3234/2351 4290/3308/4290 2011/3235/2011
f 2413/3309/2413 2414/3310/2414 261/3311/261
f 4290/3308/4290 2414/3310/2414 2413/3309/2413
f 2416/3312/2416 4308/3313/4308 2415/3314/2415
f 2414/3310/2414 2361/3315/2361 261/3311/261
f 4307/3307/4307 4308/3313/4308 2414/3310/2414
f 2415/3314/2415 2352/3240/2352 2399/3239/2399
f 2415/3314/2415 4307/3307/4307 2352/3240/2352
f 2361/3315/2361 2416/3312/2416 2362/3316/2362
f 2353/3287/2353 2415/3314/2415 2399/3239/2399
f 2416/3312/2416 2417/3317/2417 2362/3316/2362
f 2415/3314/2415 2417/3317/2417 2416/3312/2416
f 2417/3317/2417 2363/3318/2363 2362/3316/2362
f 2418/3319/2418 2354/3289/2354 2403/755/2403
f 2418/3319/2418 2417/3317/2417 2354/3289/2354
f 2364/3320/2364 2419/3321/2419 262/3322/262
f 2363/3318/2363 2419/3321/2419 2364/3320/2364
f 2355/3294/2355 2418/3319/2418 2403/755/2403
f 4311/3323/4311 2419/3321/2419 2418/3319/2418
f 2420/3324/2420 2356/3296/2356 260/3298/260
f 2421/3325/2421 4311/3323/4311 2420/3324/2420
f 4311/3323/4311 2355/3294/2355 2356/3296/2356
f 2419/3321/2419 2421/3325/2421 262/3322/262
f 2420/3324/2420 4312/3326/4312 2421/3325/2421
f 2421/3325/2421 2439/3327/2439 262/3322/262
f 2421/3325/2421 2365/3328/2365 2439/3327/2439
f 2422/3329/2422 2420/3324/2420 260/3298/260
f 2423/3330/2423 2420/3324/2420 2422/3329/2422
f 2365/3328/2365 2423/3330/2423 263/3331/263
f 2422/3329/2422 4313/3332/4313 2423/3330/2423
f 4305/3333/4305 2422/3329/2422 260/3298/260
f 2424/3334/2424 2357/3301/2357 2412/3303/2412
f 4313/3332/4313 4305/3333/4305 2357/3301/2357
f 2423/3330/2423 2425/3335/2425 263/3331/263
f 2423/3330/2423 2424/3334/2424 2425/3335/2425
f 2425/3335/2425 2366/3336/2366 263/3331/263
f 2426/3306/2426 2424/3334/2424 2412/3303/2412
f 4315/3337/4315 2424/3334/2424 2426/3306/2426
f 2366/3336/2366 2427/3338/2427 264/3339/264
f 4314/3340/4314 4315/3337/4315 2427/3338/2427
f 2428/2808/2428 2350/3305/2350 2189/2804/2189
f 4316/3341/4316 2350/3305/2350 2428/2808/2428
f 2427/3338/2427 2358/3342/2358 264/3339/264
f 2427/3338/2427 4316/3341/4316 2358/3342/2358
f 2359/3343/2359 2055/2807/2055 2193/2810/2193
f 261/3311/261 2429/3344/2429 2360/3242/2360
f 2360/3242/2360 2429/3344/2429 204/3243/204
f 261/3311/261 2360/3242/2360 2413/3309/2413
f 2430/3345/2430 2431/3346/2431 265/3347/265
f 2429/3344/2429 2431/3346/2431 2430/3345/2430
f 2431/3346/2431 2370/3348/2370 265/3347/265
f 2431/3346/2431 4317/3349/4317 2370/3348/2370
f 2432/3350/2432 2431/3346/2431 261/3311/261
f 2370/3348/2370 2434/3351/2434 2371/3352/2371
f 2362/3316/2362 2433/820/2433 2361/3315/2361
f 2361/3315/2361 2432/3350/2432 261/3311/261
f 2361/3315/2361 2433/820/2433 2432/3350/2432
f 2436/3353/2436 2362/3316/2362 2435/3354/2435
f 2434/3351/2434 2436/3353/2436 2371/3352/2371
f 2433/820/2433 2436/3353/2436 2434/3351/2434
f 2436/3353/2436 2372/3355/2372 2371/3352/2371
f 4318/3356/4318 4328/3357/4328 2372/3355/2372
f 2373/3358/2373 2437/3359/2437 266/3360/266
f 4328/3357/4328 2437/3359/2437 2373/3358/2373
f 2364/3320/2364 4319/3361/4319 2363/3318/2363
f 2363/3318/2363 2435/3354/2435 2362/3316/2362
f 2363/3318/2363 2437/3359/2437 2435/3354/2435
f 4320/3362/4320 2364/3320/2364 262/3322/262
f 2437/3359/2437 2438/3363/2438 266/3360/266
f 4319/3361/4319 4320/3362/4320 2438/3363/2438
f 2438/3363/2438 2457/3364/2457 266/3360/266
f 2438/3363/2438 2374/3365/2374 2457/3364/2457
f 2440/3366/2440 262/3322/262 2439/3327/2439
f 2374/3365/2374 2440/3366/2440 267/3367/267
f 2441/3368/2441 2365/3328/2365 263/3331/263
f 2442/3369/2442 2365/3328/2365 2441/3368/2441
f 2440/3366/2440 2442/3369/2442 267/3367/267
f 2441/3368/2441 4322/3370/4322 2442/3369/2442
f 2442/3369/2442 2460/3371/2460 267/3367/267
f 2442/3369/2442 4331/3372/4331 2460/3371/2460
f 2375/3373/2375 2443/3374/2443 2446/3375/2446
f 4331/3372/4331 4322/3370/4322 2375/3373/2375
f 263/3331/263 2445/3376/2445 2443/3374/2443
f 263/3331/263 2443/3374/2443 2441/3368/2441
f 2444/3377/2444 2366/3336/2366 264/3339/264
f 2445/3378/2445 2366/3336/2366 2444/3377/2444
f 2443/3374/2443 2445/3378/2445 2446/3375/2446
f 2447/3379/2447 2444/3377/2444 264/3339/264
f 264/3339/264 2449/3380/2449 2447/3379/2447
f 2359/3343/2359 264/3339/264 2358/3342/2358
f 2448/2813/2448 2359/3343/2359 2193/2810/2193
f 2449/3380/2449 2359/3343/2359 2448/2813/2448
f 2447/3379/2447 2367/3381/2367 2377/3382/2377
f 2447/3379/2447 2449/3380/2449 2367/3381/2367
f 4324/3383/4324 2192/2812/2192 222/2818/222
f 265/3347/265 4325/3384/4325 2369/3385/2369
f 2369/3385/2369 4123/2607/4123 203/2609/203
f 4326/3386/4326 2703/3387/2703 2042/3388/2042
f 2371/3352/2371 2451/3389/2451 2370/3348/2370
f 2370/3348/2370 2451/3389/2451 265/3347/265
f 2454/3390/2454 2371/3352/2371 2453/3391/2453
f 2452/3392/2452 2454/3390/2454 216/3393/216
f 2451/3389/2451 2454/3390/2454 2452/3392/2452
f 2454/3390/2454 2041/3394/2041 216/3393/216
f 4327/3395/4327 2455/3396/2455 215/3397/215
f 2372/3355/2372 2453/3391/2453 2371/3352/2371
f 2372/3355/2372 2455/3396/2455 2453/3391/2453
f 2455/3396/2455 2456/3398/2456 215/3397/215
f 2456/3398/2456 2040/3399/2040 215/3397/215
f 266/3360/266 2456/3398/2456 2373/3358/2373
f 2459/3400/2459 2374/3365/2374 267/3367/267
f 2458/3401/2458 2459/3400/2459 2039/3402/2039
f 2457/3364/2457 2459/3400/2459 2458/3401/2458
f 2461/3403/2461 267/3367/267 2460/3371/2460
f 2038/3404/2038 2461/3403/2461 2037/3405/2037
f 2460/3371/2460 4331/3372/4331 2461/3403/2461
f 2462/3406/2462 2375/3373/2375 2446/3375/2446
f 4332/3407/4332 2375/3373/2375 2462/3406/2462
f 2461/3403/2461 4332/3407/4332 2037/3405/2037
f 4332/3407/4332 2036/3408/2036 2037/3405/2037
f 2036/3408/2036 2463/3409/2463 214/3410/214
f 2376/3411/2376 4333/3412/4333 2463/3409/2463
f 2376/3411/2376 2462/3406/2462 2446/3375/2446
f 2376/3411/2376 2463/3409/2463 2462/3406/2462
f 4333/3412/4333 2376/3411/2376 2377/3382/2377
f 2463/3409/2463 2035/3413/2035 214/3410/214
f 2463/3409/2463 2464/3414/2464 2035/3413/2035
f 2464/3414/2464 4334/3415/4334 2035/3413/2035
f 2465/3416/2465 2464/3414/2464 2377/3382/2377
f 2466/3417/2466 4334/3415/4334 2465/3416/2465
f 2465/3416/2465 2368/3418/2368 2466/3417/2466
f 2367/3381/2367 2465/3416/2465 2377/3382/2377
f 2367/3381/2367 2368/3418/2368 2465/3416/2465
f 2467/2820/2467 2368/3418/2368 222/2818/222
f 4335/2821/4335 2368/3418/2368 2467/2820/2467
f 2466/3417/2466 4335/2821/4335 2034/3419/2034
f 2033/3420/2033 1956/2819/1956 1951/3421/1951
f 1951/3421/1951 4336/2620/4336 2468/3422/2468
f 2046/3423/2046 2471/3424/2471 2045/3425/2045
f 2045/3425/2045 2475/3426/2475 2044/3427/2044
f 2045/3425/2045 2471/3424/2471 2475/3426/2475
f 2472/3428/2472 2474/3429/2474 2469/3430/2469
f 2471/3424/2471 2474/3429/2474 2472/3428/2472
f 2044/3427/2044 4337/3431/4337 2043/3432/2043
f 2043/3432/2043 2473/3433/2473 217/3434/217
f 2473/3433/2473 4337/3431/4337 2476/3435/2476
f 4337/3431/4337 2475/3426/2475 2476/3435/2476
f 2468/3422/2468 2046/3423/2046 2620/3436/2620
f 4336/2620/4336 4338/3437/4338 2468/3422/2468
f 4338/3437/4338 2474/3429/2474 2046/3423/2046
f 2470/3438/2470 4338/3437/4338 221/2621/221
f 2474/3429/2474 4338/3437/4338 2469/3430/2469
f 2469/3430/2469 4338/3437/4338 2470/3438/2470
f 3303/917/3303 4339/3439/4339 2472/3428/2472
f 4340/3440/4340 1771/283/1771 1714/2261/1714
f 4199/415/4199 165/924/165 647/416/647
f 165/924/165 2480/3441/2480 4341/925/4341
f 4343/3442/4343 4344/2972/4344 2480/3441/2480
f 2480/3441/2480 2477/3443/2477 2479/3444/2479
f 2480/3441/2480 4344/2972/4344 2477/3443/2477
f 2054/2970/2054 4343/3442/4343 4199/415/4199
f 1775/935/1775 1743/936/1743 2481/3445/2481
f 1743/936/1743 2020/3446/2020 2481/3445/2481
f 1744/940/1744 2020/3446/2020 1743/936/1743
f 4347/3447/4347 1745/937/1745 166/2254/166
f 1745/937/1745 4346/3448/4346 1744/940/1744
f 208/3449/208 4347/3447/4347 2483/3450/2483
f 2478/2253/2478 2482/3451/2482 4347/3447/4347
f 2483/3450/2483 2019/3452/2019 208/3449/208
f 2482/3451/2482 2019/3452/2019 2483/3450/2483
f 4348/3453/4348 2482/3451/2482 2479/3444/2479
f 2477/3443/2477 4348/3453/4348 2479/3444/2479
f 2485/3454/2485 4344/2972/4344 2239/2973/2239
f 4350/3455/4350 4349/3456/4349 2485/3454/2485
f 2484/3457/2484 4350/3455/4350 207/3458/207
f 4348/3453/4348 4349/3456/4349 2484/3457/2484
f 2018/3459/2018 4350/3455/4350 2485/3454/2485
f 2486/3460/2486 4351/3461/4351 2487/3170/2487
f 4438/3462/4438 2486/3460/2486 2032/3463/2032
f 4351/3461/4351 2486/3460/2486 4438/3462/4438
f 1952/2612/1952 2018/3459/2018 1954/2976/1954
f 2487/3170/2487 1952/2612/1952 2317/2614/2317
f 2733/3464/2733 213/3465/213 2031/3466/2031
f 4352/3467/4352 2733/3464/2733 2032/3468/2032
f 2030/3469/2030 4353/3470/4353 212/3471/212
f 2533/3472/2533 2030/3469/2030 213/3465/213
f 2028/3473/2028 2497/3474/2497 2027/3475/2027
f 2029/3476/2029 2497/3474/2497 2028/3473/2028
f 2540/3477/2540 2029/3476/2029 212/3471/212
f 2498/3478/2498 2540/3477/2540 2542/3479/2542
f 2026/3480/2026 2503/3481/2503 211/3482/211
f 2550/3483/2550 2026/3480/2026 2027/3475/2027
f 2503/3481/2503 2551/3484/2551 2504/3485/2504
f 4356/3486/4356 2025/3487/2025 211/3482/211
f 2025/3487/2025 2512/3488/2512 210/3489/210
f 211/3482/211 2025/3487/2025 2814/3490/2814
f 2582/3491/2582 4357/3492/4357 2024/3493/2024
f 4390/3494/4390 2582/3491/2582 2521/3495/2521
f 2486/3460/2486 2530/3496/2530 2032/3463/2032
f 4358/3497/4358 2486/3460/2486 2487/3170/2487
f 2531/3498/2531 4358/3497/4358 268/3499/268
f 2531/3498/2531 2530/3496/2530 4358/3497/4358
f 4358/3497/4358 2488/3500/2488 268/3499/268
f 2532/3173/2532 2488/3500/2488 4358/3497/4358
f 2489/3501/2489 2053/3174/2053 219/3175/219
f 2536/3502/2536 2490/3503/2490 2535/3504/2535
f 2490/3503/2490 2533/3472/2533 213/3465/213
f 2535/3504/2535 2531/3498/2531 268/3499/268
f 2535/3504/2535 2490/3503/2490 2531/3498/2531
f 2533/3472/2533 2536/3502/2536 2534/3505/2534
f 2535/3504/2535 2493/3506/2493 2536/3502/2536
f 2495/3507/2495 2537/3508/2537 2538/3509/2538
f 2489/3501/2489 2537/3508/2537 2488/3500/2488
f 2539/3510/2539 2489/3501/2489 219/3175/219
f 2538/3509/2538 2539/3510/2539 2491/3511/2491
f 4353/3470/4353 2540/3477/2540 212/3471/212
f 2541/3512/2541 2534/3505/2534 2536/3502/2536
f 2541/3512/2541 4353/3470/4353 2534/3505/2534
f 2542/3479/2542 2499/3513/2499 2498/3478/2498
f 4361/3514/4361 2499/3513/2499 2542/3479/2542
f 2543/3515/2543 2541/3512/2541 2536/3502/2536
f 4362/3516/4362 4361/3514/4361 2541/3512/2541
f 2546/3517/2546 2494/3518/2494 2545/3519/2545
f 2493/3506/2493 2543/3515/2543 2536/3502/2536
f 2494/3518/2494 2543/3515/2543 2493/3506/2493
f 2545/3519/2545 2495/3507/2495 2538/3509/2538
f 2545/3519/2545 2494/3518/2494 2495/3507/2495
f 2543/3515/2543 2546/3517/2546 2544/3520/2544
f 2500/3521/2500 4363/3522/4363 2501/3523/2501
f 2545/3519/2545 2500/3521/2500 2546/3517/2546
f 2547/3524/2547 2545/3519/2545 2538/3509/2538
f 2501/3523/2501 2549/3525/2549 269/3526/269
f 2501/3523/2501 2547/3524/2547 2549/3525/2549
f 2549/3525/2549 2492/3527/2492 2548/3528/2548
f 2491/3511/2491 2547/3524/2547 2538/3509/2538
f 2492/3527/2492 2547/3524/2547 2491/3511/2491
f 2548/3528/2548 2052/3529/2052 2323/3530/2323
f 2548/3528/2548 2492/3527/2492 2052/3529/2052
f 269/3526/269 4364/3531/4364 2496/3532/2496
f 2548/3528/2548 269/3526/269 2549/3525/2549
f 2051/3188/2051 2548/3528/2548 2323/3530/2323
f 4278/3190/4278 4364/3531/4364 2051/3188/2051
f 2496/3532/2496 4278/3190/4278 2326/3191/2326
f 4365/3533/4365 2553/3534/2553 2550/3483/2550
f 2552/3535/2552 2553/3534/2553 4365/3533/4365
f 2497/3474/2497 2550/3483/2550 2027/3475/2027
f 2552/3535/2552 4365/3533/4365 2498/3478/2498
f 2550/3483/2550 2553/3534/2553 2551/3484/2551
f 2506/3536/2506 4366/3537/4366 2554/3538/2554
f 2553/3534/2553 2505/3539/2505 2551/3484/2551
f 2554/3538/2554 2552/3535/2552 2498/3478/2498
f 2554/3538/2554 2553/3534/2553 2552/3535/2552
f 2506/3536/2506 2554/3538/2554 2556/3540/2556
f 2556/3540/2556 4367/3541/4367 2555/3542/2555
f 2499/3513/2499 2554/3538/2554 2498/3478/2498
f 2555/3542/2555 2544/3520/2544 2546/3517/2546
f 2555/3542/2555 2499/3513/2499 2544/3520/2544
f 2507/3543/2507 4368/3544/4368 2508/3545/2508
f 2556/3540/2556 2507/3543/2507 2506/3536/2506
f 2555/3542/2555 2507/3543/2507 2556/3540/2556
f 2557/3546/2557 2555/3542/2555 2546/3517/2546
f 2508/3545/2508 2559/3547/2559 270/3548/270
f 2508/3545/2508 2557/3546/2557 2559/3547/2559
f 2500/3521/2500 2557/3546/2557 2546/3517/2546
f 2501/3523/2501 2557/3546/2557 2500/3521/2500
f 2558/3549/2558 2501/3523/2501 269/3526/269
f 270/3548/270 2561/3550/2561 2509/3551/2509
f 2558/3549/2558 270/3548/270 2559/3547/2559
f 2560/3552/2560 2558/3549/2558 269/3526/269
f 2561/3550/2561 2558/3549/2558 2560/3552/2560
f 2509/3551/2509 2562/3553/2562 2564/3554/2564
f 2509/3551/2509 2561/3550/2561 2562/3553/2562
f 2496/3532/2496 2560/3552/2560 269/3526/269
f 2563/3555/2563 2496/3532/2496 2326/3191/2326
f 2562/3553/2562 4370/3556/4370 2564/3554/2564
f 2564/3554/2564 2502/3557/2502 2579/3558/2579
f 2050/3196/2050 2563/3555/2563 2326/3191/2326
f 2049/3195/2049 2563/3555/2563 2050/3196/2050
f 2502/3557/2502 2049/3195/2049 2328/3197/2328
f 2504/3485/2504 4372/3559/4372 2503/3481/2503
f 2503/3481/2503 4356/3486/4356 211/3482/211
f 2565/3560/2565 2566/3561/2566 271/3562/271
f 4356/3486/4356 2566/3561/2566 2565/3560/2565
f 2568/3563/2568 4373/3564/4373 2567/3565/2567
f 2566/3561/2566 2513/3566/2513 271/3562/271
f 4372/3559/4372 4373/3564/4373 2566/3561/2566
f 2567/3565/2567 2504/3485/2504 2551/3484/2551
f 2567/3565/2567 4372/3559/4372 2504/3485/2504
f 2513/3566/2513 2568/3563/2568 2514/3567/2514
f 2505/3539/2505 2567/3565/2567 2551/3484/2551
f 4366/3537/4366 4374/3568/4374 2505/3539/2505
f 2569/3569/2569 4366/3537/4366 2506/3536/2506
f 2568/3563/2568 2570/3570/2570 2514/3567/2514
f 2567/3565/2567 2570/3570/2570 2568/3563/2568
f 2572/3571/2572 4375/3572/4375 2571/3573/2571
f 2570/3570/2570 2515/3574/2515 2514/3567/2514
f 2571/3573/2571 2569/3569/2569 2506/3536/2506
f 2571/3573/2571 2570/3570/2570 2569/3569/2569
f 2516/3575/2516 2572/3571/2572 272/3576/272
f 2515/3574/2515 2572/3571/2572 2516/3575/2516
f 2507/3543/2507 2571/3573/2571 2506/3536/2506
f 2508/3545/2508 4376/3577/4376 2507/3543/2507
f 2573/3578/2573 2508/3545/2508 270/3548/270
f 2572/3571/2572 2574/3579/2574 272/3576/272
f 2571/3573/2571 4376/3577/4376 2572/3571/2572
f 4376/3577/4376 2573/3578/2573 2574/3579/2574
f 2574/3579/2574 2591/3580/2591 272/3576/272
f 2574/3579/2574 2517/3581/2517 2591/3580/2591
f 2575/3582/2575 2573/3578/2573 270/3548/270
f 2576/3583/2576 2573/3578/2573 2575/3582/2575
f 2517/3581/2517 2576/3583/2576 273/3584/273
f 2575/3582/2575 4378/3585/4378 2576/3583/2576
f 2509/3551/2509 2575/3582/2575 270/3548/270
f 2577/3586/2577 2509/3551/2509 2564/3554/2564
f 2576/3583/2576 2578/3587/2578 273/3584/273
f 2576/3583/2576 2577/3586/2577 2578/3587/2578
f 2578/3587/2578 2518/3588/2518 273/3584/273
f 2579/3558/2579 2577/3586/2577 2564/3554/2564
f 4380/3589/4380 2577/3586/2577 2579/3558/2579
f 2518/3588/2518 2580/3590/2580 274/3591/274
f 4379/3592/4379 4380/3589/4380 2580/3590/2580
f 2581/3593/2581 2502/3557/2502 2328/3197/2328
f 2580/3590/2580 2510/3594/2510 274/3591/274
f 2580/3590/2580 2581/3593/2581 2510/3594/2510
f 2048/3200/2048 2581/3593/2581 2328/3197/2328
f 2047/3201/2047 2581/3593/2581 2048/3200/2048
f 2511/3595/2511 2047/3201/2047 2333/3203/2333
f 271/3562/271 2583/3596/2583 2512/3488/2512
f 2512/3488/2512 2024/3493/2024 210/3489/210
f 2512/3488/2512 2582/3491/2582 2024/3493/2024
f 271/3562/271 2512/3488/2512 2565/3560/2565
f 2582/3491/2582 2583/3596/2583 2521/3495/2521
f 2583/3596/2583 4382/3597/4382 2521/3495/2521
f 2584/3598/2584 2583/3596/2583 271/3562/271
f 2514/3567/2514 2585/3599/2585 2513/3566/2513
f 2513/3566/2513 2584/3598/2584 271/3562/271
f 2513/3566/2513 2585/3599/2585 2584/3598/2584
f 2588/3600/2588 2514/3567/2514 2587/3601/2587
f 2585/3599/2585 2588/3600/2588 2586/3602/2586
f 2588/3600/2588 2523/3603/2523 2586/3602/2586
f 4383/3604/4383 4393/3605/4393 2523/3603/2523
f 2524/3606/2524 2589/3607/2589 275/3608/275
f 4393/3605/4393 2589/3607/2589 2524/3606/2524
f 2516/3575/2516 4384/3609/4384 2515/3574/2515
f 2515/3574/2515 2587/3601/2587 2514/3567/2514
f 2515/3574/2515 2589/3607/2589 2587/3601/2587
f 4385/3610/4385 2516/3575/2516 272/3576/272
f 2589/3607/2589 2590/3611/2590 275/3608/275
f 4384/3609/4384 4385/3610/4385 2590/3611/2590
f 2590/3611/2590 2525/3612/2525 275/3608/275
f 2592/3613/2592 272/3576/272 2591/3580/2591
f 2526/3614/2526 2592/3613/2592 276/3615/276
f 2525/3612/2525 2592/3613/2592 2526/3614/2526
f 2593/3616/2593 2517/3581/2517 273/3584/273
f 2594/3617/2594 2517/3581/2517 2593/3616/2593
f 2592/3613/2592 2594/3617/2594 276/3615/276
f 2593/3616/2593 4387/3618/4387 2594/3617/2594
f 2594/3617/2594 2611/3619/2611 276/3615/276
f 2594/3617/2594 4396/3620/4396 2611/3619/2611
f 2527/3621/2527 2595/3622/2595 2598/3623/2598
f 4396/3620/4396 4387/3618/4387 2527/3621/2527
f 273/3584/273 2597/3624/2597 2595/3622/2595
f 273/3584/273 2595/3622/2595 2593/3616/2593
f 2596/3625/2596 2518/3588/2518 274/3591/274
f 2597/3626/2597 2518/3588/2518 2596/3625/2596
f 2595/3622/2595 2597/3626/2597 2598/3623/2598
f 4389/3627/4389 2596/3625/2596 274/3591/274
f 2511/3595/2511 274/3591/274 2510/3594/2510
f 2599/3207/2599 2511/3595/2511 2333/3203/2333
f 2600/3206/2600 2511/3595/2511 2599/3207/2599
f 4389/3627/4389 2519/3628/2519 2529/3629/2529
f 4389/3627/4389 2600/3206/2600 2519/3628/2519
f 4390/3494/4390 2023/3630/2023 209/3631/209
f 4390/3494/4390 4122/2602/4122 2023/3630/2023
f 2601/3632/2601 2602/3633/2602 2521/3495/2521
f 4122/2602/4122 2602/3633/2602 2007/2604/2007
f 2603/3634/2603 2604/3635/2604 2006/3636/2006
f 4382/3597/4382 2601/3632/2601 2521/3495/2521
f 2522/3637/2522 4391/3638/4391 4382/3597/4382
f 4391/3638/4391 2603/3634/2603 2601/3632/2601
f 2605/3639/2605 2522/3637/2522 2586/3602/2586
f 2606/3640/2606 2522/3637/2522 2605/3639/2605
f 2603/3634/2603 2606/3640/2606 2604/3635/2604
f 2005/3641/2005 4392/3642/4392 2607/3643/2607
f 2606/3640/2606 2005/3641/2005 2604/3635/2604
f 2005/3641/2005 2607/3643/2607 2004/3644/2004
f 2523/3603/2523 2605/3639/2605 2586/3602/2586
f 2523/3603/2523 4392/3642/4392 2605/3639/2605
f 4392/3642/4392 2608/3645/2608 2607/3643/2607
f 2608/3645/2608 2003/3646/2003 2607/3643/2607
f 4394/3647/4394 2002/3648/2002 2003/3646/2003
f 275/3608/275 2608/3645/2608 2524/3606/2524
f 2001/3649/2001 2609/3650/2609 2000/3651/2000
f 2609/3650/2609 2525/3612/2525 2610/3652/2610
f 2525/3612/2525 2609/3650/2609 275/3608/275
f 2610/3652/2610 2526/3614/2526 276/3615/276
f 2609/3650/2609 2610/3652/2610 2000/3651/2000
f 2610/3652/2610 1999/3653/1999 2000/3651/2000
f 2612/3654/2612 276/3615/276 2611/3619/2611
f 1999/3653/1999 2612/3654/2612 1998/3655/1998
f 2611/3619/2611 4396/3620/4396 2612/3654/2612
f 2613/3656/2613 2527/3621/2527 2598/3623/2598
f 4397/3657/4397 2527/3621/2527 2613/3656/2613
f 2612/3654/2612 4397/3657/4397 1998/3655/1998
f 4397/3657/4397 1997/3658/1997 1998/3655/1998
f 1997/3658/1997 2614/3659/2614 2616/3660/2616
f 2528/3661/2528 4398/3662/4398 2614/3659/2614
f 2528/3661/2528 2613/3656/2613 2598/3623/2598
f 2528/3661/2528 2614/3659/2614 2613/3656/2613
f 4398/3662/4398 2528/3661/2528 2529/3629/2529
f 2614/3659/2614 2615/3663/2615 2616/3660/2616
f 2615/3663/2615 4399/3664/4399 2616/3660/2616
f 2616/3660/2616 4399/3664/4399 2844/3665/2844
f 2617/3666/2617 2615/3663/2615 2529/3629/2529
f 2618/3667/2618 4399/3664/4399 2617/3666/2617
f 2617/3666/2617 2520/3668/2520 2618/3667/2618
f 2519/3628/2519 2617/3666/2617 2529/3629/2529
f 2519/3628/2519 2520/3668/2520 2617/3666/2617
f 2619/3214/2619 2520/3668/2520 218/3215/218
f 2618/3667/2618 2619/3214/2619 1996/3669/1996
f 2619/3214/2619 1995/3670/1995 1996/3669/1996
f 2033/3420/2033 4400/3671/4400 2656/3672/2656
f 2034/3419/2034 2656/3672/2656 2466/3417/2466
f 2033/3420/2033 2656/3672/2656 2034/3419/2034
f 1951/3421/1951 4400/3671/4400 2033/3420/2033
f 4334/3415/4334 214/3410/214 2035/3413/2035
f 4401/3673/4401 4334/3415/4334 2466/3417/2466
f 2036/3408/2036 2626/3674/2626 2037/3405/2037
f 2659/3675/2659 2036/3408/2036 214/3410/214
f 2038/3404/2038 2631/3676/2631 2039/3402/2039
f 2665/3677/2665 2038/3404/2038 2037/3405/2037
f 2632/3678/2632 2665/3677/2665 2667/3679/2667
f 2040/3399/2040 2636/3680/2636 215/3397/215
f 2675/3681/2675 2458/3401/2458 2039/3402/2039
f 2675/3681/2675 2040/3399/2040 2458/3401/2458
f 2636/3680/2636 2677/3682/2677 2637/3683/2637
f 2041/3394/2041 2642/3684/2642 216/3393/216
f 216/3393/216 2703/3387/2703 2452/3392/2452
f 2658/3685/2658 4406/3686/4406 2620/3436/2620
f 2657/3687/2657 2658/3685/2658 277/3688/277
f 2657/3687/2657 4406/3686/4406 2658/3685/2658
f 2658/3685/2658 2621/3689/2621 277/3688/277
f 2045/3425/2045 4407/3690/4407 2046/3423/2046
f 2620/3436/2620 4407/3690/4407 2658/3685/2658
f 2623/3691/2623 2045/3425/2045 2044/3427/2044
f 2624/3692/2624 2659/3675/2659 214/3410/214
f 2659/3675/2659 2661/3693/2661 2660/3694/2660
f 2624/3692/2624 2627/3695/2627 2661/3693/2661
f 2662/1191/2662 4408/3696/4408 277/3688/277
f 277/3688/277 4408/3696/4408 2624/3692/2624
f 2629/3697/2629 2662/1191/2662 2663/3698/2663
f 2621/3689/2621 2662/1191/2662 277/3688/277
f 2622/3699/2622 2662/1191/2662 2621/3689/2621
f 2664/3700/2664 2623/3691/2623 2044/3427/2044
f 2663/3698/2663 2664/3700/2664 2625/3701/2625
f 2043/3432/2043 2664/3700/2664 2044/3427/2044
f 4409/3702/4409 2043/3432/2043 217/3434/217
f 2626/3674/2626 2665/3677/2665 2037/3405/2037
f 2666/3703/2666 2660/3694/2660 2661/3693/2661
f 2666/3703/2666 2626/3674/2626 2660/3694/2660
f 2667/3679/2667 2633/3704/2633 2632/3678/2632
f 4410/3705/4410 2633/3704/2633 2667/3679/2667
f 2668/3706/2668 2666/3703/2666 2661/3693/2661
f 4411/3707/4411 4410/3705/4410 2666/3703/2666
f 2671/3708/2671 2628/3709/2628 2670/3710/2670
f 2627/3695/2627 2668/3706/2668 2661/3693/2661
f 2628/1204/2628 2668/3706/2668 2627/3695/2627
f 2670/3710/2670 2629/3697/2629 2663/3698/2663
f 2670/3710/2670 2628/1204/2628 2629/3697/2629
f 2668/3706/2668 2671/3708/2671 2669/3711/2669
f 2634/3712/2634 4412/3713/4412 2635/3714/2635
f 2670/3710/2670 2634/3712/2634 2671/3708/2671
f 2672/3715/2672 2670/3710/2670 2663/3698/2663
f 2673/3716/2673 4412/3713/4412 2672/3715/2672
f 2635/3714/2635 2673/3716/2673 278/3717/278
f 2674/3718/2674 2673/3716/2673 2672/3715/2672
f 2625/3701/2625 2672/3715/2672 2663/3698/2663
f 2674/3718/2674 4409/3702/4409 217/3434/217
f 2673/3716/2673 2674/3718/2674 278/3717/278
f 2674/3718/2674 4413/3719/4413 278/3717/278
f 4413/3719/4413 2630/3720/2630 278/3717/278
f 4673/2292/4673 2674/3718/2674 217/3434/217
f 38/1213/38 4413/3719/4413 4673/2292/4673
f 2678/3721/2678 2679/3722/2679 2631/3676/2631
f 2631/3676/2631 2675/3681/2675 2039/3402/2039
f 2678/3721/2678 2631/3676/2631 2632/3678/2632
f 2676/3723/2676 2679/3722/2679 2677/3682/2677
f 2679/3722/2679 2638/3724/2638 2677/3682/2677
f 2680/3725/2680 2678/3721/2678 2632/3678/2632
f 2680/3725/2680 2679/3722/2679 2678/3721/2678
f 2638/3724/2638 2681/3726/2681 2639/3727/2639
f 2683/3728/2683 4415/3729/4415 2682/3730/2682
f 2633/3704/2633 2680/3725/2680 2632/3678/2632
f 4415/3729/4415 4414/3731/4414 2680/3725/2680
f 2682/3730/2682 2669/3711/2669 2671/3708/2671
f 2682/3730/2682 2633/3704/2633 2669/3711/2669
f 4414/3731/4414 2683/3728/2683 2681/3726/2681
f 2640/3732/2640 4416/3733/4416 2641/3734/2641
f 2683/3728/2683 2640/3732/2640 2681/3726/2681
f 2682/3730/2682 2640/3732/2640 2683/3728/2683
f 2684/3735/2684 2682/3730/2682 2671/3708/2671
f 2641/3734/2641 2685/3736/2685 2687/3737/2687
f 2641/3734/2641 2684/3735/2684 2685/3736/2685
f 2634/3712/2634 2684/3735/2684 2671/3708/2671
f 2635/3714/2635 2684/3735/2684 2634/3712/2634
f 2686/3738/2686 2635/3714/2635 278/3717/278
f 2685/3736/2685 4417/3739/4417 2687/3737/2687
f 2687/3737/2687 4418/3740/4418 2689/3741/2689
f 2687/3737/2687 2689/3741/2689 2700/3742/2700
f 2688/3743/2688 2686/3738/2686 278/3717/278
f 4418/3740/4418 2686/3738/2686 2688/3743/2688
f 2630/3720/2630 2688/3743/2688 278/3717/278
f 2689/3741/2689 3304/2251/3304 279/3744/279
f 4418/3740/4418 4419/3745/4419 2689/3741/2689
f 4419/3745/4419 4674/3746/4674 3304/2251/3304
f 2637/3683/2637 4420/3747/4420 2636/3680/2636
f 2636/3680/2636 4405/3748/4405 215/3397/215
f 2690/3749/2690 2691/3750/2691 280/3751/280
f 4405/3748/4405 2691/3750/2691 2690/3749/2690
f 2693/3752/2693 4421/3753/4421 2692/3754/2692
f 2691/3750/2691 2643/3755/2643 280/3751/280
f 4420/3747/4420 4421/3753/4421 2691/3750/2691
f 2692/3754/2692 2637/3683/2637 2677/3682/2677
f 2692/3754/2692 4420/3747/4420 2637/3683/2637
f 2638/3724/2638 2692/3754/2692 2677/3682/2677
f 2693/3752/2693 2694/3756/2694 281/3757/281
f 2692/3754/2692 2694/3756/2694 2693/3752/2693
f 2696/3758/2696 4423/3759/4423 2695/3760/2695
f 2694/3756/2694 2644/3761/2644 281/3757/281
f 2695/3760/2695 2639/3727/2639 2681/3726/2681
f 2695/3760/2695 2694/3756/2694 2639/3727/2639
f 2645/3762/2645 2696/3758/2696 282/3763/282
f 2644/3761/2644 2696/3758/2696 2645/3762/2645
f 2640/3732/2640 2695/3760/2695 2681/3726/2681
f 2641/3734/2641 4424/3764/4424 2640/3732/2640
f 2697/3765/2697 2641/3734/2641 2687/3737/2687
f 2696/3758/2696 2699/3766/2699 282/3763/282
f 2695/3760/2695 4424/3764/4424 2696/3758/2696
f 4424/3764/4424 2698/3767/2698 2699/3766/2699
f 2699/3766/2699 2712/3768/2712 282/3763/282
f 2699/3766/2699 2646/3769/2646 2712/3768/2712
f 2700/3742/2700 2697/3765/2697 2687/3737/2687
f 4425/3770/4425 2698/3767/2698 2700/3742/2700
f 2646/3769/2646 2702/3771/2702 283/3772/283
f 2702/3771/2702 4426/3773/4426 2701/3774/2701
f 2701/3774/2701 2689/3741/2689 279/3744/279
f 2705/3775/2705 4427/3776/4427 2642/3684/2642
f 2642/3684/2642 2703/3387/2703 216/3393/216
f 2705/3775/2705 2690/3749/2690 280/3751/280
f 2705/3775/2705 2642/3684/2642 2690/3749/2690
f 2704/3777/2704 4428/3778/4428 284/3779/284
f 2703/3387/2703 4427/3776/4427 2704/3777/2704
f 4427/3776/4427 2705/3775/2705 4428/3778/4428
f 4428/3778/4428 4432/3780/4432 284/3779/284
f 4432/3780/4432 2707/3781/2707 2648/3782/2648
f 281/3757/281 2706/3783/2706 2643/3755/2643
f 2643/3755/2643 2706/3784/2706 280/3751/280
f 281/3757/281 2643/3755/2643 2693/3752/2693
f 2707/3781/2707 2708/3785/2708 2648/3782/2648
f 2706/3784/2706 2708/3785/2708 2707/3781/2707
f 2708/3785/2708 2649/3786/2649 2648/3782/2648
f 4429/3787/4429 4434/3788/4434 2649/3786/2649
f 2709/3789/2709 2708/3785/2708 281/3757/281
f 2650/3790/2650 2710/3791/2710 285/3792/285
f 4434/3788/4434 2710/3791/2710 2650/3790/2650
f 2645/3762/2645 4430/3793/4430 2644/3761/2644
f 2644/3761/2644 2709/3789/2709 281/3757/281
f 2644/3761/2644 2710/3791/2710 2709/3789/2709
f 2711/3794/2711 2645/3762/2645 282/3763/282
f 2710/3791/2710 2711/3794/2711 285/3792/285
f 282/3763/282 2652/3795/2652 2711/3794/2711
f 2711/3794/2711 2651/3796/2651 285/3792/285
f 2711/3794/2711 2652/3795/2652 2651/3796/2651
f 2713/3797/2713 282/3763/282 2712/3768/2712
f 2653/3798/2653 2713/3797/2713 286/3799/286
f 2652/3795/2652 2713/3797/2713 2653/3798/2653
f 2714/3800/2714 2646/3769/2646 283/3772/283
f 2713/3797/2713 2715/3801/2715 286/3799/286
f 2715/3801/2715 2654/3802/2654 286/3799/286
f 2714/3800/2714 4431/3803/4431 2715/3801/2715
f 2717/3804/2717 283/3772/283 2716/3805/2716
f 2655/3806/2655 4431/3803/4431 2717/3804/2717
f 284/3779/284 2719/3807/2719 2647/3808/2647
f 2647/3808/2647 1949/2596/1949 2042/2611/2042
f 2647/3808/2647 2718/2594/2718 1949/2596/1949
f 2718/2594/2718 2719/3807/2719 1994/2599/1994
f 1993/3809/1993 2720/3810/2720 2721/3811/2721
f 2720/3810/2720 2719/3807/2719 284/3779/284
f 4432/3780/4432 2720/3810/2720 284/3779/284
f 2723/3812/2723 2648/3782/2648 2722/3813/2722
f 2721/3811/2721 2723/3812/2723 2976/3814/2976
f 2720/3810/2720 2723/3812/2723 2721/3811/2721
f 2723/3812/2723 1992/3815/1992 2976/3814/2976
f 2649/3786/2649 2722/3813/2722 2648/3782/2648
f 2649/3786/2649 4433/3816/4433 2722/3813/2722
f 2724/3817/2724 2725/3818/2725 2980/3819/2980
f 4433/3816/4433 2725/3818/2725 2724/3817/2724
f 2725/3818/2725 1991/3820/1991 2980/3819/2980
f 285/3792/285 2725/3818/2725 2650/3790/2650
f 1990/3821/1990 2726/3822/2726 202/3823/202
f 1991/3820/1991 2726/3822/2726 1990/3821/1990
f 2651/3796/2651 4436/3824/4436 285/3792/285
f 2727/3825/2727 2653/3798/2653 286/3799/286
f 2728/3826/2728 2653/3798/2653 2727/3825/2727
f 2726/3822/2726 2728/3826/2728 202/3823/202
f 2727/3825/2727 1988/3827/1988 2728/3826/2728
f 2729/3828/2729 1988/3827/1988 2727/3825/2727
f 2728/3826/2728 1989/3829/1989 202/3823/202
f 2728/3826/2728 1988/3827/1988 1989/3829/1989
f 2655/3806/2655 4437/3830/4437 2654/3802/2654
f 4437/3830/4437 2655/3806/2655 3306/3831/3306
f 2727/3825/2727 2730/3832/2730 2729/3828/2729
f 2018/3459/2018 4438/3462/4438 2731/3833/2731
f 4350/3455/4350 2731/3833/2731 207/3458/207
f 2019/3452/2019 2734/3834/2734 208/3449/208
f 4439/3835/4439 2019/3452/2019 2484/3457/2484
f 2774/3836/2774 4440/3837/4440 2773/3838/2773
f 2020/3446/2020 4440/3837/4440 2481/3445/2481
f 2773/3838/2773 2020/3446/2020 208/3449/208
f 2021/929/2021 2741/3839/2741 28/930/28
f 2779/3840/2779 4345/931/4345 2481/3445/2481
f 2741/3839/2741 4441/3841/4441 2780/3842/2780
f 4441/3841/4441 2779/3840/2779 2780/3842/2780
f 3788/1371/3788 4442/3843/4442 2747/3844/2747
f 2747/3844/2747 4442/3843/4442 2748/3845/2748
f 2771/3846/2771 4443/3847/4443 2772/3848/2772
f 4438/3462/4438 207/3458/207 2731/3833/2731
f 2772/3848/2772 4438/3462/4438 2032/3463/2032
f 2776/3849/2776 4444/3850/4444 2775/3851/2775
f 2734/3834/2734 2773/3838/2773 208/3449/208
f 2775/3851/2775 4444/3850/4444 2771/3846/2771
f 2773/3838/2773 2776/3849/2776 2774/3836/2774
f 2775/3851/2775 2738/3852/2738 2776/3849/2776
f 4445/3853/4445 2775/3851/2775 2771/3846/2771
f 2777/3854/2777 4446/3855/4446 2778/3856/2778
f 2732/3857/2732 4445/3853/4445 2771/3846/2771
f 2733/3464/2733 4446/3855/4446 2732/3857/2732
f 4446/3855/4446 2777/3854/2777 4445/3853/4445
f 2778/3856/2778 2031/3466/2031 213/3465/213
f 2778/3856/2778 2733/3464/2733 2031/3466/2031
f 2777/3854/2777 2735/3858/2735 2740/3859/2740
f 2777/3854/2777 2778/3856/2778 2735/3858/2735
f 2735/3858/2735 4447/3860/4447 2736/3861/2736
f 2030/3469/2030 2778/3856/2778 213/3465/213
f 2736/3861/2736 2030/3469/2030 212/3471/212
f 4440/3837/4440 2779/3840/2779 2481/3445/2481
f 4440/3837/4440 2737/3862/2737 2779/3840/2779
f 2737/3862/2737 2774/3836/2774 2776/3849/2776
f 2779/3840/2779 2781/3863/2781 2780/3842/2780
f 2781/3863/2781 2742/3864/2742 2780/3842/2780
f 2782/3865/2782 2737/3862/2737 2776/3849/2776
f 4448/3866/4448 2781/3863/2781 2737/3862/2737
f 2743/3867/2743 2782/3865/2782 2783/3868/2783
f 2783/3868/2783 2739/3869/2739 2784/3870/2784
f 2738/3852/2738 2782/3865/2782 2776/3849/2776
f 2739/3869/2739 2782/3865/2782 2738/3852/2738
f 2784/3870/2784 2739/3869/2739 2740/3859/2740
f 2783/3868/2783 2784/3870/2784 2744/3871/2744
f 2744/3871/2744 4449/3872/4449 2745/3873/2745
f 2785/3874/2785 2784/3870/2784 2740/3859/2740
f 4450/3875/4450 4449/3872/4449 2785/3874/2785
f 2745/3873/2745 2787/3876/2787 287/3877/287
f 2745/3873/2745 4450/3875/4450 2787/3876/2787
f 2787/3876/2787 4450/3875/4450 2786/3878/2786
f 2735/3858/2735 2785/3874/2785 2740/3859/2740
f 2736/3861/2736 2785/3874/2785 2735/3858/2735
f 2786/3878/2786 2736/3861/2736 212/3471/212
f 2786/3878/2786 287/3877/287 2787/3876/2787
f 2029/3476/2029 2786/3878/2786 212/3471/212
f 2788/3879/2788 4452/3880/4452 2741/3839/2741
f 2741/3839/2741 1774/1332/1774 28/930/28
f 1774/1332/1774 4452/3880/4452 4442/3843/4442
f 2788/3879/2788 2741/3839/2741 2780/3842/2780
f 4442/3843/4442 2749/3881/2749 2748/3845/2748
f 4452/3880/4452 4453/3882/4453 2749/3881/2749
f 2789/3883/2789 2788/3879/2788 2780/3842/2780
f 2789/3883/2789 4453/3882/4453 2788/3879/2788
f 2792/3884/2792 4454/3885/4454 2791/3886/2791
f 2742/3864/2742 2789/3883/2789 2780/3842/2780
f 2791/3886/2791 2743/3867/2743 2783/3868/2783
f 2791/3886/2791 2742/3864/2742 2743/3867/2743
f 4454/3885/4454 2792/3884/2792 2790/3887/2790
f 2791/3886/2791 2750/3888/2750 2792/3884/2792
f 2793/3889/2793 2791/3886/2791 2783/3868/2783
f 2751/3890/2751 2794/3891/2794 2796/3892/2796
f 2751/3890/2751 2793/3889/2793 2794/3891/2794
f 2744/3871/2744 2793/3889/2793 2783/3868/2783
f 2745/3873/2745 2793/3889/2793 2744/3871/2744
f 2795/3893/2795 2745/3873/2745 287/3877/287
f 4457/3894/4457 4456/3895/4456 2795/3893/2795
f 2794/3891/2794 4457/3894/4457 2796/3892/2796
f 2796/3892/2796 4457/3894/4457 2752/3896/2752
f 2796/3892/2796 2752/3896/2752 2809/3897/2809
f 2797/3898/2797 2795/3893/2795 287/3877/287
f 2798/3899/2798 2795/3893/2795 2797/3898/2797
f 2752/3896/2752 2798/3899/2798 2800/3900/2800
f 2799/3901/2799 2798/3899/2798 2797/3898/2797
f 2799/3901/2799 2028/3473/2028 2027/3475/2027
f 2799/3901/2799 2797/3898/2797 2028/3473/2028
f 2798/3899/2798 2799/3901/2799 2800/3900/2800
f 2800/3900/2800 2746/3902/2746 2812/3903/2812
f 2746/3902/2746 2026/3480/2026 211/3482/211
f 3788/1371/3788 2747/3844/2747 3804/1405/3804
f 3804/1405/3804 3308/3904/3308 1739/1400/1739
f 4459/3905/4459 4460/3906/4460 2802/3907/2802
f 3308/3904/3308 4460/3906/4460 4459/3905/4459
f 2747/3844/2747 2801/3908/2801 4460/3906/4460
f 2749/3881/2749 2801/3908/2801 2748/3845/2748
f 2803/3909/2803 2790/3887/2790 2792/3884/2792
f 4461/3910/4461 2749/3881/2749 2790/3887/2790
f 2801/3908/2801 2804/1406/2804 2802/3907/2802
f 2804/1406/2804 2756/3911/2756 2802/3907/2802
f 2803/3909/2803 4462/3912/4462 2804/1406/2804
f 2805/3913/2805 2803/3909/2803 2792/3884/2792
f 2806/3914/2806 2803/3909/2803 2805/3913/2805
f 2757/3915/2757 2806/3914/2806 288/3916/288
f 2756/3911/2756 2806/3914/2806 2757/3915/2757
f 2750/3888/2750 2805/3913/2805 2792/3884/2792
f 2807/3917/2807 2751/3890/2751 2796/3892/2796
f 2808/3918/2808 4463/3919/4463 2807/3917/2807
f 4463/3919/4463 2750/3888/2750 2751/3890/2751
f 2806/3914/2806 2808/3918/2808 288/3916/288
f 2807/3917/2807 4464/3920/4464 2808/3918/2808
f 2808/3918/2808 2758/3921/2758 288/3916/288
f 2808/3918/2808 2759/3922/2759 2758/3921/2758
f 2809/3897/2809 2807/3917/2807 2796/3892/2796
f 2810/3923/2810 2807/3917/2807 2809/3897/2809
f 2759/3922/2759 2810/3923/2810 289/3924/289
f 2809/3897/2809 4465/3925/4465 2810/3923/2810
f 2811/3926/2811 2752/3896/2752 2800/3900/2800
f 2810/3923/2810 2760/3927/2760 289/3924/289
f 2810/3923/2810 2811/3926/2811 2760/3927/2760
f 2812/3903/2812 2811/3926/2811 2800/3900/2800
f 4467/3928/4467 2811/3926/2811 2812/3903/2812
f 2761/3929/2761 2813/3930/2813 290/3931/290
f 4466/3932/4466 4467/3928/4467 2813/3930/2813
f 2814/3490/2814 2746/3902/2746 211/3482/211
f 4468/3933/4468 2746/3902/2746 2814/3490/2814
f 2813/3930/2813 2753/3934/2753 290/3931/290
f 2813/3930/2813 4468/3933/4468 2753/3934/2753
f 2754/3935/2754 2025/3487/2025 210/3489/210
f 4459/3905/4459 2755/3936/2755 1740/1398/1740
f 2755/3936/2755 2815/3937/2815 4470/3938/4470
f 4470/3938/4470 2815/3937/2815 4471/3939/4471
f 4469/1467/4469 4471/3939/4471 2764/3940/2764
f 3814/1434/3814 4470/3938/4470 4469/1467/4469
f 4471/3939/4471 2765/3941/2765 2764/3940/2764
f 2766/3942/2766 2816/3943/2816 291/3944/291
f 2765/3941/2765 2816/3943/2816 2766/3942/2766
f 2757/3915/2757 4472/3945/4472 2756/3911/2756
f 2756/3911/2756 2815/3937/2815 2802/3907/2802
f 2756/3911/2756 2816/3943/2816 2815/3937/2815
f 2816/3943/2816 2817/3946/2817 291/3944/291
f 288/3916/288 2767/3947/2767 2817/3946/2817
f 2817/3946/2817 4480/3948/4480 291/3944/291
f 2817/3946/2817 2767/3947/2767 4480/3948/4480
f 288/3916/288 2817/3946/2817 2757/3915/2757
f 2768/3949/2768 2818/3950/2818 292/3951/292
f 2767/3947/2767 2818/3950/2818 2768/3949/2768
f 2758/3921/2758 2818/3950/2818 288/3916/288
f 2819/3952/2819 2759/3922/2759 289/3924/289
f 2820/3953/2820 2759/3922/2759 2819/3952/2819
f 2818/3950/2818 2820/3953/2820 292/3951/292
f 2819/3952/2819 4474/3954/4474 2820/3953/2820
f 2820/3953/2820 2832/3955/2832 292/3951/292
f 2820/3953/2820 4482/3956/4482 2832/3955/2832
f 2821/3957/2821 2819/3952/2819 289/3924/289
f 2769/3958/2769 2821/3957/2821 293/3959/293
f 4482/3956/4482 4474/3954/4474 2769/3958/2769
f 289/3924/289 2823/3960/2823 2821/3957/2821
f 2761/3929/2761 289/3924/289 2760/3927/2760
f 2822/3961/2822 2761/3929/2761 290/3931/290
f 2823/3962/2823 2761/3929/2761 2822/3961/2822
f 2821/3957/2821 2824/3963/2824 293/3959/293
f 2821/3957/2821 2823/3962/2823 2824/3963/2824
f 2824/3963/2824 2770/3964/2770 293/3959/293
f 2826/3965/2826 2822/3961/2822 290/3931/290
f 2770/3964/2770 4475/3966/4475 2825/3967/2825
f 2825/3967/2825 4475/3966/4475 2826/3965/2826
f 2754/3935/2754 290/3931/290 2753/3934/2753
f 2826/3965/2826 2754/3935/2754 210/3489/210
f 4357/3492/4357 210/3489/210 2024/3493/2024
f 4476/3968/4476 4357/3492/4357 209/3969/209
f 2764/3940/2764 4477/3970/4477 4469/1467/4469
f 4477/3970/4477 4478/1471/4478 1777/1470/1777
f 3287/3971/3287 2827/3972/2827 2828/3973/2828
f 4477/3970/4477 2827/3972/2827 4478/1471/4478
f 4478/1471/4478 3287/3971/3287 3288/1472/3288
f 2765/3941/2765 2827/3972/2827 2764/3940/2764
f 2827/3972/2827 2829/3974/2829 2828/3973/2828
f 2829/3974/2829 1970/3975/1970 2828/3973/2828
f 291/3944/291 2829/3974/2829 2766/3942/2766
f 1969/3976/1969 2830/3977/2830 3199/3978/3199
f 1970/3975/1970 2830/3977/2830 1969/3976/1969
f 4480/3948/4480 2830/3977/2830 291/3944/291
f 2831/3979/2831 2768/3949/2768 292/3951/292
f 2830/3977/2830 2831/3979/2831 3199/3978/3199
f 2831/3979/2831 1968/3980/1968 3199/3978/3199
f 2833/3981/2833 292/3951/292 2832/3955/2832
f 1967/3982/1967 2833/3981/2833 2835/3983/2835
f 2832/3955/2832 4482/3956/4482 2833/3981/2833
f 2834/3984/2834 2769/3958/2769 293/3959/293
f 4483/3985/4483 2769/3958/2769 2834/3984/2834
f 2833/3981/2833 4483/3985/4483 2835/3983/2835
f 4483/3985/4483 1966/3986/1966 2835/3983/2835
f 2835/3983/2835 1966/3986/1966 3250/3987/3250
f 1966/3986/1966 2836/3988/2836 2838/3989/2838
f 293/3959/293 2770/3964/2770 2836/3988/2836
f 293/3959/293 2836/3988/2836 2834/3984/2834
f 2837/3990/2837 2770/3964/2770 2825/3967/2825
f 2836/3988/2836 2837/3990/2837 2838/3989/2838
f 2837/3990/2837 4484/3991/4484 2838/3989/2838
f 2838/3989/2838 4484/3991/4484 3266/3992/3266
f 2839/3993/2839 2837/3990/2837 2825/3967/2825
f 2840/3994/2840 4484/3991/4484 2839/3993/2839
f 2839/3993/2839 4485/3995/4485 2840/3994/2840
f 2762/3996/2762 2839/3993/2839 2825/3967/2825
f 2762/3996/2762 4485/3995/4485 2839/3993/2839
f 2022/2600/2022 4486/3997/4486 2763/3998/2763
f 4486/3997/4486 3285/3999/3285 2840/3994/2840
f 2023/3630/2023 2763/3998/2763 209/3631/209
f 2022/2600/2022 2763/3998/2763 2023/3630/2023
f 1965/2589/1965 4486/3997/4486 2022/2600/2022
f 1996/3669/1996 2884/4000/2884 2618/3667/2618
f 1995/3670/1995 2884/4000/2884 1996/3669/1996
f 1948/2625/1948 1995/3670/1995 190/2626/190
f 4487/4001/4487 2335/3219/2335 2017/3222/2017
f 4487/4001/4487 1948/2625/1948 2335/3219/2335
f 4488/4002/4488 4399/3664/4399 2618/3667/2618
f 1997/3658/1997 2847/4003/2847 1998/3655/1998
f 2887/4004/2887 1997/3658/1997 2616/3660/2616
f 2893/4005/2893 1999/3653/1999 1998/3655/1998
f 2853/4006/2853 2893/4005/2893 2895/4007/2895
f 2003/3646/2003 2002/3648/2002 2859/4008/2859
f 2003/3646/2003 2859/4008/2859 2607/3643/2607
f 2902/4009/2902 2001/3649/2001 2000/3651/2000
f 2902/4009/2902 2002/3648/2002 2001/3649/2001
f 2859/4008/2859 2903/4010/2903 2860/4011/2860
f 2005/3641/2005 2868/4012/2868 2604/3635/2604
f 2603/3634/2603 4492/4013/4492 2007/4014/2007
f 2885/4015/2885 4493/4016/4493 2886/4017/2886
f 2886/4017/2886 4487/4001/4487 2017/3222/2017
f 2843/3228/2843 2842/3221/2842 2338/3256/2338
f 2890/4018/2890 2845/4019/2845 2889/4020/2889
f 2844/3665/2844 2887/4004/2887 2616/3660/2616
f 2845/4019/2845 2887/4004/2887 2844/3665/2844
f 2889/4020/2889 2845/4019/2845 2885/4015/2885
f 2887/4004/2887 2890/4018/2890 2888/4021/2888
f 2889/4020/2889 2848/4022/2848 2890/4018/2890
f 4494/4023/4494 2889/4020/2889 2885/4015/2885
f 2891/4024/2891 4495/4025/4495 2892/4026/2892
f 2841/4027/2841 4494/4023/4494 2885/4015/2885
f 2842/3221/2842 4495/4025/4495 2841/4027/2841
f 4495/4025/4495 2891/4024/2891 4494/4023/4494
f 2892/4026/2892 2842/3221/2842 2843/3228/2843
f 2891/4024/2891 2846/4028/2846 2850/4029/2850
f 2891/4024/2891 2892/4026/2892 2846/4028/2846
f 2016/3223/2016 2892/4026/2892 2843/3228/2843
f 2847/4003/2847 2893/4005/2893 1998/3655/1998
f 2894/4030/2894 2888/4021/2888 2890/4018/2890
f 2894/4030/2894 2847/4003/2847 2888/4021/2888
f 2895/4007/2895 2854/4031/2854 2853/4006/2853
f 4497/4032/4497 2854/4031/2854 2895/4007/2895
f 2896/4033/2896 2894/4030/2894 2890/4018/2890
f 4498/4034/4498 4497/4032/4497 2894/4030/2894
f 2855/4035/2855 2896/4033/2896 2897/4036/2897
f 2897/4036/2897 2849/4037/2849 2898/4038/2898
f 2848/4022/2848 2896/4033/2896 2890/4018/2890
f 2849/4037/2849 2896/4033/2896 2848/4022/2848
f 2898/4038/2898 2849/4037/2849 2850/4029/2850
f 2897/4036/2897 2898/4038/2898 2856/4039/2856
f 2856/4039/2856 4499/4040/4499 2857/4041/2857
f 2899/4042/2899 2898/4038/2898 2850/4029/2850
f 4500/4043/4500 4499/4040/4499 2899/4042/2899
f 2857/4041/2857 2901/4044/2901 294/4045/294
f 2857/4041/2857 4500/4043/4500 2901/4044/2901
f 2901/4044/2901 4500/4043/4500 2900/4046/2900
f 2846/4028/2846 2899/4042/2899 2850/4029/2850
f 4496/4047/4496 2899/4042/2899 2846/4028/2846
f 2900/4046/2900 2015/3226/2015 206/3225/206
f 2900/4046/2900 4496/4047/4496 2015/3226/2015
f 2900/4046/2900 294/4045/294 2901/4044/2901
f 2014/3230/2014 2900/4046/2900 206/3225/206
f 2851/4048/2851 2014/3230/2014 205/3238/205
f 2852/4049/2852 2905/4050/2905 2902/4009/2902
f 2904/4051/2904 2905/4050/2905 2852/4049/2852
f 2852/4049/2852 2902/4009/2902 2000/3651/2000
f 2904/4051/2904 2852/4049/2852 2853/4006/2853
f 2902/4009/2902 2905/4050/2905 2903/4010/2903
f 2905/4050/2905 2861/4052/2861 2903/4010/2903
f 2906/4053/2906 2904/4051/2904 2853/4006/2853
f 2906/4053/2906 2905/4050/2905 2904/4051/2904
f 2861/4052/2861 2907/4054/2907 2862/4055/2862
f 2909/4056/2909 4503/4057/4503 2908/4058/2908
f 2854/4031/2854 2906/4053/2906 2853/4006/2853
f 4503/4057/4503 4502/4059/4502 2906/4053/2906
f 2908/4058/2908 2855/4035/2855 2897/4036/2897
f 2908/4058/2908 2854/4031/2854 2855/4035/2855
f 4502/4059/4502 2909/4056/2909 2907/4054/2907
f 2863/4060/2863 4504/4061/4504 2864/4062/2864
f 2909/4056/2909 2863/4060/2863 2907/4054/2907
f 2908/4058/2908 2863/4060/2863 2909/4056/2909
f 2910/4063/2910 2908/4058/2908 2897/4036/2897
f 2864/4062/2864 2911/4064/2911 2913/4065/2913
f 2864/4062/2864 2910/4063/2910 2911/4064/2911
f 2856/4039/2856 2910/4063/2910 2897/4036/2897
f 2857/4041/2857 2910/4063/2910 2856/4039/2856
f 2912/4066/2912 2857/4041/2857 294/4045/294
f 2911/4064/2911 2912/4066/2912 2913/4065/2913
f 2913/4065/2913 4506/4067/4506 2927/4068/2927
f 2914/4069/2914 2912/4066/2912 294/4045/294
f 2865/4070/2865 2915/4071/2915 2917/4072/2917
f 2865/4070/2865 2914/4069/2914 2915/4071/2915
f 2916/4073/2916 2914/4069/2914 2851/4048/2851
f 2915/4071/2915 2914/4069/2914 2916/4073/2916
f 2851/4048/2851 2914/4069/2914 294/4045/294
f 2916/4073/2916 2851/4048/2851 205/3238/205
f 2915/4071/2915 2916/4073/2916 2917/4072/2917
f 2917/4072/2917 2858/4074/2858 2930/4075/2930
f 2013/3237/2013 2916/4073/2916 205/3238/205
f 2858/4074/2858 2012/3233/2012 2011/3235/2011
f 2859/4008/2859 2004/3644/2004 2607/3643/2607
f 2859/4008/2859 4491/4076/4491 2004/3644/2004
f 2918/4077/2918 2919/4078/2919 295/4079/295
f 4491/4076/4491 2919/4078/2919 2918/4077/2918
f 2921/4080/2921 4509/4081/4509 2920/4082/2920
f 2919/4078/2919 2869/4083/2869 295/4079/295
f 2920/4082/2920 2860/4011/2860 2903/4010/2903
f 2920/4082/2920 2919/4078/2919 2860/4011/2860
f 2861/4052/2861 2920/4082/2920 2903/4010/2903
f 2921/4080/2921 2922/4084/2922 296/4085/296
f 2920/4082/2920 2922/4084/2922 2921/4080/2921
f 2922/4084/2922 2870/4086/2870 296/4085/296
f 2923/4087/2923 2862/4055/2862 2907/4054/2907
f 2923/4087/2923 2922/4084/2922 2862/4055/2862
f 2871/4088/2871 2924/4089/2924 297/4090/297
f 2870/4086/2870 2924/4089/2924 2871/4088/2871
f 2863/4060/2863 2923/4087/2923 2907/4054/2907
f 2864/4062/2864 4512/4091/4512 2863/4060/2863
f 4512/4091/4512 2924/4089/2924 2923/4087/2923
f 2925/4092/2925 2864/4062/2864 2913/4065/2913
f 2926/4093/2926 4512/4091/4512 2925/4092/2925
f 2924/4089/2924 2926/4093/2926 297/4090/297
f 2925/4092/2925 4513/4094/4513 2926/4093/2926
f 2926/4093/2926 2872/4095/2872 297/4090/297
f 2926/4093/2926 2873/4096/2873 2872/4095/2872
f 2927/4068/2927 2925/4092/2925 2913/4065/2913
f 2928/4097/2928 2925/4092/2925 2927/4068/2927
f 2873/4096/2873 2928/4097/2928 298/4098/298
f 2927/4068/2927 4514/4099/4514 2928/4097/2928
f 2929/4100/2929 2865/4070/2865 2917/4072/2917
f 4514/4099/4514 4506/4067/4506 2865/4070/2865
f 2928/4097/2928 2874/4101/2874 298/4098/298
f 2928/4097/2928 2929/4100/2929 2874/4101/2874
f 2930/4075/2930 2929/4100/2929 2917/4072/2917
f 4516/4102/4516 2929/4100/2929 2930/4075/2930
f 2875/4103/2875 2931/4104/2931 299/4105/299
f 4515/4106/4515 4516/4102/4516 2931/4104/2931
f 2932/4107/2932 2858/4074/2858 2011/3235/2011
f 2931/4104/2931 2866/4108/2866 299/4105/299
f 2931/4104/2931 2932/4107/2932 2866/4108/2866
f 4517/4109/4517 2932/4107/2932 2011/3235/2011
f 2867/4110/2867 2010/3241/2010 204/3243/204
f 295/4079/295 2933/4111/2933 2868/4012/2868
f 2868/4012/2868 2006/3636/2006 2604/3635/2604
f 2868/4012/2868 2933/4111/2933 2006/3636/2006
f 295/4079/295 2868/4012/2868 2918/4077/2918
f 2934/4112/2934 2935/4113/2935 300/4114/300
f 2933/4111/2933 2935/4113/2935 2934/4112/2934
f 2935/4113/2935 4518/4115/4518 300/4114/300
f 300/4114/300 4518/4115/4518 2877/4116/2877
f 2936/4117/2936 2935/4113/2935 295/4079/295
f 296/4085/296 2937/4118/2937 2869/4083/2869
f 2869/4083/2869 2936/4117/2936 295/4079/295
f 2869/4083/2869 2937/4118/2937 2936/4117/2936
f 296/4085/296 2869/4083/2869 2921/4080/2921
f 2937/4118/2937 2939/4119/2939 2938/4120/2938
f 2939/4119/2939 2878/4121/2878 2938/4120/2938
f 4519/4122/4519 4529/4123/4529 2878/4121/2878
f 2940/4124/2940 2939/4119/2939 296/4085/296
f 2879/4125/2879 2941/4126/2941 301/4127/301
f 4529/4123/4529 2941/4126/2941 2879/4125/2879
f 2871/4088/2871 4520/4128/4520 2870/4086/2870
f 2870/4086/2870 2940/4124/2940 296/4085/296
f 2870/4086/2870 2941/4126/2941 2940/4124/2940
f 2941/4126/2941 2942/4129/2942 301/4127/301
f 297/4090/297 4521/4130/4521 2942/4129/2942
f 2942/4129/2942 2880/4131/2880 301/4127/301
f 297/4090/297 2942/4129/2942 2871/4088/2871
f 2881/4132/2881 2943/4133/2943 302/4134/302
f 2880/4131/2880 2943/4133/2943 2881/4132/2881
f 2872/4095/2872 4521/4130/4521 297/4090/297
f 2944/4135/2944 2873/4096/2873 298/4098/298
f 2945/4136/2945 2873/4096/2873 2944/4135/2944
f 2943/4133/2943 2945/4136/2945 302/4134/302
f 4521/4130/4521 4522/4137/4522 2943/4133/2943
f 2944/4135/2944 4523/4138/4523 2945/4136/2945
f 2945/4136/2945 2963/4139/2963 302/4134/302
f 2945/4136/2945 4532/4140/4532 2963/4139/2963
f 2946/4141/2946 2944/4135/2944 298/4098/298
f 2882/4142/2882 2946/4141/2946 303/4143/303
f 4532/4140/4532 4523/4138/4523 2882/4142/2882
f 298/4098/298 2948/4144/2948 2946/4141/2946
f 2875/4103/2875 298/4098/298 2874/4101/2874
f 2947/4145/2947 2875/4103/2875 299/4105/299
f 2948/4146/2948 2875/4103/2875 2947/4145/2947
f 2946/4141/2946 2949/4147/2949 303/4143/303
f 2946/4141/2946 2948/4146/2948 2949/4147/2949
f 2949/4147/2949 2883/4148/2883 303/4143/303
f 4525/4149/4525 2947/4145/2947 299/4105/299
f 2883/4148/2883 4525/4149/4525 304/4150/304
f 2867/4110/2867 299/4105/299 2866/4108/2866
f 2950/3247/2950 2867/4110/2867 204/3243/204
f 2951/4151/2951 2867/4110/2867 2950/3247/2950
f 4525/4149/4525 2951/4151/2951 304/4150/304
f 2009/3244/2009 2951/4151/2951 2950/3247/2950
f 2951/4151/2951 2876/4152/2876 304/4150/304
f 4526/4153/4526 2953/4154/2953 1979/2593/1979
f 4526/4153/4526 1947/2603/1947 2007/2604/2007
f 4526/4153/4526 4121/2601/4121 1947/2603/1947
f 2953/4154/2953 2934/4112/2934 300/4114/300
f 4121/2601/4121 1979/2593/1979 2952/2592/2952
f 1978/4155/1978 2954/4156/2954 2955/4157/2955
f 2954/4156/2954 2953/4154/2953 300/4114/300
f 1978/4155/1978 2955/4157/2955 1977/4158/1977
f 2877/4116/2877 4527/4159/4527 300/4114/300
f 2956/4160/2956 2877/4116/2877 2938/4120/2938
f 2957/4161/2957 2877/4116/2877 2956/4160/2956
f 2954/4156/2954 2957/4161/2957 2955/4157/2955
f 2957/4161/2957 1976/4162/1976 2955/4157/2955
f 1976/4162/1976 2958/4163/2958 196/4164/196
f 2878/4121/2878 2956/4160/2956 2938/4120/2938
f 2878/4121/2878 2958/4163/2958 2956/4160/2956
f 2958/4163/2958 2959/4165/2959 196/4164/196
f 2959/4165/2959 1975/4166/1975 196/4164/196
f 301/4127/301 2959/4165/2959 2879/4125/2879
f 2880/4131/2880 2960/4167/2960 301/4127/301
f 2962/4168/2962 2881/4132/2881 302/4134/302
f 2961/4169/2961 2962/4168/2962 1974/4170/1974
f 2960/4167/2960 2962/4168/2962 2961/4169/2961
f 2964/4171/2964 302/4134/302 2963/4139/2963
f 1973/4172/1973 2964/4171/2964 195/4173/195
f 2963/4139/2963 4532/4140/4532 2964/4171/2964
f 2965/4174/2965 2882/4142/2882 303/4143/303
f 2966/4175/2966 2882/4142/2882 2965/4174/2965
f 2964/4171/2964 2966/4175/2966 195/4173/195
f 2965/4174/2965 4533/4176/4533 2966/4175/2966
f 2966/4175/2966 1972/4177/1972 195/4173/195
f 1972/4177/1972 2967/4178/2967 2970/4179/2970
f 303/4143/303 2969/4180/2969 2967/4178/2967
f 303/4143/303 2967/4178/2967 2965/4174/2965
f 2968/4181/2968 2883/4148/2883 304/4150/304
f 2969/4182/2969 2883/4148/2883 2968/4181/2968
f 2967/4178/2967 2969/4182/2969 2970/4179/2970
f 2970/4179/2970 3069/4183/3069 3068/4184/3068
f 3069/4183/3069 4534/4185/4534 194/4186/194
f 304/4150/304 2876/4152/2876 2971/4187/2971
f 2972/2608/2972 2876/4152/2876 203/2609/203
f 4535/4188/4535 2876/4152/2876 2972/2608/2972
f 2971/4187/2971 4535/4188/4535 194/4189/194
f 2008/2605/2008 4535/4188/4535 2972/2608/2972
f 4535/4188/4535 3064/4190/3064 194/4189/194
f 1971/2606/1971 4535/4188/4535 2008/2605/2008
f 1971/2597/1971 1946/2598/1946 2973/4191/2973
f 4536/4192/4536 4574/1698/4574 1986/4193/1986
f 1985/4194/1985 4537/4195/4537 201/4196/201
f 1985/4194/1985 201/4196/201 1984/4197/1984
f 3011/4198/3011 1985/4194/1985 3067/1707/3067
f 3018/4199/3018 1983/4200/1983 201/4196/201
f 2985/4201/2985 3018/4199/3018 3020/4202/3020
f 1981/4203/1981 2990/4204/2990 199/4205/199
f 3028/4206/3028 1982/4207/1982 200/4208/200
f 3028/4206/3028 1981/4203/1981 1982/4207/1982
f 2990/4204/2990 3029/4209/3029 2991/4210/2991
f 3045/4211/3045 4540/4212/4540 3044/4213/3044
f 1980/4214/1980 2998/4215/2998 198/4216/198
f 3044/4213/3044 1980/4214/1980 199/4205/199
f 4541/4217/4541 3315/4218/3315 197/4219/197
f 198/4216/198 4541/4217/4541 3173/1725/3173
f 3006/4220/3006 3059/4221/3059 3061/4222/3061
f 3009/4223/3009 3008/4224/3008 3010/4225/3010
f 2973/4191/2973 3008/4224/3008 1986/4193/1986
f 1946/2598/1946 3008/4224/3008 2973/4191/2973
f 3010/4225/3010 1946/2598/1946 1994/2599/1994
f 1993/3809/1993 4542/4226/4542 1994/2599/1994
f 2976/3814/2976 1993/3809/1993 2721/3811/2721
f 3014/4227/3014 2978/4228/2978 3013/4229/3013
f 2977/4230/2977 3011/4198/3011 3067/1707/3067
f 2978/4228/2978 3011/4198/3011 2977/4230/2977
f 3013/4229/3013 2978/4228/2978 3009/4223/3009
f 3011/4198/3011 3014/4227/3014 3012/4231/3012
f 3013/4229/3013 2981/4232/2981 3014/4227/3014
f 3015/4233/3015 3013/4229/3013 3009/4223/3009
f 2983/4234/2983 3015/4233/3015 3016/4235/3016
f 3016/4235/3016 2975/4236/2975 3017/4237/3017
f 2974/4238/2974 3015/4233/3015 3009/4223/3009
f 2975/4239/2975 3015/4233/3015 2974/4238/2974
f 3017/4237/3017 2975/4239/2975 2976/3814/2976
f 3016/4235/3016 3017/4237/3017 2979/4240/2979
f 4544/4241/4544 1992/3815/1992 2980/3819/2980
f 1992/3815/1992 3017/4237/3017 2976/3814/2976
f 2980/3819/2980 1992/3815/1992 2724/3817/2724
f 4537/4195/4537 3018/4199/3018 201/4196/201
f 3019/4242/3019 3012/4231/3012 3014/4227/3014
f 3019/4242/3019 4537/4195/4537 3012/4231/3012
f 3020/4202/3020 2986/4243/2986 2985/4201/2985
f 4545/4244/4545 2986/4243/2986 3020/4202/3020
f 3021/4245/3021 3019/4242/3019 3014/4227/3014
f 4546/4246/4546 4545/4244/4545 3019/4242/3019
f 3024/4247/3024 2982/4248/2982 3023/4249/3023
f 2981/4232/2981 3021/4245/3021 3014/4227/3014
f 2982/4248/2982 3021/4245/3021 2981/4232/2981
f 3023/4249/3023 2983/4234/2983 3016/4235/3016
f 3023/4249/3023 2982/4248/2982 2983/4234/2983
f 3021/4245/3021 3024/4247/3024 3022/4250/3022
f 2987/4251/2987 4547/4252/4547 2988/4253/2988
f 3023/4249/3023 2987/4251/2987 3024/4247/3024
f 3025/4254/3025 3023/4249/3023 3016/4235/3016
f 4548/4255/4548 4547/4252/4547 3025/4254/3025
f 2988/4253/2988 3027/4256/3027 305/4257/305
f 2988/4253/2988 4548/4255/4548 3027/4256/3027
f 3027/4256/3027 4548/4255/4548 3026/4258/3026
f 2979/4240/2979 3025/4254/3025 3016/4235/3016
f 4544/4241/4544 3025/4254/3025 2979/4240/2979
f 3026/4258/3026 4544/4241/4544 2980/3819/2980
f 3026/4258/3026 305/4257/305 3027/4256/3027
f 1991/3820/1991 3026/4258/3026 2980/3819/2980
f 2984/4259/2984 3030/4260/3030 3028/4206/3028
f 2984/4259/2984 3028/4206/3028 200/4208/200
f 3030/4260/3030 2984/4259/2984 2985/4201/2985
f 3028/4206/3028 3031/4261/3031 3029/4209/3029
f 3031/4261/3031 2992/4262/2992 3029/4209/3029
f 3030/4260/3030 2992/4262/2992 3031/4261/3031
f 3032/4263/3032 3030/4260/3030 2985/4201/2985
f 2992/4262/2992 3033/1769/3033 2993/4264/2993
f 3035/4265/3035 4551/4266/4551 3034/4267/3034
f 2986/4243/2986 3032/4263/3032 2985/4201/2985
f 4551/4266/4551 4550/4268/4550 3032/4263/3032
f 3034/4267/3034 3022/4250/3022 3024/4247/3024
f 3034/4267/3034 2986/4243/2986 3022/4250/3022
f 4550/4268/4550 3035/4265/3035 3033/1769/3033
f 3035/4265/3035 2994/4269/2994 3033/1769/3033
f 3034/4267/3034 2995/4270/2995 3035/4265/3035
f 3036/4271/3036 3034/4267/3034 3024/4247/3024
f 2996/4272/2996 3037/4273/3037 3039/4274/3039
f 2995/4270/2995 4552/4275/4552 2996/4272/2996
f 4552/4275/4552 3036/4271/3036 3037/4273/3037
f 2987/4251/2987 3036/4271/3036 3024/4247/3024
f 2988/4253/2988 3036/4271/3036 2987/4251/2987
f 3038/4276/3038 2988/4253/2988 305/4257/305
f 3037/4273/3037 3038/4276/3038 3039/4274/3039
f 3039/4274/3039 3041/4277/3041 2997/4278/2997
f 3039/4274/3039 2997/4278/2997 3054/4279/3054
f 3040/4280/3040 3038/4276/3038 305/4257/305
f 3041/4277/3041 3038/4276/3038 3040/4280/3040
f 2997/4278/2997 3042/4281/3042 306/4282/306
f 2997/4278/2997 3041/4277/3041 3042/4281/3042
f 4554/4283/4554 3040/4280/3040 305/4257/305
f 202/3823/202 4554/4283/4554 1990/3821/1990
f 3042/4281/3042 3043/4284/3043 306/4282/306
f 1989/3829/1989 4555/4285/4555 3043/4284/3043
f 3043/4284/3043 3057/4286/3057 306/4282/306
f 3043/4284/3043 4555/4285/4555 3057/4286/3057
f 1989/3829/1989 3043/4284/3043 202/3823/202
f 2989/4287/2989 2729/3828/2729 2730/3832/2730
f 4555/4285/4555 1988/3827/1988 2729/3828/2729
f 2991/4210/2991 4556/4288/4556 2990/4204/2990
f 2990/4204/2990 3044/4213/3044 199/4205/199
f 3045/4211/3045 3046/4289/3046 307/4290/307
f 3044/4213/3044 3046/4289/3046 3045/4211/3045
f 3046/4289/3046 2999/4291/2999 307/4290/307
f 3047/4292/3047 2991/4210/2991 3029/4209/3029
f 3047/4292/3047 3046/4289/3046 2991/4210/2991
f 2999/4291/2999 3048/4293/3048 3000/4294/3000
f 2992/4262/2992 3047/4292/3047 3029/4209/3029
f 3048/4293/3048 3049/4295/3049 3000/4294/3000
f 3047/4292/3047 3049/4295/3049 3048/4293/3048
f 3049/4295/3049 4559/4296/4559 3000/4294/3000
f 3050/4297/3050 2993/4264/2993 3033/1769/3033
f 3050/4297/3050 3049/4295/3049 2993/4264/2993
f 3001/4298/3001 3051/4299/3051 308/4300/308
f 3001/4298/3001 4560/4301/4560 3051/4299/3051
f 3051/4299/3051 4560/4301/4560 3052/4302/3052
f 2994/4269/2994 3050/4297/3050 3033/1769/3033
f 2994/4269/2994 4560/4301/4560 3050/4297/3050
f 3052/4302/3052 2996/4272/2996 3039/4274/3039
f 3051/4299/3051 3053/4303/3053 308/4300/308
f 3053/4303/3053 4561/4304/4561 3002/4305/3002
f 3053/4303/3053 3002/4305/3002 308/4300/308
f 3054/4279/3054 3052/4302/3052 3039/4274/3039
f 4561/4304/4561 3052/4302/3052 3054/4279/3054
f 3002/4305/3002 4561/4304/4561 3055/4306/3055
f 3056/4307/3056 4562/4308/4562 306/4282/306
f 3055/4306/3055 4562/4308/4562 3056/4307/3056
f 306/4282/306 4563/4309/4563 3056/4307/3056
f 3056/4307/3056 3003/2225/3003 3055/4306/3055
f 3056/4307/3056 3004/4310/3004 3003/2225/3003
f 3058/4311/3058 4563/4309/4563 3057/4286/3057
f 3059/4221/3059 2998/4215/2998 3060/4312/3060
f 2998/4215/2998 3059/4221/3059 198/4216/198
f 3060/4312/3060 3045/4211/3045 307/4290/307
f 3060/4312/3060 2998/4215/2998 3045/4211/3045
f 3059/4221/3059 3060/4312/3060 3061/4222/3061
f 3061/4222/3061 4565/4313/4565 3007/4314/3007
f 3061/4222/3061 3007/4314/3007 3317/4315/3317
f 3007/4314/3007 4565/4313/4565 3062/4316/3062
f 3062/4316/3062 4566/4317/4566 3063/4318/3063
f 4566/4317/4566 4565/4313/4565 307/4290/307
f 1971/2606/1971 4567/4319/4567 3064/4190/3064
f 3065/4320/3065 2973/4321/2973 1986/4322/1986
f 1972/4177/1972 4568/4323/4568 195/4173/195
f 3109/4324/3109 1972/4177/1972 2970/4179/2970
f 1973/4172/1973 3075/4325/3075 1974/4170/1974
f 3114/4326/3114 1973/4172/1973 195/4173/195
f 3076/4327/3076 3114/4326/3114 3116/4328/3116
f 1975/4166/1975 3082/4329/3082 196/4164/196
f 3123/4330/3123 2961/4169/2961 1974/4170/1974
f 3123/4330/3123 1975/4166/1975 2961/4169/2961
f 3082/4329/3082 3125/4331/3125 3083/4332/3083
f 4571/4333/4571 1976/4162/1976 196/4164/196
f 1976/4162/1976 3091/4334/3091 2955/4157/2955
f 1978/4155/1978 4572/4335/4572 1979/2593/1979
f 3064/4190/3064 3106/4336/3106 194/4189/194
f 4567/4319/4567 3106/4336/3106 3064/4190/3064
f 3107/4337/3107 3106/4336/3106 3108/4338/3108
f 3066/4339/3066 4574/4340/4574 3067/4341/3067
f 4573/4342/4573 3066/4339/3066 3108/4338/3108
f 3065/4320/3065 4574/4340/4574 4573/4342/4573
f 3067/4341/3067 4574/4340/4574 2977/1857/2977
f 3068/4184/3068 3109/4324/3109 2970/4179/2970
f 3069/4183/3069 3109/4324/3109 3068/4184/3068
f 4575/4343/4575 3107/4337/3107 3108/4338/3108
f 4575/4343/4575 3069/4183/3069 3107/4337/3107
f 3109/4324/3109 3111/4344/3111 3110/4345/3110
f 4575/4343/4575 3071/4346/3071 3111/4344/3111
f 4576/4347/4576 4575/4343/4575 3108/4338/3108
f 3112/4348/3112 4577/4349/4577 3113/4350/3113
f 3066/4339/3066 4576/4347/4576 3108/4338/3108
f 4577/4349/4577 3112/4348/3112 4576/4347/4576
f 3113/4350/3113 3066/4339/3066 3067/4341/3067
f 3112/4348/3112 3070/4351/3070 3073/4352/3073
f 3112/4348/3112 3113/4350/3113 3070/4351/3070
f 1985/4353/1985 3113/4350/3113 3067/4341/3067
f 4568/4323/4568 3114/4326/3114 195/4173/195
f 3115/4354/3115 3110/4345/3110 3111/4344/3111
f 3115/4354/3115 4568/4323/4568 3110/4345/3110
f 3116/4328/3116 3077/4355/3077 3076/4327/3076
f 4579/4356/4579 3077/4355/3077 3116/4328/3116
f 3117/4357/3117 3115/4354/3115 3111/4344/3111
f 4580/4358/4580 4579/4356/4579 3115/4354/3115
f 3078/4359/3078 3117/4357/3117 3118/4360/3118
f 3118/4360/3118 3072/4361/3072 3119/4362/3119
f 3071/4346/3071 3117/4357/3117 3111/4344/3111
f 3072/4361/3072 3117/4357/3117 3071/4346/3071
f 3119/4362/3119 3072/4361/3072 3073/4352/3073
f 3118/4360/3118 3119/4362/3119 3079/4363/3079
f 3079/4363/3079 4581/4364/4581 3080/4365/3080
f 3120/4366/3120 3119/4362/3119 3073/4352/3073
f 4582/4367/4582 4581/4364/4581 3120/4366/3120
f 3080/4365/3080 3122/4368/3122 309/4369/309
f 3080/4365/3080 4582/4367/4582 3122/4368/3122
f 3122/4368/3122 4582/4367/4582 3121/4370/3121
f 3070/4351/3070 3120/4366/3120 3073/4352/3073
f 4578/4371/4578 3120/4366/3120 3070/4351/3070
f 3121/4370/3121 1984/4372/1984 201/4373/201
f 3121/4370/3121 4578/4371/4578 1984/4372/1984
f 3121/4370/3121 309/4369/309 3122/4368/3122
f 1983/4374/1983 3121/4370/3121 201/4373/201
f 3074/4375/3074 1983/4374/1983 200/4376/200
f 3126/4377/3126 3127/4378/3127 3075/4325/3075
f 3075/4325/3075 3123/4330/3123 1974/4170/1974
f 3126/4377/3126 3075/4325/3075 3076/4327/3076
f 3124/4379/3124 3127/4378/3127 3125/4331/3125
f 3127/4378/3127 3084/4380/3084 3125/4331/3125
f 3128/4381/3128 3126/4377/3126 3076/4327/3076
f 3128/4381/3128 3127/4378/3127 3126/4377/3126
f 3085/4382/3085 4584/4383/4584 3130/4384/3130
f 3130/4384/3130 4585/4385/4585 3129/4386/3129
f 3077/4355/3077 3128/4381/3128 3076/4327/3076
f 4585/4385/4585 4584/4383/4584 3128/4381/3128
f 3129/4386/3129 3078/4359/3078 3118/4360/3118
f 3129/4386/3129 3077/4355/3077 3078/4359/3078
f 3130/4384/3130 3086/4387/3086 3085/4382/3085
f 3129/4386/3129 3086/4387/3086 3130/4384/3130
f 3131/4388/3131 3129/4386/3129 3118/4360/3118
f 3087/4389/3087 3133/4390/3133 310/4391/310
f 3087/4389/3087 3131/4388/3131 3133/4390/3133
f 3079/4363/3079 3131/4388/3131 3118/4360/3118
f 3080/4365/3080 3131/4388/3131 3079/4363/3079
f 3132/4392/3132 3080/4365/3080 309/4369/309
f 3132/4392/3132 310/4391/310 3133/4390/3133
f 3134/4393/3134 3132/4392/3132 309/4369/309
f 3088/4394/3088 3135/4395/3135 3137/4396/3137
f 3088/4394/3088 3134/4393/3134 3135/4395/3135
f 3136/4397/3136 3134/4393/3134 3074/4375/3074
f 3135/4395/3135 3134/4393/3134 3136/4397/3136
f 3074/4375/3074 3134/4393/3134 309/4369/309
f 3136/4397/3136 3074/4375/3074 200/4376/200
f 3135/4395/3135 3136/4397/3136 3137/4396/3137
f 3137/4396/3137 3081/4398/3081 3152/4399/3152
f 1982/4400/1982 3136/4397/3136 200/4376/200
f 3081/4398/3081 1981/4401/1981 199/4402/199
f 3083/4332/3083 4590/4403/4590 3082/4329/3082
f 3082/4329/3082 4571/4333/4571 196/4164/196
f 3138/4404/3138 3139/4405/3139 311/4406/311
f 4571/4333/4571 3139/4405/3139 3138/4404/3138
f 3141/4407/3141 4591/4408/4591 3140/4409/3140
f 3139/4405/3139 3092/4410/3092 311/4406/311
f 4590/4403/4590 4591/4408/4591 3139/4405/3139
f 3140/4409/3140 3083/4332/3083 3125/4331/3125
f 3140/4409/3140 4590/4403/4590 3083/4332/3083
f 3084/4380/3084 3140/4409/3140 3125/4331/3125
f 3142/4411/3142 3084/4380/3084 3085/4382/3085
f 3141/4407/3141 3143/4412/3143 312/4413/312
f 3140/4409/3140 3143/4412/3143 3141/4407/3141
f 3145/4414/3145 4593/4415/4593 3144/4416/3144
f 3143/4412/3143 3093/4417/3093 312/4413/312
f 3144/4416/3144 3142/4411/3142 3085/4382/3085
f 3144/4416/3144 3143/4412/3143 3142/4411/3142
f 3094/4418/3094 3145/4414/3145 313/4419/313
f 3093/4417/3093 3145/4414/3145 3094/4418/3094
f 3086/4387/3086 3144/4416/3144 3085/4382/3085
f 3146/4420/3146 3087/4389/3087 310/4391/310
f 3147/4421/3147 4594/4422/4594 3146/4420/3146
f 4594/4422/4594 3086/4387/3086 3087/4389/3087
f 3145/4414/3145 3147/4421/3147 313/4419/313
f 3144/4416/3144 4594/4422/4594 3145/4414/3145
f 3146/4420/3146 4595/4423/4595 3147/4421/3147
f 3147/4421/3147 3164/4424/3164 313/4419/313
f 3147/4421/3147 3095/4425/3095 3164/4424/3164
f 3148/4426/3148 3146/4420/3146 310/4391/310
f 3149/4427/3149 3146/4420/3146 3148/4426/3148
f 3095/4425/3095 3149/4427/3149 314/4428/314
f 3148/4426/3148 4596/4429/4596 3149/4427/3149
f 4588/4430/4588 3148/4426/3148 310/4391/310
f 3150/4431/3150 3088/4394/3088 3137/4396/3137
f 4596/4429/4596 4588/4430/4588 3088/4394/3088
f 3149/4427/3149 3151/4432/3151 314/4428/314
f 3149/4427/3149 3150/4431/3150 3151/4432/3151
f 3151/4432/3151 3096/4433/3096 314/4428/314
f 3152/4399/3152 3150/4431/3150 3137/4396/3137
f 4598/4434/4598 3150/4431/3150 3152/4399/3152
f 3096/4433/3096 3153/4435/3153 315/4436/315
f 4597/4437/4597 4598/4434/4598 3153/4435/3153
f 4599/4438/4599 3081/4398/3081 199/4402/199
f 3153/4435/3153 3089/4439/3089 315/4436/315
f 3153/4435/3153 4599/4438/4599 3089/4439/3089
f 1980/4440/1980 4599/4438/4599 199/4402/199
f 3090/4441/3090 1980/4440/1980 198/1959/198
f 311/4406/311 3154/4442/3154 3091/4334/3091
f 3091/4334/3091 1977/4158/1977 2955/4157/2955
f 3091/4334/3091 3154/4443/3154 1977/4158/1977
f 311/4406/311 3091/4334/3091 3138/4404/3138
f 3154/4443/3154 3156/4444/3156 3155/4445/3155
f 3156/4444/3156 3098/4446/3098 3155/4445/3155
f 3156/4444/3156 4600/4447/4600 3098/4446/3098
f 3157/4448/3157 3156/4444/3156 311/4406/311
f 3098/4446/3098 3159/4449/3159 3099/4450/3099
f 312/4413/312 3158/4451/3158 3092/4410/3092
f 3092/4410/3092 3157/4448/3157 311/4406/311
f 3092/4410/3092 3158/4451/3158 3157/4448/3157
f 312/4413/312 3092/4410/3092 3141/4407/3141
f 3159/4449/3159 3160/4452/3160 3099/4450/3099
f 3158/4451/3158 3160/4452/3160 3159/4449/3159
f 3160/4452/3160 3100/4453/3100 3099/4450/3099
f 4601/4454/4601 4611/4455/4611 3100/4453/3100
f 3161/4456/3161 3160/4452/3160 312/4413/312
f 3101/4457/3101 3162/4458/3162 316/4459/316
f 4611/4455/4611 3162/4458/3162 3101/4457/3101
f 3094/4418/3094 4602/4460/4602 3093/4417/3093
f 3093/4417/3093 3161/4456/3161 312/4413/312
f 3093/4417/3093 3162/4458/3162 3161/4456/3161
f 4603/4461/4603 3094/4418/3094 313/4419/313
f 3162/4458/3162 3163/4462/3163 316/4459/316
f 4602/4460/4602 4603/4461/4603 3163/4462/3163
f 3163/4462/3163 3102/4463/3102 316/4459/316
f 3163/4462/3163 3103/4464/3103 3102/4463/3102
f 3165/4465/3165 313/4419/313 3164/4424/3164
f 3103/4464/3103 3165/4465/3165 317/4466/317
f 3166/4467/3166 3095/4425/3095 314/4428/314
f 3167/4468/3167 3095/4425/3095 3166/4467/3166
f 3165/4465/3165 3167/4468/3167 317/4466/317
f 3166/4467/3166 4605/4469/4605 3167/4468/3167
f 3167/4468/3167 3188/4470/3188 317/4466/317
f 3167/4468/3167 4614/4471/4614 3188/4470/3188
f 3104/4472/3104 3168/4473/3168 318/4474/318
f 4614/4471/4614 4605/4469/4605 3104/4472/3104
f 314/4428/314 3170/4475/3170 3168/4473/3168
f 314/4428/314 3168/4473/3168 3166/4467/3166
f 3169/4476/3169 3096/4433/3096 315/4436/315
f 3170/4475/3170 3096/4433/3096 3169/4476/3169
f 3168/4473/3168 3171/4477/3171 318/4474/318
f 3168/4473/3168 3170/4475/3170 3171/4477/3171
f 3171/4477/3171 3105/4478/3105 318/4474/318
f 3172/4479/3172 3169/4476/3169 315/4436/315
f 3105/4478/3105 3172/4479/3172 3175/4480/3175
f 315/4436/315 3174/4481/3174 3172/4479/3172
f 3090/4441/3090 315/4436/315 3089/4439/3089
f 3173/4482/3173 3090/4441/3090 198/1959/198
f 3174/4481/3174 3090/4441/3090 3173/4482/3173
f 3172/4479/3172 3174/4481/3174 3175/4480/3175
f 3097/4483/3097 4541/4484/4541 197/4485/197
f 4608/4486/4608 4120/2590/4120 1979/2593/1979
f 3177/4487/3177 3178/4488/3178 3155/4445/3155
f 3176/2591/3176 3178/4488/3178 1964/4489/1964
f 4120/2590/4120 3178/4488/3178 3176/2591/3176
f 4609/4490/4609 4650/2006/4650 1964/4489/1964
f 3099/4450/3099 3179/4491/3179 3098/4446/3098
f 3098/4446/3098 3177/4487/3177 3155/4445/3155
f 3098/4446/3098 3179/4491/3179 3177/4487/3177
f 3182/4492/3182 3099/4450/3099 3181/4493/3181
f 3180/4494/3180 3182/4492/3182 3284/2011/3284
f 3179/4491/3179 3182/4492/3182 3180/4494/3180
f 3182/4492/3182 1963/4495/1963 3284/2011/3284
f 1963/4495/1963 3183/4496/3183 193/4497/193
f 3100/4453/3100 3181/4493/3181 3099/4450/3099
f 3100/4453/3100 3183/4496/3183 3181/4493/3181
f 3183/4496/3183 3184/4498/3184 193/4497/193
f 3184/4498/3184 1962/4499/1962 193/4497/193
f 316/4459/316 3184/4498/3184 3101/4457/3101
f 1962/4499/1962 3185/4500/3185 192/4501/192
f 3102/4463/3102 3103/4464/3103 3185/4500/3185
f 3102/4463/3102 3185/4500/3185 316/4459/316
f 3186/4502/3186 3103/4464/3103 317/4466/317
f 3185/4500/3185 3187/4503/3187 192/4501/192
f 3187/4503/3187 3277/2023/3277 192/4501/192
f 3187/4503/3187 1961/4504/1961 3277/2023/3277
f 3189/4505/3189 317/4466/317 3188/4470/3188
f 1961/4504/1961 3189/4505/3189 3274/4506/3274
f 3188/4470/3188 4614/4471/4614 3189/4505/3189
f 3190/4507/3190 3104/4472/3104 318/4474/318
f 3191/4508/3191 3104/4472/3104 3190/4507/3190
f 3189/4505/3189 3191/4508/3191 3274/4506/3274
f 3190/4507/3190 4615/4509/4615 3191/4508/3191
f 3191/4508/3191 4615/4509/4615 3274/4506/3274
f 1960/4510/1960 3192/4511/3192 3271/2033/3271
f 318/4474/318 3194/4512/3194 3192/4511/3192
f 318/4474/318 3192/4511/3192 3190/4507/3190
f 3193/4513/3193 3105/4478/3105 3175/4480/3175
f 3194/4512/3194 3105/4478/3105 3193/4513/3193
f 3192/4511/3192 1959/4514/1959 3271/2033/3271
f 3192/4511/3192 3194/4512/3194 1959/4514/1959
f 3175/4480/3175 3097/4483/3097 3195/4515/3195
f 4617/4516/4617 3097/4483/3097 197/4485/197
f 3195/4515/3195 3268/4517/3268 191/4518/191
f 3195/4515/3195 4617/4516/4617 3268/4517/3268
f 1957/4519/1957 1779/4520/1779 1/4521/1
f 1943/2055/1943 3200/4522/3200 169/4523/169
f 1945/2051/1945 4618/4524/4618 1944/2052/1944
f 1945/2051/1945 168/2304/168 3224/4525/3224
f 3224/4525/3224 4619/4526/4619 4618/4524/4618
f 1943/2055/1943 3201/4527/3201 3200/4528/3200
f 4619/4526/4619 3201/4527/3201 1943/2055/1943
f 3196/4529/3196 3224/4525/3224 168/2304/168
f 4620/4530/4620 3225/4531/3225 3224/4525/3224
f 3226/4532/3226 3198/4533/3198 3227/4534/3227
f 1970/3975/1970 3197/4535/3197 2828/3973/2828
f 1970/3975/1970 3226/4532/3226 3197/4535/3197
f 3198/4533/3198 1969/3976/1969 3199/3978/3199
f 4621/4536/4621 3228/4537/3228 3203/4538/3203
f 1726/2066/1726 3203/4538/3203 170/2067/170
f 1727/2068/1727 3203/4538/3203 1726/2066/1726
f 1728/2070/1728 4621/4536/4621 1727/2068/1727
f 3204/4539/3204 4622/4540/4622 3229/4541/3229
f 4621/4536/4621 4622/4540/4622 3228/4537/3228
f 4622/4540/4622 4628/4542/4628 3240/4543/3240
f 3229/4541/3229 1728/2070/1728 3200/4528/3200
f 3229/4541/3229 4621/4536/4621 1728/2070/1728
f 3204/4539/3204 3231/4544/3231 319/4545/319
f 3204/4539/3204 3229/4541/3229 3231/4544/3231
f 3230/4546/3230 4623/4547/4623 3201/4527/3201
f 3200/4528/3200 4623/4547/4623 3229/4541/3229
f 3230/4546/3230 3225/4531/3225 3227/4534/3227
f 3230/4546/3230 3201/4527/3201 3225/4531/3225
f 319/4545/319 4624/4548/4624 3205/4549/3205
f 4624/4548/4624 319/4545/319 3231/4544/3231
f 3232/4550/3232 3230/4546/3230 3227/4534/3227
f 3233/4551/3233 4624/4548/4624 3232/4550/3232
f 3205/4549/3205 3234/4552/3234 3236/4553/3236
f 3205/4549/3205 3233/4551/3233 3234/4552/3234
f 3234/4552/3234 3233/4551/3233 3235/4554/3235
f 3198/4533/3198 3232/4550/3232 3227/4534/3227
f 3234/4552/3234 3235/4554/3235 3236/4553/3236
f 3236/4553/3236 3202/4555/3202 3248/4556/3248
f 1968/3980/1968 3235/4554/3235 3199/3978/3199
f 1967/3982/1967 3235/4554/3235 1968/3980/1968
f 3202/4555/3202 1967/3982/1967 2835/3983/2835
f 173/2093/173 4626/4557/4626 3237/4558/3237
f 3203/4559/3203 4626/4557/4626 1730/2092/1730
f 3228/4537/3228 3238/4560/3238 4626/4557/4626
f 3237/4558/3237 3238/4560/3238 3239/4561/3239
f 3237/4558/3237 3239/4561/3239 321/4562/321
f 3238/4560/3238 4627/4563/4627 3239/4561/3239
f 3239/4561/3239 3209/4564/3209 321/4562/321
f 3240/4543/3240 3238/4560/3238 3228/4537/3228
f 3241/4565/3241 3238/4560/3238 3240/4543/3240
f 3210/4566/3210 3241/4565/3241 322/4567/322
f 3209/4564/3209 3241/4565/3241 3210/4566/3210
f 3240/4543/3240 4628/4542/4628 3241/4565/3241
f 3242/4568/3242 3204/4539/3204 319/4545/319
f 3242/4568/3242 4628/4542/4628 3204/4539/3204
f 3241/4565/3241 3244/4569/3244 322/4567/322
f 3244/4569/3244 3211/4570/3211 322/4567/322
f 3243/4571/3243 4629/4572/4629 3244/4569/3244
f 4629/4572/4629 3212/4573/3212 3211/4570/3211
f 3245/4574/3245 3242/4568/3242 319/4545/319
f 3246/4575/3246 3243/4571/3243 3245/4574/3245
f 3212/4573/3212 3246/4575/3246 323/4576/323
f 3245/4574/3245 4630/4577/4630 3246/4575/3246
f 3205/4549/3205 3245/4574/3245 319/4545/319
f 3247/4578/3247 3205/4549/3205 3236/4553/3236
f 3246/4575/3246 3213/4579/3213 323/4576/323
f 3246/4575/3246 3247/4578/3247 3213/4579/3213
f 3248/4556/3248 3247/4578/3247 3236/4553/3236
f 4632/4580/4632 3247/4578/3247 3248/4556/3248
f 3214/4581/3214 3249/4582/3249 324/4583/324
f 4631/4584/4631 4632/4580/4632 3249/4582/3249
f 3250/3987/3250 3202/4555/3202 2835/3983/2835
f 4633/4585/4633 3202/4555/3202 3250/3987/3250
f 3249/4582/3249 3206/4586/3206 324/4583/324
f 3249/4582/3249 4633/4585/4633 3206/4586/3206
f 3207/4587/3207 1966/3986/1966 2838/3989/2838
f 1733/2123/1733 1734/2127/1734 3251/4588/3251
f 1733/2123/1733 3251/4588/3251 3252/4589/3252
f 172/2121/172 1733/2123/1733 3252/4589/3252
f 1734/2127/1734 320/4590/320 3251/4588/3251
f 3252/4589/3252 3217/4591/3217 325/4592/325
f 3251/4588/3251 3217/4591/3217 3252/4589/3252
f 4634/4593/4634 3251/4588/3251 320/4590/320
f 321/4562/321 4635/4594/4635 3208/4595/3208
f 320/4590/320 4635/4594/4635 4634/4593/4634
f 4634/4593/4634 4635/4594/4635 3253/4596/3253
f 3254/4597/3254 3256/4598/3256 3219/4599/3219
f 3255/4600/3255 3256/4598/3256 3254/4597/3254
f 3254/4597/3254 3219/4599/3219 3253/4596/3253
f 3255/4600/3255 3254/4597/3254 321/4562/321
f 3220/4601/3220 3256/4598/3256 326/4602/326
f 3219/4599/3219 3256/4598/3256 3220/4601/3220
f 3210/4566/3210 4636/4603/4636 3209/4564/3209
f 3209/4564/3209 3255/4600/3255 321/4562/321
f 3209/4564/3209 3256/4598/3256 3255/4600/3255
f 3256/4598/3256 3257/4604/3257 326/4602/326
f 322/4567/322 4637/4605/4637 3257/4604/3257
f 3257/4604/3257 3276/4606/3276 326/4602/326
f 3257/4604/3257 3221/4607/3221 3276/4606/3276
f 322/4567/322 3257/4604/3257 3210/4566/3210
f 3221/4607/3221 3258/4608/3258 327/4609/327
f 3211/4570/3211 4637/4605/4637 322/4567/322
f 3259/4610/3259 3212/4573/3212 323/4576/323
f 3260/4611/3260 3212/4573/3212 3259/4610/3259
f 3258/4608/3258 3260/4611/3260 327/4609/327
f 4637/4605/4637 4638/4612/4638 3258/4608/3258
f 3259/4610/3259 4639/4613/4639 3260/4611/3260
f 3260/4611/3260 3279/4614/3279 327/4609/327
f 3260/4611/3260 4648/4615/4648 3279/4614/3279
f 3261/4616/3261 3259/4610/3259 323/4576/323
f 3222/4617/3222 3261/4616/3261 328/4618/328
f 4648/4615/4648 4639/4613/4639 3222/4617/3222
f 323/4576/323 3263/4619/3263 3261/4616/3261
f 3214/4581/3214 323/4576/323 3213/4579/3213
f 3262/4620/3262 3214/4581/3214 324/4583/324
f 3263/4619/3263 3214/4581/3214 3262/4620/3262
f 3261/4616/3261 3264/4621/3264 328/4618/328
f 3261/4616/3261 3263/4619/3263 3264/4621/3264
f 3264/4621/3264 3223/4622/3223 328/4618/328
f 3265/4623/3265 3262/4620/3262 324/4583/324
f 3223/4622/3223 3265/4623/3265 329/4624/329
f 3223/4622/3223 4640/4625/4640 3265/4623/3265
f 324/4583/324 3267/4626/3267 3265/4623/3265
f 3207/4587/3207 324/4583/324 3206/4586/3206
f 3266/3992/3266 3207/4587/3207 2838/3989/2838
f 3267/4626/3267 3207/4587/3207 3266/3992/3266
f 3265/4623/3265 3215/4627/3215 329/4624/329
f 3265/4623/3265 3267/4626/3267 3215/4627/3215
f 4641/4628/4641 4484/3991/4484 2840/3994/2840
f 4643/2171/4643 325/4592/325 3269/4629/3269
f 1725/2169/1725 4643/2171/4643 4642/2588/4642
f 4643/2171/4643 3252/4630/3252 325/4592/325
f 3268/2587/3268 3269/4629/3269 191/4631/191
f 4642/2588/4642 3269/4629/3269 3268/2587/3268
f 1958/4632/1958 3269/4629/3269 325/4592/325
f 1958/4632/1958 3271/4633/3271 1959/2176/1959
f 3217/4591/3217 3270/4634/3270 325/4592/325
f 3218/4635/3218 3270/4634/3270 3217/4591/3217
f 3272/4636/3272 3218/4635/3218 3253/4596/3253
f 3273/4637/3273 3218/4635/3218 3272/4636/3272
f 3270/4634/3270 3273/4637/3273 3271/4633/3271
f 3273/4637/3273 1960/4638/1960 3271/4633/3271
f 3219/4599/3219 3272/4636/3272 3253/4596/3253
f 3219/4599/3219 4644/4639/4644 3272/4636/3272
f 4644/4639/4644 3275/4640/3275 3274/4641/3274
f 3275/4640/3275 1961/4642/1961 3274/4641/3274
f 326/4602/326 3275/4640/3275 3220/4601/3220
f 3278/4643/3278 3221/4607/3221 327/4609/327
f 3277/4644/3277 3278/4643/3278 192/4645/192
f 3276/4606/3276 3278/4643/3278 3277/4644/3277
f 3280/4646/3280 327/4609/327 3279/4614/3279
f 1962/4647/1962 3280/4646/3280 193/4648/193
f 3279/4614/3279 4648/4615/4648 3280/4646/3280
f 3281/4649/3281 3222/4617/3222 328/4618/328
f 4649/4650/4649 3222/4617/3222 3281/4649/3281
f 3280/4646/3280 4649/4650/4649 193/4648/193
f 4649/4650/4649 1963/4651/1963 193/4648/193
f 1963/4651/1963 3282/4652/3282 3284/4653/3284
f 328/4618/328 3223/4622/3223 3282/4652/3282
f 328/4618/328 3282/4652/3282 3281/4649/3281
f 3283/4654/3283 3223/4622/3223 329/4624/329
f 3282/4652/3282 3283/4654/3283 3284/4653/3284
f 3283/4654/3283 4650/4655/4650 3284/4653/3284
f 3284/4653/3284 4650/4655/4650 3180/2201/3180
f 4651/4656/4651 3283/4654/3283 329/4624/329
f 3286/4657/3286 4650/4655/4650 4651/4656/4651
f 3215/4627/3215 3216/4658/3216 329/4624/329
f 3285/3999/3285 3216/4658/3216 2840/3994/2840
f 4652/4659/4652 3216/4658/3216 3285/3999/3285
f 3286/4657/3286 3176/4660/3176 1964/4661/1964
f 1965/2589/1965 4652/4659/4652 3285/3999/3285
f 1729/2210/1729 173/2093/173 4654/4662/4654
f 4654/4662/4654 173/2093/173 3237/4558/3237
f 3208/4595/3208 3237/4558/3237 321/4562/321
f 4653/2211/4653 3208/4595/3208 320/4590/320
f 3007/4314/3007 1737/2213/1737 3317/4315/3317
f 4655/2216/4655 1737/2213/1737 3007/4314/3007
f 3062/4316/3062 4655/2216/4655 3007/4314/3007
f 1737/2213/1737 1724/4663/1724 3317/4315/3317
f 4656/4664/4656 1731/2218/1731 3315/4218/3315
f 3061/4222/3061 4656/4664/4656 3006/4220/3006
f 3317/4665/3317 1724/4666/1724 4656/4664/4656
f 3003/2225/3003 3314/4667/3314 3055/4306/3055
f 3309/4668/3309 1419/1823/1419 3005/4669/3005
f 3005/4669/3005 1418/1824/1418 3004/4310/3004
f 308/4300/308 1942/2227/1942 3997/2226/3997
f 3002/4305/3002 3314/4667/3314 4657/4670/4657
f 3314/4667/3314 3999/2229/3999 4657/4670/4657
f 4658/4671/4658 3312/4672/3312 3311/4673/3311
f 4559/4296/4559 3311/4673/3311 3000/4294/3000
f 3001/4298/3001 3311/4673/3311 4559/4296/4559
f 3001/4298/3001 308/4300/308 4658/4671/4658
f 3313/2234/3313 1735/2233/1735 4658/4671/4658
f 4658/4671/4658 1721/2230/1721 3312/4672/3312
f 3063/4318/3063 4659/2239/4659 3062/4316/3062
f 3063/4318/3063 3311/4673/3311 4660/4674/4660
f 3312/4672/3312 1736/2241/1736 4660/4674/4660
f 4661/4675/4661 3307/4676/3307 4662/4677/4662
f 2702/3771/2702 2716/3805/2716 283/3772/283
f 2701/3774/2701 4661/4675/4661 2702/3771/2702
f 4662/4677/4662 1742/2244/1742 1741/2243/1741
f 3305/4678/3305 1741/2243/1741 1716/2247/1716
f 4661/4675/4661 3305/4678/3305 2716/3805/2716
f 3305/4678/3305 4663/4679/4663 2716/3805/2716
f 1716/2247/1716 1738/2249/1738 3305/4678/3305
f 4663/4679/4663 1717/2248/1717 3306/4680/3306
f 2717/3804/2717 3306/4680/3306 2655/3806/2655
f 279/3744/279 4664/2250/4664 3307/4676/3307
f 4665/2252/4665 4342/920/4342 2479/3444/2479
f 2482/3451/2482 4665/2252/4665 2479/3444/2479
f 3302/4681/3302 1747/2256/1747 1746/2257/1746
f 2473/3433/2473 3302/4681/3302 217/3434/217
f 4666/4682/4666 4340/3440/4340 1748/2260/1748
f 4666/4682/4666 1748/2260/1748 3301/4683/3301
f 2472/3428/2472 4667/2263/4667 3303/917/3303
f 3301/4683/3301 4667/2263/4667 2472/3428/2472
f 4667/2263/4667 4004/2262/4004 3303/917/3303
f 1749/916/1749 3303/917/3303 4004/2262/4004
f 4668/4684/4668 3298/4685/3298 3294/2271/3294
f 2211/2845/2211 3293/4686/3293 2201/2846/2201
f 2211/2845/2211 4668/4684/4668 3293/4686/3293
f 2210/2851/2210 4669/4687/4669 4668/4684/4668
f 3294/2271/3294 2215/2856/2215 3293/4686/3293
f 3293/4686/3293 2215/2856/2215 2201/2846/2201
f 2215/2856/2215 158/2270/158 4672/915/4672
f 2216/2857/2216 4672/915/4672 220/2855/220
f 2208/2850/2208 3297/4688/3297 3292/4689/3292
f 2197/2829/2197 1767/2278/1767 3297/4688/3297
f 3297/4688/3297 1708/2274/1708 1765/4690/1765
f 3292/4689/3292 1765/4690/1765 1705/2272/1705
f 2208/2850/2208 3292/4689/3292 249/2842/249
f 3292/4689/3292 4669/4687/4669 249/2842/249
f 1705/2272/1705 4669/4687/4669 3292/4689/3292
f 1705/2272/1705 1766/2275/1766 4669/4687/4669
f 2206/2276/2206 1768/2277/1768 2198/2848/2198
f 2196/2827/2196 615/272/615 2205/2849/2205
f 4670/4691/4670 3291/4692/3291 2073/2826/2073
f 4670/4691/4670 4008/2281/4008 3291/4692/3291
f 4670/4691/4670 1769/2282/1769 4008/2281/4008
f 2072/4693/2072 3296/4694/3296 4670/4691/4670
f 3291/4692/3291 2202/2825/2202 2073/2826/2073
f 1704/2286/1704 4671/4695/4671 3291/4692/3291
f 4671/4695/4671 612/4696/612 2196/2827/2196
f 2202/2825/2202 4671/4695/4671 2196/2827/2196
f 2071/4697/2071 3295/2289/3295 1770/4698/1770
f 2071/4697/2071 3289/4699/3289 234/4700/234
f 3296/4694/3296 3290/2287/3290 1769/2282/1769
f 3289/4699/3289 3296/4694/3296 234/4700/234
f 3289/4699/3289 3290/2287/3290 3296/4694/3296
f 1746/2257/1746 4673/2292/4673 3302/4681/3302
f 4673/2292/4673 444/1211/444 38/1213/38
f 1773/1240/1773 2630/3720/2630 38/1213/38
f 1773/1240/1773 4674/3746/4674 2630/3720/2630
f 4437/3830/4437 4675/4701/4675 2730/3832/2730
f 3306/3831/3306 4675/4701/4675 4437/3830/4437
f 4675/4701/4675 157/2295/157 1987/4702/1987
f 3058/4311/3058 4676/2301/4676 3309/2300/3309
f 3058/4311/3058 1776/2302/1776 4676/2301/4676
f 4564/4703/4564 1987/4702/1987 1776/2302/1776
f 1987/4702/1987 157/2295/157 1776/2302/1776
f 4677/2303/4677 3288/1472/3288 3287/3971/3287
f 3197/4535/3197 3287/3971/3287 2828/3973/2828
f 4620/4530/4620 3287/3971/3287 3197/4535/3197
f 3196/4529/3196 4677/2303/4677 4620/4530/4620
f 4679/4704/4679 4680/4705/4680 4678/4706/4678
f 4679/4704/4679 4681/4707/4681 4680/4705/4680
f 3348/3080/3348 2246/4708/2246 4679/4704/4679
f 3337/4709/3337 2281/3046/2281 253/3008/253
f 3337/4709/3337 4679/4704/4679 4678/4706/4678
f 4682/4710/4682 3347/3075/3347 4679/4704/4679
f 2246/4708/2246 2247/4711/2247 4681/4707/4681
f 4681/4707/4681 252/3052/252 2279/4712/2279
f 4680/4705/4680 2279/4712/2279 2280/3047/2280
f 4678/4706/4678 2280/3047/2280 2281/3046/2281
f 4682/4710/4682 4684/4713/4684 3345/4714/3345
f 4682/4710/4682 4685/4715/4685 4684/4713/4684
f 3345/4714/3345 4684/4713/4684 3344/4716/3344
f 3338/2884/3338 4682/4710/4682 3346/4717/3346
f 3337/4718/3337 2250/3011/2250 4683/4719/4683
f 4683/4719/4683 2251/3012/2251 4685/4715/4685
f 4685/4715/4685 2252/3014/2252 3341/2986/3341
f 4684/4713/4684 3341/2986/3341 3342/2978/3342
f 3344/4716/3344 3342/2978/3342 3343/2983/3343
f 2271/3096/2271 4687/4720/4687 2270/3095/2270
f 2270/3095/2270 3354/4721/3354 3355/4722/3355
f 4687/4720/4687 3353/4723/3353 3354/4721/3354
f 2272/4724/2272 4686/4725/4686 2271/3096/2271
f 2274/4726/2274 2247/4727/2247 4686/4725/4686
f 4686/4725/4686 2246/4708/2246 4687/4720/4687
f 4687/4720/4687 332/2901/332 3353/4723/3353
f 2270/3095/2270 3355/4722/3355 333/3097/333
f 232/4728/232 3367/3087/3367 2242/4729/2242
f 2241/3088/2241 3366/3098/3366 2240/4730/2240
f 2217/4731/2217 3366/3098/3366 333/3097/333
f 4689/4732/4689 3369/4733/3369 4690/4734/4690
f 4688/4735/4688 4690/4734/4690 4691/4736/4691
f 231/3041/231 4688/4735/4688 2119/508/2119
f 3328/4737/3328 4689/4732/4689 4688/4735/4688
f 3329/4738/3329 3370/2341/3370 4689/4732/4689
f 4690/4734/4690 3334/2637/3334 3333/2340/3333
f 4691/4736/4691 3333/2340/3333 3332/2339/3332
f 2121/4739/2121 3332/2339/3332 236/4740/236
f 2120/509/2120 4691/4736/4691 2121/4739/2121
f 2119/508/2119 4688/4735/4688 2120/509/2120
f 3352/2991/3352 4692/4741/4692 3351/2990/3351
f 3351/2990/3351 3365/3114/3365 3350/2985/3350
f 3327/4742/3327 3352/2991/3352 331/2989/331
f 4716/4743/4716 3352/2991/3352 3327/4742/3327
f 4716/4743/4716 2093/2699/2093 4692/4741/4692
f 4692/4741/4692 229/2630/229 3365/3114/3365
f 3350/2985/3350 3365/3114/3365 3364/3112/3364
f 3350/2985/3350 3364/3112/3364 3343/2983/3343
f 4694/4744/4694 4695/4745/4695 4693/4746/4693
f 4696/4747/4696 4697/4748/4697 4695/4745/4695
f 3330/4749/3330 2272/4724/2272 251/3094/251
f 3331/4750/3331 4693/4746/4693 3330/4749/3330
f 336/4751/336 4694/4744/4694 3331/4750/3331
f 3388/4724/3388 4696/4747/4696 4694/4744/4694
f 3389/4752/3389 4698/4753/4698 4696/4747/4696
f 3390/3054/3390 2283/3053/2283 4698/4753/4698
f 4698/4753/4698 2282/3050/2282 4697/4748/4697
f 4697/4748/4697 252/3052/252 2274/4726/2274
f 4695/4745/4695 2274/4726/2274 2273/4752/2273
f 4693/4746/4693 2273/4752/2273 2272/4724/2272
f 4699/4754/4699 3333/4755/3333 2124/4756/2124
f 4699/4754/4699 4700/4757/4700 3333/4755/3333
f 2122/3029/2122 4699/4754/4699 2123/3028/2123
f 331/3031/331 4699/4754/4699 2122/3029/2122
f 331/3031/331 4702/4758/4702 4699/4754/4699
f 2070/4759/2070 2083/4760/2083 4702/4758/4702
f 4702/4758/4702 2084/3071/2084 4701/4761/4701
f 4701/4761/4701 2085/3070/2085 4700/4757/4700
f 4700/4757/4700 236/4740/236 3332/2362/3332
f 2124/4756/2124 3333/4755/3333 3334/2646/3334
f 4704/4762/4704 4705/4763/4705 4703/4764/4703
f 4706/4765/4706 4707/4766/4707 4705/4763/4705
f 2285/4767/2285 2243/3092/2243 231/3091/231
f 2284/2373/2284 4703/4764/4703 2285/4767/2285
f 3379/4768/3379 4704/4762/4704 2284/2373/2284
f 3379/4769/3379 4706/4765/4706 4704/4762/4704
f 3378/4770/3378 4708/4771/4708 4706/4765/4706
f 3377/4772/3377 3331/4750/3331 4708/4771/4708
f 4708/4771/4708 3331/4750/3331 4707/4766/4707
f 4705/4763/4705 251/3094/251 2243/3093/2243
f 4709/4773/4709 4712/4774/4712 4711/4775/4711
f 4711/4775/4711 4712/4774/4712 3319/2895/3319
f 339/3076/339 4709/4773/4709 4180/2902/4180
f 3413/4776/3413 4710/4777/4710 4709/4773/4709
f 3412/4778/3412 2218/3184/2218 4710/4777/4710
f 4710/4777/4710 2218/3184/2218 4712/4774/4712
f 4712/4774/4712 2227/2897/2227 3336/2896/3336
f 4180/2902/4180 4711/4775/4711 4181/2899/4181
f 2063/4779/2063 3354/4721/3354 4182/4780/4182
f 2062/4781/2062 3355/4722/3355 3354/4721/3354
f 2062/4781/2062 2217/4731/2217 3355/4722/3355
f 4182/4780/4182 3354/4721/3354 3353/4723/3353
f 2322/3187/2322 3432/2391/3432 2304/4782/2304
f 2052/3529/2052 2322/3187/2322 2323/3189/2323
f 2539/3510/2539 4713/4783/4713 4360/4784/4360
f 4714/4785/4714 3345/4714/3345 3344/4716/3344
f 3345/4714/3345 3362/2886/3362 3346/4717/3346
f 3359/3120/3359 3344/4716/3344 3343/2983/3343
f 3360/3119/3360 4714/4785/4714 3359/3120/3359
f 3360/3119/3360 2259/3150/2259 4714/4785/4714
f 2259/3150/2259 2258/4786/2258 4714/4785/4714
f 3362/2886/3362 3361/2880/3361 3346/4717/3346
f 3346/4717/3346 3361/2880/3361 3338/2884/3338
f 3327/4742/3327 4715/2670/4715 4716/4743/4716
f 4716/4743/4716 4130/2665/4130 239/2668/239
f 3335/2669/3335 4715/2670/4715 3327/4742/3327
f 4719/4787/4719 4717/4788/4717 4718/4789/4718
f 3390/3054/3390 4718/4789/4718 4724/4790/4724
f 4718/4789/4718 3383/4791/3383 4724/4790/4724
f 3391/4792/3391 3388/4724/3388 336/4751/336
f 3391/4792/3391 4717/4788/4717 4719/4787/4719
f 4719/4787/4719 3389/4752/3389 3388/4724/3388
f 3384/4793/3384 3392/4794/3392 3407/4795/3407
f 3383/4791/3383 3392/4794/3392 3384/4793/3384
f 3391/4792/3391 4720/4796/4720 4722/4797/4722
f 3377/4772/3377 4721/4798/4721 3391/4792/3391
f 4721/4798/4721 3378/4770/3378 3379/4769/3379
f 3392/4794/3392 3393/4799/3393 3407/4795/3407
f 3393/4799/3393 4720/4796/4720 4733/4800/4733
f 3398/4801/3398 3383/4791/3383 3384/4793/3384
f 4723/4802/4723 3383/4791/3383 3398/4801/3398
f 3390/3054/3390 4724/4790/4724 3394/3051/3394
f 3394/3051/3394 4724/4790/4724 3395/3055/3395
f 3397/4803/3397 3384/4793/3384 3407/4795/3407
f 3398/4801/3398 3384/4793/3384 3397/4803/3397
f 337/3010/337 4723/4802/4723 3399/4804/3399
f 3396/3057/3396 4724/4790/4724 4723/4802/4723
f 4727/4805/4727 4728/4806/4728 4726/4807/4726
f 4725/4808/4725 4727/4809/4727 3400/4810/3400
f 3399/4804/3399 3385/3011/3385 337/3010/337
f 3398/4801/3398 4726/4807/4726 3399/4804/3399
f 4726/4807/4726 3386/3012/3386 3385/3011/3385
f 3400/4810/3400 3397/4811/3397 3407/4795/3407
f 3400/4810/3400 3398/4801/3398 3397/4811/3397
f 338/3017/338 4728/4806/4728 3401/4812/3401
f 4732/4813/4732 4730/4814/4730 4731/4815/4731
f 4729/4816/4729 4732/4817/4732 3401/4812/3401
f 3380/2438/3380 3400/4810/3400 3407/4795/3407
f 3400/4810/3400 4729/4816/4729 4725/4808/4725
f 3402/4818/3402 3382/2441/3382 334/3025/334
f 3403/4819/3403 4731/4815/4731 3402/4818/3402
f 4731/4815/4731 3381/2443/3381 3382/2441/3382
f 3401/4812/3401 3404/2987/3404 338/3017/338
f 3401/4812/3401 3403/4819/3403 3404/2987/3404
f 3405/4820/3405 4733/4800/4733 4734/4821/4734
f 4733/4800/4733 3406/4822/3406 3393/4799/3393
f 335/4740/335 3405/4820/3405 3376/2448/3376
f 3376/2448/3376 4734/4821/4734 3375/4823/3375
f 3393/4799/3393 3406/4822/3406 3407/4795/3407
f 3379/4768/3379 4734/4821/4734 4721/4798/4721
f 3375/2451/3375 4734/4821/4734 3374/2450/3374
f 4736/4824/4736 4735/4825/4735 4738/4826/4738
f 4735/4825/4735 3381/4827/3381 3380/4828/3380
f 4738/4829/4738 4735/4825/4735 4737/4830/4737
f 334/533/334 4736/4824/4736 3371/3067/3371
f 3382/2458/3382 3381/4827/3381 4736/4824/4736
f 3371/3067/3371 4738/4826/4738 3372/3068/3372
f 3406/4822/3406 3380/4828/3380 3407/4795/3407
f 3373/4831/3373 3405/4820/3405 335/500/335
f 3372/4832/3372 4737/4830/4737 3373/4831/3373
f 4737/4830/4737 3406/4822/3406 3405/4820/3405
f 3408/2638/3408 2071/4833/2071 234/4834/234
f 4740/4835/4740 4172/4836/4172 233/4837/233
f 4739/4838/4739 3295/4839/3295 2071/4833/2071
f 4741/4840/4741 1778/2476/1778 2242/4729/2242
f 2217/4731/2217 4741/4840/4741 2240/4730/2240
f 2217/4731/2217 4074/2471/4074 4741/4840/4741
f 1778/2476/1778 1955/2475/1955 232/4728/232
f 2240/4730/2240 4741/4840/4741 2241/3088/2241
f 4742/4841/4742 4743/4842/4743 3412/4778/3412
f 2218/3184/2218 3412/4778/3412 2289/4843/2289
f 3413/4776/3413 2231/3072/2231 4742/4841/4742
f 4742/4841/4742 4248/3074/4248 4744/4844/4744
f 4745/3081/4745 3324/2481/3324 4743/4842/4743
f 4743/4842/4743 2290/4845/2290 2289/4843/2289
f 225/2964/225 4746/2940/4746 2064/4846/2064
f 4748/4847/4748 2229/2938/2229 4747/4848/4747
f 3321/4849/3321 4193/2935/4193 2229/2938/2229
f 2219/2995/2219 2228/2937/2228 2222/2923/2222
f 2220/2999/2220 4747/4848/4747 2219/2995/2219
f 224/453/224 4748/4847/4748 2220/2999/2220
f 3320/4850/3320 3321/4849/3321 4748/4847/4748
f 3321/4849/3321 3414/4851/3414 4193/2935/4193
f 2229/2938/2229 4193/2935/4193 2230/2933/2230
f 4747/4848/4747 2229/2938/2229 2228/2937/2228
f 3419/2898/3419 160/4852/160 3318/2903/3318
f 3419/2898/3419 1869/2489/1869 160/4852/160
f 3318/2903/3318 160/4852/160 2063/2877/2063
f 3420/3137/3420 3433/3131/3433 4749/4853/4749
f 3425/2929/3425 2293/2953/2293 340/2952/340
f 3420/3137/3420 4749/4853/4749 3425/2929/3425
f 3433/3131/3433 255/2948/255 2295/2947/2295
f 4749/4853/4749 2295/2947/2295 2294/2954/2294
f 4749/4853/4749 2294/2954/2294 2293/2953/2293
f 4751/4854/4751 4753/4855/4753 4750/4856/4750
f 4753/4855/4753 3445/4857/3445 4754/4858/4754
f 3431/4859/3431 4750/4856/4750 3430/4860/3430
f 3447/4861/3447 4751/4854/4751 3431/4859/3431
f 3447/4861/3447 4753/4855/4753 4751/4854/4751
f 3446/4862/3446 3445/4857/3445 4753/4855/4753
f 4754/4858/4754 3427/3181/3427 3426/3180/3426
f 2289/4843/2289 3426/3180/3426 2218/3184/2218
f 4750/4856/4750 2289/4843/2289 2290/4845/2290
f 4755/4863/4755 4758/4864/4758 4757/4865/4757
f 4758/4864/4758 4759/4866/4759 4757/4865/4757
f 340/2952/340 4755/4863/4755 3422/2930/3422
f 3428/2951/3428 4756/4867/4756 4755/4863/4755
f 345/2952/345 4756/4867/4756 3428/2951/3428
f 3464/4868/3464 4758/4864/4758 4756/4867/4756
f 3463/4869/3463 4760/4870/4760 4758/4864/4758
f 3463/4869/3463 3431/4859/3431 4760/4870/4760
f 4760/4870/4760 3430/4860/3430 4759/4866/4759
f 4759/4866/4759 2290/4871/2290 3421/4872/3421
f 4757/4865/4757 3421/4872/3421 3422/2930/3422
f 3458/4873/3458 3459/4874/3459 1926/2567/1926
f 1925/2563/1925 342/4875/342 1903/2541/1903
f 1926/2567/1926 4761/4876/4761 1925/2563/1925
f 187/4877/187 3458/4873/3458 1927/2521/1927
f 4763/4878/4763 4762/4879/4762 3460/4880/3460
f 3452/4881/3452 3462/4882/3462 3455/4883/3455
f 3455/4883/3455 4762/4879/4762 3454/4884/3454
f 3445/4857/3445 3460/4880/3460 3427/3181/3427
f 3445/4857/3445 4763/4878/4763 3460/4880/3460
f 3454/4884/3454 4763/4878/4763 3453/4885/3453
f 4763/4878/4763 3446/4862/3446 3447/4861/3447
f 4764/4886/4764 4768/4887/4768 4767/4888/4767
f 4765/4889/4765 3435/4890/3435 4768/4887/4768
f 3444/4891/3444 4765/4889/4765 4764/4886/4764
f 4774/4892/4774 4766/4893/4766 4765/4889/4765
f 4775/4894/4775 3438/4895/3438 4766/4893/4766
f 4766/4893/4766 3438/4895/3438 3435/4890/3435
f 4768/4887/4768 3435/4890/3435 3436/2538/3436
f 4767/4888/4767 3436/2538/3436 3437/4896/3437
f 3441/2999/3441 3437/4896/3437 341/453/341
f 3440/2997/3440 4767/4888/4767 3441/2999/3441
f 343/2921/343 4764/4886/4764 3440/2997/3440
f 4770/4897/4770 3453/4885/3453 4769/4898/4769
f 4771/4899/4771 3454/4884/3454 4770/4897/4770
f 3468/4900/3468 3464/4868/3464 345/2952/345
f 3469/4901/3469 4769/4898/4769 3468/4900/3468
f 3470/4902/3470 4770/4897/4770 3469/4901/3469
f 3470/4902/3470 3455/4883/3455 4771/4899/4771
f 3453/4885/3453 3447/4861/3447 3463/4869/3463
f 4769/4898/4769 3463/4869/3463 3464/4868/3464
f 3467/4903/3467 4772/4904/4772 3472/4905/3472
f 4772/4904/4772 3466/4906/3466 4773/4907/4773
f 3470/4902/3470 3467/4903/3467 3473/4908/3473
f 3448/3100/3448 3465/4909/3465 3418/2949/3418
f 344/3104/344 4773/4907/4773 3448/3100/3448
f 4773/4907/4773 3466/4906/3466 3465/4909/3465
f 1909/2559/1909 4774/4892/4774 3444/4891/3444
f 1910/2542/1910 4775/4894/4775 4774/4892/4774
f 1903/2541/1903 4775/4894/4775 1911/2543/1911
f 3442/2920/3442 3444/4891/3444 343/2921/343
f 186/2558/186 1909/2559/1909 3442/4910/3442
f 4761/4876/4761 3461/4911/3461 3462/4912/3462
f 3459/4874/3459 3460/4913/3460 3461/4911/3461
f 342/4875/342 4761/4876/4761 3438/4895/3438
f 3458/4873/3458 3439/4914/3439 3460/4913/3460
f 3438/4895/3438 3462/4912/3462 3452/2539/3452
f 4776/4915/4776 4780/4916/4780 4777/4917/4777
f 4779/4918/4779 4776/4915/4776 4778/4919/4778
f 3465/4920/3465 3451/2941/3451 3418/2949/3418
f 3466/4906/3466 4777/4917/4777 3465/4920/3465
f 4777/4917/4777 3450/2944/3450 3451/2941/3451
f 3469/4921/3469 4778/4919/4778 3470/4902/3470
f 3467/4903/3467 4776/4915/4776 3466/4906/3466
f 345/2952/345 4779/4918/4779 3468/4900/3468
f 3449/2950/3449 4780/4916/4780 4779/4918/4779
f 3468/4900/3468 4778/4919/4778 3469/4922/3469
f 4781/4923/4781 4782/4924/4782 4784/4925/4784
f 341/2907/341 4781/4923/4781 3456/2910/3456
f 3437/4926/3437 4782/4924/4782 4781/4923/4781
f 3436/2583/3436 4783/4927/4783 4782/4924/4782
f 3435/2584/3435 3452/4881/3452 4783/4927/4783
f 4783/4927/4783 3470/4902/3470 3473/4908/3473
f 4782/4924/4782 3473/4908/3473 3472/4905/3472
f 4784/4925/4784 3472/4905/3472 3471/4928/3471
f 3457/2911/3457 3471/4928/3471 344/3104/344
f 3456/2910/3456 4784/4925/4784 3457/2911/3457
f 1611/2/1611 1681/1/1681 3474/5/3474
f 4642/2588/4642 4119/4/4119 1681/1/1681
f 351/9/351 347/7/347 1594/6/1594
f 351/9/351 1594/6/1594 3475/11/3475
f 353/19/353 350/17/350 1126/16/1126
f 351/9/351 1364/12/1364 3476/14/3476
f 2/10/2 351/9/351 1011/23/1011
f 3/20/3 353/19/353 860/24/860
f 355/960/355 3698/993/3698 3477/4929/3477
f 457/4930/457 355/960/355 3477/4929/3477
f 3625/645/3625 3477/4929/3477 43/642/43
f 43/642/43 3477/4929/3477 3698/993/3698
f 728/637/728 3477/4929/3477 3625/645/3625
f 624/31/624 623/30/623 356/27/356
f 358/35/358 748/689/748 3478/36/3478
f 357/202/357 3478/36/3478 748/689/748
f 447/37/447 3478/36/3478 515/39/515
f 507/41/507 3479/44/3479 3611/42/3611
f 548/45/548 3479/44/3479 508/121/508
f 508/121/508 3479/44/3479 507/41/507
f 472/4931/472 3479/44/3479 53/46/53
f 515/39/515 3480/47/3480 51/40/51
f 515/39/515 3510/200/3510 3480/47/3480
f 565/158/565 3480/47/3480 516/161/516
f 516/161/516 3480/47/3480 3510/200/3510
f 726/4932/726 3480/47/3480 564/160/564
f 564/160/564 3480/47/3480 565/158/565
f 492/51/492 3481/50/3481 1822/58/1822
f 1822/58/1822 3481/50/3481 1864/55/1864
f 60/61/60 531/54/531 493/49/493
f 3481/50/3481 477/2467/477 1865/2464/1865
f 1864/55/1864 3481/50/3481 1865/2464/1865
f 478/62/478 531/60/531 3482/63/3482
f 3485/59/3485 3482/63/3482 531/60/531
f 1788/67/1788 1793/70/1793 3483/68/3483
f 492/69/492 3483/68/3483 532/72/532
f 533/75/533 3483/68/3483 1794/71/1794
f 533/75/533 3484/74/3484 3483/68/3483
f 532/72/532 3483/68/3483 3484/74/3484
f 534/78/534 3484/74/3484 496/73/496
f 532/72/532 3484/74/3484 534/78/534
f 60/61/60 534/78/534 3485/59/3485
f 3486/80/3486 3485/59/3485 535/76/535
f 536/79/536 3485/59/3485 3486/80/3486
f 61/77/61 494/82/494 3486/80/3486
f 480/81/480 3486/80/3486 494/82/494
f 536/79/536 3486/80/3486 480/81/480
f 501/88/501 3488/87/3488 3487/85/3487
f 501/88/501 3487/85/3487 500/84/500
f 1789/92/1789 4054/90/4054 3488/87/3488
f 537/89/537 538/95/538 3489/93/3489
f 3488/87/3488 3489/93/3489 3580/91/3580
f 537/89/537 3489/93/3489 3488/87/3488
f 495/94/495 3489/93/3489 538/95/538
f 503/103/503 3490/102/3490 502/97/502
f 502/97/502 3490/102/3490 538/95/538
f 540/98/540 3490/102/3490 504/99/504
f 538/95/538 3490/102/3490 539/104/539
f 539/104/539 3490/102/3490 3491/101/3491
f 533/75/533 3491/101/3491 496/73/496
f 3492/106/3492 3491/101/3491 540/98/540
f 496/73/496 3491/101/3491 541/105/541
f 541/105/541 3491/101/3491 3492/106/3492
f 63/100/63 505/108/505 3492/106/3492
f 543/110/543 3492/106/3492 505/108/505
f 541/105/541 3492/106/3492 542/111/542
f 544/107/544 546/112/546 543/4933/543
f 542/111/542 543/4933/543 494/82/494
f 494/82/494 546/112/546 545/113/545
f 494/82/494 543/4933/543 546/112/546
f 498/114/498 3493/117/3493 547/109/547
f 547/109/547 3493/117/3493 546/112/546
f 483/118/483 3493/117/3493 498/114/498
f 546/112/546 3493/117/3493 545/113/545
f 545/113/545 3493/117/3493 482/116/482
f 549/120/549 548/45/548 508/121/508
f 62/123/62 499/119/499 548/45/548
f 509/126/509 3494/124/3494 549/120/549
f 500/84/500 550/125/550 552/128/552
f 551/129/551 500/84/500 552/128/552
f 554/131/554 553/134/553 3495/4934/3495
f 511/130/511 3495/4934/3495 552/128/552
f 554/131/554 3495/4934/3495 511/130/511
f 552/128/552 3495/4934/3495 553/134/553
f 504/99/504 503/103/503 3496/137/3496
f 553/134/553 503/103/503 502/97/502
f 553/134/553 3496/137/3496 503/103/503
f 556/135/556 3496/137/3496 554/131/554
f 504/99/504 3496/137/3496 555/136/555
f 513/140/513 3497/138/3497 556/135/556
f 558/141/558 3497/138/3497 513/140/513
f 555/136/555 3497/138/3497 558/141/558
f 557/143/557 558/141/558 3498/4935/3498
f 557/143/557 3498/4935/3498 505/108/505
f 559/145/559 3498/4935/3498 558/141/558
f 505/108/505 3498/4935/3498 559/145/559
f 514/148/514 3499/146/3499 560/144/560
f 561/147/561 3499/146/3499 514/148/514
f 559/145/559 3499/146/3499 3500/150/3500
f 562/152/562 3500/150/3500 561/147/561
f 498/114/498 3500/150/3500 562/152/562
f 506/155/506 3501/153/3501 563/151/563
f 485/154/485 3501/153/3501 506/155/506
f 562/152/562 3501/153/3501 484/157/484
f 64/122/64 507/41/507 565/158/565
f 566/159/566 517/162/517 3502/4936/3502
f 568/166/568 3502/4936/3502 569/163/569
f 569/163/569 3502/4936/3502 517/162/517
f 566/159/566 3502/4936/3502 567/165/567
f 567/165/567 3502/4936/3502 568/166/568
f 510/127/510 509/126/509 568/166/568
f 519/171/519 3503/169/3503 570/167/570
f 572/170/572 3503/169/3503 3513/172/3513
f 570/167/570 3503/169/3503 571/168/571
f 573/132/573 511/130/511 3504/177/3504
f 572/170/572 3504/177/3504 511/130/511
f 574/175/574 3504/177/3504 572/170/572
f 573/132/573 3504/177/3504 3505/176/3505
f 520/179/520 3505/176/3505 574/175/574
f 575/178/575 3505/176/3505 520/179/520
f 575/178/575 3506/182/3506 512/139/512
f 577/183/577 3506/182/3506 575/178/575
f 513/140/513 3506/182/3506 577/183/577
f 576/184/576 577/183/577 3507/190/3507
f 3516/186/3516 3507/190/3507 577/183/577
f 578/187/578 3507/190/3507 523/188/523
f 576/184/576 3507/190/3507 578/187/578
f 66/142/66 578/187/578 580/191/580
f 524/230/524 3508/194/3508 581/189/581
f 581/189/581 3508/194/3508 580/191/580
f 580/191/580 3508/194/3508 579/192/579
f 579/192/579 3508/194/3508 582/193/582
f 506/155/506 582/193/582 583/196/583
f 3519/199/3519 3509/198/3509 583/196/583
f 487/239/487 3509/198/3509 3519/199/3519
f 3478/36/3478 3510/200/3510 515/39/515
f 584/201/584 3510/200/3510 3478/36/3478
f 585/210/585 516/161/516 584/201/584
f 467/203/467 3511/205/3511 584/201/584
f 586/208/586 3511/205/3511 587/206/587
f 587/206/587 3511/205/3511 749/204/749
f 584/201/584 3511/205/3511 585/210/585
f 585/210/585 3511/205/3511 586/208/586
f 518/164/518 517/162/517 586/208/586
f 466/213/466 3512/212/3512 588/209/588
f 588/209/588 3512/212/3512 589/211/589
f 3512/212/3512 3513/172/3513 519/171/519
f 592/216/592 3513/172/3513 3512/212/3512
f 465/217/465 3514/4937/3514 592/216/592
f 593/218/593 3514/4937/3514 465/217/465
f 592/216/592 3514/4937/3514 68/174/68
f 68/174/68 3514/4937/3514 593/218/593
f 463/223/463 3515/4938/3515 464/221/464
f 464/221/464 3515/4938/3515 594/220/594
f 595/222/595 3515/4938/3515 463/223/463
f 594/220/594 3515/4938/3515 69/181/69
f 69/181/69 3515/4938/3515 595/222/595
f 522/185/522 595/222/595 3516/186/3516
f 3517/225/3517 3516/186/3516 595/222/595
f 523/188/523 3516/186/3516 3517/225/3517
f 598/228/598 3517/225/3517 462/227/462
f 597/226/597 3517/225/3517 598/228/598
f 524/230/524 598/228/598 3518/234/3518
f 599/232/599 3518/234/3518 598/228/598
f 3508/194/3508 3518/234/3518 601/233/601
f 602/235/602 599/232/599 44/237/44
f 601/233/601 599/232/599 602/235/602
f 70/195/70 602/235/602 3519/199/3519
f 603/236/603 3519/199/3519 602/235/602
f 4/29/4 360/240/360 603/236/603
f 481/254/481 604/244/604 480/243/480
f 618/247/618 3520/251/3520 483/248/483
f 483/248/483 3520/251/3520 482/252/482
f 614/270/614 3520/251/3520 607/250/607
f 614/270/614 613/253/613 3520/251/3520
f 482/252/482 3520/251/3520 613/253/613
f 608/258/608 3521/256/3521 485/255/485
f 484/257/484 3521/256/3521 617/261/617
f 610/265/610 3522/262/3522 487/34/487
f 620/275/620 3522/262/3522 621/264/621
f 621/264/621 3522/262/3522 610/265/610
f 3509/267/3509 3522/262/3522 58/259/58
f 58/259/58 3522/262/3522 620/275/620
f 613/253/613 3523/269/3523 604/244/604
f 615/272/615 3523/269/3523 614/270/614
f 605/242/605 3523/269/3523 615/272/615
f 619/274/619 617/261/617 3521/256/3521
f 621/264/621 622/276/622 620/275/620
f 622/276/622 608/258/608 620/275/620
f 611/266/611 610/265/610 3524/277/3524
f 623/30/623 3524/277/3524 610/265/610
f 3525/279/3525 3524/277/3524 624/31/624
f 625/281/625 611/266/611 3524/277/3524
f 3524/277/3524 3525/279/3525 625/281/625
f 488/2861/488 1955/285/1955 3526/287/3526
f 3527/288/3527 1874/294/1874 3529/289/3529
f 161/291/161 714/327/714 3527/288/3527
f 714/327/714 713/293/713 3527/288/3527
f 713/293/713 673/324/673 3612/295/3612
f 3529/289/3529 1875/296/1875 1758/297/1758
f 3528/290/3528 3529/289/3529 1757/298/1757
f 1755/299/1755 3528/290/3528 1757/298/1757
f 1756/292/1756 3527/288/3527 3528/290/3528
f 469/301/469 468/306/468 1760/302/1760
f 1869/304/1869 469/301/469 1759/303/1759
f 469/301/469 4051/4939/4051 468/306/468
f 3530/309/3530 708/312/708 3531/310/3531
f 3531/310/3531 3532/313/3532 1818/321/1818
f 664/314/664 3530/309/3530 1816/311/1816
f 1763/316/1763 707/317/707 3530/309/3530
f 708/312/708 709/318/709 3532/313/3532
f 3532/313/3532 667/319/667 718/4940/718
f 3532/313/3532 718/4940/718 668/320/668
f 1816/311/1816 3531/310/3531 1817/322/1817
f 714/327/714 712/325/712 713/293/713
f 49/459/49 712/325/712 714/327/714
f 3533/330/3533 1872/329/1872 1790/332/1790
f 183/2490/183 3533/330/3533 1754/2383/1754
f 1872/329/1872 164/3110/164 636/331/636
f 1754/2383/1754 3533/330/3533 1790/332/1790
f 3535/337/3535 1753/339/1753 1754/2383/1754
f 175/333/175 1809/336/1809 3534/334/3534
f 1809/336/1809 1810/338/1810 3535/337/3535
f 1810/338/1810 469/301/469 1753/339/1753
f 3536/343/3536 3538/342/3538 3537/347/3537
f 1812/341/1812 1811/345/1811 3538/342/3538
f 48/300/48 1757/298/1757 3536/343/3536
f 1757/298/1757 1758/297/1758 1812/341/1812
f 1811/345/1811 188/569/188 1924/346/1924
f 3537/347/3537 3538/342/3538 1924/346/1924
f 1711/344/1711 3537/347/3537 1923/348/1923
f 3536/343/3536 3537/347/3537 1710/344/1710
f 3539/349/3539 733/357/733 3540/350/3540
f 642/351/642 3540/350/3540 3541/353/3541
f 631/354/631 3539/349/3539 643/355/643
f 631/354/631 632/382/632 733/357/733
f 3540/350/3540 732/358/732 731/352/731
f 3541/353/3541 731/352/731 1907/359/1907
f 641/361/641 3541/353/3541 186/360/186
f 643/355/643 3539/349/3539 642/351/642
f 3542/362/3542 707/317/707 3543/363/3543
f 1888/364/1888 3543/363/3543 3544/371/3544
f 3543/363/3543 1761/369/1761 3544/371/3544
f 709/365/709 708/367/708 3542/362/3542
f 1763/316/1763 1762/368/1762 3543/363/3543
f 1761/369/1761 701/2514/701 1886/2513/1886
f 1761/369/1761 1886/2513/1886 1887/370/1887
f 1889/372/1889 3544/371/3544 1887/370/1887
f 715/366/715 3542/362/3542 1888/364/1888
f 633/377/633 1712/407/1712 640/374/640
f 633/377/633 640/374/640 638/376/638
f 163/398/163 633/377/633 1752/378/1752
f 1752/378/1752 638/376/638 3545/380/3545
f 3545/380/3545 637/379/637 3546/381/3546
f 1883/383/1883 3546/381/3546 631/354/631
f 1882/384/1882 3545/380/3545 3546/381/3546
f 640/374/640 1876/410/1876 3547/375/3547
f 1876/410/1876 4080/2483/4080 3547/375/3547
f 1873/2487/1873 3547/375/3547 161/4941/161
f 161/4941/161 3547/375/3547 4080/2483/4080
f 3549/385/3549 1917/389/1917 1918/386/1918
f 3550/388/3550 1916/396/1916 1917/389/1917
f 706/390/706 3548/387/3548 1877/391/1877
f 705/393/705 3549/385/3549 3548/387/3548
f 704/394/704 3550/388/3550 3549/385/3549
f 184/373/184 1893/2512/1893 3550/388/3550
f 1893/2512/1893 1892/395/1892 3550/388/3550
f 1892/395/1892 189/2518/189 1916/396/1916
f 3548/387/3548 1918/386/1918 1878/397/1878
f 163/398/163 4197/400/4197 3551/399/3551
f 633/377/633 3551/399/3551 1712/407/1712
f 644/403/644 1712/407/1712 3552/404/3552
f 634/402/634 635/405/635 644/403/644
f 635/405/635 71/424/71 645/406/645
f 644/403/644 640/374/640 1712/407/1712
f 3552/404/3552 3551/399/3551 1750/401/1750
f 634/402/634 3552/404/3552 1750/401/1750
f 1876/410/1876 644/403/644 646/409/646
f 71/424/71 3553/412/3553 645/406/645
f 49/411/49 646/409/646 3553/412/3553
f 3554/418/3554 635/405/635 634/402/634
f 1772/417/1772 647/416/647 3554/418/3554
f 647/416/647 459/421/459 648/419/648
f 648/419/648 459/421/459 3555/420/3555
f 649/423/649 648/419/648 3555/420/3555
f 649/423/649 3555/420/3555 650/425/650
f 3556/426/3556 650/425/650 3555/420/3555
f 3553/412/3553 650/425/650 50/414/50
f 457/958/457 3477/428/3477 3556/426/3556
f 50/414/50 3556/426/3556 3477/428/3477
f 1796/432/1796 3558/431/3558 3560/434/3560
f 3558/431/3558 3559/437/3559 473/433/473
f 1797/2394/1797 1804/435/1804 3557/430/3557
f 1804/435/1804 1805/436/1805 3558/431/3558
f 1805/436/1805 1806/438/1806 3559/437/3559
f 3559/437/3559 174/439/174 473/433/473
f 3560/434/3560 473/433/473 697/441/697
f 1795/444/1795 3560/434/3560 699/443/699
f 1797/2394/1797 3557/430/3557 1796/432/1796
f 3561/446/3561 3562/451/3562 3564/448/3564
f 632/382/632 629/450/629 3561/446/3561
f 629/450/629 630/452/630 3562/451/3562
f 630/452/630 48/454/48 1710/453/1710
f 3564/448/3564 1710/453/1710 1711/453/1711
f 3564/448/3564 1711/453/1711 185/454/185
f 3563/447/3563 3564/448/3564 1906/455/1906
f 3565/449/3565 3563/447/3563 1905/456/1905
f 731/352/731 3565/449/3565 1905/456/1905
f 733/357/733 3561/446/3561 732/358/732
f 470/457/470 3566/323/3566 712/325/712
f 3568/461/3568 3572/465/3572 3571/463/3571
f 3569/464/3569 3573/470/3573 3572/465/3572
f 661/466/661 3567/460/3567 74/478/74
f 661/466/661 662/467/662 3568/461/3568
f 662/467/662 663/468/663 3569/464/3569
f 663/468/663 75/445/75 656/469/656
f 656/469/656 655/471/655 3573/470/3573
f 655/471/655 181/489/181 1840/472/1840
f 3573/470/3573 1840/472/1840 1839/473/1839
f 3572/465/3572 1839/473/1839 1838/474/1838
f 3571/463/3571 1838/474/1838 180/475/180
f 3570/462/3570 3571/463/3571 660/476/660
f 3567/460/3567 3570/462/3570 659/477/659
f 3574/482/3574 3575/479/3575 3577/481/3577
f 3575/479/3575 3576/484/3576 3578/480/3578
f 75/445/75 699/443/699 3574/482/3574
f 699/443/699 698/442/698 3575/479/3575
f 698/442/698 697/441/697 3576/484/3576
f 697/441/697 54/440/54 687/485/687
f 3576/484/3576 687/485/687 686/485/686
f 3578/480/3578 686/485/686 177/440/177
f 3577/481/3577 3578/480/3578 1857/486/1857
f 3577/481/3577 1858/487/1858 1859/488/1859
f 3579/483/3579 1859/488/1859 181/489/181
f 3574/482/3574 3579/483/3579 655/471/655
f 3580/91/3580 495/94/495 529/490/529
f 1789/491/1789 3580/91/3580 528/492/528
f 495/94/495 1794/71/1794 1793/70/1793
f 529/490/529 1793/70/1793 530/494/530
f 3581/495/3581 3582/498/3582 3585/496/3585
f 3582/498/3582 3583/504/3583 3586/499/3586
f 59/500/59 527/502/527 3581/495/3581
f 527/502/527 526/503/526 3582/498/3582
f 526/503/526 525/506/525 3583/504/3583
f 55/505/55 696/507/696 3583/504/3583
f 696/507/696 695/507/695 3586/499/3586
f 695/507/695 1831/3041/1831 1826/508/1826
f 3585/496/3585 3586/499/3586 1826/508/1826
f 3584/497/3584 3585/496/3585 1827/509/1827
f 689/511/689 3584/497/3584 1828/510/1828
f 688/501/688 3581/495/3581 3584/497/3584
f 691/514/691 3588/513/3588 3587/516/3587
f 692/512/692 3589/517/3589 3588/513/3588
f 3588/513/3588 3591/518/3591 3590/515/3590
f 3589/517/3589 3592/522/3592 3591/518/3591
f 690/519/690 3587/516/3587 693/520/693
f 74/478/74 659/477/659 3589/517/3589
f 659/477/659 660/476/660 3592/522/3592
f 660/476/660 180/475/180 1851/523/1851
f 3592/522/3592 1851/523/1851 1850/524/1850
f 3591/518/3591 1850/524/1850 1849/525/1849
f 3590/515/3590 1849/525/1849 1843/526/1843
f 3587/516/3587 3590/515/3590 694/527/694
f 3596/530/3596 3594/529/3594 3597/532/3597
f 3594/529/3594 3595/537/3595 3598/531/3598
f 54/533/54 489/535/489 3593/528/3593
f 489/535/489 490/536/490 3594/529/3594
f 490/536/490 491/538/491 3595/537/3595
f 491/538/491 59/500/59 688/501/688
f 3595/537/3595 688/501/688 689/511/689
f 3598/531/3598 689/511/689 178/500/178
f 3597/532/3597 3598/531/3598 1825/539/1825
f 3596/530/3596 3597/532/3597 1824/540/1824
f 686/534/686 3596/530/3596 1823/541/1823
f 687/534/687 3593/528/3593 3596/530/3596
f 639/542/639 3599/547/3599 3601/543/3601
f 3601/543/3601 3599/547/3599 1801/548/1801
f 4079/545/4079 1763/4942/1763 664/546/664
f 1801/548/1801 664/314/664 1792/315/1792
f 3600/544/3600 3601/543/3601 1802/549/1802
f 1813/335/1813 3600/544/3600 1803/550/1803
f 182/340/182 639/542/639 3600/544/3600
f 3603/553/3603 3602/552/3602 1782/554/1782
f 176/4943/176 681/556/681 1820/551/1820
f 681/556/681 682/557/682 3602/552/3602
f 3602/552/3602 72/558/72 654/559/654
f 1782/554/1782 654/559/654 55/2374/55
f 475/561/475 3604/555/3604 1783/560/1783
f 3603/553/3603 3604/555/3604 475/561/475
f 3607/563/3607 3605/567/3605 1915/564/1915
f 1758/297/1758 702/566/702 3607/563/3607
f 702/566/702 703/568/703 3605/567/3605
f 703/568/703 76/392/76 1877/391/1877
f 3605/567/3605 1877/391/1877 1878/397/1878
f 1812/341/1812 3607/563/3607 3606/565/3606
f 1867/572/1867 1880/571/1880 1881/573/1881
f 636/331/636 164/3110/164 1866/570/1866
f 164/3110/164 1879/575/1879 1866/570/1866
f 1881/573/1881 187/3108/187 1908/576/1908
f 3608/577/3608 3610/582/3610 3609/578/3609
f 1819/580/1819 3608/577/3608 710/579/710
f 1797/2394/1797 1814/581/1814 3608/577/3608
f 1814/581/1814 1815/583/1815 3610/582/3610
f 3610/582/3610 3622/584/3622 671/585/671
f 472/594/472 710/590/710 3611/589/3611
f 666/592/666 3611/589/3611 665/588/665
f 3612/295/3612 730/4944/730 3613/599/3613
f 730/4944/730 3626/597/3626 3613/599/3613
f 3612/295/3612 3613/599/3613 1875/296/1875
f 673/324/673 730/4944/730 3612/295/3612
f 3626/597/3626 42/4945/42 1898/598/1898
f 3613/599/3613 1898/598/1898 1897/2491/1897
f 3613/599/3613 1897/2491/1897 76/392/76
f 1875/296/1875 3613/599/3613 703/568/703
f 1874/294/1874 3612/295/3612 1875/296/1875
f 1888/364/1888 3614/600/3614 715/366/715
f 1889/372/1889 1884/2492/1884 3614/600/3614
f 1885/602/1885 3614/600/3614 1884/2492/1884
f 674/658/674 3615/604/3615 1885/606/1885
f 717/608/717 3616/603/3616 675/605/675
f 716/611/716 3615/604/3615 3616/603/3616
f 676/615/676 3618/614/3618 717/608/717
f 3618/614/3618 3617/613/3617 667/319/667
f 677/612/677 3618/614/3618 676/615/676
f 718/4940/718 3617/613/3617 668/320/668
f 718/4940/718 667/319/667 3617/613/3617
f 719/616/719 720/621/720 3619/617/3619
f 668/320/668 3619/617/3619 669/618/669
f 719/616/719 3619/617/3619 3617/613/3617
f 670/619/670 3619/617/3619 720/621/720
f 679/623/679 3620/4946/3620 721/620/721
f 721/620/721 3620/4946/3620 720/621/720
f 723/624/723 3620/4946/3620 679/623/679
f 720/621/720 3620/4946/3620 722/626/722
f 722/626/722 3620/4946/3620 723/624/723
f 3622/584/3622 723/624/723 3621/4947/3621
f 724/628/724 3621/4947/3621 723/624/723
f 671/585/671 3621/4947/3621 724/628/724
f 671/585/671 3622/584/3622 3621/4947/3621
f 744/629/744 3623/631/3623 725/627/725
f 725/627/725 3623/631/3623 724/628/724
f 77/587/77 3623/631/3623 3624/632/3624
f 665/588/665 77/587/77 666/592/666
f 727/633/727 3624/632/3624 680/630/680
f 666/592/666 3624/632/3624 726/635/726
f 672/681/672 726/635/726 727/633/727
f 51/685/51 726/635/726 672/681/672
f 728/637/728 3625/645/3625 3566/323/3566
f 729/638/729 3625/645/3625 43/642/43
f 673/324/673 3566/323/3566 3625/645/3625
f 455/643/455 3626/639/3626 729/638/729
f 3627/646/3627 3628/651/3628 3630/647/3630
f 3629/648/3629 3630/647/3630 3631/652/3631
f 628/649/628 636/331/636 3628/651/3628
f 3628/651/3628 1866/570/1866 1867/572/1867
f 3630/647/3630 1867/572/1867 1868/574/1868
f 3631/652/3631 1868/574/1868 1908/576/1908
f 3629/648/3629 3631/652/3631 1904/654/1904
f 1891/655/1891 3629/648/3629 1904/654/1904
f 1890/650/1890 3627/646/3627 3629/648/3629
f 674/658/674 3632/657/3632 3615/604/3615
f 675/605/675 3632/657/3632 736/660/736
f 675/605/675 3615/604/3615 3632/657/3632
f 453/662/453 736/660/736 3633/1029/3633
f 735/656/735 3633/1029/3633 3632/657/3632
f 3632/657/3632 3633/1029/3633 736/660/736
f 737/665/737 676/615/676 3634/664/3634
f 736/660/736 3634/664/3634 676/615/676
f 738/661/738 3634/664/3634 453/662/453
f 737/665/737 3634/664/3634 738/661/738
f 739/669/739 738/661/738 451/666/451
f 739/669/739 451/666/451 3635/667/3635
f 741/671/741 3635/667/3635 740/668/740
f 679/623/679 3635/667/3635 741/671/741
f 742/670/742 741/671/741 3636/4948/3636
f 449/673/449 3636/4948/3636 741/671/741
f 743/674/743 3636/4948/3636 449/673/449
f 742/670/742 3636/4948/3636 743/674/743
f 79/625/79 743/674/743 744/629/744
f 680/630/680 744/629/744 80/634/80
f 1009/678/1009 3637/677/3637 745/676/745
f 745/676/745 3637/677/3637 744/629/744
f 746/680/746 3637/677/3637 40/679/40
f 744/629/744 3637/677/3637 80/634/80
f 80/634/80 3637/677/3637 746/680/746
f 727/633/727 80/634/80 672/681/672
f 672/681/672 746/680/746 747/682/747
f 358/35/358 3830/1504/3830 3638/688/3638
f 792/693/792 3639/691/3639 751/690/751
f 795/699/795 3640/696/3640 753/725/753
f 420/697/420 3640/696/3640 795/699/795
f 759/752/759 3641/4949/3641 758/701/758
f 758/701/758 3641/4949/3641 419/702/419
f 801/704/801 3641/4949/3641 760/705/760
f 760/705/760 3641/4949/3641 759/752/759
f 419/702/419 3641/4949/3641 801/704/801
f 767/707/767 3642/4950/3642 417/708/417
f 810/713/810 3642/4950/3642 811/710/811
f 811/710/811 3642/4950/3642 767/707/767
f 417/708/417 3642/4950/3642 810/713/810
f 773/716/773 3643/715/3643 415/714/415
f 774/779/774 3643/715/3643 773/716/773
f 782/855/782 841/719/841 20/856/20
f 783/814/783 841/719/841 782/855/782
f 791/695/791 793/721/793 3638/688/3638
f 794/722/794 749/204/749 793/721/793
f 793/721/793 749/204/749 467/203/467
f 795/699/795 796/724/796 751/690/751
f 755/740/755 3644/727/3644 754/726/754
f 754/726/754 3644/727/3644 796/724/796
f 798/728/798 3644/727/3644 756/731/756
f 756/731/756 3644/727/3644 755/740/755
f 798/728/798 799/732/799 3645/729/3645
f 81/694/81 3645/729/3645 794/722/794
f 749/204/749 3645/729/3645 799/732/799
f 800/730/800 3646/749/3646 799/732/799
f 466/213/466 3646/749/3646 752/215/752
f 799/732/799 3646/749/3646 466/213/466
f 801/704/801 3647/733/3647 3640/696/3640
f 3640/696/3640 3647/733/3647 803/734/803
f 761/737/761 3648/736/3648 3647/733/3647
f 804/738/804 3648/736/3648 762/735/762
f 803/734/803 3648/736/3648 804/738/804
f 806/739/806 805/741/805 755/740/755
f 763/742/763 764/744/764 3649/748/3649
f 763/742/763 3649/748/3649 805/741/805
f 3650/746/3650 3649/748/3649 764/744/764
f 805/741/805 3649/748/3649 807/747/807
f 808/743/808 809/750/809 3650/746/3650
f 807/747/807 3650/746/3650 3646/749/3646
f 3646/749/3646 3650/746/3650 809/750/809
f 757/774/757 3651/4951/3651 82/745/82
f 82/745/82 3651/4951/3651 809/750/809
f 465/217/465 3651/4951/3651 46/219/46
f 46/219/46 3651/4951/3651 757/774/757
f 809/750/809 3651/4951/3651 465/217/465
f 759/752/759 810/713/810 813/751/813
f 812/753/812 759/752/759 813/751/813
f 810/713/810 759/752/759 758/701/758
f 815/755/815 814/758/814 3652/756/3652
f 768/754/768 3652/756/3652 813/751/813
f 813/751/813 3652/756/3652 814/758/814
f 817/759/817 816/760/816 3653/4952/3653
f 814/758/814 3653/4952/3653 761/737/761
f 817/759/817 3653/4952/3653 814/758/814
f 761/737/761 3653/4952/3653 816/760/816
f 769/763/769 3654/762/3654 816/760/816
f 818/766/818 3654/762/3654 770/761/770
f 816/760/816 3654/762/3654 818/766/818
f 818/766/818 3655/767/3655 764/744/764
f 3656/769/3656 3655/767/3655 819/764/819
f 764/744/764 3655/767/3655 820/768/820
f 83/765/83 771/771/771 3656/769/3656
f 821/773/821 3656/769/3656 771/771/771
f 820/768/820 3656/769/3656 821/773/821
f 822/770/822 823/775/823 821/773/821
f 766/776/766 3657/4953/3657 824/772/824
f 824/772/824 3657/4953/3657 823/775/823
f 463/223/463 3657/4953/3657 766/776/766
f 823/775/823 3657/4953/3657 463/223/463
f 825/711/825 767/707/767 3658/783/3658
f 3643/715/3643 3658/783/3658 767/707/767
f 826/778/826 3658/783/3658 3643/715/3643
f 776/787/776 827/784/827 3659/782/3659
f 775/781/775 3659/782/3659 826/778/826
f 776/787/776 3659/782/3659 775/781/775
f 3658/783/3658 3659/782/3659 827/784/827
f 827/784/827 3660/785/3660 768/754/768
f 829/786/829 3660/785/3660 827/784/827
f 3652/756/3652 3660/785/3660 828/757/828
f 831/790/831 830/793/830 3661/4954/3661
f 777/789/777 3661/4954/3661 829/786/829
f 831/790/831 3661/4954/3661 777/789/777
f 829/786/829 3661/4954/3661 830/793/830
f 830/793/830 3662/795/3662 769/763/769
f 833/794/833 3662/795/3662 831/790/831
f 770/761/770 3662/795/3662 832/796/832
f 832/796/832 833/794/833 3663/4955/3663
f 779/798/779 3663/4955/3663 833/794/833
f 835/799/835 3663/4955/3663 779/798/779
f 832/796/832 3663/4955/3663 835/799/835
f 834/801/834 835/799/835 3664/4956/3664
f 834/801/834 3664/4956/3664 771/771/771
f 836/803/836 3664/4956/3664 835/799/835
f 771/771/771 3664/4956/3664 836/803/836
f 780/805/780 3665/804/3665 837/802/837
f 838/806/838 3665/804/3665 780/805/780
f 836/803/836 3665/804/3665 3666/808/3666
f 839/810/839 3666/808/3666 838/806/838
f 766/776/766 3666/808/3666 839/810/839
f 772/812/772 3667/811/3667 840/809/840
f 462/227/462 3667/811/3667 772/812/772
f 839/810/839 3667/811/3667 462/227/462
f 84/780/84 773/716/773 3668/813/3668
f 841/719/841 3668/813/3668 773/716/773
f 3668/813/3668 784/816/784 3669/4957/3669
f 843/822/843 3669/4957/3669 844/817/844
f 844/817/844 3669/4957/3669 784/816/784
f 3668/813/3668 3669/4957/3669 842/819/842
f 842/819/842 3669/4957/3669 843/822/843
f 85/788/85 775/781/775 843/820/843
f 786/826/786 3670/824/3670 845/821/845
f 847/825/847 3670/824/3670 3680/827/3680
f 845/821/845 3670/824/3670 846/823/846
f 848/791/848 777/789/777 3671/832/3671
f 847/825/847 3671/832/3671 777/789/777
f 849/830/849 3671/832/3671 847/825/847
f 848/791/848 3671/832/3671 3672/831/3672
f 788/835/788 3672/831/3672 849/830/849
f 850/833/850 3672/831/3672 788/835/788
f 850/833/850 3673/837/3673 778/797/778
f 851/838/851 3673/837/3673 850/833/850
f 779/798/779 3673/837/3673 851/838/851
f 852/839/852 851/838/851 3674/845/3674
f 3683/841/3683 3674/845/3674 851/838/851
f 853/842/853 3674/845/3674 790/843/790
f 852/839/852 3674/845/3674 853/842/853
f 87/800/87 853/842/853 855/846/855
f 3685/849/3685 3675/4958/3675 856/847/856
f 856/847/856 3675/4958/3675 855/846/855
f 3685/849/3685 857/850/857 3675/4958/3675
f 855/846/855 3675/4958/3675 854/848/854
f 854/848/854 3675/4958/3675 857/850/857
f 88/807/88 857/850/857 858/852/858
f 781/891/781 3676/854/3676 859/853/859
f 859/853/859 3676/854/3676 858/852/858
f 44/237/44 3676/854/3676 781/891/781
f 858/852/858 3676/854/3676 45/229/45
f 45/229/45 3676/854/3676 599/232/599
f 89/815/89 782/855/782 3677/859/3677
f 860/24/860 3677/859/3677 782/855/782
f 861/25/861 3677/859/3677 860/24/860
f 443/26/443 3678/858/3678 861/25/861
f 862/864/862 3678/858/3678 863/860/863
f 863/860/863 3678/858/3678 1113/857/1113
f 3677/859/3677 3678/858/3678 89/815/89
f 89/815/89 3678/858/3678 862/864/862
f 785/818/785 784/816/784 862/862/862
f 442/867/442 3679/866/3679 864/863/864
f 864/863/864 3679/866/3679 865/865/865
f 3679/866/3679 3680/827/3680 786/826/786
f 868/870/868 3680/827/3680 3679/866/3679
f 441/871/441 3681/4959/3681 868/870/868
f 869/872/869 3681/4959/3681 441/871/441
f 868/870/868 3681/4959/3681 90/829/90
f 90/829/90 3681/4959/3681 869/872/869
f 787/834/787 869/872/869 788/835/788
f 438/880/438 3682/879/3682 439/874/439
f 439/874/439 3682/879/3682 870/875/870
f 871/876/871 3682/879/3682 1078/877/1078
f 870/875/870 3682/879/3682 91/836/91
f 91/836/91 3682/879/3682 871/876/871
f 789/840/789 871/876/871 3683/841/3683
f 3684/882/3684 3683/841/3683 871/876/871
f 790/843/790 3683/841/3683 3684/882/3684
f 874/885/874 3684/882/3684 437/884/437
f 873/883/873 3684/882/3684 874/885/874
f 92/844/92 874/885/874 3685/849/3685
f 875/888/875 3685/849/3685 874/885/874
f 877/890/877 436/889/436 35/1169/35
f 875/888/875 436/889/436 877/890/877
f 859/853/859 93/851/93 781/891/781
f 781/891/781 877/890/877 878/892/878
f 4/29/4 461/241/461 878/892/878
f 884/897/884 446/901/446 882/898/882
f 883/2255/883 3687/904/3687 39/906/39
f 445/905/445 3687/904/3687 881/900/881
f 884/897/884 3688/910/3688 3686/895/3686
f 886/911/886 3690/282/3690 3688/910/3688
f 885/899/885 886/911/886 3688/910/3688
f 879/32/879 3688/910/3688 3690/282/3690
f 880/2259/880 3689/912/3689 886/911/886
f 460/280/460 3690/282/3690 3689/912/3689
f 881/900/881 888/913/888 882/898/882
f 459/421/459 647/416/647 3691/923/3691
f 165/924/165 3691/923/3691 647/416/647
f 167/918/167 894/921/894 3692/919/3692
f 893/922/893 459/421/459 3691/923/3691
f 3692/919/3692 3691/923/3691 165/924/165
f 95/927/95 893/922/893 894/921/894
f 890/422/890 459/421/459 889/926/889
f 893/922/893 889/926/889 459/421/459
f 426/928/426 3693/933/3693 4345/931/4345
f 1775/935/1775 4345/931/4345 3693/933/3693
f 1745/937/1745 3694/941/3694 891/938/891
f 1743/936/1743 895/932/895 3694/941/3694
f 425/944/425 896/943/896 3694/941/3694
f 891/938/891 896/943/896 3695/946/3695
f 899/951/899 3695/946/3695 897/945/897
f 897/945/897 3695/946/3695 896/943/896
f 892/947/892 3695/946/3695 898/952/898
f 898/952/898 3695/946/3695 899/951/899
f 423/948/423 900/953/900 899/949/899
f 901/955/901 3696/954/3696 423/948/423
f 890/422/890 3696/954/3696 458/427/458
f 422/959/422 3697/957/3697 901/955/901
f 457/958/457 3556/426/3556 3697/957/3697
f 422/959/422 457/958/457 3697/957/3697
f 458/427/458 3697/957/3697 3556/426/3556
f 355/960/355 352/991/352 3698/993/3698
f 946/990/946 903/962/903 904/995/904
f 434/1338/434 903/962/903 946/990/946
f 948/968/948 3699/964/3699 907/1001/907
f 433/965/433 3699/964/3699 948/968/948
f 912/1031/912 3700/4960/3700 32/980/32
f 32/980/32 3700/4960/3700 432/972/432
f 953/969/953 3700/4960/3700 913/970/913
f 913/970/913 3700/4960/3700 912/1031/912
f 432/972/432 3700/4960/3700 953/969/953
f 920/973/920 3701/4961/3701 430/974/430
f 962/979/962 3701/4961/3701 963/976/963
f 963/976/963 3701/4961/3701 920/973/920
f 430/974/430 3701/4961/3701 962/979/962
f 927/983/927 3702/982/3702 428/981/428
f 928/1057/928 3702/982/3702 927/983/927
f 935/1132/935 3703/986/3703 29/988/29
f 991/1092/991 3703/986/3703 936/1094/936
f 936/1094/936 3703/986/3703 935/1132/935
f 1237/987/1237 3703/986/3703 30/984/30
f 30/984/30 3703/986/3703 991/1092/991
f 946/990/946 947/994/947 3698/993/3698
f 904/995/904 947/994/947 946/990/946
f 3698/993/3698 947/994/947 456/641/456
f 455/643/455 3704/997/3704 902/998/902
f 456/641/456 947/994/947 3704/997/3704
f 948/968/948 949/1000/949 903/962/903
f 909/1017/909 3705/1006/3705 908/1002/908
f 908/1002/908 3705/1006/3705 949/1000/949
f 3706/1003/3706 3705/1006/3705 910/1004/910
f 910/1004/910 3705/1006/3705 909/1017/909
f 96/996/96 3706/1003/3706 3704/997/3704
f 454/1007/454 3706/1003/3706 951/1005/951
f 902/998/902 3706/1003/3706 454/1007/454
f 905/1024/905 3707/1009/3707 952/1008/952
f 906/1025/906 3707/1009/3707 905/1024/905
f 953/969/953 3708/1010/3708 3699/964/3699
f 3699/964/3699 3708/1010/3708 955/1011/955
f 914/1014/914 3709/1013/3709 3708/1010/3708
f 956/1015/956 3709/1013/3709 915/1012/915
f 955/1011/955 3709/1013/3709 956/1015/956
f 958/1016/958 957/1018/957 909/1017/909
f 916/1019/916 917/1021/917 3710/4962/3710
f 916/1019/916 3710/4962/3710 957/1018/957
f 959/1023/959 3710/4962/3710 917/1021/917
f 957/1018/957 3710/4962/3710 959/1023/959
f 960/1020/960 961/1026/961 905/1024/905
f 97/1022/97 911/1028/911 3711/1030/3711
f 97/1022/97 3711/1030/3711 961/1026/961
f 3633/1029/3633 3711/1030/3711 911/1028/911
f 961/1026/961 3711/1030/3711 735/656/735
f 912/1031/912 962/979/962 965/1032/965
f 964/1033/964 912/1031/912 965/1032/965
f 921/1036/921 3712/1035/3712 965/1032/965
f 965/1032/965 3712/1035/3712 966/1038/966
f 967/1037/967 968/1040/968 3713/1039/3713
f 966/1038/966 3713/1039/3713 914/1014/914
f 967/1037/967 3713/1039/3713 3712/1035/3712
f 914/1014/914 3713/1039/3713 968/1040/968
f 923/1041/923 924/1043/924 3714/4963/3714
f 923/1041/923 3714/4963/3714 968/1040/968
f 969/1045/969 3714/4963/3714 924/1043/924
f 968/1040/968 3714/4963/3714 969/1045/969
f 969/1045/969 3715/1046/3715 917/1021/917
f 971/1047/971 3715/1046/3715 970/1042/970
f 917/1021/917 3715/1046/3715 971/1047/971
f 98/1044/98 925/1050/925 972/1048/972
f 973/1049/973 974/1053/974 3716/1052/3716
f 973/1049/973 3716/1052/3716 972/1048/972
f 911/1028/911 3716/1052/3716 974/1053/974
f 919/1054/919 3717/4964/3717 975/1051/975
f 975/1051/975 3717/4964/3717 974/1053/974
f 451/666/451 3717/4964/3717 919/1054/919
f 974/1053/974 3717/4964/3717 452/663/452
f 452/663/452 3717/4964/3717 451/666/451
f 976/977/976 920/973/920 3718/1061/3718
f 3702/982/3702 3718/1061/3718 920/973/920
f 977/1056/977 3718/1061/3718 3702/982/3702
f 930/1066/930 978/1062/978 3719/1060/3719
f 929/1059/929 3719/1060/3719 977/1056/977
f 930/1066/930 3719/1060/3719 929/1059/929
f 3718/1061/3718 3719/1060/3719 978/1062/978
f 978/1062/978 3720/1064/3720 921/1036/921
f 980/1065/980 3720/1064/3720 978/1062/978
f 921/1036/921 3720/1064/3720 979/1063/979
f 982/1069/982 981/1072/981 3721/4965/3721
f 931/1068/931 3721/4965/3721 980/1065/980
f 982/1069/982 3721/4965/3721 931/1068/931
f 980/1065/980 3721/4965/3721 981/1072/981
f 981/1072/981 3722/1073/3722 923/1041/923
f 984/1074/984 3722/1073/3722 982/1069/982
f 924/1043/924 3722/1073/3722 983/1075/983
f 933/1078/933 3723/1076/3723 984/1074/984
f 986/1079/986 3723/1076/3723 933/1078/933
f 983/1075/983 3723/1076/3723 986/1079/986
f 985/1081/985 986/1079/986 3724/4966/3724
f 985/1081/985 3724/4966/3724 925/1050/925
f 987/1083/987 3724/4966/3724 986/1079/986
f 925/1050/925 3724/4966/3724 987/1083/987
f 934/1085/934 3725/1084/3725 988/1082/988
f 989/1086/989 3725/1084/3725 934/1085/934
f 987/1083/987 3725/1084/3725 3726/1088/3726
f 3727/1090/3727 3726/1088/3726 989/1086/989
f 919/1054/919 3726/1088/3726 3727/1090/3727
f 926/1091/926 3727/1090/3727 990/1089/990
f 449/673/449 3727/1090/3727 926/1091/926
f 99/1058/99 927/983/927 991/1092/991
f 994/1100/994 3728/1096/3728 995/1097/995
f 995/1097/995 3728/1096/3728 937/1095/937
f 992/1093/992 3728/1096/3728 993/1099/993
f 993/1099/993 3728/1096/3728 994/1100/994
f 100/1067/100 929/1059/929 994/1100/994
f 939/1105/939 3729/1103/3729 996/1101/996
f 998/1104/998 3729/1103/3729 3736/1106/3736
f 996/1101/996 3729/1103/3729 997/1102/997
f 999/1070/999 931/1068/931 3730/1111/3730
f 998/1104/998 3730/1111/3730 931/1068/931
f 1000/1109/1000 3730/1111/3730 998/1104/998
f 999/1070/999 3730/1111/3730 3731/1110/3731
f 941/1114/941 3731/1110/3731 1000/1109/1000
f 1001/1112/1001 3731/1110/3731 941/1114/941
f 1001/1112/1001 3732/1116/3732 932/1077/932
f 1002/1117/1002 3732/1116/3732 1001/1112/1001
f 933/1078/933 3732/1116/3732 1002/1117/1002
f 1003/1118/1003 1002/1117/1002 3733/1124/3733
f 3739/1120/3739 3733/1124/3733 1002/1117/1002
f 1004/1121/1004 3733/1124/3733 943/1122/943
f 1003/1118/1003 3733/1124/3733 1004/1121/1004
f 102/1080/102 1004/1121/1004 1006/1125/1006
f 944/1130/944 3734/1128/3734 1007/1123/1007
f 1007/1123/1007 3734/1128/3734 1006/1125/1006
f 1006/1125/1006 3734/1128/3734 1005/1126/1005
f 1005/1126/1005 3734/1128/3734 1008/1127/1008
f 926/1091/926 1008/1127/1008 1009/678/1009
f 3742/1164/3742 1009/678/1009 1010/1131/1010
f 40/679/40 1009/678/1009 3742/1164/3742
f 1012/1133/1012 935/1132/935 3476/14/3476
f 1013/1136/1013 936/1094/936 1012/1133/1012
f 413/15/413 1014/1137/1014 1012/1133/1012
f 1012/1133/1012 1014/1137/1014 1013/1136/1013
f 1015/1135/1015 937/1095/937 1014/1137/1014
f 411/1143/411 3735/1141/3735 1015/1135/1015
f 1015/1135/1015 3735/1141/3735 1016/1140/1016
f 1017/1142/1017 3736/1106/3736 939/1105/939
f 1019/1145/1019 3736/1106/3736 1017/1142/1017
f 410/1146/410 3737/4967/3737 1019/1145/1019
f 1020/1147/1020 3737/4967/3737 17/1149/17
f 17/1149/17 3737/4967/3737 410/1146/410
f 1019/1145/1019 3737/4967/3737 104/1108/104
f 104/1108/104 3737/4967/3737 1020/1147/1020
f 940/1113/940 1020/1147/1020 941/1114/941
f 1020/1147/1020 1021/1150/1021 941/1114/941
f 409/1152/409 3738/4968/3738 1022/1148/1022
f 1022/1148/1022 3738/4968/3738 1021/1150/1021
f 1023/1151/1023 3738/4968/3738 409/1152/409
f 1021/1150/1021 3738/4968/3738 105/1115/105
f 105/1115/105 3738/4968/3738 1023/1151/1023
f 942/1119/942 1023/1151/1023 3739/1120/3739
f 3740/1154/3740 3739/1120/3739 1023/1151/1023
f 943/1122/943 3739/1120/3739 3740/1154/3740
f 1026/1157/1026 3740/1154/3740 408/1156/408
f 1025/1155/1025 3740/1154/3740 1026/1157/1026
f 944/1130/944 1026/1157/1026 3741/1161/3741
f 1027/1160/1027 3741/1161/3741 1026/1157/1026
f 945/1129/945 3741/1161/3741 1027/1160/1027
f 1030/1165/1030 1029/1163/1029 407/1162/407
f 1027/1160/1027 407/1162/407 1029/1163/1029
f 1010/1131/1010 1029/1163/1029 3742/1164/3742
f 448/687/448 3742/1164/3742 1030/1165/1030
f 1034/1188/1034 3743/1168/3743 36/886/36
f 36/886/36 3743/1168/3743 436/889/436
f 3747/1182/3747 3743/1168/3743 1035/1185/1035
f 1035/1185/1035 3743/1168/3743 1034/1188/1034
f 35/1169/35 3743/1168/3743 3747/1182/3747
f 1036/1172/1036 3744/1171/3744 437/884/437
f 1071/1173/1071 3744/1171/3744 1037/1170/1037
f 437/884/437 3744/1171/3744 1071/1173/1071
f 1043/1175/1043 1078/877/1078 438/880/438
f 1043/1175/1043 438/880/438 1042/1174/1042
f 1048/1177/1048 3745/4969/3745 441/871/441
f 1087/1180/1087 3745/4969/3745 1088/1178/1088
f 1088/1178/1088 3745/4969/3745 1048/1177/1048
f 441/871/441 3745/4969/3745 440/873/440
f 440/873/440 3745/4969/3745 1087/1180/1087
f 1054/1181/1054 3746/1241/3746 442/867/442
f 1055/1243/1055 3746/1241/3746 1054/1181/1054
f 442/867/442 3746/1241/3746 1100/869/1100
f 1062/1298/1062 1113/857/1113 443/26/443
f 1063/1270/1063 1113/857/1113 1062/1298/1062
f 1035/1185/1035 1069/1184/1069 3747/1182/3747
f 435/894/435 3747/1182/3747 1069/1184/1069
f 3750/1194/3750 3748/1186/3748 1070/1183/1070
f 1070/1183/1070 3748/1186/3748 1069/1184/1069
f 446/901/446 3748/1186/3748 1033/902/1033
f 1033/902/1033 3748/1186/3748 3750/1194/3750
f 1069/1184/1069 3748/1186/3748 884/897/884
f 1073/1187/1073 1072/1189/1072 1034/1188/1034
f 1039/1204/1039 3749/4970/3749 1038/1190/1038
f 1038/1190/1038 3749/4970/3749 1072/1189/1072
f 1074/1191/1074 3749/4970/3749 1040/1192/1040
f 1040/1192/1040 3749/4970/3749 1039/1204/1039
f 1074/1191/1074 1072/1189/1072 3749/4970/3749
f 1076/1195/1076 3750/1194/3750 1075/1193/1075
f 1033/902/1033 3750/1194/3750 1076/1195/1076
f 1086/1197/1086 3751/907/3751 1077/1196/1077
f 1076/1195/1076 3751/907/3751 445/905/445
f 1079/1176/1079 1080/1198/1080 3752/4971/3752
f 1078/877/1078 3752/4971/3752 37/878/37
f 37/878/37 3752/4971/3752 1036/1172/1036
f 1079/1176/1079 3752/4971/3752 1078/877/1078
f 1036/1172/1036 3752/4971/3752 1080/1198/1080
f 1044/1201/1044 3753/1200/3753 1080/1198/1080
f 1081/1202/1081 3753/1200/3753 1045/1199/1045
f 1080/1198/1080 3753/1200/3753 1081/1202/1081
f 1083/1203/1083 1082/1205/1082 1039/1204/1039
f 1046/1206/1046 1047/1208/1047 3754/4972/3754
f 1046/1206/1046 3754/4972/3754 1082/1205/1082
f 1084/1210/1084 3754/4972/3754 1047/1208/1047
f 1082/1205/1082 3754/4972/3754 1084/1210/1084
f 1041/1212/1041 3755/1215/3755 106/1209/106
f 106/1209/106 3755/1215/3755 1085/1207/1085
f 444/1211/444 3755/1215/3755 1041/1212/1041
f 444/1211/444 4013/1214/4013 3755/1215/3755
f 1086/1197/1086 3755/1215/3755 4013/1214/4013
f 1089/1217/1089 1042/1174/1042 1090/1216/1090
f 1049/1220/1049 3756/1219/3756 1090/1216/1090
f 1090/1216/1090 3756/1219/3756 1091/1222/1091
f 1094/1224/1094 1093/1225/1093 3757/1223/3757
f 1091/1222/1091 3757/1223/3757 1044/1201/1044
f 1094/1224/1094 3757/1223/3757 3756/1219/3756
f 1044/1201/1044 3757/1223/3757 1093/1225/1093
f 1050/1226/1050 1051/1228/1051 3758/4973/3758
f 1050/1226/1050 3758/4973/3758 1093/1225/1093
f 1095/1230/1095 3758/4973/3758 1051/1228/1051
f 1093/1225/1093 3758/4973/3758 1095/1230/1095
f 1095/1230/1095 3759/1231/3759 1047/1208/1047
f 1047/1208/1047 3759/1231/3759 1097/1232/1097
f 1098/1229/1098 1053/1233/1053 3760/1236/3760
f 1098/1229/1098 3760/1236/3760 3759/1231/3759
f 3759/1231/3759 3760/1236/3760 1097/1232/1097
f 3760/1236/3760 3761/1237/3761 1099/1235/1099
f 4014/1238/4014 3761/1237/3761 1053/1233/1053
f 1773/1240/1773 1041/1212/1041 3761/1237/3761
f 1101/1179/1101 1048/1177/1048 3762/1247/3762
f 3746/1241/3746 3762/1247/3762 1048/1177/1048
f 1102/1242/1102 3762/1247/3762 3746/1241/3746
f 1057/1251/1057 1103/1248/1103 3763/1246/3763
f 1056/1245/1056 3763/1246/3763 1102/1242/1102
f 1057/1251/1057 3763/1246/3763 1056/1245/1056
f 3762/1247/3762 3763/1246/3763 1103/1248/1103
f 1103/1248/1103 3764/1249/3764 1049/1220/1049
f 1105/1250/1105 3764/1249/3764 1103/1248/1103
f 1049/1220/1049 3764/1249/3764 1104/1221/1104
f 1107/1254/1107 1106/1257/1106 3765/4974/3765
f 1058/1253/1058 3765/4974/3765 1105/1250/1105
f 1107/1254/1107 3765/4974/3765 1058/1253/1058
f 1105/1250/1105 3765/4974/3765 1106/1257/1106
f 1106/1257/1106 3766/1258/3766 1050/1226/1050
f 1109/1259/1109 3766/1258/3766 1107/1254/1107
f 1051/1228/1051 3766/1258/3766 1108/1261/1108
f 1108/1261/1108 3766/1258/3766 3768/1260/3768
f 1061/1264/1061 3767/1262/3767 1109/1259/1109
f 1110/1265/1110 3767/1262/3767 1122/1266/1122
f 1108/1261/1108 3768/1260/3768 1052/1234/1052
f 1110/1265/1110 1111/1268/1111 3769/4975/3769
f 3767/1262/3767 3769/4975/3769 1052/1234/1052
f 1052/1234/1052 3769/4975/3769 1053/1233/1053
f 1110/1265/1110 3769/4975/3769 3767/1262/3767
f 1053/1233/1053 3769/4975/3769 1111/1268/1111
f 108/1244/108 1054/1181/1054 3770/1269/3770
f 1113/857/1113 3770/1269/3770 1054/1181/1054
f 1115/1274/1115 3771/1272/3771 1116/1276/1116
f 1116/1276/1116 3771/1272/3771 1064/1304/1064
f 3770/1269/3770 3771/1272/3771 1114/1273/1114
f 1114/1273/1114 3771/1272/3771 1115/1274/1115
f 109/1252/109 1056/1245/1056 1115/1274/1115
f 1065/1280/1065 3772/1278/3772 1117/1275/1117
f 1119/1279/1119 3772/1278/3772 3780/1281/3780
f 1117/1275/1117 3772/1278/3772 1118/1277/1118
f 1059/1255/1059 1058/1253/1058 3773/4976/3773
f 1119/1279/1119 3773/4976/3773 1058/1253/1058
f 1120/1284/1120 3773/4976/3773 1119/1279/1119
f 1059/1255/1059 3773/4976/3773 1120/1284/1120
f 110/1256/110 1120/1284/1120 1067/1285/1067
f 1122/1266/1122 1061/1264/1061 3774/1291/3774
f 1121/1286/1121 3774/1291/3774 1060/1263/1060
f 1124/1292/1124 3774/1291/3774 1121/1286/1121
f 1122/1266/1122 3774/1291/3774 1123/1293/1123
f 1124/1292/1124 3775/1295/3775 1123/1293/1123
f 1136/1296/1136 3775/1295/3775 1124/1292/1124
f 1125/1294/1125 1715/1297/1715 3775/1295/3775
f 1122/1266/1122 3775/1295/3775 111/1267/111
f 112/1271/112 1062/1298/1062 3776/1302/3776
f 1126/16/1126 3776/1302/3776 1062/1298/1062
f 1127/18/1127 3776/1302/3776 1126/16/1126
f 405/1731/405 3777/1300/3777 1127/18/1127
f 3776/1302/3776 3777/1300/3777 1128/1299/1128
f 1128/1299/1128 3778/1305/3778 3771/1272/3771
f 1130/1306/1130 3778/1305/3778 1128/1299/1128
f 404/1308/404 3779/1310/3779 1130/1306/1130
f 403/1311/403 3779/1310/3779 404/1308/404
f 1130/1306/1130 3779/1310/3779 1131/1307/1131
f 3779/1310/3779 3780/1281/3780 1065/1280/1065
f 1133/1309/1133 3780/1281/3780 3779/1310/3779
f 402/1313/402 3781/4977/3781 1133/1309/1133
f 3782/1314/3782 3781/4977/3781 401/1316/401
f 401/1316/401 3781/4977/3781 402/1313/402
f 1133/1309/1133 3781/4977/3781 113/1283/113
f 113/1283/113 3781/4977/3781 3782/1314/3782
f 1066/1287/1066 3782/1314/3782 1067/1288/1067
f 1134/1317/1134 3782/1314/3782 1135/1315/1135
f 1067/1288/1067 3782/1314/3782 1068/1289/1068
f 1068/1289/1068 3782/1314/3782 1134/1317/1134
f 399/1319/399 3783/1320/3783 114/1290/114
f 1138/1321/1138 3783/1320/3783 399/1319/399
f 1138/1321/1138 1137/2294/1137 3783/1320/3783
f 1136/1296/1136 3783/1320/3783 1137/2294/1137
f 355/960/355 422/959/422 1139/1323/1139
f 1143/1341/1143 3784/1326/3784 1142/1324/1142
f 1142/1324/1142 3784/1326/3784 424/950/424
f 3789/1325/3789 3784/1326/3784 1144/1336/1144
f 1144/1336/1144 3784/1326/3784 1143/1341/1143
f 423/948/423 3784/1326/3784 3789/1325/3789
f 1146/1340/1146 1182/1327/1182 3785/4978/3785
f 1190/1352/1190 3785/4978/3785 27/934/27
f 27/934/27 3785/4978/3785 425/944/425
f 1146/1340/1146 3785/4978/3785 1190/1352/1190
f 425/944/425 3785/4978/3785 1182/1327/1182
f 1151/1328/1151 3786/1330/3786 426/928/426
f 3693/933/3693 3786/1330/3786 1189/1329/1189
f 4442/3843/4442 3788/1371/3788 3787/1333/3787
f 1144/1336/1144 1180/1335/1180 3789/1325/3789
f 1139/1323/1139 3789/1325/3789 1180/1335/1180
f 1140/1348/1140 3790/1337/3790 1181/1334/1181
f 1181/1334/1181 3790/1337/3790 1180/1335/1180
f 903/962/903 3790/1337/3790 1141/963/1141
f 1141/963/1141 3790/1337/3790 1140/1348/1140
f 1180/1335/1180 3790/1337/3790 434/1338/434
f 1184/1339/1184 1183/1342/1183 1143/1341/1143
f 1182/1327/1182 1143/1341/1143 1142/1324/1142
f 1184/1339/1184 1143/1341/1143 1182/1327/1182
f 1148/1358/1148 3791/1347/3791 1147/1343/1147
f 1147/1343/1147 3791/1347/3791 1183/1342/1183
f 1185/1344/1185 3791/1347/3791 1149/1345/1149
f 1149/1345/1149 3791/1347/3791 1148/1358/1148
f 1186/1346/1186 1187/1349/1187 1140/1348/1140
f 1188/1350/1188 3792/1367/3792 1187/1349/1187
f 433/965/433 3792/1367/3792 1145/967/1145
f 1187/1349/1187 3792/1367/3792 433/965/433
f 27/934/27 1189/1329/1189 1190/1352/1190
f 1153/1355/1153 3793/1354/3793 1191/1351/1191
f 1192/1356/1192 3793/1354/3793 1154/1353/1154
f 1190/1352/1190 3793/1354/3793 1192/1356/1192
f 1193/1357/1193 1194/1359/1194 1148/1358/1148
f 1195/1360/1195 1155/1362/1155 3794/1366/3794
f 1195/1360/1195 3794/1366/3794 1194/1359/1194
f 3795/1364/3795 3794/1366/3794 1155/1362/1155
f 1194/1359/1194 3794/1366/3794 1196/1365/1196
f 1197/1361/1197 1198/1368/1198 3795/1364/3795
f 1196/1365/1196 3795/1364/3795 3792/1367/3792
f 3792/1367/3792 3795/1364/3795 1198/1368/1198
f 1150/1369/1150 3796/4979/3796 115/1363/115
f 115/1363/115 3796/4979/3796 1198/1368/1198
f 432/972/432 3796/4979/3796 1150/1369/1150
f 1198/1368/1198 3796/4979/3796 432/972/432
f 1199/1375/1199 1151/1328/1151 3797/1374/3797
f 1151/1328/1151 3787/1333/3787 3797/1374/3797
f 1200/1370/1200 3797/1374/3797 3788/1371/3788
f 1199/1375/1199 3797/1374/3797 3798/1373/3798
f 3799/1379/3799 3798/1373/3798 1159/1376/1159
f 1201/1377/1201 3798/1373/3798 3799/1379/3799
f 1203/1378/1203 1202/1380/1202 3799/1379/3799
f 1201/1377/1201 3799/1379/3799 1153/1355/1153
f 1153/1355/1153 3799/1379/3799 1202/1380/1202
f 1160/1383/1160 3800/1382/3800 1202/1380/1202
f 1204/1386/1204 3800/1382/3800 1161/1381/1161
f 1202/1380/1202 3800/1382/3800 1204/1386/1204
f 1204/1386/1204 3801/1387/3801 1155/1362/1155
f 1206/1388/1206 3801/1387/3801 1205/1384/1205
f 1155/1362/1155 3801/1387/3801 1206/1388/1206
f 1208/1394/1208 3802/1389/3802 1163/1392/1163
f 1206/1388/1206 3802/1389/3802 1208/1394/1208
f 1209/1391/1209 1210/1395/1210 1208/1394/1208
f 1210/1395/1210 1150/1369/1150 1208/1394/1208
f 1157/1396/1157 3803/4980/3803 1211/1393/1211
f 1211/1393/1211 3803/4980/3803 1210/1395/1210
f 430/974/430 3803/4980/3803 1157/1396/1157
f 1210/1395/1210 3803/4980/3803 431/978/431
f 431/978/431 3803/4980/3803 430/974/430
f 1719/1404/1719 3804/1405/3804 1739/1400/1739
f 1158/1372/1158 3788/1371/3788 3804/1405/3804
f 3805/1399/3805 1213/1402/1213 1719/1404/1719
f 1165/1401/1165 1166/1438/1166 1213/1402/1213
f 1212/1403/1212 1158/1372/1158 3804/1405/3804
f 1212/1403/1212 3806/1407/3806 1200/1370/1200
f 1214/1408/1214 3806/1407/3806 1215/1406/1215
f 1159/1376/1159 3806/1407/3806 1214/1408/1214
f 1167/1411/1167 3807/1409/3807 1215/1406/1215
f 1217/1410/1217 3807/1409/3807 1167/1411/1167
f 1217/1410/1217 3808/1417/3808 1216/1414/1216
f 1216/1414/1216 3808/1417/3808 1160/1383/1160
f 1219/1415/1219 3808/1417/3808 1217/1410/1217
f 1161/1381/1161 3808/1417/3808 1218/1416/1218
f 1169/1420/1169 3809/1418/3809 1219/1415/1219
f 1220/1421/1220 3809/1418/3809 1169/1420/1169
f 1218/1416/1218 3809/1418/3809 1220/1421/1220
f 1162/1390/1162 1220/1421/1220 3810/1425/3810
f 1162/1390/1162 3810/1425/3810 3802/1389/3802
f 1221/1424/1221 3810/1425/3810 1220/1421/1220
f 1163/1392/1163 3810/1425/3810 1221/1424/1221
f 1170/1428/1170 3811/1426/3811 1222/1423/1222
f 1223/1427/1223 3811/1426/3811 1170/1428/1170
f 1221/1424/1221 3811/1426/3811 3812/1430/3812
f 3813/1432/3813 3812/1430/3812 1223/1427/1223
f 1157/1396/1157 3812/1430/3812 3813/1432/3813
f 1164/1433/1164 3813/1432/3813 1224/1431/1224
f 428/981/428 3813/1432/3813 1164/1433/1164
f 429/985/429 3813/1432/3813 428/981/428
f 4469/1467/4469 1172/1436/1172 3814/1434/3814
f 1172/1436/1172 3815/1435/3815 3814/1434/3814
f 3815/1435/3815 1166/1438/1166 1165/1401/1165
f 1165/1401/1165 3805/1399/3805 1740/1398/1740
f 1226/1440/1226 3816/1437/3816 1173/1439/1173
f 1225/1443/1225 3816/1437/3816 1226/1440/1226
f 1227/1412/1227 1167/1411/1167 3817/4981/3817
f 1226/1440/1226 3817/4981/3817 1167/1411/1167
f 1228/1444/1228 3817/4981/3817 1226/1440/1226
f 1227/1412/1227 3817/4981/3817 1228/1444/1228
f 116/1413/116 1228/1444/1228 1175/1445/1175
f 1229/1446/1229 3818/1451/3818 1168/1419/1168
f 1231/1452/1231 3818/1451/3818 1229/1446/1229
f 1169/1420/1169 3818/1451/3818 1231/1452/1231
f 1230/1453/1230 1231/1452/1231 3819/1459/3819
f 3825/1455/3825 3819/1459/3819 1231/1452/1231
f 1232/1456/1232 3819/1459/3819 1178/1457/1178
f 1230/1453/1230 3819/1459/3819 1232/1456/1232
f 117/1422/117 1232/1456/1232 1234/1460/1234
f 1179/1492/1179 3820/1463/3820 1235/1458/1235
f 1235/1458/1235 3820/1463/3820 1234/1460/1234
f 1234/1460/1234 3820/1463/3820 1233/1461/1233
f 1233/1461/1233 3820/1463/3820 1236/1462/1236
f 1164/1433/1164 1236/1462/1236 1237/987/1237
f 1171/1498/1171 1237/987/1237 1238/1465/1238
f 29/988/29 1237/987/1237 1171/1498/1171
f 1777/1470/1777 3821/1466/3821 4477/3970/4477
f 1701/1468/1701 1240/1474/1240 1239/1469/1239
f 1701/1468/1701 1777/1470/1777 4478/1471/4478
f 1239/1469/1239 1172/1436/1172 3821/1466/3821
f 1242/1473/1242 1173/1439/1173 1239/1469/1239
f 377/1477/377 3822/1475/3822 1242/1473/1242
f 1243/1476/1243 3822/1475/3822 377/1477/377
f 1242/1473/1242 3822/1475/3822 119/1442/119
f 1243/1476/1243 3823/1481/3823 1174/1447/1174
f 1174/1447/1174 3823/1481/3823 1175/1448/1175
f 1244/1480/1244 3823/1481/3823 1243/1476/1243
f 1175/1448/1175 3823/1481/3823 1176/1449/1176
f 374/1483/374 3824/4982/3824 1244/1480/1244
f 1244/1480/1244 3824/4982/3824 3823/1481/3823
f 1245/1484/1245 3824/4982/3824 374/1483/374
f 3823/1481/3823 3824/4982/3824 120/1450/120
f 120/1450/120 3824/4982/3824 1245/1484/1245
f 1177/1454/1177 1245/1484/1245 3825/1455/3825
f 3826/1486/3826 3825/1455/3825 1245/1484/1245
f 1178/1457/1178 3825/1455/3825 3826/1486/3826
f 1248/1490/1248 3826/1486/3826 372/1488/372
f 1247/1487/1247 3826/1486/3826 1248/1490/1248
f 1179/1492/1179 1248/1490/1248 3827/1494/3827
f 1249/1493/1249 3827/1494/3827 1248/1490/1248
f 3820/1463/3820 3827/1494/3827 1249/1493/1249
f 1251/1501/1251 370/1495/370 7/2168/7
f 1251/1501/1251 3828/1497/3828 370/1495/370
f 1249/1493/1249 370/1495/370 3828/1497/3828
f 1238/1465/1238 121/1464/121 1171/1498/1171
f 3829/1499/3829 3828/1497/3828 1251/1501/1251
f 1171/1498/1171 3828/1497/3828 3829/1499/3829
f 3993/1503/3993 3829/1499/3829 1251/1501/1251
f 2/10/2 1011/23/1011 3829/1499/3829
f 1252/1505/1252 3830/1504/3830 406/1167/406
f 406/1167/406 3830/1504/3830 358/35/358
f 1255/1527/1255 3831/1507/3831 16/1158/16
f 16/1158/16 3831/1507/3831 407/1162/407
f 1295/1524/1295 3831/1507/3831 1256/1528/1256
f 1256/1528/1256 3831/1507/3831 1255/1527/1255
f 1030/1165/1030 3831/1507/3831 1295/1524/1295
f 1258/1510/1258 3832/1509/3832 408/1156/408
f 1298/1511/1298 3832/1509/3832 1259/1508/1259
f 408/1156/408 3832/1509/3832 1298/1511/1298
f 1265/1557/1265 3833/4983/3833 1264/1512/1264
f 1264/1512/1264 3833/4983/3833 409/1152/409
f 1305/1513/1305 3833/4983/3833 1266/1514/1266
f 1266/1514/1266 3833/4983/3833 1265/1557/1265
f 409/1152/409 3833/4983/3833 1305/1513/1305
f 1272/1516/1272 3834/4984/3834 410/1146/410
f 1315/1519/1315 3834/4984/3834 1316/1517/1316
f 1316/1517/1316 3834/4984/3834 1272/1516/1272
f 410/1146/410 3834/4984/3834 1315/1519/1315
f 1279/1520/1279 3835/1583/3835 411/1143/411
f 411/1143/411 3835/1583/3835 3735/1141/3735
f 1280/1585/1280 3835/1583/3835 1279/1520/1279
f 3735/1141/3735 3835/1583/3835 18/1144/18
f 1287/1662/1287 3836/1521/3836 413/15/413
f 1344/1619/1344 3836/1521/3836 1288/1621/1288
f 1288/1621/1288 3836/1521/3836 1287/1662/1287
f 1014/1137/1014 3836/1521/3836 19/1139/19
f 19/1139/19 3836/1521/3836 1344/1619/1344
f 1295/1524/1295 3837/1523/3837 1252/1505/1252
f 1256/1528/1256 1297/1522/1297 1295/1524/1295
f 1252/1505/1252 3837/1523/3837 1296/1506/1296
f 1253/1534/1253 3838/1525/3838 1297/1522/1297
f 1297/1522/1297 3838/1525/3838 3837/1523/3837
f 3639/691/3639 3838/1525/3838 1254/700/1254
f 1254/700/1254 3838/1525/3838 1253/1534/1253
f 1296/1506/1296 3838/1525/3838 791/695/791
f 1296/1506/1296 3837/1523/3837 3838/1525/3838
f 1300/1526/1300 1299/1529/1299 1255/1527/1255
f 1261/1545/1261 3839/4985/3839 1260/1530/1260
f 1260/1530/1260 3839/4985/3839 1299/1529/1299
f 1301/1531/1301 3839/4985/3839 1262/1532/1262
f 1262/1532/1262 3839/4985/3839 1261/1545/1261
f 1301/1531/1301 1299/1529/1299 3839/4985/3839
f 1302/1533/1302 1303/1535/1303 1253/1534/1253
f 1304/1536/1304 1257/1537/1257 3840/4986/3840
f 1304/1536/1304 3840/4986/3840 1303/1535/1303
f 420/697/420 3840/4986/3840 1257/1537/1257
f 1303/1535/1303 3840/4986/3840 420/697/420
f 1305/1513/1305 3841/1538/3841 1258/1510/1258
f 1258/1510/1258 3841/1538/3841 1307/1539/1307
f 1267/1542/1267 3842/1541/3842 3841/1538/3841
f 1308/1543/1308 3842/1541/3842 1268/1540/1268
f 1307/1539/1307 3842/1541/3842 1308/1543/1308
f 1309/1544/1309 1310/1546/1310 1261/1545/1261
f 1311/1547/1311 1269/1549/1269 3843/1553/3843
f 1311/1547/1311 3843/1553/3843 1310/1546/1310
f 3844/1551/3844 3843/1553/3843 1269/1549/1269
f 1310/1546/1310 3843/1553/3843 1312/1552/1312
f 1313/1548/1313 1314/1554/1314 3844/1551/3844
f 1312/1552/1312 3844/1551/3844 1257/1537/1257
f 1257/1537/1257 3844/1551/3844 1314/1554/1314
f 1263/1580/1263 3845/4987/3845 122/1550/122
f 122/1550/122 3845/4987/3845 1314/1554/1314
f 419/702/419 3845/4987/3845 23/703/23
f 23/703/23 3845/4987/3845 1263/1580/1263
f 1314/1554/1314 3845/4987/3845 419/702/419
f 1265/1557/1265 1315/1519/1315 1317/1556/1317
f 1315/1519/1315 1265/1557/1265 1264/1512/1264
f 1273/1560/1273 3846/1559/3846 1317/1556/1317
f 1317/1556/1317 3846/1559/3846 1319/1562/1319
f 1322/1564/1322 1321/1565/1321 3847/1563/3847
f 1319/1562/1319 3847/1563/3847 1267/1542/1267
f 1322/1564/1322 3847/1563/3847 3846/1559/3846
f 1267/1542/1267 3847/1563/3847 1321/1565/1321
f 1274/1568/1274 3848/1567/3848 1321/1565/1321
f 1323/1571/1323 3848/1567/3848 1275/1566/1275
f 1321/1565/1321 3848/1567/3848 1323/1571/1323
f 1323/1571/1323 3849/1572/3849 1269/1549/1269
f 1325/1573/1325 3849/1572/3849 1324/1569/1324
f 1269/1549/1269 3849/1572/3849 1325/1573/1325
f 1327/1579/1327 3850/1574/3850 1277/1577/1277
f 1325/1573/1325 3850/1574/3850 1327/1579/1327
f 1271/1581/1271 3851/4988/3851 1329/1578/1329
f 1329/1578/1329 3851/4988/3851 1328/1576/1328
f 417/708/417 3851/4988/3851 1271/1581/1271
f 1328/1576/1328 3851/4988/3851 418/712/418
f 418/712/418 3851/4988/3851 417/708/417
f 1330/1518/1330 1272/1516/1272 3852/1589/3852
f 3835/1583/3835 3852/1589/3852 1272/1516/1272
f 1331/1584/1331 3852/1589/3852 3835/1583/3835
f 1282/1593/1282 1332/1590/1332 3853/1588/3853
f 1281/1587/1281 3853/1588/3853 1331/1584/1331
f 1282/1593/1282 3853/1588/3853 1281/1587/1281
f 3852/1589/3852 3853/1588/3853 1332/1590/1332
f 1332/1590/1332 3854/1591/3854 1273/1560/1273
f 1334/1592/1334 3854/1591/3854 1332/1590/1332
f 1273/1560/1273 3854/1591/3854 1333/1561/1333
f 1283/1598/1283 3855/1596/3855 1334/1592/1334
f 1336/1597/1336 3855/1596/3855 1283/1598/1283
f 1334/1592/1334 3855/1596/3855 1335/1595/1335
f 1335/1595/1335 3856/1601/3856 1274/1568/1274
f 1338/1602/1338 3856/1601/3856 1336/1597/1336
f 1275/1566/1275 3856/1601/3856 1337/1603/1337
f 1337/1603/1337 1338/1602/1338 3857/4989/3857
f 1285/1605/1285 3857/4989/3857 1338/1602/1338
f 1339/1606/1339 3857/4989/3857 1285/1605/1285
f 1337/1603/1337 3857/4989/3857 1339/1606/1339
f 1276/1575/1276 1339/1606/1339 3858/1610/3858
f 1276/1575/1276 3858/1610/3858 3850/1574/3850
f 1340/1609/1340 3858/1610/3858 1339/1606/1339
f 1277/1577/1277 3858/1610/3858 1340/1609/1340
f 1286/1613/1286 3859/1611/3859 1341/1608/1341
f 1342/1612/1342 3859/1611/3859 1286/1613/1286
f 1340/1609/1340 3859/1611/3859 3860/1615/3860
f 3861/1617/3861 3860/1615/3860 1342/1612/1342
f 1271/1581/1271 3860/1615/3860 3861/1617/3861
f 1278/1618/1278 3861/1617/3861 1343/1616/1343
f 415/714/415 3861/1617/3861 1278/1618/1278
f 416/718/416 3861/1617/3861 415/714/415
f 123/1586/123 1279/1520/1279 1344/1619/1344
f 128/1622/128 1289/1667/1289 3862/4990/3862
f 1345/1620/1345 128/1622/128 3862/4990/3862
f 1347/1626/1347 3862/4990/3862 1348/1627/1348
f 1348/1627/1348 3862/4990/3862 1289/1667/1289
f 1345/1620/1345 3862/4990/3862 1346/1623/1346
f 1346/1623/1346 3862/4990/3862 1347/1626/1347
f 124/1594/124 1281/1587/1281 1347/1624/1347
f 1290/1631/1290 3863/1629/3863 1349/1625/1349
f 1351/1630/1351 3863/1629/3863 3873/1632/3873
f 1349/1625/1349 3863/1629/3863 1350/1628/1350
f 1352/1599/1352 1283/1598/1283 3864/4991/3864
f 1351/1630/1351 3864/4991/3864 1283/1598/1283
f 1353/1635/1353 3864/4991/3864 1351/1630/1351
f 1352/1599/1352 3864/4991/3864 1353/1635/1353
f 125/1600/125 1353/1635/1353 3865/1641/3865
f 1292/1637/1292 3865/1641/3865 1353/1635/1353
f 1354/1638/1354 3865/1641/3865 1292/1637/1292
f 3865/1641/3865 3866/1640/3866 1284/1604/1284
f 1356/1642/1356 3866/1640/3866 1354/1638/1354
f 1285/1605/1285 3866/1640/3866 1356/1642/1356
f 1355/1643/1355 1356/1642/1356 3867/1649/3867
f 3876/1645/3876 3867/1649/3867 1356/1642/1356
f 1357/1646/1357 3867/1649/3867 1294/1647/1294
f 1355/1643/1355 3867/1649/3867 1357/1646/1357
f 126/1607/126 1357/1646/1357 1359/1650/1359
f 3878/1653/3878 3868/4992/3868 1360/1651/1360
f 1360/1651/1360 3868/4992/3868 1359/1650/1359
f 3878/1653/3878 1361/1654/1361 3868/4992/3868
f 1359/1650/1359 3868/4992/3868 1358/1652/1358
f 1358/1652/1358 3868/4992/3868 1361/1654/1361
f 127/1614/127 1361/1654/1361 1362/1656/1362
f 3879/1660/3879 3869/1658/3869 1363/1655/1363
f 1363/1655/1363 3869/1658/3869 1362/1657/1362
f 20/856/20 3869/1658/3869 1383/1659/1383
f 1362/1657/1362 3869/1658/3869 414/720/414
f 414/720/414 3869/1658/3869 841/719/841
f 1366/13/1366 1287/1662/1287 3475/11/3475
f 1365/1661/1365 3870/1664/3870 1367/1663/1367
f 1367/1663/1367 3871/1668/3871 128/1622/128
f 1369/1669/1369 3871/1668/3871 1367/1663/1367
f 384/1672/384 3872/1671/3872 1369/1669/1369
f 1369/1669/1369 3872/1671/3872 1370/1670/1370
f 3872/1671/3872 3873/1632/3873 1290/1631/1290
f 1372/1674/1372 3873/1632/3873 3872/1671/3872
f 383/1675/383 3874/4993/3874 1372/1674/1372
f 1373/1676/1373 3874/4993/3874 383/1675/383
f 1372/1674/1372 3874/4993/3874 129/1634/129
f 129/1634/129 3874/4993/3874 1373/1676/1373
f 1291/1636/1291 1373/1676/1373 1292/1637/1292
f 381/1681/381 3875/4994/3875 382/1679/382
f 382/1679/382 3875/4994/3875 1374/1678/1374
f 1375/1680/1375 3875/4994/3875 381/1681/381
f 1374/1678/1374 3875/4994/3875 130/1639/130
f 130/1639/130 3875/4994/3875 1375/1680/1375
f 1293/1644/1293 1375/1680/1375 3876/1645/3876
f 3877/1684/3877 3876/1645/3876 1375/1680/1375
f 1294/1647/1294 3876/1645/3876 3877/1684/3877
f 380/1687/380 3877/1684/3877 1376/1683/1376
f 1378/1686/1378 3877/1684/3877 380/1687/380
f 1377/1685/1377 3877/1684/3877 1378/1686/1378
f 131/1648/131 1378/1686/1378 3878/1653/3878
f 1379/1689/1379 3878/1653/3878 1378/1686/1378
f 1382/1692/1382 1379/1689/1379 8/1838/8
f 1381/1690/1381 1379/1689/1379 1382/1692/1382
f 1363/1655/1363 1382/1692/1382 3879/1660/3879
f 1384/1693/1384 3879/1660/3879 1382/1692/1382
f 1383/1659/1383 3879/1660/3879 1384/1693/1384
f 3/20/3 860/24/860 1384/1693/1384
f 1383/1659/1383 1384/1693/1384 860/24/860
f 350/17/350 349/1696/349 1385/21/1385
f 1388/1733/1388 3880/1699/3880 395/1734/395
f 395/1734/395 3880/1699/3880 396/1698/396
f 3885/1726/3885 3880/1699/3880 1389/1729/1389
f 1389/1729/1389 3880/1699/3880 1388/1733/1388
f 397/1700/397 3880/1699/3880 3885/1726/3885
f 1424/1706/1424 3881/1702/3881 1392/1701/1392
f 394/1705/394 3881/1702/3881 1424/1706/1424
f 1397/1765/1397 3882/4995/3882 392/1767/392
f 392/1767/392 3882/4995/3882 393/1711/393
f 1431/1708/1431 3882/4995/3882 1398/1709/1398
f 1398/1709/1398 3882/4995/3882 1397/1765/1397
f 393/1711/393 3882/4995/3882 1431/1708/1431
f 1404/1712/1404 3883/4996/3883 390/1713/390
f 1440/1763/1440 3883/4996/3883 1441/1715/1441
f 1441/1715/1441 3883/4996/3883 1404/1712/1404
f 390/1713/390 3883/4996/3883 391/1768/391
f 391/1768/391 3883/4996/3883 1440/1763/1440
f 1409/1719/1409 3884/1718/3884 389/1717/389
f 1410/1797/1410 3884/1718/3884 1409/1719/1409
f 12/2219/12 1420/1722/1420 387/1724/387
f 1472/1721/1472 387/1724/387 1420/1722/1420
f 13/1720/13 387/1724/387 1472/1721/1472
f 1389/1729/1389 1422/1728/1422 3885/1726/3885
f 1385/21/1385 3885/1726/3885 1422/1728/1422
f 1386/1741/1386 3886/1730/3886 1423/1727/1423
f 1423/1727/1423 3886/1730/3886 1422/1728/1422
f 3777/1300/3777 3886/1730/3886 1387/1303/1387
f 1387/1303/1387 3886/1730/3886 1386/1741/1386
f 1422/1728/1422 3886/1730/3886 405/1731/405
f 1426/1732/1426 1425/1735/1425 1388/1733/1388
f 1394/1752/1394 3887/4997/3887 1393/1736/1393
f 1393/1736/1393 3887/4997/3887 1425/1735/1425
f 1427/1737/1427 3887/4997/3887 1395/1738/1395
f 1395/1738/1395 3887/4997/3887 1394/1752/1394
f 1427/1737/1427 1425/1735/1425 3887/4997/3887
f 1428/1739/1428 1429/1742/1429 1386/1740/1386
f 1430/1743/1430 3888/1744/3888 1429/1742/1429
f 1429/1742/1429 3888/1744/3888 404/1308/404
f 1431/1708/1431 3889/1745/3889 1391/1703/1391
f 1391/1703/1391 3889/1745/3889 1433/1746/1433
f 1399/1749/1399 3890/1748/3890 3889/1745/3889
f 1434/1750/1434 3890/1748/3890 1400/1747/1400
f 1433/1746/1433 3890/1748/3890 1434/1750/1434
f 1436/1751/1436 1435/1753/1435 1394/1752/1394
f 1401/1754/1401 1402/1756/1402 3891/1760/3891
f 1401/1754/1401 3891/1760/3891 1435/1753/1435
f 3892/1758/3892 3891/1760/3891 1402/1756/1402
f 1435/1753/1435 3891/1760/3891 1437/1759/1437
f 1438/1755/1438 1439/1761/1439 3892/1758/3892
f 1437/1759/1437 3892/1758/3892 3888/1744/3888
f 3888/1744/3888 3892/1758/3892 1439/1761/1439
f 3899/1791/3899 3893/4998/3893 132/1757/132
f 132/1757/132 3893/4998/3893 1439/1761/1439
f 402/1313/402 3893/4998/3893 1396/1762/1396
f 1396/1762/1396 3893/4998/3893 3899/1791/3899
f 1439/1761/1439 3893/4998/3893 402/1313/402
f 1405/1771/1405 3894/1770/3894 1442/1764/1442
f 1442/1764/1442 3894/1770/3894 1444/1773/1444
f 1447/1775/1447 1446/1776/1446 3895/1774/3895
f 1444/1773/1444 3895/1774/3895 1399/1749/1399
f 1447/1775/1447 3895/1774/3895 3894/1770/3894
f 1399/1749/1399 3895/1774/3895 1446/1776/1446
f 1406/1777/1406 3897/1778/3897 1447/1775/1447
f 3897/1778/3897 3896/1780/3896 1446/1776/1446
f 1449/1781/1449 3896/1780/3896 1407/1782/1407
f 1446/1776/1446 3896/1780/3896 1448/1779/1448
f 1448/1779/1448 3898/1783/3898 1402/1756/1402
f 1450/1784/1450 3898/1783/3898 1449/1781/1449
f 1402/1756/1402 3898/1783/3898 1450/1784/1450
f 1451/1785/1451 1408/1788/1408 1453/1786/1453
f 1453/1786/1453 3899/1791/3899 1452/1790/1452
f 1455/1793/1455 3899/1791/3899 1454/1787/1454
f 1454/1787/1454 3899/1791/3899 1453/1786/1453
f 1396/1762/1396 3899/1791/3899 1455/1793/1455
f 399/1319/399 3900/1794/3900 1403/1795/1403
f 1455/1793/1455 3900/1794/3900 400/1318/400
f 1457/1716/1457 1404/1712/1404 3901/1796/3901
f 3884/1718/3884 3901/1796/3901 1404/1712/1404
f 1457/1716/1457 3901/1796/3901 1458/1803/1458
f 1458/1803/1458 1411/1801/1411 1459/1800/1459
f 1411/1801/1411 1458/1803/1458 3901/1796/3901
f 1459/1800/1459 3902/1804/3902 1405/1771/1405
f 1462/1805/1462 3902/1804/3902 1459/1800/1459
f 1405/1771/1405 3902/1804/3902 1461/1772/1461
f 1413/1806/1413 3903/1808/3903 1462/1805/1462
f 1464/1809/1464 3903/1808/3903 1414/2236/1414
f 3903/1808/3903 1413/1806/1413 1414/2236/1414
f 1462/1805/1462 3903/1808/3903 1463/1810/1463
f 1463/1810/1463 3903/1808/3903 3904/1807/3904
f 1464/1809/1464 1465/1811/1465 3904/1807/3904
f 1406/1777/1406 3904/1807/3904 3897/1778/3897
f 3897/1778/3897 3904/1807/3904 1407/1782/1407
f 1465/1811/1465 1416/1814/1416 3905/1815/3905
f 1465/1811/1465 3905/1815/3905 1466/1812/1466
f 1466/1812/1466 3906/1817/3906 1451/1785/1451
f 1467/1816/1467 1468/1819/1468 3906/1817/3906
f 1408/1788/1408 3906/1817/3906 1469/1818/1469
f 1469/1818/1469 1468/1819/1468 3907/1820/3907
f 1418/1824/1418 3907/1820/3907 1417/1821/1417
f 135/1822/135 1470/1825/1470 3907/1820/3907
f 1469/1818/1469 3907/1820/3907 1470/1825/1470
f 133/1789/133 1470/1825/1470 3900/1794/3900
f 3900/1794/3900 1470/1825/1470 1403/1795/1403
f 1472/1721/1472 1473/1827/1473 1409/1719/1409
f 1474/1723/1474 1421/1829/1421 3908/1828/3908
f 1474/1723/1474 3908/1828/3908 1473/1827/1473
f 1473/1827/1473 3908/1828/3908 134/1798/134
f 3908/1828/3908 3909/1831/3909 1411/1801/1411
f 1475/1830/1475 1477/2238/1477 3909/1831/3909
f 1411/1801/1411 3909/1831/3909 1412/1802/1412
f 3/20/3 378/1695/378 1478/1834/1478
f 349/1836/349 3/20/3 1478/1834/1478
f 1481/1860/1481 3910/1837/3910 379/1691/379
f 379/1691/379 3910/1837/3910 1379/1689/1379
f 1520/1853/1520 3910/1837/3910 1482/1862/1482
f 1482/1862/1482 3910/1837/3910 1481/1860/1481
f 8/1838/8 3910/1837/3910 1520/1853/1520
f 1523/1840/1523 3911/1839/3911 1484/1861/1484
f 380/1687/380 3911/1839/3911 1523/1840/1523
f 1489/1841/1489 3912/4999/3912 381/1681/381
f 1529/1842/1529 3912/4999/3912 1490/1843/1490
f 1490/1843/1490 3912/4999/3912 1489/1841/1489
f 381/1681/381 3912/4999/3912 1529/1842/1529
f 1496/1845/1496 3913/5000/3913 383/1675/383
f 1539/1895/1539 3913/5000/3913 1540/1846/1540
f 1540/1846/1540 3913/5000/3913 1496/1845/1496
f 383/1675/383 3913/5000/3913 10/1677/10
f 10/1677/10 3913/5000/3913 1539/1895/1539
f 1503/1924/1503 1555/1849/1555 3914/5001/3914
f 1502/1848/1502 3914/5001/3914 384/1672/384
f 1503/1924/1503 3914/5001/3914 1502/1848/1502
f 384/1672/384 3914/5001/3914 1555/1849/1555
f 1510/2003/1510 3915/1850/3915 1366/13/1366
f 1574/1960/1574 3915/1850/3915 1511/1962/1511
f 1511/1962/1511 3915/1850/3915 1510/2003/1510
f 3870/1664/3870 3915/1850/3915 1573/1666/1573
f 1573/1666/1573 3915/1850/3915 1574/1960/1574
f 1520/1853/1520 1521/1852/1521 1478/1834/1478
f 1482/1862/1482 1522/1851/1522 1520/1853/1520
f 1479/1855/1479 396/1854/396 1521/1852/1521
f 1521/1852/1521 396/1854/396 397/1835/397
f 1525/1858/1525 1524/1863/1524 1481/1859/1481
f 1486/1879/1486 3916/1865/3916 1485/1864/1485
f 1485/1864/1485 3916/1865/3916 1524/1863/1524
f 1526/1866/1526 3916/1865/3916 1487/1869/1487
f 1487/1869/1487 3916/1865/3916 1486/1879/1486
f 1526/1866/1526 1527/1870/1527 3917/1867/3917
f 3916/1865/3916 3917/1867/3917 1479/1855/1479
f 1479/1855/1479 3917/1867/3917 1527/1870/1527
f 1528/1868/1528 3918/1888/3918 1527/1870/1527
f 3881/5002/3881 3918/1888/3918 1483/1890/1483
f 1527/1870/1527 3918/1888/3918 394/1871/394
f 394/1871/394 3918/1888/3918 3881/5002/3881
f 1529/1842/1529 3919/1872/3919 3911/1839/3911
f 3911/1839/3911 3919/1872/3919 1531/1873/1531
f 1491/1876/1491 3920/1875/3920 3919/1872/3919
f 1532/1877/1532 3920/1875/3920 1492/1874/1492
f 1531/1873/1531 3920/1875/3920 1532/1877/1532
f 1533/1878/1533 1534/1880/1534 1486/1879/1486
f 1535/1881/1535 1493/1883/1493 3921/1887/3921
f 1535/1881/1535 3921/1887/3921 1534/1880/1534
f 3922/1885/3922 3921/1887/3921 1493/1883/1493
f 1534/1880/1534 3921/1887/3921 1536/1886/1536
f 1537/1882/1537 1538/1889/1538 3922/1885/3922
f 1536/1886/1536 3922/1885/3922 3918/1888/3918
f 3918/1888/3918 3922/1885/3922 1538/1889/1538
f 1488/1892/1488 3923/5003/3923 136/1884/136
f 136/1884/136 3923/5003/3923 1538/1889/1538
f 393/1894/393 3923/5003/3923 1488/1892/1488
f 1538/1889/1538 3923/5003/3923 393/1894/393
f 1544/1899/1544 1543/1902/1543 3924/1900/3924
f 1497/1898/1497 3924/1900/3924 1541/1896/1541
f 1541/1896/1541 3924/1900/3924 1543/1902/1543
f 1546/1903/1546 1545/1904/1545 3925/5004/3925
f 1543/1902/1543 3925/5004/3925 1491/1876/1491
f 1546/1903/1546 3925/5004/3925 1543/1902/1543
f 1491/1876/1491 3925/5004/3925 1545/1904/1545
f 1498/1905/1498 1499/1907/1499 3926/5005/3926
f 1498/1905/1498 3926/5005/3926 1545/1904/1545
f 1547/1909/1547 3926/5005/3926 1499/1907/1499
f 1545/1904/1545 3926/5005/3926 1547/1909/1547
f 1547/1909/1547 3927/1910/3927 1493/1883/1493
f 3928/1912/3928 3927/1910/3927 1548/1906/1548
f 1493/1883/1493 3927/1910/3927 1549/1911/1549
f 137/1908/137 1500/1914/1500 3928/1912/3928
f 1550/1916/1550 3928/1912/3928 1500/1914/1500
f 1549/1911/1549 3928/1912/3928 1550/1916/1550
f 1551/1913/1551 1553/1917/1553 1550/1916/1550
f 1553/1917/1553 1488/1892/1488 1550/1916/1550
f 1488/1892/1488 1553/1917/1553 1552/1918/1552
f 1495/1919/1495 3929/5006/3929 1554/1915/1554
f 1554/1915/1554 3929/5006/3929 1553/1917/1553
f 390/1921/390 3929/5006/3929 1495/1919/1495
f 1553/1917/1553 3929/5006/3929 1552/1918/1552
f 1552/1918/1552 3929/5006/3929 390/1921/390
f 1556/1847/1556 1496/1845/1496 3930/1928/3930
f 1555/1849/1555 3930/1928/3930 1496/1845/1496
f 1557/1923/1557 3930/1928/3930 1555/1849/1555
f 1559/1929/1559 1558/1931/1558 3931/1927/3931
f 1504/1926/1504 3931/1927/3931 1557/1923/1557
f 1559/1929/1559 3931/1927/3931 1504/1926/1504
f 3930/1928/3930 3931/1927/3931 1558/1931/1558
f 1558/1931/1558 3932/1932/3932 1497/1898/1497
f 1561/1933/1561 3932/1932/3932 1558/1931/1558
f 3924/1900/3924 3932/1932/3932 1560/1901/1560
f 1563/1935/1563 1562/1938/1562 3933/5007/3933
f 1506/1934/1506 3933/5007/3933 1561/1933/1561
f 1563/1935/1563 3933/5007/3933 1506/1934/1506
f 1561/1933/1561 3933/5007/3933 1562/1938/1562
f 1562/1938/1562 3934/1939/3934 1498/1905/1498
f 1565/1940/1565 3934/1939/3934 1563/1935/1563
f 1499/1907/1499 3934/1939/3934 1564/1941/1564
f 1564/1941/1564 1565/1940/1565 3935/5008/3935
f 1508/1943/1508 3935/5008/3935 1565/1940/1565
f 1567/1944/1567 3935/5008/3935 1508/1943/1508
f 1564/1941/1564 3935/5008/3935 1567/1944/1567
f 1566/1946/1566 1567/1944/1567 3936/5009/3936
f 1566/1946/1566 3936/5009/3936 1500/1914/1500
f 1568/1948/1568 3936/5009/3936 1567/1944/1567
f 1500/1914/1500 3936/5009/3936 1568/1948/1568
f 1509/1951/1509 3937/1949/3937 1569/1947/1569
f 1570/1950/1570 3937/1949/3937 1509/1951/1509
f 1568/1948/1568 3937/1949/3937 3938/1953/3938
f 1571/1955/1571 3938/1953/3938 1570/1950/1570
f 1495/1919/1495 3938/1953/3938 1571/1955/1571
f 1501/1958/1501 3939/1956/3939 1572/1954/1572
f 389/1957/389 3939/1956/3939 1501/1958/1501
f 1571/1955/1571 3939/1956/3939 389/1957/389
f 138/1925/138 1502/1848/1502 1574/1960/1574
f 1575/1961/1575 1512/1964/1512 3940/5010/3940
f 1577/1968/1577 3940/5010/3940 1578/1965/1578
f 1578/1965/1578 3940/5010/3940 1512/1964/1512
f 1575/1961/1575 3940/5010/3940 1576/1967/1576
f 1576/1967/1576 3940/5010/3940 1577/1968/1577
f 1505/1930/1505 1504/1926/1504 1577/1968/1577
f 1514/1973/1514 3941/1971/3941 1579/1969/1579
f 1581/1972/1581 3941/1971/3941 3951/1974/3951
f 1579/1969/1579 3941/1971/3941 1580/1970/1580
f 1582/1936/1582 1506/1934/1506 3942/1979/3942
f 1581/1972/1581 3942/1979/3942 1506/1934/1506
f 1583/1977/1583 3942/1979/3942 1581/1972/1581
f 1582/1936/1582 3942/1979/3942 3943/1978/3943
f 1515/1981/1515 3943/1978/3943 1583/1977/1583
f 1584/1980/1584 3943/1978/3943 1515/1981/1515
f 1584/1980/1584 3944/1984/3944 1507/1942/1507
f 1586/1985/1586 3944/1984/3944 1584/1980/1584
f 1508/1943/1508 3944/1984/3944 1586/1985/1586
f 1585/1986/1585 1586/1985/1586 3945/1992/3945
f 3954/1988/3954 3945/1992/3945 1586/1985/1586
f 1587/1989/1587 3945/1992/3945 1518/1990/1518
f 1585/1986/1585 3945/1992/3945 1587/1989/1587
f 140/1945/140 1587/1989/1587 1589/1993/1589
f 1519/1997/1519 3946/2000/3946 1590/1994/1590
f 1590/1994/1590 3946/2000/3946 1589/1995/1589
f 1589/1995/1589 3946/2000/3946 1588/1996/1588
f 1588/1996/1588 3946/2000/3946 1591/1998/1591
f 141/1952/141 1591/1998/1591 1592/2001/1592
f 3957/2044/3957 3947/5011/3947 1593/1999/1593
f 1593/1999/1593 3947/5011/3947 1592/2001/1592
f 12/2046/12 3947/5011/3947 3957/2044/3957
f 12/2046/12 387/5012/387 3947/5011/3947
f 1592/2001/1592 3947/5011/3947 388/2002/388
f 388/2002/388 3947/5011/3947 387/5012/387
f 142/1963/142 1510/2003/1510 3948/2004/3948
f 1594/6/1594 3948/2004/3948 1510/2003/1510
f 368/2005/368 3949/2007/3949 3948/2004/3948
f 1595/2008/1595 3949/2007/3949 366/2010/366
f 366/2010/366 3949/2007/3949 367/2006/367
f 3948/2004/3948 3949/2007/3949 142/1963/142
f 142/1963/142 3949/2007/3949 1595/2008/1595
f 1513/1966/1513 1512/1964/1512 1595/2008/1595
f 3991/2015/3991 3950/2018/3950 365/2013/365
f 365/2013/365 3950/2018/3950 1596/2009/1596
f 1598/2014/1598 3950/2018/3950 3991/2015/3991
f 1596/2009/1596 3950/2018/3950 1597/2012/1597
f 3950/2018/3950 3951/1974/3951 1514/1973/1514
f 1600/2017/1600 3951/1974/3951 3950/2018/3950
f 364/2019/364 3952/5013/3952 1600/2017/1600
f 1601/2021/1601 3952/5013/3952 6/2022/6
f 6/2022/6 3952/5013/3952 364/2019/364
f 1600/2017/1600 3952/5013/3952 143/1976/143
f 143/1976/143 3952/5013/3952 1601/2021/1601
f 1601/2021/1601 1602/2020/1602 1515/1981/1515
f 362/2024/362 3953/5014/3953 1602/2020/1602
f 1603/2025/1603 3953/5014/3953 362/2024/362
f 1602/2020/1602 3953/5014/3953 144/1983/144
f 144/1983/144 3953/5014/3953 1603/2025/1603
f 1517/1987/1517 1603/2025/1603 3954/1988/3954
f 3955/2027/3955 3954/1988/3954 1603/2025/1603
f 1518/1990/1518 3954/1988/3954 3955/2027/3955
f 3987/2029/3987 3955/2027/3955 1604/2026/1604
f 1606/2031/1606 3955/2027/3955 361/2032/361
f 361/2032/361 3955/2027/3955 3987/2029/3987
f 1605/2028/1605 3955/2027/3955 1606/2031/1606
f 145/1991/145 1606/2031/1606 1607/2034/1607
f 3986/2040/3986 3956/2039/3956 1608/2035/1608
f 1608/2035/1608 3956/2039/3956 1607/2036/1607
f 1610/2041/1610 3956/2039/3956 5/2038/5
f 1607/2036/1607 3956/2039/3956 1609/2037/1609
f 1609/2037/1609 3956/2039/3956 1610/2041/1610
f 1593/1999/1593 1610/2041/1610 3957/2044/3957
f 3958/2043/3958 3957/2044/3957 1610/2041/1610
f 3474/5015/3474 3958/2043/3958 1611/2042/1611
f 1/4521/1 385/5016/385 3958/2043/3958
f 3474/5015/3474 1/4521/1 3958/2043/3958
f 386/2045/386 3958/2043/3958 385/5016/385
f 169/4523/169 1639/2048/1639 1943/2055/1943
f 1639/2048/1639 3959/2050/3959 1944/2052/1944
f 3959/2050/3959 1615/2053/1615 1945/2051/1945
f 1619/2056/1619 3959/2050/3959 1618/2057/1618
f 1615/2053/1615 3960/2058/3960 1612/2059/1612
f 1640/2062/1640 3960/2058/3960 1641/2064/1641
f 1641/2064/1641 3960/2058/3960 1619/2056/1619
f 1613/2060/1613 3960/2058/3960 1640/2062/1640
f 1727/2068/1727 146/2047/146 3961/2069/3961
f 1727/2068/1727 3961/2069/3961 1728/2070/1728
f 147/2074/147 3962/2071/3962 1642/2065/1642
f 1622/2072/1622 3962/2071/3962 3969/2073/3969
f 1727/2068/1727 3962/2071/3962 146/2047/146
f 1644/2078/1644 1618/2057/1618 3963/2077/3963
f 146/2047/146 1622/2072/1622 3963/2077/3963
f 3964/2079/3964 3963/2077/3963 1643/2075/1643
f 1643/2075/1643 3963/2077/3963 1622/2072/1622
f 1644/2078/1644 3963/2077/3963 3964/2079/3964
f 148/2076/148 1623/2081/1623 3964/2079/3964
f 1646/2083/1646 3964/2079/3964 1623/2081/1623
f 1644/2078/1644 3964/2079/3964 1645/2084/1645
f 1645/2084/1645 1646/2083/1646 1616/2063/1616
f 1616/2063/1616 1646/2083/1646 1617/1479/1617
f 1621/2085/1621 3965/5017/3965 1648/2082/1648
f 1648/2082/1648 3965/5017/3965 1647/2080/1647
f 374/1483/374 3965/5017/3965 1621/2085/1621
f 1647/2080/1647 3965/5017/3965 375/1482/375
f 375/1482/375 3965/5017/3965 374/1483/374
f 1649/2209/1649 1650/2087/1650 3966/2089/3966
f 1650/2087/1650 149/2096/149 3968/2095/3968
f 1650/2087/1650 3968/2095/3968 1651/2088/1651
f 1651/2088/1651 147/2101/147 1642/2090/1642
f 3966/2089/3966 1642/2090/1642 170/2091/170
f 173/2093/173 1649/2209/1649 3966/2089/3966
f 1628/2094/1628 3967/5018/3967 3968/2095/3968
f 1652/2100/1652 3967/5018/3967 1653/2097/1653
f 1653/2097/1653 3967/5018/3967 1628/2094/1628
f 1651/2088/1651 3967/5018/3967 1652/2100/1652
f 1651/2088/1651 3968/2095/3968 3967/5018/3967
f 147/2074/147 1652/2100/1652 3969/2073/3969
f 1655/2106/1655 3969/2073/3969 1656/2102/1656
f 1654/2103/1654 3969/2073/3969 1655/2106/1655
f 1629/2104/1629 1655/2106/1655 1656/2102/1656
f 1630/2105/1630 3970/2110/3970 1655/2106/1655
f 1658/2107/1658 3970/2110/3970 1630/2105/1630
f 1654/2103/1654 3970/2110/3970 1657/2109/1657
f 1657/2109/1657 1658/2107/1658 3971/5019/3971
f 1657/2109/1657 3971/5019/3971 1623/2081/1623
f 1659/2112/1659 3971/5019/3971 1658/2107/1658
f 1623/2081/1623 3971/5019/3971 1659/2112/1659
f 1631/2114/1631 3972/2113/3972 1660/2111/1660
f 1661/2115/1661 3972/2113/3972 1631/2114/1631
f 1659/2112/1659 3972/2113/3972 3973/2117/3973
f 3974/2119/3974 3973/2117/3973 1661/2115/1661
f 1621/2085/1621 3973/2117/3973 3974/2119/3974
f 1624/2120/1624 3974/2119/3974 1662/2118/1662
f 372/1488/372 3974/2119/3974 1624/2120/1624
f 373/1489/373 3974/2119/3974 372/1488/372
f 1733/2123/1733 3975/2122/3975 3976/2126/3976
f 3975/2122/3975 1664/2124/1664 1663/2125/1663
f 3976/2126/3976 1663/2125/1663 1625/2131/1625
f 1734/2127/1734 3976/2126/3976 1625/2128/1625
f 1633/2179/1633 3977/2130/3977 1664/2124/1664
f 1665/2135/1665 3977/2130/3977 1633/2179/1633
f 1625/2131/1625 3977/2130/3977 3978/2132/3978
f 1666/2134/1666 3978/2132/3978 3977/2130/3977
f 149/2096/149 3978/2132/3978 1666/2134/1666
f 1667/2142/1667 1666/2134/1666 1668/2138/1668
f 1634/2139/1634 3979/2137/3979 1666/2134/1666
f 1669/2098/1669 1628/2094/1628 3980/5020/3980
f 1668/2138/1668 3980/5020/3980 1628/2094/1628
f 1670/2143/1670 3980/5020/3980 1668/2138/1668
f 1669/2098/1669 3980/5020/3980 1670/2143/1670
f 150/2099/150 1670/2143/1670 3981/2149/3981
f 1636/2145/1636 3981/2149/3981 1670/2143/1670
f 1671/2146/1671 3981/2149/3981 1636/2145/1636
f 3981/2149/3981 3982/2148/3982 1629/2104/1629
f 1672/2150/1672 3982/2148/3982 1671/2146/1671
f 1630/2105/1630 3982/2148/3982 1672/2150/1672
f 1673/2151/1673 1672/2150/1672 3983/2157/3983
f 3990/2153/3990 3983/2157/3983 1672/2150/1672
f 1674/2154/1674 3983/2157/3983 1638/2155/1638
f 1673/2151/1673 3983/2157/3983 1674/2154/1674
f 151/2108/151 1674/2154/1674 1676/2158/1676
f 3992/2161/3992 3984/5021/3984 1677/2159/1677
f 1677/2159/1677 3984/5021/3984 1676/2158/1676
f 3992/2161/3992 1678/2162/1678 3984/5021/3984
f 1676/2158/1676 3984/5021/3984 1675/2160/1675
f 1675/2160/1675 3984/5021/3984 1678/2162/1678
f 152/2116/152 1678/2162/1678 1679/2164/1679
f 1632/2203/1632 3985/2167/3985 1680/2165/1680
f 1680/2165/1680 3985/2167/3985 1679/2166/1679
f 7/2168/7 3985/2167/3985 1632/2203/1632
f 1679/2166/1679 3985/2167/3985 371/1496/371
f 371/1496/371 3985/2167/3985 370/1495/370
f 4642/2588/4642 1681/1/1681 1725/2169/1725
f 1681/1/1681 5/3/5 1683/2172/1683
f 1725/2169/1725 1683/2172/1683 1682/2173/1682
f 172/2170/172 1682/2173/1682 1664/2124/1664
f 1684/2177/1684 3986/2174/3986 1685/2175/1685
f 1682/2173/1682 3986/2174/3986 1684/2177/1684
f 361/2183/361 3987/2181/3987 1686/2178/1686
f 1686/2178/1686 3987/2181/3987 1687/2180/1687
f 1690/2184/1690 1634/2139/1634 1688/2182/1688
f 3979/2137/3979 1634/2139/1634 1689/2140/1689
f 362/2186/362 3988/5022/3988 1690/2184/1690
f 1691/2187/1691 3988/5022/3988 363/2188/363
f 363/2188/363 3988/5022/3988 362/2186/362
f 1690/2184/1690 3988/5022/3988 153/2141/153
f 153/2141/153 3988/5022/3988 1691/2187/1691
f 1635/2144/1635 1691/2187/1691 1636/2145/1636
f 1691/2187/1691 1692/2190/1692 1636/2145/1636
f 364/2191/364 3989/5023/3989 1692/2190/1692
f 1693/2192/1693 3989/5023/3989 364/2191/364
f 1692/2190/1692 3989/5023/3989 154/2147/154
f 154/2147/154 3989/5023/3989 1693/2192/1693
f 1637/2152/1637 1693/2192/1693 3990/2153/3990
f 1694/2194/1694 3990/2153/3990 1693/2192/1693
f 1638/2155/1638 3990/2153/3990 1694/2194/1694
f 1695/2195/1695 1694/2194/1694 3991/5024/3991
f 1696/2196/1696 3991/5024/3991 365/2197/365
f 1695/2195/1695 3991/5024/3991 1696/2196/1696
f 155/2156/155 1696/2196/1696 3992/2161/3992
f 1697/2199/1697 3992/2161/3992 1696/2196/1696
f 1699/2202/1699 367/2200/367 368/2205/368
f 1697/2199/1697 367/2200/367 1699/2202/1699
f 1680/2165/1680 156/2163/156 1632/2203/1632
f 1632/2203/1632 1699/2202/1699 1700/2204/1700
f 347/2207/347 3993/1503/3993 1700/2204/1700
f 2/10/2 3993/1503/3993 347/2207/347
f 3978/2132/3978 3994/2208/3994 1626/2133/1626
f 1627/2136/1627 149/2096/149 1650/2087/1650
f 3994/2208/3994 1650/2087/1650 1649/2209/1649
f 1649/2209/1649 173/2093/173 1729/2210/1729
f 3994/2208/3994 1729/2210/1729 4653/2211/4653
f 1626/2133/1626 4653/2211/4653 171/2212/171
f 1724/4663/1724 3995/2215/3995 1474/1723/1474
f 1724/4663/1724 1737/2213/1737 3995/2215/3995
f 1737/2213/1737 4655/2216/4655 3996/2214/3996
f 4655/2216/4655 3310/5025/3310 1475/2217/1475
f 3995/2215/3995 3996/2214/3996 1421/1829/1421
f 1731/2218/1731 1724/4666/1724 1420/1722/1420
f 1723/2221/1723 1731/2218/1731 12/2219/12
f 1420/1722/1420 1724/4666/1724 1474/1723/1474
f 3314/2223/3314 3003/2225/3003 1417/1821/1417
f 1419/1823/1419 3309/4668/3309 135/5026/135
f 1415/1813/1415 3997/2226/3997 3998/2228/3998
f 1415/1813/1415 3313/5027/3313 3997/2226/3997
f 3999/2229/3999 3314/4667/3314 1722/2222/1722
f 1416/1814/1416 3999/2229/3999 1722/2222/1722
f 3998/2228/3998 3999/2229/3999 1416/1814/1416
f 1720/2232/1720 4000/2231/4000 1414/2236/1414
f 1721/2230/1721 1735/2233/1735 4000/2231/4000
f 4000/2231/4000 3313/2234/3313 1415/2235/1415
f 3310/2237/3310 4659/2239/4659 1477/2238/1477
f 4659/2239/4659 1736/2241/1736 4001/2240/4001
f 1476/1832/1476 4001/2240/4001 1720/2232/1720
f 3909/1831/3909 4001/2240/4001 1476/1832/1476
f 1477/2238/1477 4001/2240/4001 3909/1831/3909
f 4002/2242/4002 1741/2243/1741 1742/2244/1742
f 111/1267/111 4002/2242/4002 1110/1265/1110
f 1715/1297/1715 1716/2247/1716 1741/2243/1741
f 1111/1268/1111 4002/2242/4002 1718/2245/1718
f 4003/2246/4003 1738/2249/1738 1716/2247/1716
f 4664/2250/4664 107/1239/107 1718/2245/1718
f 892/947/892 898/952/898 167/918/167
f 898/952/898 95/927/95 894/921/894
f 892/947/892 2478/2253/2478 166/2254/166
f 1746/2257/1746 1747/2256/1747 883/2255/883
f 94/903/94 880/2259/880 886/911/886
f 880/2259/880 1748/2260/1748 1714/2261/1714
f 3689/912/3689 1714/2261/1714 1771/283/1771
f 4004/2262/4004 1713/2258/1713 94/903/94
f 4667/2263/4667 1748/2260/1748 1713/2258/1713
f 4005/2266/4005 1707/2265/1707 1709/2268/1709
f 1707/2265/1707 3294/2271/3294 1764/2267/1764
f 622/276/622 4005/2266/4005 4006/2269/4006
f 621/264/621 1706/2264/1706 4005/2266/4005
f 627/278/627 1771/283/1771 4012/914/4012
f 626/284/626 4012/914/4012 158/2270/158
f 619/274/619 1765/4690/1765 1708/2274/1708
f 1705/2272/1705 1765/4690/1765 619/274/619
f 618/247/618 1708/2274/1708 4007/2273/4007
f 1766/2275/1766 4006/2269/4006 1764/2267/1764
f 1764/2267/1764 4006/2269/4006 1709/2268/1709
f 1768/2277/1768 2206/2276/2206 616/271/616
f 1767/2278/1767 4007/2273/4007 1708/2274/1708
f 616/271/616 4007/2273/4007 1768/2277/1768
f 4009/2280/4009 4008/2281/4008 1769/2282/1769
f 1704/2286/1704 4008/2281/4008 1703/2279/1703
f 478/2284/478 4009/2280/4009 4011/2283/4011
f 479/246/479 4009/2280/4009 478/2284/478
f 605/242/605 1704/2286/1704 1702/245/1702
f 1704/2286/1704 612/273/612 4671/4695/4671
f 4011/2283/4011 4010/2288/4010 477/2285/477
f 3290/2287/3290 1770/4698/1770 4010/2288/4010
f 476/2291/476 4010/2288/4010 57/2290/57
f 4673/2292/4673 4013/1214/4013 444/1211/444
f 3304/2251/3304 4674/3746/4674 4014/1238/4014
f 1773/1240/1773 4014/1238/4014 4674/3746/4674
f 4015/2293/4015 1732/2297/1732 1137/2294/1137
f 398/2296/398 4015/2293/4015 1138/1321/1138
f 157/2295/157 1732/2297/1732 4015/2293/4015
f 1137/2294/1137 1717/2298/1717 1125/1294/1125
f 1471/1826/1471 4676/2301/4676 4016/2299/4016
f 135/1822/135 4676/2301/4676 1471/1826/1471
f 1776/2302/1776 157/2295/157 398/2296/398
f 1471/1826/1471 4016/2299/4016 15/1322/15
f 1613/2060/1613 1614/2061/1614 1701/1468/1701
f 1614/2061/1614 1240/1474/1240 1701/1468/1701
f 1613/2060/1613 1701/1468/1701 3288/1472/3288
f 1612/2059/1612 1613/2060/1613 4677/2303/4677
f 1779/2307/1779 385/2306/385 1/5028/1
f 3316/2220/3316 1723/2221/1723 385/2306/385
f 4019/2311/4019 657/2312/657 4020/2309/4020
f 657/2312/657 1803/550/1803 1802/549/1802
f 692/512/692 4017/2310/4017 1791/2313/1791
f 691/514/691 4018/2308/4018 4017/2310/4017
f 690/519/690 4019/2311/4019 4018/2308/4018
f 73/521/73 658/2314/658 4019/2311/4019
f 657/2312/657 175/2326/175 1803/550/1803
f 4021/2315/4021 4020/2309/4020 1801/548/1801
f 1791/2313/1791 4017/2310/4017 4020/2309/4020
f 4021/2315/4021 1799/2320/1799 4022/2318/4022
f 1799/2320/1799 1798/2321/1798 4022/2318/4022
f 4021/2315/4021 4022/2318/4022 4024/2316/4024
f 1792/315/1792 1800/2319/1800 4021/2315/4021
f 1798/2321/1798 1797/2394/1797 1796/432/1796
f 4022/2318/4022 1796/432/1796 1795/444/1795
f 4024/2316/4024 1795/444/1795 663/468/663
f 4023/2317/4023 4024/2316/4024 662/467/662
f 1791/2313/1791 4023/2317/4023 661/466/661
f 682/557/682 681/556/681 4026/2322/4026
f 681/556/681 1808/2389/1808 1807/2324/1807
f 4026/2322/4026 1807/2324/1807 1809/2388/1809
f 681/556/681 176/4943/176 1808/2389/1808
f 4026/2322/4026 1809/2388/1809 175/2326/175
f 4025/2323/4025 4026/2322/4026 657/2312/657
f 685/2327/685 4025/2323/4025 658/2314/658
f 683/2325/683 682/557/682 4025/2323/4025
f 652/562/652 475/561/475 56/5029/56
f 47/2329/47 176/4943/176 1820/551/1820
f 475/561/475 1783/560/1783 474/5030/474
f 652/562/652 56/5029/56 653/2474/653
f 4027/2331/4027 4028/2337/4028 4030/2332/4030
f 4029/2333/4029 4030/2332/4030 1822/2334/1822
f 55/505/55 525/5031/525 4027/2331/4027
f 525/5031/525 526/2336/526 4027/2331/4027
f 526/2336/526 527/2338/527 4028/2337/4028
f 527/2338/527 59/500/59 1786/2339/1786
f 4028/2337/4028 1786/2339/1786 1787/2340/1787
f 4030/2332/4030 1787/2340/1787 1788/53/1788
f 1783/2342/1783 4029/2333/4029 1864/2341/1864
f 1782/2335/1782 4027/2331/4027 4029/2333/4029
f 1806/438/1806 1805/436/1805 4031/2343/4031
f 1805/436/1805 1804/435/1804 1819/580/1819
f 1804/435/1804 1797/2394/1797 3608/577/3608
f 1804/435/1804 3608/577/3608 1819/580/1819
f 4031/2343/4031 1819/580/1819 53/46/53
f 1781/2345/1781 4031/2343/4031 499/119/499
f 1806/438/1806 4031/2343/4031 1781/2345/1781
f 4033/2346/4033 4036/2350/4036 4035/2347/4035
f 4034/2349/4034 4037/2354/4037 4036/2350/4036
f 683/2351/683 4032/2348/4032 1784/2352/1784
f 684/2353/684 4033/2346/4033 4032/2348/4032
f 685/2327/685 4034/2349/4034 4033/2346/4033
f 73/521/73 693/520/693 4034/2349/4034
f 693/520/693 694/527/694 4037/2354/4037
f 4037/2354/4037 1843/526/1843 1842/2355/1842
f 4036/2350/4036 1842/2355/1842 1841/2356/1841
f 4035/2347/4035 1841/2356/1841 179/2357/179
f 4032/2348/4032 4035/2347/4035 1785/2358/1785
f 4038/2361/4038 4040/2364/4040 4039/2360/4039
f 4040/2364/4040 4041/2366/4041 4039/2360/4039
f 1786/2362/1786 4038/2361/4038 1787/2359/1787
f 59/500/59 491/2363/491 4038/2361/4038
f 491/2363/491 490/2365/490 4040/2364/4040
f 490/2365/490 489/535/489 4041/2366/4041
f 489/535/489 54/533/54 473/2367/473
f 4041/2366/4041 473/2367/473 174/493/174
f 530/494/530 4039/2360/4039 529/490/529
f 4043/2368/4043 4046/2372/4046 4045/2369/4045
f 4044/2371/4044 4047/2375/4047 4046/2372/4046
f 654/559/654 4042/2370/4042 696/2373/696
f 654/559/654 4043/2368/4043 4042/2370/4042
f 72/558/72 4044/2371/4044 4043/2368/4043
f 72/558/72 1784/2352/1784 4044/2371/4044
f 1784/2352/1784 1785/2358/1785 4044/2371/4044
f 1785/2358/1785 179/2357/179 1829/2376/1829
f 4047/2375/4047 1829/2376/1829 1830/2377/1830
f 4046/2372/4046 1830/2377/1830 1831/2378/1831
f 4042/2370/4042 4045/2369/4045 695/2373/695
f 4048/2381/4048 4049/2379/4049 4050/2380/4050
f 4049/2379/4049 1754/2383/1754 1790/332/1790
f 182/340/182 3534/334/3534 4048/2381/4048
f 3534/334/3534 3535/337/3535 4049/2379/4049
f 4050/2380/4050 1790/332/1790 636/331/636
f 1870/2384/1870 4050/2380/4050 628/649/628
f 1871/2382/1871 4048/2381/4048 4050/2380/4050
f 1808/2389/1808 468/2390/468 4051/2385/4051
f 1807/2324/1807 4051/2385/4051 1810/2387/1810
f 176/4943/176 47/2329/47 1808/2389/1808
f 1896/2391/1896 4052/2392/4052 674/658/674
f 454/1007/454 3707/1009/3707 4052/2392/4052
f 674/658/674 4052/2392/4052 906/1025/906
f 906/1025/906 4052/2392/4052 3707/1009/3707
f 1799/2320/1799 1800/2319/1800 1817/322/1817
f 1817/322/1817 669/618/669 4053/2393/4053
f 1800/2319/1800 1792/315/1792 1816/311/1816
f 1817/322/1817 1818/321/1818 669/618/669
f 1818/321/1818 668/320/668 669/618/669
f 1815/583/1815 4053/2393/4053 670/619/670
f 1798/2321/1798 4053/2393/4053 1814/581/1814
f 1780/2344/1780 1781/2345/1781 4054/90/4054
f 1789/92/1789 1780/2344/1780 4054/90/4054
f 3487/85/3487 4054/90/4054 1781/2345/1781
f 4056/2405/4056 4057/2396/4057 4055/2406/4055
f 1843/526/1843 1835/2397/1835 4057/2396/4057
f 1836/2395/1836 4055/2406/4055 4057/2396/4057
f 1845/2407/1845 4055/2406/4055 1846/2399/1846
f 1846/2399/1846 4055/2406/4055 1836/2395/1836
f 1841/2402/1841 4056/2405/4056 1844/2403/1844
f 1842/2404/1842 4057/2396/4057 4056/2405/4056
f 1844/2403/1844 4056/2405/4056 4055/2406/4055
f 1844/2403/1844 1845/2407/1845 4058/2408/4058
f 1829/2411/1829 1844/2403/1844 1847/2409/1847
f 1848/2413/1848 1845/2407/1845 1846/2399/1846
f 1848/2413/1848 4068/2446/4068 4058/2408/4058
f 1847/2409/1847 4058/2408/4058 4068/2446/4068
f 4059/2414/4059 1853/2415/1853 1836/2395/1836
f 1843/526/1843 1849/5032/1849 1835/2397/1835
f 1849/5032/1849 1850/5033/1850 1835/2397/1835
f 180/2416/180 1854/2417/1854 4059/2414/4059
f 1851/523/1851 4059/2414/4059 1835/2397/1835
f 4062/2420/4062 4060/2424/4060 4063/2421/4063
f 1838/474/1838 4061/2422/4061 1854/2417/1854
f 1839/2427/1839 4062/2420/4062 4061/2422/4061
f 4061/2422/4061 4063/2421/4063 1853/2415/1853
f 181/2428/181 1856/2430/1856 4062/2420/4062
f 1853/2415/1853 4063/2423/4063 1855/2425/1855
f 4067/2435/4067 4064/2434/4064 4065/2436/4065
f 1855/2425/1855 4067/2435/4067 1832/2438/1832
f 1855/2425/1855 4060/2424/4060 4064/2434/4064
f 1858/487/1858 4065/2433/4065 1856/2430/1856
f 1856/2430/1856 4064/2434/4064 4060/2424/4060
f 1834/2441/1834 4066/2437/4066 1857/2442/1857
f 1833/2443/1833 4067/2435/4067 4066/2437/4066
f 4066/2437/4066 4065/2436/4065 1858/2444/1858
f 1860/2445/1860 4069/2449/4069 4068/2446/4068
f 178/500/178 1828/2448/1828 1860/2445/1860
f 1828/2448/1828 1827/4823/1827 4069/2449/4069
f 1831/2378/1831 1847/2409/1847 4069/2449/4069
f 4071/2452/4071 4072/2459/4072 4070/2453/4070
f 177/533/177 1823/541/1823 4071/2452/4071
f 1823/541/1823 1824/540/1824 4072/2459/4072
f 1834/2458/1834 4071/2452/4071 1833/2454/1833
f 1860/2445/1860 4073/2456/4073 1825/2460/1825
f 1861/2447/1861 4070/2453/4070 4073/2456/4073
f 4073/2456/4073 4072/2455/4072 1824/2461/1824
f 1832/2457/1832 4070/2453/4070 1861/2447/1861
f 476/2462/476 488/2465/488 1863/2463/1863
f 488/2465/488 3526/2469/3526 474/2466/474
f 3526/2469/3526 56/286/56 475/2470/475
f 1863/2463/1863 474/2466/474 1783/2342/1783
f 1865/2464/1865 1863/2463/1863 1864/5034/1864
f 47/2329/47 651/2330/651 4074/2471/4074
f 651/2330/651 652/562/652 4075/2473/4075
f 653/2474/653 56/5029/56 1955/2475/1955
f 4075/2473/4075 653/2474/653 1778/2476/1778
f 4076/2477/4076 4078/2482/4078 4077/2478/4077
f 4076/2477/4076 4079/545/4079 4078/2482/4078
f 628/649/628 700/2480/700 1870/2384/1870
f 700/2480/700 4076/2477/4076 1870/2384/1870
f 701/2514/701 1761/2481/1761 4076/2477/4076
f 1761/2481/1761 1762/5035/1762 4079/545/4079
f 1762/5035/1762 1763/4942/1763 4079/545/4079
f 4077/2478/4077 4078/2482/4078 3599/547/3599
f 1871/2382/1871 4077/2478/4077 639/542/639
f 646/409/646 4080/2483/4080 1876/410/1876
f 49/411/49 714/5036/714 4080/2483/4080
f 637/379/637 1756/2486/1756 4082/2484/4082
f 3546/381/3546 4081/2485/4081 629/450/629
f 1873/2487/1873 161/4941/161 1756/2486/1756
f 4082/2484/4082 1755/2488/1755 48/454/48
f 4081/2485/4081 4082/2484/4082 630/452/630
f 1753/339/1753 183/2490/183 1754/2383/1754
f 1897/2491/1897 1898/598/1898 1884/2492/1884
f 1884/2492/1884 1898/598/1898 1896/5037/1896
f 704/394/704 4083/2493/4083 1889/372/1889
f 706/2495/706 1897/2491/1897 4083/2493/4083
f 1898/598/1898 42/4945/42 4052/5038/4052
f 1898/598/1898 4052/5038/4052 1896/5037/1896
f 1884/2492/1884 1896/5037/1896 1885/602/1885
f 4085/2497/4085 4087/2499/4087 4084/2501/4084
f 4087/2499/4087 4086/2498/4086 1912/2502/1912
f 701/2479/701 4084/2501/4084 1894/2506/1894
f 700/2480/700 4085/2497/4085 4084/2501/4084
f 700/2480/700 4086/2498/4086 4085/2497/4085
f 700/2480/700 628/649/628 1890/650/1890
f 4086/2498/4086 1890/650/1890 1891/655/1891
f 4087/2499/4087 1913/2503/1913 1914/2504/1914
f 4084/2501/4084 4088/2500/4088 1895/2505/1895
f 4089/2507/4089 4090/2511/4090 4093/2508/4093
f 4091/2510/4091 4094/2515/4094 4093/2508/4093
f 184/373/184 1887/370/1887 4089/2507/4089
f 1886/2513/1886 4091/2510/4091 4090/2511/4090
f 701/2514/701 1894/2506/1894 4091/2510/4091
f 1894/2506/1894 1895/2505/1895 4094/2515/4094
f 1895/2505/1895 1914/2504/1914 1931/2516/1931
f 4093/2508/4093 1931/2516/1931 1932/2517/1932
f 4092/2509/4092 1932/2517/1932 189/2518/189
f 1892/395/1892 4089/2507/4089 4092/2509/4092
f 1926/2567/1926 1928/2519/1928 1927/2521/1927
f 1927/2521/1927 1908/2520/1908 187/4877/187
f 1919/2582/1919 1922/2525/1922 1930/2526/1930
f 1922/2525/1922 1921/2528/1921 4095/2522/4095
f 1914/2504/1914 4096/2523/4096 1920/2529/1920
f 4096/2523/4096 4095/2522/4095 1921/2528/1921
f 4109/2527/4109 4095/2522/4095 1929/2524/1929
f 1912/2502/1912 1929/2524/1929 4096/2523/4096
f 4097/2530/4097 4098/2536/4098 4100/2531/4100
f 4099/2532/4099 4100/2531/4100 1899/2533/1899
f 1907/359/1907 1905/456/1905 4097/2530/4097
f 1905/456/1905 1906/455/1906 4098/2536/4098
f 1906/455/1906 185/454/185 1901/2537/1901
f 4098/2536/4098 1901/2537/1901 1900/2538/1900
f 4100/2531/4100 1900/2538/1900 1899/2533/1899
f 4101/2534/4101 1899/2533/1899 1902/2540/1902
f 1911/2543/1911 4101/2534/4101 1903/2541/1903
f 1910/2542/1910 4099/2532/4099 4101/2534/4101
f 4107/2535/4107 4097/2530/4097 4099/2532/4099
f 1920/2529/1920 1921/2528/1921 4103/2544/4103
f 1921/2528/1921 1922/2525/1922 4104/2546/4104
f 1932/2517/1932 4102/2545/4102 1936/2547/1936
f 1931/2516/1931 1920/2529/1920 4102/2545/4102
f 1922/2525/1922 1919/2582/1919 1938/2548/1938
f 4103/2544/4103 4104/2546/4104 1938/2548/1938
f 4102/2545/4102 4103/2544/4103 1937/2549/1937
f 1935/2555/1935 1940/2552/1940 4105/2551/4105
f 1933/2556/1933 4106/2554/4106 1915/564/1915
f 4106/2554/4106 4105/2551/4105 188/569/188
f 1938/2548/1938 1941/2557/1941 1935/2555/1935
f 186/2558/186 1907/359/1907 4107/2535/4107
f 1909/2559/1909 4107/2535/4107 1910/2542/1910
f 4108/2562/4108 1930/2564/1930 4109/2560/4109
f 1903/2541/1903 1902/2540/1902 4108/2562/4108
f 1902/2540/1902 1919/2539/1919 1930/2564/1930
f 1928/2519/1928 1929/2561/1929 1904/2566/1904
f 1926/2567/1926 4109/2560/4109 1928/2519/1928
f 1925/2563/1925 4108/2562/4108 4109/2560/4109
f 4113/2571/4113 4114/2575/4114 4110/2569/4110
f 1918/386/1918 4111/2570/4111 1933/2556/1933
f 1917/389/1917 4112/2568/4112 4111/2570/4111
f 4111/2570/4111 4110/2569/4110 1934/2553/1934
f 189/2573/189 1936/2574/1936 4113/2571/4113
f 1936/2574/1936 1937/5039/1937 4114/2575/4114
f 1916/396/1916 4113/2571/4113 4112/2572/4112
f 1935/2555/1935 4114/2575/4114 1938/2548/1938
f 1935/2555/1935 1934/2553/1934 4110/2569/4110
f 4115/2579/4115 4116/2581/4116 4117/2577/4117
f 185/300/185 1923/348/1923 4115/2579/4115
f 1923/348/1923 1924/346/1924 4116/2581/4116
f 1924/346/1924 188/569/188 1939/2550/1939
f 4116/2581/4116 1939/2550/1939 1940/2552/1940
f 4117/2577/4117 1940/2552/1940 1941/2557/1941
f 4118/2578/4118 1941/2557/1941 1938/2548/1938
f 1899/2584/1899 4118/2578/4118 1919/2582/1919
f 1900/2583/1900 4117/2577/4117 4118/2578/4118
f 1901/2580/1901 4115/2579/4115 4117/2577/4117
f 3268/2587/3268 1957/2585/1957 4119/4/4119
f 3474/5/3474 4119/4/4119 1957/2585/1957
f 1965/2589/1965 2952/2592/2952 4120/2590/4120
f 1965/2589/1965 4121/2601/4121 2952/2592/2952
f 1971/2597/1971 1950/2595/1950 2718/2594/2718
f 2022/2600/2022 4122/2602/4122 4121/2601/4121
f 2023/3630/2023 4122/2602/4122 2022/2600/2022
f 2008/2605/2008 4123/2607/4123 1950/2595/1950
f 1950/2595/1950 4123/2607/4123 2450/2610/2450
f 2317/2614/2317 1953/2613/1953 4270/3168/4270
f 1951/3421/1951 1956/2616/1956 2212/2618/2212
f 1948/2625/1948 2066/2623/2066 2176/2622/2176
f 4257/42/4257 4125/2629/4125 2101/2627/2101
f 229/2630/229 4125/2629/4125 2069/4931/2069
f 2101/2627/2101 4125/2629/4125 2141/2700/2141
f 2141/2700/2141 4125/2629/4125 4137/2628/4137
f 227/2783/227 2156/2738/2156 2110/2782/2110
f 2110/2782/2110 2156/2738/2156 2157/2739/2157
f 3369/2631/3369 4126/2633/4126 2086/2635/2086
f 3369/2631/3369 3370/5040/3370 3408/2632/3408
f 3370/5040/3370 3329/57/3329 4739/56/4739
f 3370/5040/3370 4739/56/4739 3408/2632/3408
f 3408/2638/3408 234/4834/234 2125/2639/2125
f 2087/2634/2087 2125/2639/2125 237/2651/237
f 2125/2642/2125 2082/2641/2082 4129/2643/4129
f 234/5041/234 2072/2640/2072 2125/2642/2125
f 3334/2646/3334 2086/2649/2086 4127/2647/4127
f 4128/2654/4128 4127/2647/4127 2126/2650/2126
f 3340/2652/3340 4127/2647/4127 2090/2653/2090
f 2127/2656/2127 4128/2654/4128 2126/2650/2126
f 2091/2655/2091 4128/2654/4128 2127/2656/2127
f 2129/2657/2129 2127/2656/2127 4129/2643/4129
f 2129/2657/2129 4129/2643/4129 2128/2659/2128
f 238/2658/238 2128/2659/2128 2074/2660/2074
f 4165/2662/4165 2074/2660/2074 2128/2659/2128
f 4715/2670/4715 2130/2666/2130 4130/2665/4130
f 2094/2667/2094 4130/2665/4130 2095/2664/2095
f 4227/2674/4227 4131/2672/4131 2130/2666/2130
f 2131/2673/2131 4131/2672/4131 2089/2675/2089
f 2130/2666/2130 4131/2672/4131 2132/2671/2132
f 2131/2673/2131 4132/2682/4132 2096/2676/2096
f 2096/2676/2096 4132/2682/4132 4141/2681/4141
f 4133/2683/4133 4132/2682/4132 2133/2677/2133
f 2133/2677/2133 4132/2682/4132 2131/2673/2131
f 2097/2678/2097 4132/2682/4132 2135/2679/2135
f 2091/2655/2091 4133/2683/4133 2090/2653/2090
f 4134/2685/4134 4133/2683/4133 2134/2684/2134
f 2134/2684/2134 4133/2683/4133 2091/2655/2091
f 2135/2679/2135 4133/2683/4133 4134/2685/4134
f 2136/2687/2136 4134/2685/4134 2134/2684/2134
f 2098/2686/2098 4134/2685/4134 2137/2688/2137
f 2088/2661/2088 2137/2688/2137 2136/2687/2136
f 2139/2692/2139 4135/2691/4135 2088/2661/2088
f 4135/2691/4135 2137/2688/2137 2088/2661/2088
f 4135/2691/4135 4136/2696/4136 2140/2690/2140
f 2140/2690/2140 4136/2696/4136 2092/2693/2092
f 2076/2695/2076 4136/2696/4136 2139/2692/2139
f 2139/2692/2139 4136/2696/4136 4135/2691/4135
f 2092/2693/2092 4136/2696/4136 2077/2697/2077
f 229/2630/229 2093/2699/2093 4137/2628/4137
f 239/2698/239 2142/2701/2142 4137/2628/4137
f 2141/2700/2141 4137/2628/4137 2142/2701/2142
f 2142/2701/2142 4138/2703/4138 2102/2705/2102
f 2146/2710/2146 2147/2712/2147 4139/5042/4139
f 2145/2707/2145 4139/5042/4139 2104/2709/2104
f 2146/2710/2146 4139/5042/4139 2145/2707/2145
f 2104/2709/2104 4139/5042/4139 2147/2712/2147
f 2096/2676/2096 4141/2681/4141 2146/2710/2146
f 4141/2681/4141 4140/2714/4140 2147/2712/2147
f 2148/2715/2148 4140/2714/4140 2097/2678/2097
f 2147/2712/2147 4140/2714/4140 2149/2716/2149
f 2149/2716/2149 2148/2715/2148 4142/5043/4142
f 2149/2716/2149 4142/5043/4142 2106/2718/2106
f 2151/2720/2151 4142/5043/4142 2148/2715/2148
f 2106/2718/2106 4142/5043/4142 2151/2720/2151
f 2098/2686/2098 4143/2722/4143 2150/2719/2150
f 2152/2723/2152 4143/2722/4143 2098/2686/2098
f 2151/2720/2151 4143/2722/4143 2152/2723/2152
f 2107/2724/2107 2152/2723/2152 4144/2729/4144
f 2107/2724/2107 4144/2729/4144 2108/2726/2108
f 4145/2725/4145 4144/2729/4144 2152/2723/2152
f 2108/2726/2108 4144/2729/4144 2154/2727/2154
f 2153/2694/2153 2092/2693/2092 4145/2725/4145
f 2155/2730/2155 4145/2725/4145 2092/2693/2092
f 2154/2727/2154 4145/2725/4145 2155/2730/2155
f 2099/2731/2099 2155/2730/2155 4146/2734/4146
f 2099/2731/2099 4146/2734/4146 2100/2733/2100
f 2078/2732/2078 4146/2734/4146 2155/2730/2155
f 2100/2733/2100 4146/2734/4146 2079/154/2079
f 2101/2627/2101 4147/2736/4147 2156/2738/2156
f 2157/2739/2157 4147/2736/4147 4148/2740/4148
f 2159/2745/2159 4148/2740/4148 241/2702/241
f 241/2702/241 4148/2740/4148 2158/2735/2158
f 2111/2742/2111 4148/2740/4148 2160/2743/2160
f 2160/2743/2160 4148/2740/4148 2159/2745/2159
f 2103/2706/2103 2162/2746/2162 2159/2745/2159
f 2161/2747/2161 2163/2752/2163 4149/2749/4149
f 2162/2746/2162 4149/2749/4149 2113/2748/2113
f 2161/2747/2161 4149/2749/4149 2162/2746/2162
f 4158/2750/4158 4149/2749/4149 2163/2752/2163
f 2104/2709/2104 4150/2754/4150 2163/2752/2163
f 2164/2755/2164 4150/2754/4150 2105/2711/2105
f 2163/2752/2163 4150/2754/4150 2164/2755/2164
f 2164/2755/2164 4151/2756/4151 2115/2757/2115
f 2115/2757/2115 4151/2756/4151 2166/2759/2166
f 2165/2717/2165 2106/2718/2106 4152/2763/4152
f 2165/2717/2165 4152/2763/4152 4151/2756/4151
f 2168/2762/2168 4152/2763/4152 2106/2718/2106
f 2166/2759/2166 4152/2763/4152 2168/2762/2168
f 2168/2762/2168 4153/2764/4153 4161/2766/4161
f 2169/2767/2169 4153/2764/4153 2167/2761/2167
f 2117/2768/2117 4153/2764/4153 2169/2767/2169
f 243/2721/243 2108/2726/2108 2170/2770/2170
f 2170/2770/2170 4154/2773/4154 2171/2771/2171
f 2171/2771/2171 4154/2773/4154 2118/2772/2118
f 2172/2775/2172 4154/2773/4154 244/2728/244
f 244/2728/244 4154/2773/4154 2170/2770/2170
f 2172/2775/2172 2100/2733/2100 4155/2778/4155
f 2175/2777/2175 4155/2778/4155 2100/2733/2100
f 2173/2774/2173 4155/2778/4155 2175/2777/2175
f 2175/2777/2175 2080/2779/2080 2109/2780/2109
f 2081/2815/2081 2109/2780/2109 2080/2779/2080
f 2110/2782/2110 2177/2781/2177 2176/2622/2176
f 2157/2739/2157 245/2741/245 2110/2782/2110
f 2177/2781/2177 4156/2785/4156 2061/2784/2061
f 2178/2787/2178 4156/2785/4156 245/2741/245
f 245/2741/245 4156/2785/4156 2177/2781/2177
f 4293/2786/4293 4156/2785/4156 2179/2790/2179
f 2179/2790/2179 4156/2785/4156 2178/2787/2178
f 2112/2744/2112 2181/2788/2181 2178/2787/2178
f 2181/2788/2181 4157/2793/4157 2060/2792/2060
f 2180/2789/2180 4157/2793/4157 2181/2788/2181
f 2114/2751/2114 2183/2796/2183 4158/2750/4158
f 2113/2748/2113 4158/2750/4158 4157/2793/4157
f 4157/2793/4157 4158/2750/4158 2183/2796/2183
f 2183/2796/2183 4159/5044/4159 2058/2797/2058
f 2184/2798/2184 4159/5044/4159 246/2753/246
f 246/2753/246 4159/5044/4159 2183/2796/2183
f 2058/2797/2058 4159/5044/4159 223/2800/223
f 223/2800/223 4159/5044/4159 2184/2798/2184
f 2116/2758/2116 2185/2799/2185 2115/2757/2115
f 2185/2799/2185 4160/5045/4160 2056/2802/2056
f 2187/2803/2187 4160/5045/4160 247/2760/247
f 247/2760/247 4160/5045/4160 2185/2799/2185
f 2056/2802/2056 4160/5045/4160 2187/2803/2187
f 4162/2806/4162 4161/2766/4161 2117/2768/2117
f 2187/2803/2187 4161/2766/4161 4162/2806/4162
f 2190/2809/2190 4162/2806/4162 2188/2805/2188
f 2055/2807/2055 4162/2806/4162 2190/2809/2190
f 2190/2809/2190 2118/2772/2118 2192/2812/2192
f 4163/2814/4163 2192/2812/2192 2191/2811/2191
f 222/2818/222 2192/2812/2192 4163/2814/4163
f 2191/2811/2191 2109/2780/2109 4163/2814/4163
f 4164/2816/4164 4163/2814/4163 2081/2815/2081
f 1956/2819/1956 4335/2821/4335 4164/2816/4164
f 2196/2827/2196 2195/2824/2195 4165/2823/4165
f 2074/5046/2074 4165/2823/4165 2075/2822/2075
f 2076/2832/2076 4166/2834/4166 2077/2828/2077
f 2077/2828/2077 4166/2834/4166 2197/2829/2197
f 2203/2831/2203 4166/2834/4166 2076/2832/2076
f 2198/2848/2198 4166/2834/4166 2204/2833/2204
f 2198/2848/2198 2197/2829/2197 4166/2834/4166
f 2079/2835/2079 2078/2839/2078 4167/2841/4167
f 2079/2835/2079 4167/2841/4167 2199/2838/2199
f 4170/2840/4170 4167/2841/4167 2078/2839/2078
f 2081/2619/2081 4168/2843/4168 2200/2844/2200
f 2209/2836/2209 4168/2843/4168 235/2837/235
f 235/2837/235 4168/2843/4168 2080/267/2080
f 2200/2844/2200 4168/2843/4168 2211/2845/2211
f 2211/2845/2211 4168/2843/4168 2209/2836/2209
f 2195/2824/2195 4169/2847/4169 2203/2831/2203
f 2205/2849/2205 4169/2847/4169 2196/2827/2196
f 2204/2833/2204 4169/2847/4169 2205/2849/2205
f 2207/2830/2207 2197/2829/2197 4170/2840/4170
f 2197/2829/2197 2208/2850/2208 4170/2840/4170
f 4167/2841/4167 4170/2840/4170 2208/2850/2208
f 2200/2844/2200 2214/2852/2214 4124/2617/4124
f 2212/2618/2212 2214/2852/2214 4171/2854/4171
f 2213/2853/2213 2216/2857/2216 4171/2854/4171
f 2216/2857/2216 220/2855/220 4171/2854/4171
f 2213/2853/2213 4171/2854/4171 2214/2852/2214
f 3295/2289/3295 4172/2858/4172 57/2290/57
f 488/2861/488 4172/2858/4172 1955/285/1955
f 4173/2862/4173 4174/2867/4174 4175/2863/4175
f 330/291/330 3321/2866/3321 4173/2862/4173
f 3321/2866/3321 3320/2868/3320 4174/2867/4174
f 3320/2868/3320 224/2907/224 3322/2869/3322
f 4175/2863/4175 3322/2869/3322 3323/2870/3323
f 3415/2864/3415 4175/2863/4175 3416/2871/3416
f 2302/2872/2302 3415/2864/3415 4258/2873/4258
f 2302/2872/2302 4173/2862/4173 3415/2864/3415
f 1759/303/1759 2062/2875/2062 2063/2877/2063
f 159/308/159 2217/2876/2217 1760/302/1760
f 3363/2885/3363 4178/2881/4178 4176/2878/4176
f 4176/2878/4176 2297/2882/2297 4177/2879/4177
f 3362/2886/3362 4176/2878/4176 3361/2880/3361
f 2257/2887/2257 2256/3145/2256 4178/2881/4178
f 2256/3145/2256 4262/2888/4262 4178/2881/4178
f 4178/2881/4178 2298/2889/2298 2297/2882/2297
f 4177/2879/4177 2296/2890/2296 3326/2891/3326
f 3361/2880/3361 4177/2879/4177 2253/2883/2253
f 3336/2896/3336 1872/329/1872 4179/328/4179
f 3319/2895/3319 4179/328/4179 3419/2898/3419
f 2227/2897/2227 164/3110/164 1872/329/1872
f 4179/328/4179 3533/330/3533 183/2490/183
f 332/2901/332 3358/3078/3358 4180/2902/4180
f 3358/5047/3358 339/3076/339 4180/2902/4180
f 2063/2877/2063 4182/2900/4182 3318/2903/3318
f 3353/336/3353 4180/2902/4180 4181/2899/4181
f 4184/2909/4184 4185/2904/4185 4183/2906/4183
f 4185/2904/4185 3356/2912/3356 3357/2905/3357
f 224/2907/224 3299/2907/3299 4183/2906/4183
f 3299/2907/3299 4184/2909/4184 4183/2906/4183
f 3300/2908/3300 341/2907/341 3456/2910/3456
f 4184/2909/4184 3456/2910/3456 3457/2911/3457
f 3457/2911/3457 344/3104/344 3356/2912/3356
f 3322/2869/3322 4183/2906/4183 3357/2905/3357
f 4187/2916/4187 641/361/641 4188/2917/4188
f 4186/2913/4186 4187/2916/4187 2320/2914/2320
f 643/2918/643 4186/2913/4186 2221/2919/2221
f 643/2918/643 642/351/642 4187/2916/4187
f 641/361/641 186/360/186 3442/2920/3442
f 4188/2917/4188 3442/2920/3442 343/2921/343
f 2320/2914/2320 4188/2917/4188 2319/2922/2319
f 2221/2919/2221 4186/2913/4186 2321/2915/2321
f 4189/2927/4189 3424/2924/3424 4191/2926/4191
f 4190/2925/4190 3324/2931/3324 4191/2926/4191
f 2298/2932/2298 3423/2928/3423 4189/2927/4189
f 3424/2924/3424 3425/2929/3425 4190/2925/4190
f 3425/2929/3425 340/2952/340 3422/2930/3422
f 3422/2930/3422 3421/4872/3421 3324/2931/3324
f 3421/4872/3421 2290/4871/2290 3324/2931/3324
f 4191/2926/4191 3325/368/3325 3326/2891/3326
f 2297/367/2297 4189/2927/4189 2296/2890/2296
f 163/398/163 1752/378/1752 2230/2933/2230
f 4192/2934/4192 2230/2933/2230 4193/2935/4193
f 2224/2957/2224 4192/2934/4192 2232/2936/2232
f 1882/384/1882 1883/383/1883 2228/2937/2228
f 1883/383/1883 162/5048/162 2221/2919/2221
f 1883/383/1883 2221/2919/2221 2222/2923/2222
f 2230/2933/2230 1882/384/1882 2229/2938/2229
f 4746/2940/4746 4193/2935/4193 330/5049/330
f 330/5049/330 4193/2935/4193 3414/4851/3414
f 3451/2941/3451 3450/2944/3450 4195/2942/4195
f 3450/2944/3450 3449/2950/3449 4196/2945/4196
f 3417/2946/3417 4194/2943/4194 2295/2947/2295
f 3418/2949/3418 3451/2941/3451 4194/2943/4194
f 3449/2950/3449 345/2952/345 3428/2951/3428
f 4196/2945/4196 3428/2951/3428 3429/5050/3429
f 4196/2945/4196 3429/5050/3429 340/2952/340
f 4195/2942/4195 4196/2945/4196 2293/2953/2293
f 4194/2943/4194 4195/2942/4195 2294/2954/2294
f 163/398/163 4192/2934/4192 4197/400/4197
f 2224/2957/2224 4197/400/4197 4192/2934/4192
f 1750/401/1750 4197/400/4197 4198/2955/4198
f 2224/2957/2224 2232/2936/2232 2233/2958/2233
f 4198/2955/4198 2233/2958/2233 2235/2960/2235
f 2236/2959/2236 4198/2955/4198 2235/2960/2235
f 2235/2960/2235 2233/2958/2233 2234/2962/2234
f 225/2964/225 2065/2965/2065 2225/2963/2225
f 2235/2960/2235 2225/2963/2225 250/2961/250
f 1772/417/1772 2226/2956/2226 4200/2968/4200
f 2226/2956/2226 2236/2959/2236 4200/2968/4200
f 1772/417/1772 1751/408/1751 2226/2956/2226
f 4199/415/4199 4200/2968/4200 2237/2967/2237
f 4202/2975/4202 4201/2969/4201 2238/2971/2238
f 250/2961/250 2225/2963/2225 4202/2975/4202
f 2238/2971/2238 250/2961/250 4202/2975/4202
f 226/2966/226 4202/2975/4202 2225/2963/2225
f 4201/2969/4201 4202/2975/4202 2239/2973/2239
f 2239/2973/2239 4203/2974/4203 2485/3454/2485
f 1953/2977/1953 4203/2974/4203 226/2966/226
f 1954/2976/1954 2485/3454/2485 4203/2974/4203
f 4204/2984/4204 3342/2978/3342 4206/2980/4206
f 4206/2980/4206 4205/2979/4205 2070/2981/2070
f 3342/2978/3342 3341/2986/3341 4205/2979/4205
f 3341/2986/3341 254/3017/254 2288/2987/2288
f 4205/2979/4205 2288/2987/2288 2287/3027/2287
f 4205/2979/4205 2287/3027/2287 2286/2988/2286
f 2070/2981/2070 2286/2988/2286 230/3025/230
f 3352/2991/3352 4207/2982/4207 331/2989/331
f 3351/2990/3351 4206/2980/4206 4207/2982/4207
f 3350/2985/3350 4204/2984/4204 4206/2980/4206
f 4209/2996/4209 2319/2922/2319 4210/2998/4210
f 4208/2992/4208 4209/2996/4209 4212/2993/4212
f 4209/2996/4209 4210/2998/4210 4212/2993/4212
f 2222/2923/2222 2321/2915/2321 4208/2992/4208
f 2321/2915/2321 2320/2914/2320 4209/2996/4209
f 2319/2922/2319 343/2921/343 3440/2997/3440
f 4210/2998/4210 3440/2997/3440 3441/2999/3441
f 4212/2993/4212 3441/2999/3441 341/453/341
f 4211/2994/4211 4212/2993/4212 3299/453/3299
f 2220/2999/2220 4211/2994/4211 3299/453/3299
f 2219/2995/2219 4208/2992/4208 4211/2994/4211
f 2301/2892/2301 4213/2894/4213 2065/3001/2065
f 4214/3002/4214 4215/3004/4215 4217/3003/4217
f 4216/3002/4216 4218/3005/4218 4217/3003/4217
f 4218/3005/4218 4220/3013/4220 4219/3006/4219
f 253/3008/253 4214/3002/4214 2250/3011/2250
f 2248/3007/2248 4215/3004/4215 4214/3002/4214
f 2249/3009/2249 4216/3002/4216 4215/3004/4215
f 337/3010/337 3385/3011/3385 4216/3002/4216
f 3385/3011/3385 3386/3012/3386 4218/3005/4218
f 3386/3012/3386 3387/3014/3387 4220/3013/4220
f 3387/3014/3387 338/3017/338 2244/3015/2244
f 4220/3013/4220 2244/3015/2244 2245/3016/2245
f 2252/3014/2252 4219/3006/4219 2245/3016/2245
f 2251/3012/2251 4217/3003/4217 4219/3006/4219
f 2250/3011/2250 4214/3002/4214 4217/3003/4217
f 4221/3018/4221 4222/3023/4222 4224/3019/4224
f 4223/3020/4223 4224/3019/4224 4226/3021/4226
f 254/3017/254 2245/3016/2245 4221/3018/4221
f 2244/3015/2244 4222/3023/4222 4221/3018/4221
f 338/3017/338 3404/2987/3404 4222/3023/4222
f 3404/2987/3404 3403/4819/3403 4224/3019/4224
f 4224/3019/4224 3403/4819/3403 3402/3024/3402
f 4226/3021/4226 3402/3024/3402 334/3025/334
f 4225/3022/4225 4226/3021/4226 2275/3026/2275
f 2286/2988/2286 4225/3022/4225 2276/3025/2276
f 2287/3027/2287 4223/3020/4223 4225/3022/4225
f 2288/2987/2288 4221/3018/4221 4223/3020/4223
f 2123/3028/2123 2089/2675/2089 4227/2674/4227
f 2122/3029/2122 4227/2674/4227 3335/3030/3335
f 2124/4756/2124 3339/2648/3339 2123/3028/2123
f 2124/4756/2124 3334/2646/3334 3339/2648/3339
f 3339/2648/3339 3340/2652/3340 2089/2675/2089
f 4228/3032/4228 4229/3038/4229 4231/3033/4231
f 4230/3034/4230 4231/3033/4231 4233/3035/4233
f 236/500/236 2277/3037/2277 4228/3032/4228
f 2277/3037/2277 2278/3039/2278 4229/3038/4229
f 2278/3039/2278 335/500/335 3376/510/3376
f 4229/3038/4229 3376/510/3376 3375/509/3375
f 4231/3033/4231 3375/509/3375 3374/508/3374
f 3374/508/3374 3379/3041/3379 2284/507/2284
f 4233/3035/4233 2284/507/2284 2285/3040/2285
f 4232/3036/4232 2285/3040/2285 231/3041/231
f 2120/509/2120 4230/3034/4230 4232/3036/4232
f 2121/510/2121 4228/3032/4228 4230/3034/4230
f 4234/3045/4234 4236/3044/4236 2280/3047/2280
f 4235/3043/4235 4237/3048/4237 4236/3044/4236
f 4236/3044/4236 4238/3049/4238 2281/3046/2281
f 4237/3048/4237 4239/3056/4239 4238/3049/4238
f 2282/3050/2282 4234/3045/4234 2279/3051/2279
f 2283/3053/2283 4235/3043/4235 4234/3045/4234
f 3390/3054/3390 3394/3051/3394 4235/3043/4235
f 3394/3051/3394 3395/3055/3395 4237/3048/4237
f 3395/3055/3395 3396/3057/3396 4239/3056/4239
f 3396/3057/3396 337/3010/337 2249/3009/2249
f 4239/3056/4239 2249/3009/2249 2248/3007/2248
f 4238/3049/4238 2248/3007/2248 253/3008/253
f 4240/3064/4240 4241/3058/4241 4242/3060/4242
f 4242/3060/4242 4243/3059/4243 4245/3061/4245
f 230/3063/230 2276/3066/2276 4240/3064/4240
f 2276/3066/2276 2275/3063/2275 4241/3058/4241
f 2275/3063/2275 334/533/334 3371/3067/3371
f 4241/3058/4241 3371/3067/3371 3372/3068/3372
f 4243/3059/4243 3372/3068/3372 3373/3069/3373
f 4245/3061/4245 3373/3069/3373 335/500/335
f 4244/3062/4244 4245/3061/4245 2278/3039/2278
f 2085/3070/2085 4244/3062/4244 2277/3037/2277
f 2084/3071/2084 4242/3060/4242 4244/3062/4244
f 2083/3065/2083 4240/3064/4240 4242/3060/4242
f 2231/3072/2231 4246/3077/4246 4247/3073/4247
f 339/3076/339 3358/5047/3358 4246/3077/4246
f 3358/3078/3358 332/2901/332 3349/3079/3349
f 4246/3077/4246 3349/3079/3349 3348/3080/3348
f 4247/3073/4247 3348/3080/3348 3347/3075/3347
f 4248/3074/4248 3347/3075/3347 2253/2883/2253
f 4745/3081/4745 4248/3074/4248 2253/3082/2253
f 3366/3098/3366 4249/3084/4249 4251/3086/4251
f 4249/3084/4249 4250/3090/4250 3328/3085/3328
f 3366/3098/3366 2241/3088/2241 4249/3084/4249
f 3367/3087/3367 4250/3090/4250 4249/3084/4249
f 4250/3090/4250 3329/3089/3329 3328/3085/3328
f 4251/3086/4251 3328/3085/3328 2243/3092/2243
f 2271/3096/2271 4251/3086/4251 251/3094/251
f 2270/3095/2270 3366/3098/3366 4251/3086/4251
f 4253/3099/4253 4252/3103/4252 3448/3100/3448
f 3323/2870/3323 3357/2905/3357 4253/3099/4253
f 3357/2905/3357 3356/2912/3356 4252/3103/4252
f 4252/3103/4252 344/3104/344 3448/3100/3448
f 4254/3101/4254 3448/3100/3448 3418/2949/3418
f 2292/3105/2292 4254/3101/4254 3417/2946/3417
f 2291/3102/2291 4253/3099/4253 4254/3101/4254
f 3443/3183/3443 187/3108/187 3411/3109/3411
f 3411/3109/3411 1881/573/1881 1880/571/1880
f 3410/3107/3410 1880/571/1880 1879/575/1879
f 2227/2897/2227 3409/3106/3409 1879/575/1879
f 4255/3111/4255 4256/3117/4256 3364/3112/3364
f 2300/3115/2300 256/3125/256 2261/3116/2261
f 2261/3116/2261 2260/3118/2260 4256/3117/4256
f 4256/3117/4256 3360/3119/3360 3359/3120/3359
f 3364/3112/3364 3359/3120/3359 3343/2983/3343
f 2299/3113/2299 3364/3112/3364 3365/3114/3365
f 2254/3124/2254 2299/3123/2299 4257/3122/4257
f 2254/3124/2254 4257/3122/4257 2255/3126/2255
f 2069/3121/2069 4125/596/4125 4257/3122/4257
f 3416/2871/3416 3323/2870/3323 2291/3102/2291
f 3416/2871/3416 2291/3102/2291 2292/3105/2292
f 4259/3128/4259 2292/3105/2292 255/2948/255
f 4271/3130/4271 4259/3128/4259 3434/3132/3434
f 3423/2928/3423 4260/3135/4260 3424/2924/3424
f 3420/3137/3420 4260/3135/4260 2304/3136/2304
f 3425/2929/3425 3424/2924/3424 4260/3135/4260
f 2304/4782/2304 4261/3138/4261 2322/3187/2322
f 2304/4782/2304 2303/607/2303 4261/3138/4261
f 2305/3139/2305 4261/3138/4261 2303/611/2303
f 2265/3140/2265 2305/3139/2305 2306/3141/2306
f 2267/3147/2267 4264/3144/4264 4263/3146/4263
f 2306/3141/2306 4264/3144/4264 2266/3143/2266
f 4262/2888/4262 4263/3146/4263 4264/3144/4264
f 2257/2887/2257 4263/3146/4263 2256/3145/2256
f 2266/3143/2266 4264/3144/4264 2267/3147/2267
f 2258/4786/2258 4265/3148/4265 2257/2887/2257
f 2258/4786/2258 2259/3150/2259 4265/3148/4265
f 2308/3149/2308 4265/3148/4265 2259/3150/2259
f 4263/3146/4263 4265/3148/4265 2307/616/2307
f 2308/3149/2308 4266/5051/4266 2309/3151/2309
f 2309/3151/2309 4266/5051/4266 2269/3153/2269
f 2311/3155/2311 4266/5051/4266 2310/3154/2310
f 2310/3154/2310 4266/5051/4266 2308/3149/2308
f 2269/3153/2269 4266/5051/4266 2311/3155/2311
f 2310/3154/2310 2260/3118/2260 2311/3155/2311
f 2312/3158/2312 4267/3157/4267 2261/3116/2261
f 4267/3157/4267 2260/3118/2260 2261/3116/2261
f 2311/3155/2311 4267/3157/4267 2312/3158/2312
f 2312/3158/2312 4268/3161/4268 2313/3159/2313
f 2313/3159/2313 4268/3161/4268 2332/3160/2332
f 2314/3163/2314 2332/3160/2332 4268/3161/4268
f 256/3125/256 2255/3126/2255 2315/3162/2315
f 2314/3163/2314 2315/3162/2315 2316/3205/2316
f 2315/3162/2315 4269/3165/4269 2316/3205/2316
f 2316/3205/2316 4269/3165/4269 2262/3212/2262
f 2156/3164/2156 4269/3165/4269 228/3127/228
f 228/3127/228 4269/3165/4269 2315/3162/2315
f 2263/3213/2263 4269/3165/4269 227/3167/227
f 2263/3213/2263 2262/3212/2262 4269/3165/4269
f 4213/2894/4213 4270/3168/4270 1953/2613/1953
f 2317/2614/2317 4270/3168/4270 2318/3169/2318
f 2318/3169/2318 4271/3171/4271 2053/3174/2053
f 4273/3176/4273 4274/3178/4274 4275/3177/4275
f 2218/3184/2218 3426/3180/3426 4273/3176/4273
f 3426/3180/3426 3427/3181/3427 4274/3178/4274
f 4276/3179/4276 3439/3182/3439 3443/5052/3443
f 4275/3177/4275 4276/3179/4276 3411/3109/3411
f 3409/3106/3409 4275/3177/4275 3410/3107/3410
f 2218/3184/2218 4273/3176/4273 3409/3106/3409
f 2051/3188/2051 2322/3187/2322 4277/3186/4277
f 4261/3138/4261 4277/3186/4277 2322/3187/2322
f 2324/3185/2324 4277/3186/4277 2265/3140/2265
f 4277/3186/4277 4278/3190/4278 2051/3188/2051
f 2324/3185/2324 4278/3190/4278 4277/3186/4277
f 2266/3143/2266 4279/3193/4279 2324/3185/2324
f 2326/3191/2326 2324/3185/2324 4279/3193/4279
f 2050/3196/2050 2325/3192/2325 2049/3195/2049
f 2268/3152/2268 2269/3153/2269 4280/5053/4280
f 2268/3152/2268 4280/5053/4280 2327/3194/2327
f 4281/3199/4281 4280/5053/4280 2269/3153/2269
f 2327/3194/2327 4280/5053/4280 2328/3197/2328
f 2328/3197/2328 4280/5053/4280 4281/3199/4281
f 2330/3202/2330 4281/3199/4281 2329/3198/2329
f 2047/3201/2047 4281/3199/4281 2330/3202/2330
f 2331/3204/2331 2332/3160/2332 2314/3163/2314
f 2332/3160/2332 4282/3208/4282 2333/3203/2333
f 2333/3203/2333 4282/3208/4282 2600/3206/2600
f 4283/3211/4283 4282/3208/4282 2331/3204/2331
f 2331/3204/2331 4282/3208/4282 2332/3160/2332
f 218/3209/218 4282/3208/4282 2334/3210/2334
f 2331/3204/2331 2262/3212/2262 4283/3211/4283
f 4284/5054/4284 4283/3211/4283 2263/3213/2263
f 2334/3210/2334 4283/3211/4283 4284/5054/4284
f 2334/3210/2334 4284/5054/4284 2619/3214/2619
f 2066/3217/2066 4284/5054/4284 2263/3213/2263
f 190/2626/190 2619/3214/2619 4284/5054/4284
f 2066/3217/2066 190/2626/190 4284/5054/4284
f 1948/2625/1948 2176/2622/2176 4285/3218/4285
f 2842/3221/2842 4286/3220/4286 2338/3256/2338
f 2338/3256/2338 4286/3220/4286 2339/3254/2339
f 2378/3248/2378 4286/3220/4286 2017/3222/2017
f 2339/3254/2339 4286/3220/4286 2379/3250/2379
f 2379/3250/2379 4286/3220/4286 2378/3248/2378
f 2381/3227/2381 4287/3224/4287 2016/3223/2016
f 2382/3257/2382 4287/3224/4287 2381/3227/2381
f 2014/3230/2014 4288/5055/4288 205/3238/205
f 205/3238/205 4288/5055/4288 2345/3284/2345
f 2388/3229/2388 4288/5055/4288 2014/3230/2014
f 2345/3284/2345 4288/5055/4288 2346/3231/2346
f 2346/3231/2346 4288/5055/4288 2388/3229/2388
f 2012/3233/2012 4289/5056/4289 2351/3234/2351
f 2398/3236/2398 4289/5056/4289 2012/3233/2012
f 2351/3234/2351 4289/5056/4289 2399/3239/2399
f 2399/3239/2399 4289/5056/4289 2398/3236/2398
f 4517/4109/4517 4290/3308/4290 2010/3241/2010
f 2010/3241/2010 4290/3308/4290 2360/3242/2360
f 2011/3235/2011 4290/3308/4290 4517/4109/4517
f 2360/3242/2360 4290/3308/4290 2413/3309/2413
f 203/3246/203 4291/3245/4291 2369/3385/2369
f 2429/3344/2429 4291/3245/4291 204/3243/204
f 204/3243/204 4291/3245/4291 2009/3244/2009
f 2369/3385/2369 4291/3245/4291 2430/3345/2430
f 2430/3345/2430 4291/3245/4291 2429/3344/2429
f 2380/3251/2380 2378/3248/2378 4292/3249/4292
f 4285/3218/4285 4292/3249/4292 2378/3248/2378
f 4292/3249/4292 4293/2786/4293 2336/3252/2336
f 2061/2784/2061 4293/2786/4293 4292/3249/4292
f 2384/3253/2384 2381/3227/2381 2339/3254/2339
f 2383/3255/2383 4294/3260/4294 2341/3258/2341
f 2341/3258/2341 4294/3260/4294 2342/3271/2342
f 2342/3271/2342 4294/3260/4294 2343/3261/2343
f 2343/3261/2343 4294/3260/4294 2385/3259/2385
f 2387/3263/2387 2385/3259/2385 2336/3252/2336
f 2387/3263/2387 4295/3282/4295 2340/3264/2340
f 2060/2792/2060 4295/3282/4295 2387/3263/2387
f 2059/2795/2059 4295/3282/4295 2060/2792/2060
f 2390/3232/2390 2388/3229/2388 4296/3267/4296
f 4287/3224/4287 4296/3267/4296 2388/3229/2388
f 2389/3265/2389 4296/3267/4296 4287/3224/4287
f 2392/3273/2392 2347/3266/2347 4297/3269/4297
f 4296/3267/4296 4297/3269/4297 2347/3266/2347
f 2391/3268/2391 4297/3269/4297 2389/3265/2389
f 2392/3273/2392 4297/3269/4297 2391/3268/2391
f 2394/3270/2394 2391/3268/2391 2342/3271/2342
f 2393/3272/2393 4298/3275/4298 2348/3274/2348
f 2395/3277/2395 4298/3275/4298 2393/3272/2393
f 2349/3276/2349 4298/3275/4298 4299/3278/4299
f 4295/3282/4295 4299/3278/4299 2395/3277/2395
f 2396/3281/2396 4299/3278/4299 4295/3282/4295
f 2396/3281/2396 4300/5057/4300 259/3280/259
f 259/3280/259 4300/5057/4300 2344/3283/2344
f 2058/2797/2058 4300/5057/4300 2396/3281/2396
f 2344/3283/2344 4300/5057/4300 2058/2797/2058
f 2401/3286/2401 2398/3236/2398 2400/3285/2400
f 2403/755/2403 2353/3287/2353 4301/3293/4301
f 2400/3285/2400 4301/3293/4301 2353/3287/2353
f 2402/3288/2402 4301/3293/4301 2400/3285/2400
f 2347/3266/2347 4302/3291/4302 2402/3288/2402
f 2404/3292/2404 4302/3291/4302 2347/3266/2347
f 4301/3293/4301 4302/3291/4302 2405/3290/2405
f 2356/3296/2356 2355/3294/2355 4303/5058/4303
f 2404/3292/2404 4303/5058/4303 2355/3294/2355
f 2406/3295/2406 4303/5058/4303 2404/3292/2404
f 2356/3296/2356 4303/5058/4303 2406/3295/2406
f 2408/3297/2408 2406/3295/2406 4304/5059/4304
f 2349/3276/2349 4304/5059/4304 2406/3295/2406
f 2407/3299/2407 4304/5059/4304 2349/3276/2349
f 2408/3297/2408 4304/5059/4304 2407/3299/2407
f 260/3298/260 2407/3299/2407 4305/3333/4305
f 2409/3300/2409 4305/3333/4305 2407/3299/2407
f 2357/3301/2357 4305/3333/4305 2409/3300/2409
f 2411/3304/2411 4306/5060/4306 2412/3303/2412
f 2412/3303/2412 4306/5060/4306 2350/3305/2350
f 2056/2802/2056 4306/5060/4306 2057/2801/2057
f 2057/2801/2057 4306/5060/4306 2411/3304/2411
f 2350/3305/2350 4306/5060/4306 2056/2802/2056
f 2351/3234/2351 4307/3307/4307 4290/3308/4290
f 4290/3308/4290 4307/3307/4307 2414/3310/2414
f 2414/3310/2414 4308/3313/4308 2361/3315/2361
f 2415/3314/2415 4308/3313/4308 4307/3307/4307
f 2361/3315/2361 4308/3313/4308 2416/3312/2416
f 2354/3289/2354 2417/3317/2417 4309/5061/4309
f 2353/3287/2353 4309/5061/4309 2415/3314/2415
f 2354/3289/2354 4309/5061/4309 2353/3287/2353
f 2415/3314/2415 4309/5061/4309 2417/3317/2417
f 2418/3319/2418 2419/3321/2419 4310/5062/4310
f 2417/3317/2417 4310/5062/4310 2363/3318/2363
f 2418/3319/2418 4310/5062/4310 2417/3317/2417
f 2363/3318/2363 4310/5062/4310 2419/3321/2419
f 2355/3294/2355 4311/3323/4311 2418/3319/2418
f 2420/3324/2420 4311/3323/4311 2356/3296/2356
f 2419/3321/2419 4311/3323/4311 2421/3325/2421
f 2421/3325/2421 4312/3326/4312 2365/3328/2365
f 2423/3330/2423 4312/3326/4312 2420/3324/2420
f 2365/3328/2365 4312/3326/4312 2423/3330/2423
f 4305/3333/4305 4313/3332/4313 2422/3329/2422
f 2424/3334/2424 4313/3332/4313 2357/3301/2357
f 2423/3330/2423 4313/3332/4313 2424/3334/2424
f 2425/3335/2425 2424/3334/2424 4314/3340/4314
f 2425/3335/2425 4314/3340/4314 2366/3336/2366
f 4315/3337/4315 4314/3340/4314 2424/3334/2424
f 2366/3336/2366 4314/3340/4314 2427/3338/2427
f 2426/3306/2426 2350/3305/2350 4315/3337/4315
f 4316/3341/4316 4315/3337/4315 2350/3305/2350
f 2427/3338/2427 4315/3337/4315 4316/3341/4316
f 2358/3342/2358 4316/3341/4316 2359/3343/2359
f 2055/2807/2055 4316/3341/4316 2428/2808/2428
f 2359/3343/2359 4316/3341/4316 2055/2807/2055
f 261/3311/261 2431/3346/2431 2429/3344/2429
f 2433/820/2433 4317/3349/4317 2432/3350/2432
f 2432/3350/2432 4317/3349/4317 2431/3346/2431
f 2370/3348/2370 4317/3349/4317 2434/3351/2434
f 2434/3351/2434 4317/3349/4317 2433/820/2433
f 2362/3316/2362 2436/3353/2436 2433/820/2433
f 2435/3354/2435 2437/3359/2437 4318/3356/4318
f 2436/3353/2436 4318/3356/4318 2372/3355/2372
f 2435/3354/2435 4318/3356/4318 2436/3353/2436
f 4328/3357/4328 4318/3356/4318 2437/3359/2437
f 2363/3318/2363 4319/3361/4319 2437/3359/2437
f 4320/3362/4320 4319/3361/4319 2364/3320/2364
f 2437/3359/2437 4319/3361/4319 2438/3363/2438
f 262/3322/262 2440/3366/2440 4320/3362/4320
f 2438/3363/2438 4320/3362/4320 2374/3365/2374
f 2374/3365/2374 4320/3362/4320 2440/3366/2440
f 2439/3327/2439 2365/3328/2365 4321/5063/4321
f 2439/3327/2439 4321/5063/4321 2440/3366/2440
f 2442/3369/2442 4321/5063/4321 2365/3328/2365
f 2440/3366/2440 4321/5063/4321 2442/3369/2442
f 2442/3369/2442 4322/3370/4322 4331/3372/4331
f 2443/3374/2443 4322/3370/4322 2441/3368/2441
f 2375/3373/2375 4322/3370/4322 2443/3374/2443
f 263/3331/263 2366/3336/2366 2445/3376/2445
f 2445/3378/2445 4323/5064/4323 2446/3375/2446
f 2446/3375/2446 4323/5064/4323 2376/3411/2376
f 2447/3379/2447 4323/5064/4323 2444/3377/2444
f 2444/3377/2444 4323/5064/4323 2445/3378/2445
f 2377/3382/2377 2376/3411/2376 4323/5064/4323
f 2447/3379/2447 2377/3382/2377 4323/5064/4323
f 264/3339/264 2359/3343/2359 2449/3380/2449
f 2449/3380/2449 4324/3383/4324 2367/3381/2367
f 2367/3381/2367 4324/3383/4324 2368/3418/2368
f 2192/2812/2192 4324/3383/4324 2448/2813/2448
f 2448/2813/2448 4324/3383/4324 2449/3380/2449
f 2368/3418/2368 4324/3383/4324 222/2818/222
f 2369/3385/2369 4325/3384/4325 4123/2607/4123
f 2430/3345/2430 265/3347/265 2369/3385/2369
f 4123/2607/4123 4325/3384/4325 2450/2610/2450
f 2450/2610/2450 4326/3386/4326 2042/3388/2042
f 2450/2610/2450 4325/3384/4325 4326/3386/4326
f 2451/3389/2451 4326/3386/4326 265/3347/265
f 265/3347/265 4326/3386/4326 4325/3384/4325
f 2703/3387/2703 4326/3386/4326 2452/3392/2452
f 2452/3392/2452 4326/3386/4326 2451/3389/2451
f 2371/3352/2371 2454/3390/2454 2451/3389/2451
f 2453/3391/2453 2455/3396/2455 4327/3395/4327
f 2454/3390/2454 4327/3395/4327 2041/3394/2041
f 2453/3391/2453 4327/3395/4327 2454/3390/2454
f 2373/3358/2373 2456/3398/2456 4328/3357/4328
f 2372/3355/2372 4328/3357/4328 2455/3396/2455
f 2455/3396/2455 4328/3357/4328 2456/3398/2456
f 2456/3398/2456 4329/5065/4329 2040/3399/2040
f 2457/3364/2457 4329/5065/4329 266/3360/266
f 266/3360/266 4329/5065/4329 2456/3398/2456
f 2040/3399/2040 4329/5065/4329 2458/3401/2458
f 2458/3401/2458 4329/5065/4329 2457/3364/2457
f 2459/3400/2459 2457/3364/2457 2374/3365/2374
f 2459/3400/2459 4330/5066/4330 2039/3402/2039
f 2039/3402/2039 4330/5066/4330 2038/3404/2038
f 2461/3403/2461 4330/5066/4330 267/3367/267
f 267/3367/267 4330/5066/4330 2459/3400/2459
f 2038/3404/2038 4330/5066/4330 2461/3403/2461
f 4332/3407/4332 4331/3372/4331 2375/3373/2375
f 2461/3403/2461 4331/3372/4331 4332/3407/4332
f 2463/3409/2463 4332/3407/4332 2462/3406/2462
f 2036/3408/2036 4332/3407/4332 2463/3409/2463
f 2464/3414/2464 4333/3412/4333 2377/3382/2377
f 2463/3409/2463 4333/3412/4333 2464/3414/2464
f 2465/3416/2465 4334/3415/4334 2464/3414/2464
f 2466/3417/2466 2368/3418/2368 4335/2821/4335
f 2034/3419/2034 4335/2821/4335 2033/3420/2033
f 2033/3420/2033 4335/2821/4335 1956/2819/1956
f 1951/3421/1951 2212/2618/2212 4336/2620/4336
f 2046/3423/2046 2474/3429/2474 2471/3424/2471
f 2043/3432/2043 4337/3431/4337 2473/3433/2473
f 2475/3426/2475 4337/3431/4337 2044/3427/2044
f 2468/3422/2468 4338/3437/4338 2046/3423/2046
f 221/2621/221 4338/3437/4338 4336/2620/4336
f 2469/3430/2469 2470/3438/2470 4666/4682/4666
f 221/2621/221 220/2855/220 2470/3438/2470
f 2471/3424/2471 4339/3439/4339 2475/3426/2475
f 2472/3428/2472 4339/3439/4339 2471/3424/2471
f 2476/3435/2476 4339/3439/4339 3303/917/3303
f 2476/3435/2476 2475/3426/2475 4339/3439/4339
f 220/2855/220 4672/915/4672 4340/3440/4340
f 1771/283/1771 4340/3440/4340 4672/915/4672
f 887/908/887 2476/3435/2476 3303/917/3303
f 4342/920/4342 4341/925/4341 2480/3441/2480
f 4342/920/4342 3692/919/3692 4341/925/4341
f 165/924/165 4199/415/4199 4343/3442/4343
f 165/924/165 4343/3442/4343 2480/3441/2480
f 2479/3444/2479 4342/920/4342 2480/3441/2480
f 2054/2970/2054 4344/2972/4344 4343/3442/4343
f 2481/3445/2481 4345/931/4345 1775/935/1775
f 208/3449/208 2020/3446/2020 4346/3448/4346
f 1744/940/1744 4346/3448/4346 2020/3446/2020
f 4347/3447/4347 4346/3448/4346 1745/937/1745
f 208/3449/208 4346/3448/4346 4347/3447/4347
f 2483/3450/2483 4347/3447/4347 2482/3451/2482
f 166/2254/166 2478/2253/2478 4347/3447/4347
f 2484/3457/2484 2019/3452/2019 4348/3453/4348
f 2482/3451/2482 4348/3453/4348 2019/3452/2019
f 2477/3443/2477 4344/2972/4344 4349/3456/4349
f 4348/3453/4348 2477/3443/2477 4349/3456/4349
f 2485/3454/2485 4349/3456/4349 4344/2972/4344
f 2484/3457/2484 4349/3456/4349 4350/3455/4350
f 2018/3459/2018 2731/3833/2731 4350/3455/4350
f 1954/2976/1954 2018/3459/2018 2485/3454/2485
f 1952/2612/1952 4351/3461/4351 2018/3459/2018
f 2487/3170/2487 4351/3461/4351 1952/2612/1952
f 2733/3464/2733 4352/3467/4352 213/3465/213
f 213/3465/213 4352/3467/4352 2490/3503/2490
f 2530/3496/2530 4352/3467/4352 2032/3468/2032
f 2490/3503/2490 4352/3467/4352 2531/3498/2531
f 2531/3498/2531 4352/3467/4352 2530/3496/2530
f 2533/3472/2533 4353/3470/4353 2030/3469/2030
f 2534/3505/2534 4353/3470/4353 2533/3472/2533
f 2029/3476/2029 4354/5067/4354 2497/3474/2497
f 2497/3474/2497 4354/5067/4354 4365/3533/4365
f 2540/3477/2540 4354/5067/4354 2029/3476/2029
f 4365/3533/4365 4354/5067/4354 2498/3478/2498
f 2498/3478/2498 4354/5067/4354 2540/3477/2540
f 2026/3480/2026 4355/5068/4355 2503/3481/2503
f 2550/3483/2550 4355/5068/4355 2026/3480/2026
f 2503/3481/2503 4355/5068/4355 2551/3484/2551
f 2551/3484/2551 4355/5068/4355 2550/3483/2550
f 2025/3487/2025 4356/3486/4356 2512/3488/2512
f 2512/3488/2512 4356/3486/4356 2565/3560/2565
f 209/3969/209 4357/3492/4357 4390/3494/4390
f 4390/3494/4390 4357/3492/4357 2582/3491/2582
f 2486/3460/2486 4358/3497/4358 2530/3496/2530
f 2532/3173/2532 4358/3497/4358 2487/3170/2487
f 2532/3173/2532 2053/3174/2053 2488/3500/2488
f 2489/3501/2489 2488/3500/2488 2053/3174/2053
f 2536/3502/2536 2533/3472/2533 2490/3503/2490
f 2535/3504/2535 4359/5069/4359 2493/3506/2493
f 2493/3506/2493 4359/5069/4359 2494/3518/2494
f 268/3499/268 2537/3508/2537 4359/5069/4359
f 2535/3504/2535 268/3499/268 4359/5069/4359
f 2494/3518/2494 4359/5069/4359 2495/3507/2495
f 2495/3507/2495 4359/5069/4359 2537/3508/2537
f 2488/3500/2488 2537/3508/2537 268/3499/268
f 2539/3510/2539 2537/3508/2537 2489/3501/2489
f 2538/3509/2538 2537/3508/2537 2539/3510/2539
f 2491/3511/2491 2539/3510/2539 4360/4784/4360
f 2491/3511/2491 4360/4784/4360 2492/3527/2492
f 2492/3527/2492 4360/4784/4360 2052/3529/2052
f 2542/3479/2542 2540/3477/2540 4361/3514/4361
f 4353/3470/4353 4361/3514/4361 2540/3477/2540
f 2541/3512/2541 4361/3514/4361 4353/3470/4353
f 2544/3520/2544 2499/3513/2499 4362/3516/4362
f 4361/3514/4361 4362/3516/4362 2499/3513/2499
f 2543/3515/2543 4362/3516/4362 2541/3512/2541
f 2544/3520/2544 4362/3516/4362 2543/3515/2543
f 2546/3517/2546 2543/3515/2543 2494/3518/2494
f 2545/3519/2545 4363/3522/4363 2500/3521/2500
f 2547/3524/2547 4363/3522/4363 2545/3519/2545
f 2501/3523/2501 4363/3522/4363 2547/3524/2547
f 2549/3525/2549 2547/3524/2547 2492/3527/2492
f 2548/3528/2548 4364/3531/4364 269/3526/269
f 2051/3188/2051 4364/3531/4364 2548/3528/2548
f 2496/3532/2496 4364/3531/4364 4278/3190/4278
f 2497/3474/2497 4365/3533/4365 2550/3483/2550
f 2553/3534/2553 4366/3537/4366 2505/3539/2505
f 2554/3538/2554 4366/3537/4366 2553/3534/2553
f 2499/3513/2499 4367/3541/4367 2554/3538/2554
f 2555/3542/2555 4367/3541/4367 2499/3513/2499
f 2554/3538/2554 4367/3541/4367 2556/3540/2556
f 2555/3542/2555 4368/3544/4368 2507/3543/2507
f 2557/3546/2557 4368/3544/4368 2555/3542/2555
f 2508/3545/2508 4368/3544/4368 2557/3546/2557
f 2559/3547/2559 2557/3546/2557 4369/5070/4369
f 2501/3523/2501 4369/5070/4369 2557/3546/2557
f 2558/3549/2558 4369/5070/4369 2501/3523/2501
f 2559/3547/2559 4369/5070/4369 2558/3549/2558
f 270/3548/270 2558/3549/2558 2561/3550/2561
f 2496/3532/2496 4370/3556/4370 2560/3552/2560
f 2560/3552/2560 4370/3556/4370 2561/3550/2561
f 2563/3555/2563 4370/3556/4370 2496/3532/2496
f 2561/3550/2561 4370/3556/4370 2562/3553/2562
f 4370/3556/4370 4371/5071/4371 2564/3554/2564
f 2564/3554/2564 4371/5071/4371 2502/3557/2502
f 2049/3195/2049 4371/5071/4371 2563/3555/2563
f 2563/3555/2563 4371/5071/4371 4370/3556/4370
f 2502/3557/2502 4371/5071/4371 2049/3195/2049
f 2503/3481/2503 4372/3559/4372 4356/3486/4356
f 4356/3486/4356 4372/3559/4372 2566/3561/2566
f 2566/3561/2566 4373/3564/4373 2513/3566/2513
f 2567/3565/2567 4373/3564/4373 4372/3559/4372
f 2513/3566/2513 4373/3564/4373 2568/3563/2568
f 2569/3569/2569 2570/3570/2570 4374/3568/4374
f 2505/3539/2505 4374/3568/4374 2567/3565/2567
f 2569/3569/2569 4374/3568/4374 4366/3537/4366
f 2567/3565/2567 4374/3568/4374 2570/3570/2570
f 2570/3570/2570 4375/3572/4375 2515/3574/2515
f 2571/3573/2571 4375/3572/4375 2570/3570/2570
f 2515/3574/2515 4375/3572/4375 2572/3571/2572
f 2507/3543/2507 4376/3577/4376 2571/3573/2571
f 2573/3578/2573 4376/3577/4376 2508/3545/2508
f 2572/3571/2572 4376/3577/4376 2574/3579/2574
f 2574/3579/2574 2573/3578/2573 4377/5072/4377
f 2574/3579/2574 4377/5072/4377 2517/3581/2517
f 2576/3583/2576 4377/5072/4377 2573/3578/2573
f 2517/3581/2517 4377/5072/4377 2576/3583/2576
f 2509/3551/2509 4378/3585/4378 2575/3582/2575
f 2577/3586/2577 4378/3585/4378 2509/3551/2509
f 2576/3583/2576 4378/3585/4378 2577/3586/2577
f 2578/3587/2578 2577/3586/2577 4379/3592/4379
f 2578/3587/2578 4379/3592/4379 2518/3588/2518
f 4380/3589/4380 4379/3592/4379 2577/3586/2577
f 2518/3588/2518 4379/3592/4379 2580/3590/2580
f 2579/3558/2579 2502/3557/2502 4380/3589/4380
f 2581/3593/2581 4380/3589/4380 2502/3557/2502
f 2580/3590/2580 4380/3589/4380 2581/3593/2581
f 2510/3594/2510 2581/3593/2581 4381/5073/4381
f 2510/3594/2510 4381/5073/4381 2511/3595/2511
f 2047/3201/2047 4381/5073/4381 2581/3593/2581
f 2511/3595/2511 4381/5073/4381 2047/3201/2047
f 2512/3488/2512 2583/3596/2583 2582/3491/2582
f 2585/3599/2585 4382/3597/4382 2584/3598/2584
f 2584/3598/2584 4382/3597/4382 2583/3596/2583
f 2522/3637/2522 4382/3597/4382 2586/3602/2586
f 2586/3602/2586 4382/3597/4382 2585/3599/2585
f 2514/3567/2514 2588/3600/2588 2585/3599/2585
f 2587/3601/2587 2589/3607/2589 4383/3604/4383
f 2588/3600/2588 4383/3604/4383 2523/3603/2523
f 2587/3601/2587 4383/3604/4383 2588/3600/2588
f 4393/3605/4393 4383/3604/4383 2589/3607/2589
f 2515/3574/2515 4384/3609/4384 2589/3607/2589
f 4385/3610/4385 4384/3609/4384 2516/3575/2516
f 2589/3607/2589 4384/3609/4384 2590/3611/2590
f 272/3576/272 2592/3613/2592 4385/3610/4385
f 2590/3611/2590 4385/3610/4385 2525/3612/2525
f 2525/3612/2525 4385/3610/4385 2592/3613/2592
f 2591/3580/2591 2517/3581/2517 4386/5074/4386
f 2591/3580/2591 4386/5074/4386 2592/3613/2592
f 2594/3617/2594 4386/5074/4386 2517/3581/2517
f 2592/3613/2592 4386/5074/4386 2594/3617/2594
f 2594/3617/2594 4387/3618/4387 4396/3620/4396
f 2595/3622/2595 4387/3618/4387 2593/3616/2593
f 2527/3621/2527 4387/3618/4387 2595/3622/2595
f 273/3584/273 2518/3588/2518 2597/3624/2597
f 2597/3626/2597 4388/5075/4388 2598/3623/2598
f 2598/3623/2598 4388/5075/4388 2528/3661/2528
f 4389/3627/4389 4388/5075/4388 2596/3625/2596
f 2596/3625/2596 4388/5075/4388 2597/3626/2597
f 2529/3629/2529 2528/3661/2528 4388/5075/4388
f 4389/3627/4389 2529/3629/2529 4388/5075/4388
f 274/3591/274 2511/3595/2511 4389/3627/4389
f 2600/3206/2600 4389/3627/4389 2511/3595/2511
f 2519/3628/2519 2600/3206/2600 2520/3668/2520
f 2520/3668/2520 2600/3206/2600 218/3209/218
f 2521/3495/2521 2602/3633/2602 4390/3494/4390
f 4122/2602/4122 4390/3494/4390 2602/3633/2602
f 2602/3633/2602 2603/3634/2603 2007/4014/2007
f 2601/3632/2601 2603/3634/2603 2602/3633/2602
f 2522/3637/2522 2606/3640/2606 4391/3638/4391
f 4382/3597/4382 4391/3638/4391 2601/3632/2601
f 2603/3634/2603 4391/3638/4391 2606/3640/2606
f 2606/3640/2606 4392/3642/4392 2005/3641/2005
f 2605/3639/2605 4392/3642/4392 2606/3640/2606
f 2524/3606/2524 2608/3645/2608 4393/3605/4393
f 2523/3603/2523 4393/3605/4393 4392/3642/4392
f 4392/3642/4392 4393/3605/4393 2608/3645/2608
f 2608/3645/2608 4394/3647/4394 2003/3646/2003
f 2609/3650/2609 4394/3647/4394 275/3608/275
f 275/3608/275 4394/3647/4394 2608/3645/2608
f 2002/3648/2002 4394/3647/4394 2001/3649/2001
f 2001/3649/2001 4394/3647/4394 2609/3650/2609
f 2526/3614/2526 2610/3652/2610 2525/3612/2525
f 2610/3652/2610 4395/5076/4395 1999/3653/1999
f 2612/3654/2612 4395/5076/4395 276/3615/276
f 276/3615/276 4395/5076/4395 2610/3652/2610
f 1999/3653/1999 4395/5076/4395 2612/3654/2612
f 4397/3657/4397 4396/3620/4396 2527/3621/2527
f 2612/3654/2612 4396/3620/4396 4397/3657/4397
f 2614/3659/2614 4397/3657/4397 2613/3656/2613
f 1997/3658/1997 4397/3657/4397 2614/3659/2614
f 2615/3663/2615 4398/3662/4398 2529/3629/2529
f 2614/3659/2614 4398/3662/4398 2615/3663/2615
f 2617/3666/2617 4399/3664/4399 2615/3663/2615
f 2618/3667/2618 2520/3668/2520 2619/3214/2619
f 190/2626/190 1995/3670/1995 2619/3214/2619
f 1951/3421/1951 2468/3422/2468 4400/3671/4400
f 2620/3436/2620 4400/3671/4400 2468/3422/2468
f 4334/3415/4334 4401/3673/4401 214/3410/214
f 214/3410/214 4401/3673/4401 2624/3692/2624
f 2656/3672/2656 4401/3673/4401 2466/3417/2466
f 2656/3672/2656 4406/3686/4406 4401/3673/4401
f 2624/3692/2624 4401/3673/4401 2657/3687/2657
f 2657/3687/2657 4401/3673/4401 4406/3686/4406
f 2660/3694/2660 2626/3674/2626 4402/5077/4402
f 2036/3408/2036 4402/5077/4402 2626/3674/2626
f 2659/3675/2659 4402/5077/4402 2036/3408/2036
f 2660/3694/2660 4402/5077/4402 2659/3675/2659
f 2038/3404/2038 4403/5078/4403 2631/3676/2631
f 2665/3677/2665 4403/5078/4403 2038/3404/2038
f 2631/3676/2631 4403/5078/4403 2632/3678/2632
f 2632/3678/2632 4403/5078/4403 2665/3677/2665
f 2040/3399/2040 4404/5079/4404 2636/3680/2636
f 2676/3723/2676 4404/5079/4404 2675/3681/2675
f 2675/3681/2675 4404/5079/4404 2040/3399/2040
f 2636/3680/2636 4404/5079/4404 2677/3682/2677
f 2677/3682/2677 4404/5079/4404 2676/3723/2676
f 4327/3395/4327 4405/3748/4405 2041/3394/2041
f 2041/3394/2041 4405/3748/4405 2642/3684/2642
f 215/3397/215 4405/3748/4405 4327/3395/4327
f 2642/3684/2642 4405/3748/4405 2690/3749/2690
f 2042/3388/2042 2703/3387/2703 2647/3808/2647
f 2647/3808/2647 2703/3387/2703 2704/3777/2704
f 4400/3671/4400 4406/3686/4406 2656/3672/2656
f 2620/3436/2620 4406/3686/4406 4400/3671/4400
f 2658/3685/2658 4407/3690/4407 2621/3689/2621
f 2621/3689/2621 4407/3690/4407 2622/3699/2622
f 2046/3423/2046 4407/3690/4407 2620/3436/2620
f 2622/3699/2622 4407/3690/4407 2623/3691/2623
f 2623/3691/2623 4407/3690/4407 2045/3425/2045
f 2661/3693/2661 2659/3675/2659 2624/3692/2624
f 277/3688/277 2624/3692/2624 2657/3687/2657
f 2624/3692/2624 4408/3696/4408 2627/3695/2627
f 2627/3695/2627 4408/3696/4408 2628/1204/2628
f 2628/1204/2628 4408/3696/4408 2629/3697/2629
f 2629/3697/2629 4408/3696/4408 2662/1191/2662
f 2663/3698/2663 2662/1191/2662 2622/3699/2622
f 2664/3700/2664 2622/3699/2622 2623/3691/2623
f 2663/3698/2663 2622/3699/2622 2664/3700/2664
f 2625/3701/2625 2664/3700/2664 4409/3702/4409
f 2625/3701/2625 4409/3702/4409 2672/3715/2672
f 2043/3432/2043 4409/3702/4409 2664/3700/2664
f 2667/3679/2667 2665/3677/2665 4410/3705/4410
f 2626/3674/2626 4410/3705/4410 2665/3677/2665
f 2666/3703/2666 4410/3705/4410 2626/3674/2626
f 2669/3711/2669 2633/3704/2633 4411/3707/4411
f 4410/3705/4410 4411/3707/4411 2633/3704/2633
f 2668/3706/2668 4411/3707/4411 2666/3703/2666
f 2669/3711/2669 4411/3707/4411 2668/3706/2668
f 2671/3708/2671 2668/3706/2668 2628/3709/2628
f 2670/3710/2670 4412/3713/4412 2634/3712/2634
f 2672/3715/2672 4412/3713/4412 2670/3710/2670
f 2635/3714/2635 4412/3713/4412 2673/3716/2673
f 4409/3702/4409 2674/3718/2674 2672/3715/2672
f 4673/2292/4673 4413/3719/4413 2674/3718/2674
f 2630/3720/2630 4413/3719/4413 38/1213/38
f 2676/3723/2676 2631/3676/2631 2679/3722/2679
f 2631/3676/2631 2676/3723/2676 2675/3681/2675
f 2681/3726/2681 2638/3724/2638 4414/3731/4414
f 2679/3722/2679 4414/3731/4414 2638/3724/2638
f 2680/3725/2680 4414/3731/4414 2679/3722/2679
f 2633/3704/2633 4415/3729/4415 2680/3725/2680
f 2682/3730/2682 4415/3729/4415 2633/3704/2633
f 4414/3731/4414 4415/3729/4415 2683/3728/2683
f 2682/3730/2682 4416/3733/4416 2640/3732/2640
f 2684/3735/2684 4416/3733/4416 2682/3730/2682
f 2641/3734/2641 4416/3733/4416 2684/3735/2684
f 2685/3736/2685 2684/3735/2684 4417/3739/4417
f 2635/3714/2635 4417/3739/4417 2684/3735/2684
f 2686/3738/2686 4417/3739/4417 2635/3714/2635
f 4417/3739/4417 4418/3740/4418 2687/3737/2687
f 2686/3738/2686 4418/3740/4418 4417/3739/4417
f 2688/3743/2688 2630/3720/2630 4419/3745/4419
f 2688/3743/2688 4419/3745/4419 4418/3740/4418
f 2630/3720/2630 4674/3746/4674 4419/3745/4419
f 2689/3741/2689 4419/3745/4419 3304/2251/3304
f 2636/3680/2636 4420/3747/4420 4405/3748/4405
f 4405/3748/4405 4420/3747/4420 2691/3750/2691
f 2691/3750/2691 4421/3753/4421 2643/3755/2643
f 2692/3754/2692 4421/3753/4421 4420/3747/4420
f 2643/3755/2643 4421/3753/4421 2693/3752/2693
f 2639/3727/2639 2694/3756/2694 4422/5080/4422
f 2638/3724/2638 4422/5080/4422 2692/3754/2692
f 2639/3727/2639 4422/5080/4422 2638/3724/2638
f 2692/3754/2692 4422/5080/4422 2694/3756/2694
f 2694/3756/2694 4423/3759/4423 2644/3761/2644
f 2695/3760/2695 4423/3759/4423 2694/3756/2694
f 2644/3761/2644 4423/3759/4423 2696/3758/2696
f 2640/3732/2640 4424/3764/4424 2695/3760/2695
f 2698/3767/2698 4424/3764/4424 2697/3765/2697
f 2697/3765/2697 4424/3764/4424 2641/3734/2641
f 2696/3758/2696 4424/3764/4424 2699/3766/2699
f 2699/3766/2699 2698/3767/2698 4425/3770/4425
f 2699/3766/2699 4425/3770/4425 2646/3769/2646
f 2700/3742/2700 2698/3767/2698 2697/3765/2697
f 2646/3769/2646 4425/3770/4425 2702/3771/2702
f 2689/3741/2689 4426/3773/4426 2700/3742/2700
f 2700/3742/2700 4426/3773/4426 4425/3770/4425
f 2701/3774/2701 4426/3773/4426 2689/3741/2689
f 4425/3770/4425 4426/3773/4426 2702/3771/2702
f 2642/3684/2642 4427/3776/4427 2703/3387/2703
f 2704/3777/2704 4427/3776/4427 4428/3778/4428
f 2706/3784/2706 4428/3778/4428 280/3751/280
f 280/3751/280 4428/3778/4428 2705/3775/2705
f 4432/3780/4432 4428/3778/4428 2707/3781/2707
f 2707/3781/2707 4428/3778/4428 2706/3784/2706
f 281/3757/281 2708/3785/2708 2706/3783/2706
f 2709/3789/2709 2710/3791/2710 4429/3787/4429
f 2708/3785/2708 4429/3787/4429 2649/3786/2649
f 2709/3789/2709 4429/3787/4429 2708/3785/2708
f 4434/3788/4434 4429/3787/4429 2710/3791/2710
f 2644/3761/2644 4430/3793/4430 2710/3791/2710
f 2711/3794/2711 4430/3793/4430 2645/3762/2645
f 2710/3791/2710 4430/3793/4430 2711/3794/2711
f 282/3763/282 2713/3797/2713 2652/3795/2652
f 2712/3768/2712 2646/3769/2646 2714/3800/2714
f 2712/3768/2712 2714/3800/2714 2713/3797/2713
f 2713/3797/2713 2714/3800/2714 2715/3801/2715
f 283/3772/283 2717/3804/2717 4431/3803/4431
f 2715/3801/2715 4431/3803/4431 2654/3802/2654
f 283/3772/283 4431/3803/4431 2714/3800/2714
f 2655/3806/2655 2654/3802/2654 4431/3803/4431
f 2647/3808/2647 2719/3807/2719 2718/2594/2718
f 2704/3777/2704 284/3779/284 2647/3808/2647
f 2719/3807/2719 1993/3809/1993 1994/2599/1994
f 2720/3810/2720 1993/3809/1993 2719/3807/2719
f 2648/3782/2648 2723/3812/2723 4432/3780/4432
f 2720/3810/2720 4432/3780/4432 2723/3812/2723
f 2723/3812/2723 4433/3816/4433 1992/3815/1992
f 2722/3813/2722 4433/3816/4433 2723/3812/2723
f 1992/3815/1992 4433/3816/4433 2724/3817/2724
f 2650/3790/2650 2725/3818/2725 4434/3788/4434
f 2649/3786/2649 4434/3788/4434 4433/3816/4433
f 4433/3816/4433 4434/3788/4434 2725/3818/2725
f 2725/3818/2725 4435/5081/4435 1991/3820/1991
f 4436/3824/4436 4435/5081/4435 285/3792/285
f 285/3792/285 4435/5081/4435 2725/3818/2725
f 1991/3820/1991 4435/5081/4435 2726/3822/2726
f 2726/3822/2726 4435/5081/4435 4436/3824/4436
f 2652/3795/2652 4436/3824/4436 2651/3796/2651
f 2728/3826/2728 4436/3824/4436 2653/3798/2653
f 2653/3798/2653 4436/3824/4436 2652/3795/2652
f 2726/3822/2726 4436/3824/4436 2728/3826/2728
f 286/3799/286 2654/3802/2654 4437/3830/4437
f 286/3799/286 4437/3830/4437 2727/3825/2727
f 2727/3825/2727 4437/3830/4437 2730/3832/2730
f 2018/3459/2018 4351/3461/4351 4438/3462/4438
f 2019/3452/2019 4439/3835/4439 2734/3834/2734
f 2734/3834/2734 4439/3835/4439 4444/3850/4444
f 207/3458/207 4439/3835/4439 2484/3457/2484
f 207/3458/207 4443/3847/4443 4439/3835/4439
f 4444/3850/4444 4439/3835/4439 2771/3846/2771
f 2771/3846/2771 4439/3835/4439 4443/3847/4443
f 2773/3838/2773 4440/3837/4440 2020/3446/2020
f 2737/3862/2737 4440/3837/4440 2774/3836/2774
f 2021/929/2021 4345/931/4345 4441/3841/4441
f 2021/929/2021 4441/3841/4441 2741/3839/2741
f 2779/3840/2779 4441/3841/4441 4345/931/4345
f 1774/1332/1774 4442/3843/4442 3787/1333/3787
f 4438/3462/4438 4443/3847/4443 207/3458/207
f 2772/3848/2772 4443/3847/4443 4438/3462/4438
f 2732/3857/2732 2771/3846/2771 2772/3848/2772
f 2772/3848/2772 2733/3464/2733 2732/3857/2732
f 2032/3468/2032 2733/3464/2733 2772/3848/2772
f 2734/3834/2734 4444/3850/4444 2773/3838/2773
f 2773/3838/2773 4444/3850/4444 2776/3849/2776
f 2775/3851/2775 4445/3853/4445 2738/3852/2738
f 2738/3852/2738 4445/3853/4445 2739/3869/2739
f 2739/3869/2739 4445/3853/4445 2740/3859/2740
f 2740/3859/2740 4445/3853/4445 2777/3854/2777
f 2732/3857/2732 4446/3855/4446 4445/3853/4445
f 2778/3856/2778 4446/3855/4446 2733/3464/2733
f 2778/3856/2778 4447/3860/4447 2735/3858/2735
f 2030/3469/2030 4447/3860/4447 2778/3856/2778
f 2736/3861/2736 4447/3860/4447 2030/3469/2030
f 2779/3840/2779 2737/3862/2737 2781/3863/2781
f 2743/3867/2743 2742/3864/2742 4448/3866/4448
f 2781/3863/2781 4448/3866/4448 2742/3864/2742
f 2782/3865/2782 4448/3866/4448 2737/3862/2737
f 2743/3867/2743 4448/3866/4448 2782/3865/2782
f 2783/3868/2783 2782/3865/2782 2739/3869/2739
f 2784/3870/2784 4449/3872/4449 2744/3871/2744
f 2785/3874/2785 4449/3872/4449 2784/3870/2784
f 2745/3873/2745 4449/3872/4449 4450/3875/4450
f 2736/3861/2736 4450/3875/4450 2785/3874/2785
f 2786/3878/2786 4450/3875/4450 2736/3861/2736
f 2786/3878/2786 4451/5082/4451 287/3877/287
f 287/3877/287 4451/5082/4451 2797/3898/2797
f 2029/3476/2029 4451/5082/4451 2786/3878/2786
f 2797/3898/2797 4451/5082/4451 2028/3473/2028
f 2028/3473/2028 4451/5082/4451 2029/3476/2029
f 1774/1332/1774 2741/3839/2741 4452/3880/4452
f 4453/3882/4453 4452/3880/4452 2788/3879/2788
f 4442/3843/4442 4452/3880/4452 2749/3881/2749
f 2790/3887/2790 2749/3881/2749 4453/3882/4453
f 4454/3885/4454 4453/3882/4453 2789/3883/2789
f 2790/3887/2790 4453/3882/4453 4454/3885/4454
f 2742/3864/2742 4454/3885/4454 2789/3883/2789
f 2791/3886/2791 4454/3885/4454 2742/3864/2742
f 2751/3890/2751 2750/3888/2750 4455/5083/4455
f 2791/3886/2791 4455/5083/4455 2750/3888/2750
f 2793/3889/2793 4455/5083/4455 2791/3886/2791
f 2751/3890/2751 4455/5083/4455 2793/3889/2793
f 2794/3891/2794 2793/3889/2793 4456/3895/4456
f 2745/3873/2745 4456/3895/4456 2793/3889/2793
f 2795/3893/2795 4456/3895/4456 2745/3873/2745
f 2794/3891/2794 4456/3895/4456 4457/3894/4457
f 2798/3899/2798 4457/3894/4457 2795/3893/2795
f 2752/3896/2752 4457/3894/4457 2798/3899/2798
f 2799/3901/2799 4458/5084/4458 2800/3900/2800
f 2800/3900/2800 4458/5084/4458 2746/3902/2746
f 2026/3480/2026 4458/5084/4458 2027/3475/2027
f 2027/3475/2027 4458/5084/4458 2799/3901/2799
f 2746/3902/2746 4458/5084/4458 2026/3480/2026
f 3804/1405/3804 2747/3844/2747 3308/3904/3308
f 2747/3844/2747 4460/3906/4460 3308/3904/3308
f 1740/1398/1740 1739/1400/1739 4459/3905/4459
f 1739/1400/1739 3308/3904/3308 4459/3905/4459
f 2747/3844/2747 2748/3845/2748 2801/3908/2801
f 2802/3907/2802 4460/3906/4460 2801/3908/2801
f 2755/3936/2755 4459/3905/4459 2802/3907/2802
f 2804/1406/2804 2801/3908/2801 4461/3910/4461
f 2749/3881/2749 4461/3910/4461 2801/3908/2801
f 2803/3909/2803 4461/3910/4461 2790/3887/2790
f 2804/1406/2804 4461/3910/4461 2803/3909/2803
f 2803/3909/2803 2806/3914/2806 4462/3912/4462
f 2804/1406/2804 4462/3912/4462 2756/3911/2756
f 2756/3911/2756 4462/3912/4462 2806/3914/2806
f 2750/3888/2750 4463/3919/4463 2805/3913/2805
f 2805/3913/2805 4463/3919/4463 2806/3914/2806
f 2807/3917/2807 4463/3919/4463 2751/3890/2751
f 2806/3914/2806 4463/3919/4463 2808/3918/2808
f 2808/3918/2808 4464/3920/4464 2759/3922/2759
f 2810/3923/2810 4464/3920/4464 2807/3917/2807
f 2759/3922/2759 4464/3920/4464 2810/3923/2810
f 2752/3896/2752 4465/3925/4465 2809/3897/2809
f 2811/3926/2811 4465/3925/4465 2752/3896/2752
f 2810/3923/2810 4465/3925/4465 2811/3926/2811
f 2760/3927/2760 2811/3926/2811 4466/3932/4466
f 2760/3927/2760 4466/3932/4466 2761/3929/2761
f 4467/3928/4467 4466/3932/4466 2811/3926/2811
f 2761/3929/2761 4466/3932/4466 2813/3930/2813
f 2812/3903/2812 2746/3902/2746 4467/3928/4467
f 4468/3933/4468 4467/3928/4467 2746/3902/2746
f 2813/3930/2813 4467/3928/4467 4468/3933/4468
f 2753/3934/2753 4468/3933/4468 2754/3935/2754
f 2025/3487/2025 4468/3933/4468 2814/3490/2814
f 2754/3935/2754 4468/3933/4468 2025/3487/2025
f 1740/1398/1740 2755/3936/2755 4470/3938/4470
f 2755/3936/2755 2802/3907/2802 2815/3937/2815
f 4469/1467/4469 4470/3938/4470 4471/3939/4471
f 3814/1434/3814 1740/1398/1740 4470/3938/4470
f 2816/3943/2816 4471/3939/4471 2815/3937/2815
f 2765/3941/2765 4471/3939/4471 2816/3943/2816
f 2756/3911/2756 4472/3945/4472 2816/3943/2816
f 2817/3946/2817 4472/3945/4472 2757/3915/2757
f 2816/3943/2816 4472/3945/4472 2817/3946/2817
f 288/3916/288 2818/3950/2818 2767/3947/2767
f 2758/3921/2758 2759/3922/2759 4473/5085/4473
f 2758/3921/2758 4473/5085/4473 2818/3950/2818
f 2820/3953/2820 4473/5085/4473 2759/3922/2759
f 2818/3950/2818 4473/5085/4473 2820/3953/2820
f 2820/3953/2820 4474/3954/4474 4482/3956/4482
f 2821/3957/2821 4474/3954/4474 2819/3952/2819
f 2769/3958/2769 4474/3954/4474 2821/3957/2821
f 289/3924/289 2761/3929/2761 2823/3960/2823
f 2823/3962/2823 4475/3966/4475 2824/3963/2824
f 2824/3963/2824 4475/3966/4475 2770/3964/2770
f 2826/3965/2826 4475/3966/4475 2822/3961/2822
f 2822/3961/2822 4475/3966/4475 2823/3962/2823
f 290/3931/290 2754/3935/2754 2826/3965/2826
f 2825/3967/2825 2826/3965/2826 2762/3996/2762
f 2826/3965/2826 4476/3968/4476 2762/3996/2762
f 2762/3996/2762 4476/3968/4476 4485/3995/4485
f 4357/3492/4357 4476/3968/4476 210/3489/210
f 210/3489/210 4476/3968/4476 2826/3965/2826
f 2763/3998/2763 4476/3968/4476 209/3969/209
f 2763/3998/2763 4485/3995/4485 4476/3968/4476
f 4469/1467/4469 4477/3970/4477 3821/1466/3821
f 3287/3971/3287 4478/1471/4478 2827/3972/2827
f 4477/3970/4477 2764/3940/2764 2827/3972/2827
f 2766/3942/2766 2829/3974/2829 2765/3941/2765
f 2827/3972/2827 2765/3941/2765 2829/3974/2829
f 291/3944/291 2830/3977/2830 4479/5086/4479
f 2829/3974/2829 4479/5086/4479 1970/3975/1970
f 291/3944/291 4479/5086/4479 2829/3974/2829
f 1970/3975/1970 4479/5086/4479 2830/3977/2830
f 2768/3949/2768 2831/3979/2831 4480/3948/4480
f 2768/3949/2768 4480/3948/4480 2767/3947/2767
f 2830/3977/2830 4480/3948/4480 2831/3979/2831
f 2831/3979/2831 4481/5087/4481 1968/3980/1968
f 1968/3980/1968 4481/5087/4481 1967/3982/1967
f 2833/3981/2833 4481/5087/4481 292/3951/292
f 292/3951/292 4481/5087/4481 2831/3979/2831
f 1967/3982/1967 4481/5087/4481 2833/3981/2833
f 4483/3985/4483 4482/3956/4482 2769/3958/2769
f 2833/3981/2833 4482/3956/4482 4483/3985/4483
f 2836/3988/2836 4483/3985/4483 2834/3984/2834
f 1966/3986/1966 4483/3985/4483 2836/3988/2836
f 2836/3988/2836 2770/3964/2770 2837/3990/2837
f 2839/3993/2839 4484/3991/4484 2837/3990/2837
f 4486/3997/4486 4485/3995/4485 2763/3998/2763
f 2840/3994/2840 4485/3995/4485 4486/3997/4486
f 1965/2589/1965 3285/3999/3285 4486/3997/4486
f 1995/3670/1995 4487/4001/4487 2884/4000/2884
f 1995/3670/1995 1948/2625/1948 4487/4001/4487
f 4399/3664/4399 4488/4002/4488 2844/3665/2844
f 2844/3665/2844 4488/4002/4488 2845/4019/2845
f 2884/4000/2884 4488/4002/4488 2618/3667/2618
f 2884/4000/2884 4493/4016/4493 4488/4002/4488
f 2845/4019/2845 4488/4002/4488 2885/4015/2885
f 2885/4015/2885 4488/4002/4488 4493/4016/4493
f 2888/4021/2888 2847/4003/2847 4489/5088/4489
f 1997/3658/1997 4489/5088/4489 2847/4003/2847
f 2887/4004/2887 4489/5088/4489 1997/3658/1997
f 2888/4021/2888 4489/5088/4489 2887/4004/2887
f 1999/3653/1999 4490/5089/4490 2000/3651/2000
f 2000/3651/2000 4490/5089/4490 2852/4049/2852
f 2893/4005/2893 4490/5089/4490 1999/3653/1999
f 2852/4049/2852 4490/5089/4490 2853/4006/2853
f 2853/4006/2853 4490/5089/4490 2893/4005/2893
f 2903/4010/2903 2859/4008/2859 2002/3648/2002
f 2903/4010/2903 2002/3648/2002 2902/4009/2902
f 2005/3641/2005 4491/4076/4491 2868/4012/2868
f 2004/3644/2004 4491/4076/4491 2005/3641/2005
f 2868/4012/2868 4491/4076/4491 2918/4077/2918
f 2007/4014/2007 4492/4013/4492 4526/4153/4526
f 2933/4111/2933 4492/4013/4492 2006/3636/2006
f 2006/3636/2006 4492/4013/4492 2603/3634/2603
f 4526/4153/4526 4492/4013/4492 2934/4112/2934
f 2934/4112/2934 4492/4013/4492 2933/4111/2933
f 4487/4001/4487 4493/4016/4493 2884/4000/2884
f 2886/4017/2886 4493/4016/4493 4487/4001/4487
f 2841/4027/2841 2885/4015/2885 2886/4017/2886
f 2886/4017/2886 2842/3221/2842 2841/4027/2841
f 2017/3222/2017 2842/3221/2842 2886/4017/2886
f 2890/4018/2890 2887/4004/2887 2845/4019/2845
f 2889/4020/2889 4494/4023/4494 2848/4022/2848
f 2848/4022/2848 4494/4023/4494 2849/4037/2849
f 2849/4037/2849 4494/4023/4494 2850/4029/2850
f 2850/4029/2850 4494/4023/4494 2891/4024/2891
f 2841/4027/2841 4495/4025/4495 4494/4023/4494
f 2892/4026/2892 4495/4025/4495 2842/3221/2842
f 2892/4026/2892 4496/4047/4496 2846/4028/2846
f 2016/3223/2016 4496/4047/4496 2892/4026/2892
f 2015/3226/2015 4496/4047/4496 2016/3223/2016
f 2895/4007/2895 2893/4005/2893 4497/4032/4497
f 2847/4003/2847 4497/4032/4497 2893/4005/2893
f 2894/4030/2894 4497/4032/4497 2847/4003/2847
f 2855/4035/2855 2854/4031/2854 4498/4034/4498
f 4497/4032/4497 4498/4034/4498 2854/4031/2854
f 2896/4033/2896 4498/4034/4498 2894/4030/2894
f 2855/4035/2855 4498/4034/4498 2896/4033/2896
f 2897/4036/2897 2896/4033/2896 2849/4037/2849
f 2898/4038/2898 4499/4040/4499 2856/4039/2856
f 2899/4042/2899 4499/4040/4499 2898/4038/2898
f 2857/4041/2857 4499/4040/4499 4500/4043/4500
f 4496/4047/4496 4500/4043/4500 2899/4042/2899
f 2900/4046/2900 4500/4043/4500 4496/4047/4496
f 2900/4046/2900 4501/5090/4501 294/4045/294
f 294/4045/294 4501/5090/4501 2851/4048/2851
f 2014/3230/2014 4501/5090/4501 2900/4046/2900
f 2851/4048/2851 4501/5090/4501 2014/3230/2014
f 2907/4054/2907 2861/4052/2861 4502/4059/4502
f 2905/4050/2905 4502/4059/4502 2861/4052/2861
f 2906/4053/2906 4502/4059/4502 2905/4050/2905
f 2854/4031/2854 4503/4057/4503 2906/4053/2906
f 2908/4058/2908 4503/4057/4503 2854/4031/2854
f 4502/4059/4502 4503/4057/4503 2909/4056/2909
f 2908/4058/2908 4504/4061/4504 2863/4060/2863
f 2910/4063/2910 4504/4061/4504 2908/4058/2908
f 2864/4062/2864 4504/4061/4504 2910/4063/2910
f 2911/4064/2911 2910/4063/2910 4505/5091/4505
f 2857/4041/2857 4505/5091/4505 2910/4063/2910
f 2912/4066/2912 4505/5091/4505 2857/4041/2857
f 2911/4064/2911 4505/5091/4505 2912/4066/2912
f 2913/4065/2913 2912/4066/2912 4506/4067/4506
f 2914/4069/2914 4506/4067/4506 2912/4066/2912
f 2865/4070/2865 4506/4067/4506 2914/4069/2914
f 2916/4073/2916 4507/5092/4507 2917/4072/2917
f 2917/4072/2917 4507/5092/4507 2858/4074/2858
f 2012/3233/2012 4507/5092/4507 2013/3237/2013
f 2013/3237/2013 4507/5092/4507 2916/4073/2916
f 2858/4074/2858 4507/5092/4507 2012/3233/2012
f 2860/4011/2860 2919/4078/2919 4508/5093/4508
f 2859/4008/2859 4508/5093/4508 4491/4076/4491
f 2860/4011/2860 4508/5093/4508 2859/4008/2859
f 4491/4076/4491 4508/5093/4508 2919/4078/2919
f 2919/4078/2919 4509/4081/4509 2869/4083/2869
f 2920/4082/2920 4509/4081/4509 2919/4078/2919
f 2869/4083/2869 4509/4081/4509 2921/4080/2921
f 2862/4055/2862 2922/4084/2922 4510/5094/4510
f 2861/4052/2861 4510/5094/4510 2920/4082/2920
f 2862/4055/2862 4510/5094/4510 2861/4052/2861
f 2920/4082/2920 4510/5094/4510 2922/4084/2922
f 2923/4087/2923 2924/4089/2924 4511/5095/4511
f 2922/4084/2922 4511/5095/4511 2870/4086/2870
f 2923/4087/2923 4511/5095/4511 2922/4084/2922
f 2870/4086/2870 4511/5095/4511 2924/4089/2924
f 2863/4060/2863 4512/4091/4512 2923/4087/2923
f 2925/4092/2925 4512/4091/4512 2864/4062/2864
f 2924/4089/2924 4512/4091/4512 2926/4093/2926
f 2926/4093/2926 4513/4094/4513 2873/4096/2873
f 2928/4097/2928 4513/4094/4513 2925/4092/2925
f 2873/4096/2873 4513/4094/4513 2928/4097/2928
f 4506/4067/4506 4514/4099/4514 2927/4068/2927
f 2929/4100/2929 4514/4099/4514 2865/4070/2865
f 2928/4097/2928 4514/4099/4514 2929/4100/2929
f 2874/4101/2874 2929/4100/2929 4515/4106/4515
f 2874/4101/2874 4515/4106/4515 2875/4103/2875
f 4516/4102/4516 4515/4106/4515 2929/4100/2929
f 2875/4103/2875 4515/4106/4515 2931/4104/2931
f 2930/4075/2930 2858/4074/2858 4516/4102/4516
f 2932/4107/2932 4516/4102/4516 2858/4074/2858
f 2931/4104/2931 4516/4102/4516 2932/4107/2932
f 2866/4108/2866 2932/4107/2932 4517/4109/4517
f 2866/4108/2866 4517/4109/4517 2867/4110/2867
f 2867/4110/2867 4517/4109/4517 2010/3241/2010
f 295/4079/295 2935/4113/2935 2933/4111/2933
f 2937/4118/2937 4518/4115/4518 2936/4117/2936
f 2936/4117/2936 4518/4115/4518 2935/4113/2935
f 2877/4116/2877 4518/4115/4518 2938/4120/2938
f 2938/4120/2938 4518/4115/4518 2937/4118/2937
f 296/4085/296 2939/4119/2939 2937/4118/2937
f 2940/4124/2940 2941/4126/2941 4519/4122/4519
f 2939/4119/2939 4519/4122/4519 2878/4121/2878
f 2940/4124/2940 4519/4122/4519 2939/4119/2939
f 4529/4123/4529 4519/4122/4519 2941/4126/2941
f 2870/4086/2870 4520/4128/4520 2941/4126/2941
f 2942/4129/2942 4520/4128/4520 2871/4088/2871
f 2941/4126/2941 4520/4128/4520 2942/4129/2942
f 2942/4129/2942 4521/4130/4521 2880/4131/2880
f 2880/4131/2880 4521/4130/4521 2943/4133/2943
f 2872/4095/2872 2873/4096/2873 4522/4137/4522
f 2872/4095/2872 4522/4137/4522 4521/4130/4521
f 2945/4136/2945 4522/4137/4522 2873/4096/2873
f 2943/4133/2943 4522/4137/4522 2945/4136/2945
f 2945/4136/2945 4523/4138/4523 4532/4140/4532
f 2946/4141/2946 4523/4138/4523 2944/4135/2944
f 2882/4142/2882 4523/4138/4523 2946/4141/2946
f 298/4098/298 2875/4103/2875 2948/4144/2948
f 2948/4146/2948 4524/5096/4524 2949/4147/2949
f 2949/4147/2949 4524/5096/4524 2883/4148/2883
f 4525/4149/4525 4524/5096/4524 2947/4145/2947
f 2947/4145/2947 4524/5096/4524 2948/4146/2948
f 4525/4149/4525 2883/4148/2883 4524/5096/4524
f 299/4105/299 2867/4110/2867 4525/4149/4525
f 2951/4151/2951 4525/4149/4525 2867/4110/2867
f 2951/4151/2951 2009/3244/2009 2876/4152/2876
f 2876/4152/2876 2009/3244/2009 203/3246/203
f 2934/4112/2934 2953/4154/2953 4526/4153/4526
f 4121/2601/4121 4526/4153/4526 1979/2593/1979
f 1979/2593/1979 2953/4154/2953 1978/4155/1978
f 2954/4156/2954 1978/4155/1978 2953/4154/2953
f 2877/4116/2877 2957/4161/2957 4527/4159/4527
f 300/4114/300 4527/4159/4527 2954/4156/2954
f 2954/4156/2954 4527/4159/4527 2957/4161/2957
f 2956/4160/2956 2958/4163/2958 4528/5097/4528
f 2957/4161/2957 4528/5097/4528 1976/4162/1976
f 2956/4160/2956 4528/5097/4528 2957/4161/2957
f 1976/4162/1976 4528/5097/4528 2958/4163/2958
f 2879/4125/2879 2959/4165/2959 4529/4123/4529
f 2878/4121/2878 4529/4123/4529 2958/4163/2958
f 2958/4163/2958 4529/4123/4529 2959/4165/2959
f 2959/4165/2959 4530/5098/4530 1975/4166/1975
f 2960/4167/2960 4530/5098/4530 301/4127/301
f 301/4127/301 4530/5098/4530 2959/4165/2959
f 1975/4166/1975 4530/5098/4530 2961/4169/2961
f 2961/4169/2961 4530/5098/4530 2960/4167/2960
f 2881/4132/2881 2962/4168/2962 2880/4131/2880
f 2962/4168/2962 2960/4167/2960 2880/4131/2880
f 2962/4168/2962 4531/5099/4531 1974/4170/1974
f 1974/4170/1974 4531/5099/4531 1973/4172/1973
f 2964/4171/2964 4531/5099/4531 302/4134/302
f 302/4134/302 4531/5099/4531 2962/4168/2962
f 1973/4172/1973 4531/5099/4531 2964/4171/2964
f 2966/4175/2966 4532/4140/4532 2882/4142/2882
f 2964/4171/2964 4532/4140/4532 2966/4175/2966
f 2966/4175/2966 4533/4176/4533 1972/4177/1972
f 2967/4178/2967 4533/4176/4533 2965/4174/2965
f 1972/4177/1972 4533/4176/4533 2967/4178/2967
f 303/4143/303 2883/4148/2883 2969/4180/2969
f 2969/4182/2969 4534/4185/4534 2970/4179/2970
f 2970/4179/2970 4534/4185/4534 3069/4183/3069
f 2971/4187/2971 4534/4185/4534 2968/4181/2968
f 2968/4181/2968 4534/4185/4534 2969/4182/2969
f 194/4186/194 4534/4185/4534 2971/4187/2971
f 2968/4181/2968 304/4150/304 2971/4187/2971
f 2971/4187/2971 2876/4152/2876 4535/4188/4535
f 1971/2606/1971 3064/4190/3064 4535/4188/4535
f 4574/1698/4574 4536/4192/4536 2977/4230/2977
f 2977/4230/2977 4536/4192/4536 2978/4228/2978
f 3008/4224/3008 4536/4192/4536 1986/4193/1986
f 2978/4228/2978 4536/4192/4536 3009/4223/3009
f 3009/4223/3009 4536/4192/4536 3008/4224/3008
f 3011/4198/3011 4537/4195/4537 1985/4194/1985
f 3012/4231/3012 4537/4195/4537 3011/4198/3011
f 1983/4200/1983 4538/5100/4538 200/4208/200
f 200/4208/200 4538/5100/4538 2984/4259/2984
f 3018/4199/3018 4538/5100/4538 1983/4200/1983
f 2984/4259/2984 4538/5100/4538 2985/4201/2985
f 2985/4201/2985 4538/5100/4538 3018/4199/3018
f 1981/4203/1981 4539/5101/4539 2990/4204/2990
f 3028/4206/3028 4539/5101/4539 1981/4203/1981
f 2990/4204/2990 4539/5101/4539 3029/4209/3029
f 3029/4209/3029 4539/5101/4539 3028/4206/3028
f 1980/4214/1980 4540/4212/4540 2998/4215/2998
f 3044/4213/3044 4540/4212/4540 1980/4214/1980
f 2998/4215/2998 4540/4212/4540 3045/4211/3045
f 3315/4218/3315 4541/4217/4541 3006/4220/3006
f 3059/4221/3059 4541/4217/4541 198/4216/198
f 3006/4220/3006 4541/4217/4541 3059/4221/3059
f 3010/4225/3010 3008/4224/3008 1946/2598/1946
f 2974/4238/2974 3009/4223/3009 3010/4225/3010
f 3010/4225/3010 4542/4226/4542 2974/4238/2974
f 2974/4238/2974 4542/4226/4542 2975/4239/2975
f 1994/2599/1994 4542/4226/4542 3010/4225/3010
f 2975/4239/2975 4542/4226/4542 2976/3814/2976
f 2976/3814/2976 4542/4226/4542 1993/3809/1993
f 3014/4227/3014 3011/4198/3011 2978/4228/2978
f 3013/4229/3013 4543/5102/4543 2981/4232/2981
f 2981/4232/2981 4543/5102/4543 2982/4248/2982
f 3013/4229/3013 3015/4233/3015 4543/5102/4543
f 2982/4248/2982 4543/5102/4543 2983/4234/2983
f 2983/4234/2983 4543/5102/4543 3015/4233/3015
f 3016/4235/3016 3015/4233/3015 2975/4236/2975
f 3017/4237/3017 4544/4241/4544 2979/4240/2979
f 1992/3815/1992 4544/4241/4544 3017/4237/3017
f 3020/4202/3020 3018/4199/3018 4545/4244/4545
f 4537/4195/4537 4545/4244/4545 3018/4199/3018
f 3019/4242/3019 4545/4244/4545 4537/4195/4537
f 3022/4250/3022 2986/4243/2986 4546/4246/4546
f 4545/4244/4545 4546/4246/4546 2986/4243/2986
f 3021/4245/3021 4546/4246/4546 3019/4242/3019
f 3022/4250/3022 4546/4246/4546 3021/4245/3021
f 3024/4247/3024 3021/4245/3021 2982/4248/2982
f 3023/4249/3023 4547/4252/4547 2987/4251/2987
f 3025/4254/3025 4547/4252/4547 3023/4249/3023
f 2988/4253/2988 4547/4252/4547 4548/4255/4548
f 4544/4241/4544 4548/4255/4548 3025/4254/3025
f 3026/4258/3026 4548/4255/4548 4544/4241/4544
f 3026/4258/3026 4549/5103/4549 305/4257/305
f 305/4257/305 4549/5103/4549 4554/4283/4554
f 1991/3820/1991 4549/5103/4549 3026/4258/3026
f 4554/4283/4554 4549/5103/4549 1990/3821/1990
f 1990/3821/1990 4549/5103/4549 1991/3820/1991
f 3031/4261/3031 3028/4206/3028 3030/4260/3030
f 3033/1769/3033 2992/4262/2992 4550/4268/4550
f 3030/4260/3030 4550/4268/4550 2992/4262/2992
f 3032/4263/3032 4550/4268/4550 3030/4260/3030
f 2986/4243/2986 4551/4266/4551 3032/4263/3032
f 3034/4267/3034 4551/4266/4551 2986/4243/2986
f 4550/4268/4550 4551/4266/4551 3035/4265/3035
f 3035/4265/3035 2995/4270/2995 2994/4269/2994
f 3034/4267/3034 4552/4275/4552 2995/4270/2995
f 3036/4271/3036 4552/4275/4552 3034/4267/3034
f 2996/4272/2996 4552/4275/4552 3037/4273/3037
f 3037/4273/3037 3036/4271/3036 4553/5104/4553
f 2988/4253/2988 4553/5104/4553 3036/4271/3036
f 3038/4276/3038 4553/5104/4553 2988/4253/2988
f 3037/4273/3037 4553/5104/4553 3038/4276/3038
f 3039/4274/3039 3038/4276/3038 3041/4277/3041
f 3040/4280/3040 4554/4283/4554 3041/4277/3041
f 3043/4284/3043 4554/4283/4554 202/3823/202
f 3041/4277/3041 4554/4283/4554 3042/4281/3042
f 3042/4281/3042 4554/4283/4554 3043/4284/3043
f 1988/3827/1988 4555/4285/4555 1989/3829/1989
f 2989/4287/2989 4555/4285/4555 2729/3828/2729
f 2990/4204/2990 4556/4288/4556 3044/4213/3044
f 3046/4289/3046 4556/4288/4556 2991/4210/2991
f 3044/4213/3044 4556/4288/4556 3046/4289/3046
f 2999/4291/2999 3046/4289/3046 3047/4292/3047
f 3048/4293/3048 2999/4291/2999 3047/4292/3047
f 2993/4264/2993 3049/4295/3049 4557/5105/4557
f 2992/4262/2992 4557/5105/4557 3047/4292/3047
f 2993/4264/2993 4557/5105/4557 2992/4262/2992
f 3047/4292/3047 4557/5105/4557 3049/4295/3049
f 3001/4298/3001 4559/4296/4559 4558/5106/4558
f 3049/4295/3049 4558/5106/4558 4559/4296/4559
f 4560/4301/4560 4558/5106/4558 3050/4297/3050
f 3050/4297/3050 4558/5106/4558 3049/4295/3049
f 3001/4298/3001 4558/5106/4558 4560/4301/4560
f 2996/4272/2996 3052/4302/3052 4560/4301/4560
f 2995/4270/2995 4560/4301/4560 2994/4269/2994
f 2996/4272/2996 4560/4301/4560 2995/4270/2995
f 3053/4303/3053 3051/4299/3051 3052/4302/3052
f 3052/4302/3052 4561/4304/4561 3053/4303/3053
f 2997/4278/2997 4562/4308/4562 3054/4279/3054
f 3054/4279/3054 4562/4308/4562 4561/4304/4561
f 306/4282/306 4562/4308/4562 2997/4278/2997
f 3055/4306/3055 4561/4304/4561 4562/4308/4562
f 3056/4307/3056 4563/4309/4563 3004/4310/3004
f 3057/4286/3057 4563/4309/4563 306/4282/306
f 3058/4311/3058 3005/4669/3005 4563/4309/4563
f 3005/4669/3005 3004/4310/3004 4563/4309/4563
f 3058/4311/3058 3057/4286/3057 4564/4703/4564
f 4555/4285/4555 4564/4703/4564 3057/4286/3057
f 2989/4287/2989 4564/4703/4564 4555/4285/4555
f 3060/4312/3060 4565/4313/4565 3061/4222/3061
f 307/4290/307 4565/4313/4565 3060/4312/3060
f 3000/4294/3000 3063/4318/3063 4566/4317/4566
f 2999/4291/2999 4566/4317/4566 307/4290/307
f 3000/4294/3000 4566/4317/4566 2999/4291/2999
f 3062/4316/3062 4565/4313/4565 4566/4317/4566
f 1971/2606/1971 2973/4321/2973 4567/4319/4567
f 3065/4320/3065 4567/4319/4567 2973/4321/2973
f 3106/4336/3106 3069/4183/3069 194/4186/194
f 3107/4337/3107 3069/4183/3069 3106/4336/3106
f 3109/4324/3109 4568/4323/4568 1972/4177/1972
f 3110/4345/3110 4568/4323/4568 3109/4324/3109
f 1973/4172/1973 4569/5107/4569 3075/4325/3075
f 3114/4326/3114 4569/5107/4569 1973/4172/1973
f 3075/4325/3075 4569/5107/4569 3076/4327/3076
f 3076/4327/3076 4569/5107/4569 3114/4326/3114
f 1975/4166/1975 4570/5108/4570 3082/4329/3082
f 3124/4379/3124 4570/5108/4570 3123/4330/3123
f 3123/4330/3123 4570/5108/4570 1975/4166/1975
f 3082/4329/3082 4570/5108/4570 3125/4331/3125
f 3125/4331/3125 4570/5108/4570 3124/4379/3124
f 1976/4162/1976 4571/4333/4571 3091/4334/3091
f 3091/4334/3091 4571/4333/4571 3138/4404/3138
f 1979/2593/1979 4572/4335/4572 4608/4486/4608
f 3154/4443/3154 4572/4335/4572 1977/4158/1977
f 1977/4158/1977 4572/4335/4572 1978/4155/1978
f 4608/4486/4608 4572/4335/4572 3155/4445/3155
f 3155/4445/3155 4572/4335/4572 3154/4443/3154
f 3108/4338/3108 3106/4336/3106 4573/4342/4573
f 4567/4319/4567 4573/4342/4573 3106/4336/3106
f 3065/4320/3065 4573/4342/4573 4567/4319/4567
f 4573/4342/4573 4574/4340/4574 3066/4339/3066
f 1986/4322/1986 4574/4340/4574 3065/4320/3065
f 3111/4344/3111 3109/4324/3109 4575/4343/4575
f 3069/4183/3069 4575/4343/4575 3109/4324/3109
f 4575/4343/4575 4576/4347/4576 3071/4346/3071
f 3071/4346/3071 4576/4347/4576 3072/4361/3072
f 3072/4361/3072 4576/4347/4576 3073/4352/3073
f 3073/4352/3073 4576/4347/4576 3112/4348/3112
f 3066/4339/3066 4577/4349/4577 4576/4347/4576
f 3113/4350/3113 4577/4349/4577 3066/4339/3066
f 3113/4350/3113 4578/4371/4578 3070/4351/3070
f 1985/4353/1985 4578/4371/4578 3113/4350/3113
f 1984/4372/1984 4578/4371/4578 1985/4353/1985
f 3116/4328/3116 3114/4326/3114 4579/4356/4579
f 4568/4323/4568 4579/4356/4579 3114/4326/3114
f 3115/4354/3115 4579/4356/4579 4568/4323/4568
f 3078/4359/3078 3077/4355/3077 4580/4358/4580
f 4579/4356/4579 4580/4358/4580 3077/4355/3077
f 3117/4357/3117 4580/4358/4580 3115/4354/3115
f 3078/4359/3078 4580/4358/4580 3117/4357/3117
f 3118/4360/3118 3117/4357/3117 3072/4361/3072
f 3119/4362/3119 4581/4364/4581 3079/4363/3079
f 3120/4366/3120 4581/4364/4581 3119/4362/3119
f 3080/4365/3080 4581/4364/4581 4582/4367/4582
f 4578/4371/4578 4582/4367/4582 3120/4366/3120
f 3121/4370/3121 4582/4367/4582 4578/4371/4578
f 3121/4370/3121 4583/5109/4583 309/4369/309
f 309/4369/309 4583/5109/4583 3074/4375/3074
f 1983/4374/1983 4583/5109/4583 3121/4370/3121
f 3074/4375/3074 4583/5109/4583 1983/4374/1983
f 3124/4379/3124 3075/4325/3075 3127/4378/3127
f 3075/4325/3075 3124/4379/3124 3123/4330/3123
f 3085/4382/3085 3084/4380/3084 4584/4383/4584
f 3127/4378/3127 4584/4383/4584 3084/4380/3084
f 3128/4381/3128 4584/4383/4584 3127/4378/3127
f 3077/4355/3077 4585/4385/4585 3128/4381/3128
f 3129/4386/3129 4585/4385/4585 3077/4355/3077
f 4584/4383/4584 4585/4385/4585 3130/4384/3130
f 3087/4389/3087 3086/4387/3086 4586/5110/4586
f 3129/4386/3129 4586/5110/4586 3086/4387/3086
f 3131/4388/3131 4586/5110/4586 3129/4386/3129
f 3087/4389/3087 4586/5110/4586 3131/4388/3131
f 3133/4390/3133 3131/4388/3131 4587/5111/4587
f 3080/4365/3080 4587/5111/4587 3131/4388/3131
f 3132/4392/3132 4587/5111/4587 3080/4365/3080
f 3133/4390/3133 4587/5111/4587 3132/4392/3132
f 310/4391/310 3132/4392/3132 4588/4430/4588
f 3134/4393/3134 4588/4430/4588 3132/4392/3132
f 3088/4394/3088 4588/4430/4588 3134/4393/3134
f 3136/4397/3136 4589/5112/4589 3137/4396/3137
f 3137/4396/3137 4589/5112/4589 3081/4398/3081
f 1981/4401/1981 4589/5112/4589 1982/4400/1982
f 1982/4400/1982 4589/5112/4589 3136/4397/3136
f 3081/4398/3081 4589/5112/4589 1981/4401/1981
f 3082/4329/3082 4590/4403/4590 4571/4333/4571
f 4571/4333/4571 4590/4403/4590 3139/4405/3139
f 3139/4405/3139 4591/4408/4591 3092/4410/3092
f 3140/4409/3140 4591/4408/4591 4590/4403/4590
f 3092/4410/3092 4591/4408/4591 3141/4407/3141
f 3142/4411/3142 3143/4412/3143 4592/5113/4592
f 3084/4380/3084 4592/5113/4592 3140/4409/3140
f 3142/4411/3142 4592/5113/4592 3084/4380/3084
f 3140/4409/3140 4592/5113/4592 3143/4412/3143
f 3143/4412/3143 4593/4415/4593 3093/4417/3093
f 3144/4416/3144 4593/4415/4593 3143/4412/3143
f 3093/4417/3093 4593/4415/4593 3145/4414/3145
f 3086/4387/3086 4594/4422/4594 3144/4416/3144
f 3146/4420/3146 4594/4422/4594 3087/4389/3087
f 3145/4414/3145 4594/4422/4594 3147/4421/3147
f 3147/4421/3147 4595/4423/4595 3095/4425/3095
f 3149/4427/3149 4595/4423/4595 3146/4420/3146
f 3095/4425/3095 4595/4423/4595 3149/4427/3149
f 4588/4430/4588 4596/4429/4596 3148/4426/3148
f 3150/4431/3150 4596/4429/4596 3088/4394/3088
f 3149/4427/3149 4596/4429/4596 3150/4431/3150
f 3151/4432/3151 3150/4431/3150 4597/4437/4597
f 3151/4432/3151 4597/4437/4597 3096/4433/3096
f 4598/4434/4598 4597/4437/4597 3150/4431/3150
f 3096/4433/3096 4597/4437/4597 3153/4435/3153
f 3152/4399/3152 3081/4398/3081 4598/4434/4598
f 4599/4438/4599 4598/4434/4598 3081/4398/3081
f 3153/4435/3153 4598/4434/4598 4599/4438/4599
f 3089/4439/3089 4599/4438/4599 3090/4441/3090
f 3090/4441/3090 4599/4438/4599 1980/4440/1980
f 311/4406/311 3156/4444/3156 3154/4442/3154
f 3158/4451/3158 4600/4447/4600 3157/4448/3157
f 3157/4448/3157 4600/4447/4600 3156/4444/3156
f 3098/4446/3098 4600/4447/4600 3159/4449/3159
f 3159/4449/3159 4600/4447/4600 3158/4451/3158
f 312/4413/312 3160/4452/3160 3158/4451/3158
f 3161/4456/3161 3162/4458/3162 4601/4454/4601
f 3160/4452/3160 4601/4454/4601 3100/4453/3100
f 3161/4456/3161 4601/4454/4601 3160/4452/3160
f 4611/4455/4611 4601/4454/4601 3162/4458/3162
f 3093/4417/3093 4602/4460/4602 3162/4458/3162
f 4603/4461/4603 4602/4460/4602 3094/4418/3094
f 3162/4458/3162 4602/4460/4602 3163/4462/3163
f 313/4419/313 3165/4465/3165 4603/4461/4603
f 3163/4462/3163 4603/4461/4603 3103/4464/3103
f 3103/4464/3103 4603/4461/4603 3165/4465/3165
f 3164/4424/3164 3095/4425/3095 4604/5114/4604
f 3164/4424/3164 4604/5114/4604 3165/4465/3165
f 3167/4468/3167 4604/5114/4604 3095/4425/3095
f 3165/4465/3165 4604/5114/4604 3167/4468/3167
f 3167/4468/3167 4605/4469/4605 4614/4471/4614
f 3168/4473/3168 4605/4469/4605 3166/4467/3166
f 3104/4472/3104 4605/4469/4605 3168/4473/3168
f 314/4428/314 3096/4433/3096 3170/4475/3170
f 3170/4475/3170 4606/5115/4606 3171/4477/3171
f 3171/4477/3171 4606/5115/4606 3105/4478/3105
f 3172/4479/3172 4606/5115/4606 3169/4476/3169
f 3169/4476/3169 4606/5115/4606 3170/4475/3170
f 3172/4479/3172 3105/4478/3105 4606/5115/4606
f 315/4436/315 3090/4441/3090 3174/4481/3174
f 3174/4481/3174 4607/5116/4607 3175/4480/3175
f 3175/4480/3175 4607/5116/4607 3097/4483/3097
f 4541/4484/4541 4607/5116/4607 3173/4482/3173
f 3173/4482/3173 4607/5116/4607 3174/4481/3174
f 3097/4483/3097 4607/5116/4607 4541/4484/4541
f 3155/4445/3155 3178/4488/3178 4608/4486/4608
f 4120/2590/4120 4608/4486/4608 3178/4488/3178
f 3178/4488/3178 4609/4490/4609 1964/4489/1964
f 3179/4491/3179 4609/4490/4609 3177/4487/3177
f 3177/4487/3177 4609/4490/4609 3178/4488/3178
f 4650/2006/4650 4609/4490/4609 3180/4494/3180
f 3180/4494/3180 4609/4490/4609 3179/4491/3179
f 3099/4450/3099 3182/4492/3182 3179/4491/3179
f 3181/4493/3181 3183/4496/3183 4610/5117/4610
f 3182/4492/3182 4610/5117/4610 1963/4495/1963
f 3181/4493/3181 4610/5117/4610 3182/4492/3182
f 1963/4495/1963 4610/5117/4610 3183/4496/3183
f 3101/4457/3101 3184/4498/3184 4611/4455/4611
f 3100/4453/3100 4611/4455/4611 3183/4496/3183
f 3183/4496/3183 4611/4455/4611 3184/4498/3184
f 3184/4498/3184 4612/5118/4612 1962/4499/1962
f 3185/4500/3185 4612/5118/4612 316/4459/316
f 316/4459/316 4612/5118/4612 3184/4498/3184
f 1962/4499/1962 4612/5118/4612 3185/4500/3185
f 3186/4502/3186 3185/4500/3185 3103/4464/3103
f 3185/4500/3185 3186/4502/3186 3187/4503/3187
f 3186/4502/3186 4613/5119/4613 3187/4503/3187
f 3187/4503/3187 4613/5119/4613 1961/4504/1961
f 3189/4505/3189 4613/5119/4613 317/4466/317
f 317/4466/317 4613/5119/4613 3186/4502/3186
f 1961/4504/1961 4613/5119/4613 3189/4505/3189
f 3191/4508/3191 4614/4471/4614 3104/4472/3104
f 3189/4505/3189 4614/4471/4614 3191/4508/3191
f 3192/4511/3192 4615/4509/4615 3190/4507/3190
f 1960/4510/1960 4615/4509/4615 3192/4511/3192
f 318/4474/318 3105/4478/3105 3194/4512/3194
f 3194/4512/3194 4616/5120/4616 1959/4514/1959
f 1959/4514/1959 4616/5120/4616 1958/2040/1958
f 3195/4515/3195 4616/5120/4616 3193/4513/3193
f 3193/4513/3193 4616/5120/4616 3194/4512/3194
f 191/4518/191 4616/5120/4616 3195/4515/3195
f 191/4518/191 1958/2040/1958 4616/5120/4616
f 3193/4513/3193 3175/4480/3175 3195/4515/3195
f 3195/4515/3195 3097/4483/3097 4617/4516/4617
f 3268/4517/3268 4617/4516/4617 1957/4519/1957
f 1779/4520/1779 4617/4516/4617 197/4485/197
f 1779/4520/1779 1957/4519/1957 4617/4516/4617
f 1945/2051/1945 3224/4525/3224 4618/4524/4618
f 1944/2052/1944 4618/4524/4618 1943/2055/1943
f 4618/4524/4618 4619/4526/4619 1943/2055/1943
f 3224/4525/3224 3225/4531/3225 4619/4526/4619
f 3201/4527/3201 4619/4526/4619 3225/4531/3225
f 3196/4529/3196 4620/4530/4620 3224/4525/3224
f 3226/4532/3226 4620/4530/4620 3197/4535/3197
f 3225/4531/3225 4620/4530/4620 3227/4534/3227
f 3227/4534/3227 4620/4530/4620 3226/4532/3226
f 3198/4533/3198 3226/4532/3226 1970/3975/1970
f 1969/3976/1969 3198/4533/3198 1970/3975/1970
f 1727/2068/1727 4621/4536/4621 3203/4538/3203
f 169/2049/169 3200/4528/3200 1728/2070/1728
f 3228/4537/3228 4622/4540/4622 3240/4543/3240
f 3229/4541/3229 4622/4540/4622 4621/4536/4621
f 4628/4542/4628 4622/4540/4622 3204/4539/3204
f 3200/4528/3200 3201/4527/3201 4623/4547/4623
f 4624/4548/4624 4623/4547/4623 3230/4546/3230
f 3229/4541/3229 4623/4547/4623 3231/4544/3231
f 3231/4544/3231 4623/4547/4623 4624/4548/4624
f 3232/4550/3232 4624/4548/4624 3230/4546/3230
f 3205/4549/3205 4624/4548/4624 3233/4551/3233
f 3199/3978/3199 3235/4554/3235 3233/4551/3233
f 3198/4533/3198 3233/4551/3233 3232/4550/3232
f 3199/3978/3199 3233/4551/3233 3198/4533/3198
f 3235/4554/3235 4625/5121/4625 3236/4553/3236
f 3236/4553/3236 4625/5121/4625 3202/4555/3202
f 1967/3982/1967 4625/5121/4625 3235/4554/3235
f 3202/4555/3202 4625/5121/4625 1967/3982/1967
f 3237/4558/3237 4626/4557/4626 3238/4560/3238
f 173/2093/173 1730/2092/1730 4626/4557/4626
f 170/2091/170 3203/4559/3203 1730/2092/1730
f 3203/4559/3203 3228/4537/3228 4626/4557/4626
f 3239/4561/3239 4627/4563/4627 3209/4564/3209
f 3241/4565/3241 4627/4563/4627 3238/4560/3238
f 3209/4564/3209 4627/4563/4627 3241/4565/3241
f 3244/4569/3244 3241/4565/3241 4628/4542/4628
f 3243/4571/3243 4628/4542/4628 3242/4568/3242
f 3244/4569/3244 4628/4542/4628 3243/4571/3243
f 3244/4569/3244 4629/4572/4629 3211/4570/3211
f 3245/4574/3245 3243/4571/3243 3242/4568/3242
f 3246/4575/3246 4629/4572/4629 3243/4571/3243
f 3212/4573/3212 4629/4572/4629 3246/4575/3246
f 3205/4549/3205 4630/4577/4630 3245/4574/3245
f 3247/4578/3247 4630/4577/4630 3205/4549/3205
f 3246/4575/3246 4630/4577/4630 3247/4578/3247
f 3213/4579/3213 3247/4578/3247 4631/4584/4631
f 3213/4579/3213 4631/4584/4631 3214/4581/3214
f 4632/4580/4632 4631/4584/4631 3247/4578/3247
f 3214/4581/3214 4631/4584/4631 3249/4582/3249
f 3248/4556/3248 3202/4555/3202 4632/4580/4632
f 4633/4585/4633 4632/4580/4632 3202/4555/3202
f 3249/4582/3249 4632/4580/4632 4633/4585/4633
f 3206/4586/3206 4633/4585/4633 3207/4587/3207
f 1966/3986/1966 4633/4585/4633 3250/3987/3250
f 3207/4587/3207 4633/4585/4633 1966/3986/1966
f 1734/2127/1734 171/2129/171 320/4590/320
f 3217/4591/3217 3251/4588/3251 4634/4593/4634
f 3217/4591/3217 4634/4593/4634 3218/4635/3218
f 3218/4635/3218 4634/4593/4634 3253/4596/3253
f 320/4590/320 3208/4595/3208 4635/4594/4635
f 3254/4597/3254 4635/4594/4635 321/4562/321
f 3253/4596/3253 4635/4594/4635 3254/4597/3254
f 3209/4564/3209 4636/4603/4636 3256/4598/3256
f 3257/4604/3257 4636/4603/4636 3210/4566/3210
f 3256/4598/3256 4636/4603/4636 3257/4604/3257
f 3257/4604/3257 4637/4605/4637 3221/4607/3221
f 3221/4607/3221 4637/4605/4637 3258/4608/3258
f 3211/4570/3211 3212/4573/3212 4638/4612/4638
f 3211/4570/3211 4638/4612/4638 4637/4605/4637
f 3260/4611/3260 4638/4612/4638 3212/4573/3212
f 3258/4608/3258 4638/4612/4638 3260/4611/3260
f 3260/4611/3260 4639/4613/4639 4648/4615/4648
f 3261/4616/3261 4639/4613/4639 3259/4610/3259
f 3222/4617/3222 4639/4613/4639 3261/4616/3261
f 323/4576/323 3214/4581/3214 3263/4619/3263
f 3263/4619/3263 4640/4625/4640 3264/4621/3264
f 3264/4621/3264 4640/4625/4640 3223/4622/3223
f 3265/4623/3265 4640/4625/4640 3262/4620/3262
f 3262/4620/3262 4640/4625/4640 3263/4619/3263
f 324/4583/324 3207/4587/3207 3267/4626/3267
f 3267/4626/3267 4641/4628/4641 3215/4627/3215
f 3215/4627/3215 4641/4628/4641 3216/4658/3216
f 4484/3991/4484 4641/4628/4641 3266/3992/3266
f 3266/3992/3266 4641/4628/4641 3267/4626/3267
f 3216/4658/3216 4641/4628/4641 2840/3994/2840
f 4642/2588/4642 4643/2171/4643 3269/4629/3269
f 4643/2171/4643 172/2170/172 3252/4630/3252
f 3269/4629/3269 1958/4632/1958 191/4631/191
f 3270/4634/3270 1958/4632/1958 325/4592/325
f 3271/4633/3271 1958/4632/1958 3270/4634/3270
f 3270/4634/3270 3218/4635/3218 3273/4637/3273
f 3273/4637/3273 4644/4639/4644 1960/4638/1960
f 1960/4638/1960 4644/4639/4644 4615/5122/4615
f 3272/4636/3272 4644/4639/4644 3273/4637/3273
f 4615/5122/4615 4644/4639/4644 3274/4641/3274
f 3220/4601/3220 3275/4640/3275 4645/5123/4645
f 3219/4599/3219 4645/5123/4645 4644/4639/4644
f 3220/4601/3220 4645/5123/4645 3219/4599/3219
f 4644/4639/4644 4645/5123/4645 3275/4640/3275
f 3275/4640/3275 4646/5124/4646 1961/4642/1961
f 3276/4606/3276 4646/5124/4646 326/4602/326
f 326/4602/326 4646/5124/4646 3275/4640/3275
f 1961/4642/1961 4646/5124/4646 3277/4644/3277
f 3277/4644/3277 4646/5124/4646 3276/4606/3276
f 3278/4643/3278 3276/4606/3276 3221/4607/3221
f 3278/4643/3278 4647/5125/4647 192/4645/192
f 192/4645/192 4647/5125/4647 1962/4647/1962
f 3280/4646/3280 4647/5125/4647 327/4609/327
f 327/4609/327 4647/5125/4647 3278/4643/3278
f 1962/4647/1962 4647/5125/4647 3280/4646/3280
f 4649/4650/4649 4648/4615/4648 3222/4617/3222
f 3280/4646/3280 4648/4615/4648 4649/4650/4649
f 3282/4652/3282 4649/4650/4649 3281/4649/3281
f 1963/4651/1963 4649/4650/4649 3282/4652/3282
f 3282/4652/3282 3223/4622/3223 3283/4654/3283
f 4651/4656/4651 4650/4655/4650 3283/4654/3283
f 1964/4661/1964 4650/4655/4650 3286/4657/3286
f 329/4624/329 3216/4658/3216 4651/4656/4651
f 4652/4659/4652 4651/4656/4651 3216/4658/3216
f 3286/4657/3286 4651/4656/4651 4652/4659/4652
f 3286/4657/3286 4652/4659/4652 3176/4660/3176
f 1965/2589/1965 3176/4660/3176 4652/4659/4652
f 4653/2211/4653 1729/2210/1729 4654/4662/4654
f 171/2212/171 4653/2211/4653 320/4590/320
f 3208/4595/3208 4654/4662/4654 3237/4558/3237
f 4653/2211/4653 4654/4662/4654 3208/4595/3208
f 3062/4316/3062 3310/5025/3310 4655/2216/4655
f 4656/4664/4656 1724/4666/1724 1731/2218/1731
f 3006/4220/3006 4656/4664/4656 3315/4218/3315
f 3061/4222/3061 3317/4665/3317 4656/4664/4656
f 3315/4218/3315 1731/2218/1731 3316/2220/3316
f 3058/4311/3058 3309/2300/3309 3005/4669/3005
f 3005/4669/3005 1419/1823/1419 1418/1824/1418
f 3004/4310/3004 1418/1824/1418 3003/2225/3003
f 308/4300/308 3002/4305/3002 1942/2227/1942
f 3002/4305/3002 4657/4670/4657 1942/2227/1942
f 3002/4305/3002 3055/4306/3055 3314/4667/3314
f 4657/4670/4657 3999/2229/3999 1942/2227/1942
f 308/4300/308 3997/2226/3997 3313/5027/3313
f 3001/4298/3001 4658/4671/4658 3311/4673/3311
f 308/4300/308 3313/2234/3313 4658/4671/4658
f 4658/4671/4658 1735/2233/1735 1721/2230/1721
f 4660/4674/4660 1736/2241/1736 4659/2239/4659
f 3062/4316/3062 4659/2239/4659 3310/2237/3310
f 3063/4318/3063 4660/4674/4660 4659/2239/4659
f 3063/4318/3063 3000/4294/3000 3311/4673/3311
f 4660/4674/4660 3311/4673/3311 3312/4672/3312
f 3312/4672/3312 1721/2230/1721 1736/2241/1736
f 4661/4675/4661 2701/3774/2701 3307/4676/3307
f 4662/4677/4662 3307/4676/3307 1742/2244/1742
f 2702/3771/2702 4661/4675/4661 2716/3805/2716
f 2701/3774/2701 279/3744/279 3307/4676/3307
f 3305/4678/3305 4662/4677/4662 1741/2243/1741
f 4661/4675/4661 4662/4677/4662 3305/4678/3305
f 3305/4678/3305 1738/2249/1738 4663/4679/4663
f 4663/4679/4663 1738/2249/1738 1717/2248/1717
f 2717/3804/2717 4663/4679/4663 3306/4680/3306
f 2716/3805/2716 4663/4679/4663 2717/3804/2717
f 279/3744/279 3304/2251/3304 4664/2250/4664
f 3307/4676/3307 4664/2250/4664 1742/2244/1742
f 4665/2252/4665 167/918/167 4342/920/4342
f 2478/2253/2478 4665/2252/4665 2482/3451/2482
f 2473/3433/2473 1747/2256/1747 3302/4681/3302
f 2473/3433/2473 2476/3435/2476 1747/2256/1747
f 1747/2256/1747 2476/3435/2476 887/908/887
f 2469/3430/2469 4666/4682/4666 3301/4683/3301
f 4666/4682/4666 2470/3438/2470 4340/3440/4340
f 2470/3438/2470 220/2855/220 4340/3440/4340
f 1748/2260/1748 4340/3440/4340 1714/2261/1714
f 3301/4683/3301 1748/2260/1748 4667/2263/4667
f 2472/3428/2472 2469/3430/2469 3301/4683/3301
f 2211/2845/2211 2210/2851/2210 4668/4684/4668
f 2210/2851/2210 249/2842/249 4669/4687/4669
f 4668/4684/4668 4669/4687/4669 3298/4685/3298
f 3298/4685/3298 1766/2275/1766 1764/2267/1764
f 3294/2271/3294 3298/4685/3298 1764/2267/1764
f 3293/4686/3293 4668/4684/4668 3294/2271/3294
f 2215/2856/2215 3294/2271/3294 158/2270/158
f 2216/2857/2216 2215/2856/2215 4672/915/4672
f 2208/2850/2208 2197/2829/2197 3297/4688/3297
f 2197/2829/2197 2198/2848/2198 1767/2278/1767
f 3292/4689/3292 3297/4688/3297 1765/4690/1765
f 3298/4685/3298 4669/4687/4669 1766/2275/1766
f 2196/2827/2196 612/273/612 615/272/615
f 2205/2849/2205 615/272/615 2206/2276/2206
f 2198/2848/2198 1768/2277/1768 1767/2278/1767
f 3297/4688/3297 1767/2278/1767 1708/2274/1708
f 2072/4693/2072 4670/4691/4670 2073/2826/2073
f 2072/4693/2072 234/4700/234 3296/4694/3296
f 4670/4691/4670 3296/4694/3296 1769/2282/1769
f 3291/4692/3291 4671/4695/4671 2202/2825/2202
f 4008/2281/4008 1704/2286/1704 3291/4692/3291
f 2071/4697/2071 1770/4698/1770 3289/4699/3289
f 1770/4698/1770 3295/2289/3295 4010/2288/4010
f 3289/4699/3289 1770/4698/1770 3290/2287/3290
f 4012/914/4012 4672/915/4672 158/2270/158
f 217/3434/217 3302/4681/3302 4673/2292/4673
f 3306/3831/3306 1732/2297/1732 4675/4701/4675
f 4675/4701/4675 1732/2297/1732 157/2295/157
f 2730/3832/2730 4675/4701/4675 1987/4702/1987
f 3306/3831/3306 1717/2298/1717 1732/2297/1732
f 3058/4311/3058 4564/4703/4564 1776/2302/1776
f 4564/4703/4564 2989/4287/2989 1987/4702/1987
f 2989/4287/2989 2730/3832/2730 1987/4702/1987
f 4676/2301/4676 1776/2302/1776 4016/2299/4016
f 168/2304/168 1612/2059/1612 3196/4529/3196
f 3196/4529/3196 1612/2059/1612 4677/2303/4677
f 4620/4530/4620 4677/2303/4677 3287/3971/3287
f 197/4219/197 3315/4218/3315 1779/2307/1779
f 3316/2220/3316 1779/2307/1779 3315/4218/3315
f 4679/4704/4679 3347/3075/3347 3348/3080/3348
f 4679/4704/4679 2246/4708/2246 4681/4707/4681
f 3348/3080/3348 3349/3079/3349 2246/4708/2246
f 3337/4709/3337 4678/4706/4678 2281/3046/2281
f 3337/4709/3337 4682/4710/4682 4679/4704/4679
f 4682/4710/4682 3338/5126/3338 3347/3075/3347
f 3349/3079/3349 332/2901/332 2246/4708/2246
f 4681/4707/4681 2247/4711/2247 252/3052/252
f 4680/4705/4680 4681/4707/4681 2279/4712/2279
f 4678/4706/4678 4680/4705/4680 2280/3047/2280
f 4682/4710/4682 4683/4719/4683 4685/4715/4685
f 4684/4713/4684 4685/4715/4685 3341/2986/3341
f 4682/4710/4682 3337/4718/3337 4683/4719/4683
f 3337/4718/3337 253/3008/253 2250/3011/2250
f 4683/4719/4683 2250/3011/2250 2251/3012/2251
f 4685/4715/4685 2251/3012/2251 2252/3014/2252
f 3341/2986/3341 2252/3014/2252 254/3017/254
f 3344/4716/3344 4684/4713/4684 3342/2978/3342
f 3346/4717/3346 4682/4710/4682 3345/4714/3345
f 2271/3096/2271 4686/4725/4686 4687/4720/4687
f 2270/3095/2270 4687/4720/4687 3354/4721/3354
f 251/3094/251 2272/4724/2272 2271/3096/2271
f 2272/4724/2272 2273/4752/2273 4686/4725/4686
f 2273/4752/2273 2274/4726/2274 4686/4725/4686
f 2274/4726/2274 252/3052/252 2247/4727/2247
f 4686/4725/4686 2247/4727/2247 2246/4708/2246
f 4687/4720/4687 2246/4708/2246 332/2901/332
f 2242/4729/2242 3367/3087/3367 2241/3088/2241
f 232/4728/232 4740/5030/4740 3367/3087/3367
f 4740/5030/4740 3329/3089/3329 3367/3087/3367
f 2217/4731/2217 2240/4730/2240 3366/3098/3366
f 4688/4735/4688 4689/4732/4689 4690/4734/4690
f 4690/4734/4690 3369/4733/3369 3368/2636/3368
f 231/3041/231 3328/4737/3328 4688/4735/4688
f 3328/4737/3328 3329/4738/3329 4689/4732/4689
f 4689/4732/4689 3370/2341/3370 3369/4733/3369
f 4690/4734/4690 3368/2636/3368 3334/2637/3334
f 4691/4736/4691 4690/4734/4690 3333/2340/3333
f 2121/4739/2121 4691/4736/4691 3332/2339/3332
f 2120/509/2120 4688/4735/4688 4691/4736/4691
f 3351/2990/3351 4692/4741/4692 3365/3114/3365
f 4716/4743/4716 4692/4741/4692 3352/2991/3352
f 4716/4743/4716 239/2668/239 2093/2699/2093
f 4692/4741/4692 2093/2699/2093 229/2630/229
f 4694/4744/4694 4696/4747/4696 4695/4745/4695
f 4696/4747/4696 4698/4753/4698 4697/4748/4697
f 3330/4749/3330 4693/4746/4693 2272/4724/2272
f 3331/4750/3331 4694/4744/4694 4693/4746/4693
f 336/4751/336 3388/4724/3388 4694/4744/4694
f 3388/4724/3388 3389/4752/3389 4696/4747/4696
f 3389/4752/3389 3390/3054/3390 4698/4753/4698
f 4698/4753/4698 2283/3053/2283 2282/3050/2282
f 4697/4748/4697 2282/3050/2282 252/3052/252
f 4695/4745/4695 4697/4748/4697 2274/4726/2274
f 4693/4746/4693 4695/4745/4695 2273/4752/2273
f 4699/4754/4699 4701/4761/4701 4700/4757/4700
f 4699/4754/4699 4702/4758/4702 4701/4761/4701
f 2123/3028/2123 4699/4754/4699 2124/4756/2124
f 331/3031/331 2070/4759/2070 4702/4758/4702
f 2070/4759/2070 230/3063/230 2083/4760/2083
f 4702/4758/4702 2083/4760/2083 2084/3071/2084
f 4701/4761/4701 2084/3071/2084 2085/3070/2085
f 4700/4757/4700 2085/3070/2085 236/4740/236
f 3333/4755/3333 4700/4757/4700 3332/2362/3332
f 4704/4762/4704 4706/4765/4706 4705/4763/4705
f 4706/4765/4706 4708/4771/4708 4707/4766/4707
f 2285/4767/2285 4703/4764/4703 2243/3092/2243
f 2284/2373/2284 4704/4762/4704 4703/4764/4703
f 3379/4769/3379 3378/4770/3378 4706/4765/4706
f 3378/4770/3378 3377/4772/3377 4708/4771/4708
f 3377/4772/3377 336/4751/336 3331/4750/3331
f 4707/4766/4707 3331/4750/3331 3330/4749/3330
f 4707/4766/4707 3330/4749/3330 251/3094/251
f 4705/4763/4705 4707/4766/4707 251/3094/251
f 4703/4764/4703 4705/4763/4705 2243/3093/2243
f 4709/4773/4709 4710/4777/4710 4712/4774/4712
f 339/3076/339 3413/4776/3413 4709/4773/4709
f 3413/4776/3413 3412/4778/3412 4710/4777/4710
f 4712/4774/4712 2218/3184/2218 2227/2897/2227
f 3319/2895/3319 4712/4774/4712 3336/2896/3336
f 4181/2899/4181 4711/4775/4711 3319/2895/3319
f 4180/2902/4180 4709/4773/4709 4711/4775/4711
f 2063/4779/2063 2062/4781/2062 3354/4721/3354
f 3355/4722/3355 2217/4731/2217 333/3097/333
f 2322/3187/2322 4713/4783/4713 3432/2391/3432
f 4360/4784/4360 4713/4783/4713 2052/3529/2052
f 2052/3529/2052 4713/4783/4713 2322/3187/2322
f 2539/3510/2539 219/3175/219 4713/4783/4713
f 3345/4714/3345 4714/4785/4714 3362/2886/3362
f 4714/4785/4714 2258/4786/2258 3362/2886/3362
f 3359/3120/3359 4714/4785/4714 3344/4716/3344
f 2258/4786/2258 2257/2887/2257 3363/2885/3363
f 2258/4786/2258 3363/2885/3363 3362/2886/3362
f 4716/4743/4716 4715/2670/4715 4130/2665/4130
f 331/2989/331 3335/2669/3335 3327/4742/3327
f 3390/3054/3390 3389/4752/3389 4718/4789/4718
f 4718/4789/4718 4717/4788/4717 3383/4791/3383
f 3391/4792/3391 4719/4787/4719 3388/4724/3388
f 3391/4792/3391 4722/4797/4722 4717/4788/4717
f 4719/4787/4719 4718/4789/4718 3389/4752/3389
f 3383/4791/3383 4717/4788/4717 3392/4794/3392
f 3392/4794/3392 4717/4788/4717 4722/4797/4722
f 3391/4792/3391 4721/4798/4721 4720/4796/4720
f 336/4751/336 3377/4772/3377 3391/4792/3391
f 3377/4772/3377 3378/4770/3378 4721/4798/4721
f 4733/4800/4733 4720/4796/4720 4721/4798/4721
f 3392/4794/3392 4722/4797/4722 3393/4799/3393
f 3393/4799/3393 4722/4797/4722 4720/4796/4720
f 4723/4802/4723 4724/4790/4724 3383/4791/3383
f 337/3010/337 3396/3057/3396 4723/4802/4723
f 3396/3057/3396 3395/3055/3395 4724/4790/4724
f 3399/4804/3399 4723/4802/4723 3398/4801/3398
f 4727/4805/4727 4725/4808/4725 4728/4806/4728
f 3399/4804/3399 4726/4807/4726 3385/3011/3385
f 3398/4801/3398 4727/4805/4727 4726/4807/4726
f 4726/4807/4726 4728/4806/4728 3386/3012/3386
f 3400/4810/3400 4727/4809/4727 3398/4801/3398
f 338/3017/338 3387/3014/3387 4728/4806/4728
f 3387/3014/3387 3386/3012/3386 4728/4806/4728
f 3401/4812/3401 4728/4806/4728 4725/4808/4725
f 4732/4813/4732 4729/4816/4729 4730/4814/4730
f 3380/2438/3380 4730/4814/4730 3400/4810/3400
f 3380/2438/3380 3381/2439/3381 4730/4814/4730
f 3400/4810/3400 4730/4814/4730 4729/4816/4729
f 3402/4818/3402 4731/4815/4731 3382/2441/3382
f 3403/4819/3403 4732/4813/4732 4731/4815/4731
f 4731/4815/4731 4730/4814/4730 3381/2443/3381
f 4725/4808/4725 4729/4816/4729 3401/4812/3401
f 3401/4812/3401 4732/4817/4732 3403/4819/3403
f 3405/4820/3405 3406/4822/3406 4733/4800/4733
f 3376/2448/3376 3405/4820/3405 4734/4821/4734
f 3379/4768/3379 3374/2450/3374 4734/4821/4734
f 4721/4798/4721 4734/4821/4734 4733/4800/4733
f 4736/4824/4736 3381/4827/3381 4735/4825/4735
f 334/533/334 3382/2458/3382 4736/4824/4736
f 3371/3067/3371 4736/4824/4736 4738/4826/4738
f 3406/4822/3406 4735/4825/4735 3380/4828/3380
f 3373/4831/3373 4737/4830/4737 3405/4820/3405
f 3372/4832/3372 4738/4829/4738 4737/4830/4737
f 4737/4830/4737 4735/4825/4735 3406/4822/3406
f 4739/4838/4739 4740/4835/4740 233/4837/233
f 3408/2638/3408 4739/4838/4739 2071/4833/2071
f 3329/4738/3329 4740/4835/4740 4739/4838/4739
f 4740/4835/4740 232/5127/232 4172/4836/4172
f 4739/4838/4739 233/4837/233 3295/4839/3295
f 2217/4731/2217 159/2472/159 4074/2471/4074
f 4741/4840/4741 4074/2471/4074 4075/2473/4075
f 4741/4840/4741 4075/2473/4075 1778/2476/1778
f 2242/4729/2242 1778/2476/1778 232/4728/232
f 2241/3088/2241 4741/4840/4741 2242/4729/2242
f 4742/4841/4742 4744/4844/4744 4743/4842/4743
f 4744/4844/4744 4745/3081/4745 4743/4842/4743
f 3412/4778/3412 3413/4776/3413 4742/4841/4742
f 3413/4776/3413 339/3076/339 2231/3072/2231
f 4742/4841/4742 2231/3072/2231 4248/3074/4248
f 4744/4844/4744 4248/3074/4248 4745/3081/4745
f 4745/3081/4745 3326/3083/3326 3325/5035/3325
f 4745/3081/4745 3325/5035/3325 3324/2481/3324
f 4743/4842/4743 3324/2481/3324 2290/4871/2290
f 3412/4778/3412 4743/4842/4743 2289/4843/2289
f 2223/2939/2223 4746/2940/4746 2234/2962/2234
f 225/2964/225 2234/2962/2234 4746/2940/4746
f 4748/4847/4748 3321/4849/3321 2229/2938/2229
f 2219/2995/2219 4747/4848/4747 2228/2937/2228
f 2220/2999/2220 4748/4847/4748 4747/4848/4747
f 224/453/224 3320/4850/3320 4748/4847/4748
f 3321/4849/3321 330/5049/330 3414/4851/3414
f 3319/2895/3319 3419/2898/3419 3318/2903/3318
f 3419/2898/3419 183/2490/183 1869/2489/1869
f 3432/5128/3432 3434/3132/3434 3420/3137/3420
f 3420/3137/3420 3434/3132/3434 3433/3131/3433
f 3425/2929/3425 4749/4853/4749 2293/2953/2293
f 2304/3136/2304 3432/5128/3432 3420/3137/3420
f 3432/5128/3432 4713/5038/4713 3434/3132/3434
f 4713/5038/4713 219/3133/219 3434/3132/3434
f 4749/4853/4749 3433/3131/3433 2295/2947/2295
f 4750/4856/4750 4753/4855/4753 4752/5129/4752
f 4752/5129/4752 4753/4855/4753 4754/4858/4754
f 3430/4860/3430 4750/4856/4750 2290/4845/2290
f 3431/4859/3431 4751/4854/4751 4750/4856/4750
f 3447/4861/3447 3446/4862/3446 4753/4855/4753
f 4754/4858/4754 3445/4857/3445 3427/3181/3427
f 2289/4843/2289 4754/4858/4754 3426/3180/3426
f 4752/5129/4752 4754/4858/4754 2289/4843/2289
f 4750/4856/4750 4752/5129/4752 2289/4843/2289
f 4755/4863/4755 4756/4867/4756 4758/4864/4758
f 4758/4864/4758 4760/4870/4760 4759/4866/4759
f 340/2952/340 3429/5050/3429 4755/4863/4755
f 3429/5050/3429 3428/2951/3428 4755/4863/4755
f 345/2952/345 3464/4868/3464 4756/4867/4756
f 3464/4868/3464 3463/4869/3463 4758/4864/4758
f 3463/4869/3463 3447/4861/3447 3431/4859/3431
f 4760/4870/4760 3431/4859/3431 3430/4860/3430
f 4759/4866/4759 3430/4860/3430 2290/4871/2290
f 4757/4865/4757 4759/4866/4759 3421/4872/3421
f 3422/2930/3422 4755/4863/4755 4757/4865/4757
f 1927/2521/1927 3458/4873/3458 1926/2567/1926
f 4761/4876/4761 1926/2567/1926 3459/4874/3459
f 1925/2563/1925 4761/4876/4761 342/4875/342
f 187/4877/187 3443/5130/3443 3458/4873/3458
f 3462/4882/3462 3461/2527/3461 4762/4879/4762
f 3455/4883/3455 3462/4882/3462 4762/4879/4762
f 3445/4857/3445 3446/4862/3446 4763/4878/4763
f 3460/4880/3460 4762/4879/4762 3461/2527/3461
f 3453/4885/3453 4763/4878/4763 3447/4861/3447
f 3454/4884/3454 4762/4879/4762 4763/4878/4763
f 4764/4886/4764 4765/4889/4765 4768/4887/4768
f 4765/4889/4765 4766/4893/4766 3435/4890/3435
f 343/2921/343 3444/4891/3444 4764/4886/4764
f 3444/4891/3444 4774/4892/4774 4765/4889/4765
f 4774/4892/4774 4775/4894/4775 4766/4893/4766
f 4775/4894/4775 342/4875/342 3438/4895/3438
f 3435/4890/3435 3438/4895/3438 3452/2539/3452
f 4767/4888/4767 4768/4887/4768 3436/2538/3436
f 3441/2999/3441 4767/4888/4767 3437/4896/3437
f 3440/2997/3440 4764/4886/4764 4767/4888/4767
f 4770/4897/4770 3454/4884/3454 3453/4885/3453
f 4771/4899/4771 3455/4883/3455 3454/4884/3454
f 3468/4900/3468 4769/4898/4769 3464/4868/3464
f 3469/4901/3469 4770/4897/4770 4769/4898/4769
f 3470/4902/3470 4771/4899/4771 4770/4897/4770
f 3470/4902/3470 3452/4881/3452 3455/4883/3455
f 4769/4898/4769 3453/4885/3453 3463/4869/3463
f 3471/4928/3471 3472/4905/3472 4772/4904/4772
f 3467/4903/3467 3466/4906/3466 4772/4904/4772
f 344/3104/344 3471/4928/3471 4772/4904/4772
f 3473/4908/3473 3467/4903/3467 3472/4905/3472
f 3448/3100/3448 4773/4907/4773 3465/4909/3465
f 344/3104/344 4772/4904/4772 4773/4907/4773
f 1909/2559/1909 1910/2542/1910 4774/4892/4774
f 1910/2542/1910 1911/2543/1911 4775/4894/4775
f 1903/2541/1903 342/4875/342 4775/4894/4775
f 3442/4910/3442 1909/2559/1909 3444/4891/3444
f 4761/4876/4761 3459/4874/3459 3461/4911/3461
f 3459/4874/3459 3458/4873/3458 3460/4913/3460
f 3458/4873/3458 3443/3183/3443 3439/4914/3439
f 3460/4913/3460 3439/4914/3439 3427/2565/3427
f 3438/4895/3438 4761/4876/4761 3462/4912/3462
f 4779/4918/4779 4780/4916/4780 4776/4915/4776
f 3465/4920/3465 4777/4917/4777 3451/2941/3451
f 3466/4906/3466 4776/4915/4776 4777/4917/4777
f 4777/4917/4777 4780/4916/4780 3450/2944/3450
f 3470/4902/3470 4778/4919/4778 3467/4903/3467
f 3467/4903/3467 4778/4919/4778 4776/4915/4776
f 345/2952/345 3449/2950/3449 4779/4918/4779
f 3449/2950/3449 3450/2944/3450 4780/4916/4780
f 3468/4900/3468 4779/4918/4779 4778/4919/4778
f 4782/4924/4782 4783/4927/4783 3473/4908/3473
f 341/2907/341 3437/4926/3437 4781/4923/4781
f 3437/4926/3437 3436/2583/3436 4782/4924/4782
f 3436/2583/3436 3435/2584/3435 4783/4927/4783
f 4783/4927/4783 3452/4881/3452 3470/4902/3470
f 4784/4925/4784 4782/4924/4782 3472/4905/3472
f 3457/2911/3457 4784/4925/4784 3471/4928/3471
f 3456/2910/3456 4781/4923/4781 4784/4925/4784
o Eyebrows
v 0.658997 0.813693 -0.142071
v 0.198886 1.037430 0.033560
v 0.661698 0.792669 -0.204590
v 0.360775 0.994487 -0.077864
v 0.356448 0.922385 -0.178734
v 0.385509 0.920016 -0.070900
v 0.647859 0.737718 -0.203958
v 0.440554 0.883224 -0.203538
v 0.168947 0.990788 0.054702
v 0.645134 0.757431 -0.129224
v -0.658997 0.813693 -0.142071
v -0.198887 1.037430 0.033560
v -0.661698 0.792670 -0.204590
v -0.360776 0.994487 -0.077865
v -0.356447 0.922385 -0.178734
v -0.385509 0.920016 -0.070900
v -0.647859 0.737718 -0.203958
v -0.168947 0.990788 0.054702
v -0.645134 0.757431 -0.129224
v 0.393304 0.899475 -0.168104
v 0.336870 0.928240 -0.078831
v 0.567456 0.813284 -0.122390
v 0.536826 0.820956 -0.165892
v 0.556549 0.799911 -0.198165
v 0.260105 0.955699 -0.025917
v 0.249779 0.955104 -0.076214
v 0.480097 0.851859 -0.184726
v 0.670424 0.790183 -0.190709
v 0.668162 0.806048 -0.165746
v 0.385898 0.978557 -0.168580
v 0.189964 1.044245 0.021919
v 0.161391 1.046935 0.006338
v 0.198861 1.037782 -0.066760
v 0.624225 0.850997 -0.141251
v 0.640797 0.817331 -0.209222
v 0.594592 0.854997 -0.210529
v 0.598435 0.864542 -0.195093
v 0.245314 1.030968 0.002860
v 0.328575 1.001159 -0.145813
v 0.266118 1.020998 -0.113394
v 0.256439 1.034764 -0.056000
v 0.244559 1.034557 -0.076055
v 0.503485 0.933393 -0.126409
v 0.537464 0.895483 -0.205166
v 0.459503 0.942570 -0.190574
v 0.521104 0.918226 -0.186522
v 0.241839 0.998912 -0.124379
v 0.253796 1.012977 -0.121052
v 0.341459 0.922988 -0.162370
v 0.546747 0.897869 -0.124803
v 0.381728 0.914449 -0.079018
v 0.583767 0.825308 -0.223690
v 0.590043 0.842576 -0.219463
v 0.637260 0.739787 -0.196840
v 0.298988 0.952008 -0.023639
v 0.295587 0.947314 -0.032047
v 0.126837 1.026170 -0.013964
v 0.151478 1.043089 -0.022080
v 0.423977 0.883793 -0.191708
v 0.163441 0.983790 0.041558
v 0.631821 0.761925 -0.128095
v 0.227235 0.972490 -0.120840
v 0.366110 0.955643 -0.180669
v 0.476028 0.871839 -0.110404
v 0.466312 0.883873 -0.099632
v 0.412405 0.963423 -0.088048
v 0.433113 0.942143 -0.090192
v 0.517706 0.826546 -0.207123
v 0.660804 0.768229 -0.207899
v 0.331605 0.993508 -0.047158
v 0.312500 0.983081 -0.028276
v 0.122378 0.988557 -0.010580
v 0.112274 0.996548 -0.009257
v 0.545183 0.836013 -0.115083
v 0.558078 0.834674 -0.114445
v 0.472076 0.899637 -0.209854
v 0.183426 1.020511 0.049749
v 0.658488 0.788336 -0.133526
v 0.145682 0.998840 0.050537
v 0.125634 1.001316 0.036305
v 0.113840 1.001658 0.015216
v 0.622687 0.818064 -0.119238
v 0.198058 0.988015 0.047387
v 0.516745 0.862807 -0.108511
v 0.149437 0.986116 -0.063816
v 0.179476 0.984245 -0.088647
v 0.573533 0.796548 -0.221207
v 0.441017 0.902667 -0.090329
v 0.290719 0.953194 -0.153509
v -0.646902 0.741899 -0.154417
v -0.430770 0.894360 -0.097218
v -0.339056 0.930617 -0.059991
v -0.393307 0.899473 -0.168104
v -0.122378 0.988557 -0.010578
v -0.567456 0.813284 -0.122390
v -0.556552 0.799909 -0.198166
v -0.536827 0.820956 -0.165890
v -0.272876 0.954033 -0.017848
v -0.251686 0.954410 -0.108083
v -0.246490 0.957497 -0.043707
v -0.527587 0.840517 -0.120188
v -0.476027 0.871839 -0.110404
v -0.517707 0.826546 -0.207123
v -0.480096 0.851859 -0.184727
v -0.441403 0.877055 -0.159280
v -0.670424 0.790184 -0.190709
v -0.668162 0.806048 -0.165747
v -0.385898 0.978557 -0.168580
v -0.189964 1.044245 0.021919
v -0.161390 1.046935 0.006338
v -0.198863 1.037782 -0.066761
v -0.624224 0.850998 -0.141251
v -0.640797 0.817331 -0.209222
v -0.594592 0.854997 -0.210529
v -0.598438 0.864540 -0.195093
v -0.245313 1.030968 0.002861
v -0.328573 1.001160 -0.145812
v -0.266118 1.020998 -0.113394
v -0.256441 1.034764 -0.056000
v -0.244555 1.034557 -0.076054
v -0.503484 0.933393 -0.126409
v -0.537468 0.895480 -0.205167
v -0.459505 0.942569 -0.190575
v -0.521104 0.918227 -0.186522
v -0.241839 0.998912 -0.124379
v -0.253794 1.012977 -0.121051
v -0.341459 0.922988 -0.162371
v -0.546746 0.897870 -0.124803
v -0.583766 0.825308 -0.223690
v -0.590043 0.842576 -0.219463
v -0.637260 0.739787 -0.196841
v -0.298989 0.952008 -0.023639
v -0.126837 1.026170 -0.013964
v -0.151478 1.043089 -0.022080
v -0.423976 0.883793 -0.191707
v -0.163441 0.983790 0.041558
v -0.631821 0.761925 -0.128096
v -0.227235 0.972490 -0.120839
v -0.366110 0.955642 -0.180669
v -0.466313 0.883873 -0.099633
v -0.441017 0.902667 -0.090329
v -0.412405 0.963423 -0.088048
v -0.433114 0.942142 -0.090192
v -0.573533 0.796548 -0.221207
v -0.660804 0.768229 -0.207899
v -0.331605 0.993508 -0.047158
v -0.312499 0.983081 -0.028276
v -0.112274 0.996548 -0.009257
v -0.545182 0.836014 -0.115083
v -0.558078 0.834674 -0.114445
v -0.472075 0.899637 -0.209854
v -0.183426 1.020511 0.049749
v -0.658488 0.788336 -0.133526
v -0.145682 0.998840 0.050537
v -0.125634 1.001316 0.036305
v -0.113840 1.001658 0.015216
v -0.622687 0.818064 -0.119238
v -0.659783 0.736928 -0.187604
v -0.198058 0.988015 0.047387
v -0.417436 0.927216 -0.197591
v -0.516744 0.862807 -0.108511
v -0.149437 0.986116 -0.063816
v -0.179476 0.984245 -0.088647
v -0.290719 0.953194 -0.153509
v 0.422845 0.889315 -0.140957
v 0.366213 0.998072 -0.098370
v 0.355391 1.003217 -0.116942
v 0.341728 1.004711 -0.133627
v 0.628677 0.848335 -0.176256
v 0.630657 0.848673 -0.156228
v 0.647770 0.823087 -0.194332
v 0.655351 0.824530 -0.165880
v 0.549585 0.907124 -0.171467
v 0.553635 0.906429 -0.152979
v 0.243086 1.037541 -0.017614
v 0.196184 1.047597 -0.009529
v 0.184089 1.046933 -0.028523
v 0.434483 0.965556 -0.166764
v 0.457915 0.959906 -0.152358
v 0.470337 0.954486 -0.134959
v 0.305518 0.979453 -0.156938
v 0.316823 0.993366 -0.153476
v 0.445303 0.921679 -0.091688
v 0.642772 0.780738 -0.218392
v 0.618547 0.799052 -0.223109
v 0.640203 0.802928 -0.217192
v 0.372845 0.960825 -0.063711
v 0.193572 1.010875 -0.092028
v 0.163142 1.017778 -0.066666
v 0.139701 1.022896 -0.040300
v 0.185415 1.029688 -0.073460
v 0.152962 1.035917 -0.039192
v 0.551186 0.863703 -0.116056
v 0.557266 0.875289 -0.119739
v 0.417436 0.927215 -0.197592
v 0.398597 0.960475 -0.184579
v 0.210515 1.014569 0.042185
v 0.240914 1.006354 0.024666
v 0.227970 1.025669 0.027577
v 0.668766 0.776392 -0.149705
v 0.673355 0.768091 -0.170006
v 0.670681 0.763306 -0.190762
v 0.673344 0.790480 -0.163026
v 0.643703 0.803130 -0.124325
v 0.639815 0.825758 -0.129087
v 0.521568 0.869269 -0.217977
v 0.506613 0.900735 -0.210723
v 0.126659 1.026941 0.011240
v 0.139302 1.027649 0.031926
v 0.158906 1.025031 0.045717
v 0.142378 1.040350 0.005176
v 0.161754 1.039295 0.032578
v 0.114746 0.994349 0.014103
v 0.125494 0.994082 0.034109
v 0.144085 0.991481 0.047420
v 0.507010 0.838154 -0.214253
v 0.610820 0.788029 -0.116248
v 0.630286 0.772195 -0.119738
v 0.646903 0.741899 -0.154417
v 0.656651 0.732742 -0.186591
v 0.655450 0.745129 -0.145873
v 0.659851 0.736691 -0.166440
v 0.192706 0.980785 0.044586
v 0.225504 0.976125 0.030641
v 0.527585 0.840518 -0.120188
v 0.140564 0.983838 -0.045555
v 0.124584 0.992811 -0.035552
v 0.347503 0.933812 -0.052976
v 0.616075 0.754752 -0.211344
v 0.629741 0.749400 -0.214542
v 0.602197 0.768849 -0.219598
v 0.430769 0.894360 -0.097218
v 0.261323 0.952870 -0.130242
v 0.247266 0.961288 -0.131306
v -0.325678 0.930728 -0.091940
v -0.403277 0.901516 -0.109257
v -0.366212 0.998072 -0.098370
v -0.355393 1.003216 -0.116943
v -0.341725 1.004712 -0.133626
v -0.647771 0.823087 -0.194332
v -0.628676 0.848336 -0.176256
v -0.655351 0.824530 -0.165880
v -0.630658 0.848673 -0.156228
v -0.549585 0.907124 -0.171467
v -0.553636 0.906428 -0.152979
v -0.196185 1.047597 -0.009529
v -0.184090 1.046933 -0.028524
v -0.243084 1.037541 -0.017613
v -0.434482 0.965556 -0.166764
v -0.457916 0.959906 -0.152358
v -0.470339 0.954484 -0.134960
v -0.305518 0.979453 -0.156938
v -0.316822 0.993367 -0.153475
v -0.445303 0.921678 -0.091688
v -0.642772 0.780738 -0.218391
v -0.640203 0.802928 -0.217192
v -0.618547 0.799052 -0.223109
v -0.372845 0.960826 -0.063711
v -0.193573 1.010875 -0.092029
v -0.185413 1.029688 -0.073459
v -0.163142 1.017777 -0.066666
v -0.139701 1.022896 -0.040300
v -0.152962 1.035917 -0.039192
v -0.551186 0.863703 -0.116056
v -0.557266 0.875288 -0.119739
v -0.398597 0.960475 -0.184579
v -0.210515 1.014569 0.042185
v -0.227970 1.025669 0.027577
v -0.240914 1.006354 0.024666
v -0.668766 0.776393 -0.149705
v -0.673344 0.790480 -0.163026
v -0.673355 0.768091 -0.170006
v -0.670681 0.763306 -0.190762
v -0.639815 0.825758 -0.129087
v -0.643703 0.803130 -0.124325
v -0.521567 0.869269 -0.217977
v -0.506613 0.900735 -0.210723
v -0.126659 1.026941 0.011240
v -0.142378 1.040350 0.005176
v -0.139302 1.027649 0.031926
v -0.161754 1.039294 0.032578
v -0.158906 1.025031 0.045717
v -0.114746 0.994349 0.014102
v -0.125495 0.994082 0.034109
v -0.144085 0.991481 0.047420
v -0.507008 0.838155 -0.214252
v -0.610820 0.788029 -0.116248
v -0.630286 0.772195 -0.119738
v -0.655450 0.745129 -0.145873
v -0.659851 0.736691 -0.166440
v -0.654328 0.733024 -0.185411
v -0.192706 0.980786 0.044586
v -0.225504 0.976125 0.030641
v -0.440555 0.883224 -0.203538
v -0.140565 0.983838 -0.045557
v -0.124584 0.992811 -0.035552
v -0.347503 0.933812 -0.052976
v -0.616075 0.754752 -0.211344
v -0.629741 0.749400 -0.214542
v -0.602197 0.768849 -0.219598
v -0.269275 0.951060 -0.136153
v -0.247266 0.961288 -0.131306
vn 0.7970 0.4163 0.4376
vn 0.2511 0.7562 0.6042
vn 0.7340 0.2585 -0.6280
vn 0.4886 0.7793 0.3924
vn -0.4618 -0.3946 -0.7944
vn 0.1551 -0.4905 0.8575
vn 0.2149 -0.7731 -0.5968
vn -0.3380 -0.2361 -0.9110
vn -0.0576 -0.3751 0.9252
vn 0.2698 -0.5672 0.7781
vn -0.7970 0.4163 0.4376
vn -0.2511 0.7562 0.6042
vn -0.7340 0.2585 -0.6280
vn -0.4886 0.7793 0.3924
vn 0.4617 -0.3947 -0.7944
vn -0.1786 -0.4329 0.8836
vn -0.2075 -0.7711 -0.6020
vn 0.0576 -0.3751 0.9252
vn -0.2698 -0.5672 0.7781
vn -0.4113 -0.9087 0.0718
vn -0.3034 -0.9477 0.0991
vn -0.5215 -0.7241 0.4513
vn -0.5474 -0.8131 0.1981
vn -0.5843 -0.7986 0.1442
vn -0.2280 -0.9668 0.1151
vn -0.2750 -0.9611 0.0258
vn -0.4920 -0.8582 0.1467
vn 0.9180 0.2365 -0.3183
vn 0.8908 0.4543 -0.0104
vn 0.1177 0.7992 -0.5894
vn 0.1165 0.9483 0.2952
vn -0.1758 0.9774 0.1174
vn -0.1311 0.9109 -0.3911
vn 0.6032 0.7014 0.3798
vn 0.5468 0.5116 -0.6628
vn 0.4160 0.5845 -0.6966
vn 0.5378 0.7355 -0.4120
vn 0.4629 0.7927 0.3966
vn 0.0459 0.8282 -0.5586
vn -0.0134 0.8861 -0.4634
vn 0.2407 0.9698 -0.0402
vn 0.0971 0.9702 -0.2219
vn 0.5135 0.7624 0.3937
vn 0.3425 0.6201 -0.7058
vn 0.2157 0.6955 -0.6854
vn 0.4125 0.8077 -0.4212
vn -0.4165 0.3254 -0.8489
vn -0.2500 0.6484 -0.7191
vn -0.4325 -0.8810 -0.1920
vn 0.4603 0.5274 0.7141
vn -0.1898 -0.9018 0.3883
vn 0.0226 0.0732 -0.9971
vn 0.2267 0.3405 -0.9125
vn -0.4577 -0.8877 -0.0501
vn 0.3187 -0.5670 0.7596
vn -0.0992 -0.9314 0.3501
vn -0.7792 0.5822 -0.2321
vn -0.3965 0.8893 -0.2280
vn -0.5037 -0.8519 -0.1432
vn -0.2005 -0.9301 0.3079
vn -0.3855 -0.7503 0.5371
vn -0.5452 -0.0888 -0.8336
vn -0.2494 0.2256 -0.9418
vn -0.3946 -0.8336 0.3866
vn -0.1207 -0.6227 0.7731
vn 0.4745 0.4711 0.7436
vn 0.4050 0.2458 0.8806
vn -0.5644 -0.8144 -0.1352
vn 0.6602 -0.1550 -0.7349
vn 0.5813 0.4615 0.6701
vn 0.5758 0.0827 0.8134
vn -0.4505 -0.8924 -0.0261
vn -0.9632 -0.1990 -0.1804
vn -0.2252 -0.4635 0.8570
vn 0.0322 -0.0265 0.9991
vn -0.1116 0.1610 -0.9806
vn 0.1183 0.3765 0.9188
vn 0.7175 0.0069 0.6965
vn -0.3878 0.0459 0.9206
vn -0.7311 0.1372 0.6683
vn -0.9478 0.1769 0.2654
vn 0.2512 0.1939 0.9483
vn 0.3171 -0.2314 0.9197
vn 0.1662 -0.0676 0.9838
vn -0.6841 -0.3599 -0.6345
vn -0.6115 -0.1299 -0.7805
vn -0.2025 -0.2265 -0.9527
vn 0.2915 -0.0342 0.9560
vn -0.4398 -0.1193 -0.8901
vn 0.3271 -0.8899 0.3180
vn 0.2826 -0.8978 0.3377
vn 0.1836 -0.9335 0.3080
vn 0.4186 -0.9040 0.0867
vn 0.4520 -0.8917 -0.0262
vn 0.5215 -0.7241 0.4513
vn 0.5843 -0.7986 0.1442
vn 0.5474 -0.8131 0.1981
vn 0.1054 -0.9520 0.2874
vn 0.2991 -0.9538 -0.0279
vn 0.2435 -0.9676 0.0673
vn 0.4319 -0.7969 0.4223
vn 0.3951 -0.8341 0.3849
vn 0.5644 -0.8144 -0.1352
vn 0.4936 -0.8569 0.1485
vn 0.4247 -0.8867 0.1828
vn -0.9180 0.2365 -0.3183
vn -0.8908 0.4543 -0.0104
vn -0.1177 0.7992 -0.5894
vn -0.1165 0.9483 0.2952
vn 0.1758 0.9774 0.1174
vn 0.1311 0.9109 -0.3911
vn -0.6032 0.7014 0.3798
vn -0.5468 0.5116 -0.6628
vn -0.4160 0.5845 -0.6966
vn -0.5378 0.7355 -0.4120
vn -0.4629 0.7927 0.3966
vn -0.0459 0.8282 -0.5586
vn 0.0134 0.8861 -0.4634
vn -0.2407 0.9698 -0.0402
vn -0.0971 0.9702 -0.2219
vn -0.5135 0.7624 0.3937
vn -0.3425 0.6201 -0.7058
vn -0.2157 0.6955 -0.6854
vn -0.4125 0.8077 -0.4212
vn 0.4165 0.3254 -0.8489
vn 0.2500 0.6484 -0.7191
vn 0.4241 -0.8865 -0.1851
vn -0.4603 0.5274 0.7141
vn -0.0226 0.0732 -0.9971
vn -0.2267 0.3405 -0.9125
vn 0.4630 -0.8847 -0.0547
vn -0.3269 -0.5390 0.7763
vn 0.7792 0.5822 -0.2321
vn 0.3965 0.8893 -0.2280
vn 0.5037 -0.8519 -0.1432
vn 0.2024 -0.9289 0.3103
vn 0.3855 -0.7503 0.5371
vn 0.5452 -0.0888 -0.8336
vn 0.2494 0.2256 -0.9418
vn 0.1207 -0.6227 0.7731
vn -0.2915 -0.0342 0.9560
vn -0.4745 0.4711 0.7436
vn -0.4050 0.2458 0.8806
vn 0.2025 -0.2265 -0.9527
vn -0.6602 -0.1550 -0.7349
vn -0.5813 0.4615 0.6701
vn -0.5758 0.0827 0.8134
vn 0.9632 -0.1990 -0.1804
vn 0.2252 -0.4635 0.8570
vn -0.0322 -0.0265 0.9991
vn 0.1116 0.1610 -0.9806
vn -0.1183 0.3765 0.9188
vn -0.7175 0.0069 0.6965
vn 0.3877 0.0459 0.9206
vn 0.7311 0.1372 0.6683
vn 0.9478 0.1769 0.2654
vn -0.2512 0.1939 0.9483
vn -0.7430 -0.6158 -0.2623
vn -0.3171 -0.2314 0.9197
vn 0.1718 0.1665 -0.9710
vn -0.1662 -0.0676 0.9838
vn 0.6839 -0.3603 -0.6344
vn 0.6115 -0.1299 -0.7805
vn 0.4398 -0.1193 -0.8901
vn -0.3968 -0.9047 0.1549
vn 0.4104 0.9001 0.1463
vn 0.3268 0.9431 -0.0613
vn 0.2125 0.9362 -0.2799
vn 0.6319 0.7477 -0.2040
vn 0.6667 0.7428 0.0617
vn 0.6942 0.6079 -0.3854
vn 0.7685 0.6388 -0.0368
vn 0.5213 0.8263 -0.2132
vn 0.5607 0.8244 0.0772
vn 0.3152 0.9390 0.1378
vn 0.1153 0.9928 0.0338
vn -0.0459 0.9857 -0.1619
vn 0.3061 0.8801 -0.3629
vn 0.4086 0.9002 -0.1504
vn 0.4640 0.8795 0.1059
vn -0.3185 0.2620 -0.9110
vn -0.1480 0.5911 -0.7929
vn 0.3084 0.0595 0.9494
vn 0.3331 -0.0560 -0.9412
vn 0.1193 0.0480 -0.9917
vn 0.4214 0.2512 -0.8714
vn 0.4680 0.0984 0.8783
vn -0.4783 0.3825 -0.7905
vn -0.5938 0.4111 -0.6917
vn -0.6937 0.4793 -0.5376
vn -0.3738 0.7015 -0.6068
vn -0.4647 0.7605 -0.4536
vn 0.2112 0.1295 0.9688
vn 0.2901 0.2728 0.9173
vn -0.1718 0.1665 -0.9710
vn -0.0163 0.5214 -0.8531
vn 0.4103 0.2090 0.8877
vn 0.5811 0.0987 0.8079
vn 0.5010 0.5377 0.6781
vn 0.8821 -0.1215 0.4551
vn 0.9763 -0.1981 0.0877
vn 0.9215 -0.2324 -0.3112
vn 0.9769 0.1495 0.1529
vn 0.4825 0.1225 0.8673
vn 0.5555 0.4544 0.6963
vn -0.0483 0.1066 -0.9931
vn 0.1120 0.4325 -0.8946
vn -0.7608 0.6204 0.1907
vn -0.5600 0.6174 0.5526
vn -0.2284 0.4981 0.8365
vn -0.4920 0.8639 0.1073
vn -0.1921 0.8332 0.5185
vn -0.7610 -0.6074 0.2279
vn -0.6313 -0.6093 0.4798
vn -0.4128 -0.6373 0.6507
vn -0.3863 -0.4404 -0.8104
vn -0.1682 -0.3404 0.9251
vn 0.0404 -0.3600 0.9321
vn -0.3266 -0.8912 0.3149
vn 0.3666 -0.9200 -0.1385
vn 0.4403 -0.6981 0.5646
vn 0.5119 -0.8272 0.2317
vn 0.0485 -0.7915 0.6093
vn 0.3499 -0.5320 0.7711
vn -0.4319 -0.7969 0.4223
vn -0.4612 -0.8632 -0.2055
vn -0.8393 -0.2717 -0.4709
vn 0.2796 -0.4697 0.8374
vn -0.5223 -0.8112 -0.2629
vn -0.0875 -0.6210 -0.7789
vn -0.3084 -0.5140 -0.8004
vn -0.2893 -0.8988 0.3293
vn -0.4072 -0.8856 -0.2233
vn -0.5239 -0.4502 -0.7231
vn 0.3098 -0.9482 0.0711
vn 0.3489 -0.9281 0.1298
vn -0.4104 0.9001 0.1463
vn -0.3268 0.9431 -0.0613
vn -0.2125 0.9362 -0.2799
vn -0.6942 0.6079 -0.3854
vn -0.6319 0.7477 -0.2040
vn -0.7685 0.6388 -0.0368
vn -0.6667 0.7428 0.0617
vn -0.5213 0.8263 -0.2132
vn -0.5607 0.8244 0.0772
vn -0.1153 0.9928 0.0338
vn 0.0459 0.9857 -0.1619
vn -0.3152 0.9390 0.1378
vn -0.3061 0.8801 -0.3629
vn -0.4086 0.9002 -0.1504
vn -0.4640 0.8795 0.1059
vn 0.3185 0.2620 -0.9110
vn 0.1480 0.5911 -0.7929
vn -0.3084 0.0595 0.9494
vn -0.3331 -0.0560 -0.9412
vn -0.4214 0.2512 -0.8714
vn -0.1193 0.0480 -0.9917
vn -0.4680 0.0984 0.8783
vn 0.4783 0.3825 -0.7905
vn 0.3738 0.7015 -0.6068
vn 0.5938 0.4111 -0.6917
vn 0.6937 0.4793 -0.5376
vn 0.4647 0.7605 -0.4536
vn -0.2112 0.1295 0.9688
vn -0.2901 0.2728 0.9173
vn 0.0163 0.5214 -0.8531
vn -0.4103 0.2090 0.8877
vn -0.5010 0.5377 0.6781
vn -0.5811 0.0987 0.8078
vn -0.8821 -0.1215 0.4551
vn -0.9769 0.1495 0.1529
vn -0.9763 -0.1981 0.0877
vn -0.9232 -0.2250 -0.3116
vn -0.5555 0.4544 0.6963
vn -0.4825 0.1225 0.8673
vn 0.0483 0.1066 -0.9931
vn -0.1120 0.4325 -0.8946
vn 0.7608 0.6204 0.1907
vn 0.4920 0.8639 0.1073
vn 0.5600 0.6174 0.5525
vn 0.1921 0.8332 0.5185
vn 0.2284 0.4981 0.8365
vn 0.7610 -0.6074 0.2279
vn 0.6313 -0.6093 0.4798
vn 0.4128 -0.6373 0.6507
vn 0.3863 -0.4404 -0.8104
vn 0.1682 -0.3404 0.9251
vn -0.0404 -0.3600 0.9321
vn -0.4403 -0.6981 0.5646
vn -0.5158 -0.8215 0.2430
vn -0.0876 -0.9951 -0.0451
vn -0.0500 -0.7843 0.6184
vn -0.3460 -0.5429 0.7652
vn 0.3380 -0.2361 -0.9110
vn 0.4625 -0.8623 -0.2064
vn 0.8393 -0.2717 -0.4709
vn -0.2240 -0.5612 0.7968
vn 0.5223 -0.8112 -0.2629
vn 0.0875 -0.6210 -0.7789
vn 0.3084 -0.5140 -0.8004
vn 0.4303 -0.8581 -0.2800
vn 0.5242 -0.4506 -0.7226
vt 0.438349 0.423537
vt 0.445426 0.422222
vt 0.443635 0.415914
vt 0.436384 0.404086
vt 0.422969 0.409644
vt 0.434890 0.409074
vt 0.423058 0.412742
vt 0.430904 0.413333
vt 0.437423 0.413134
vt 0.440623 0.405332
vt 0.438860 0.403493
vt 0.442548 0.408411
vt 0.433972 0.432245
vt 0.442505 0.432093
vt 0.445188 0.429080
vt 0.445499 0.404987
vt 0.442513 0.413825
vt 0.448321 0.403809
vt 0.449288 0.416751
vt 0.454546 0.413334
vt 0.450921 0.416978
vt 0.447742 0.421858
vt 0.442134 0.424737
vt 0.444449 0.424525
vt 0.438857 0.426774
vt 0.446888 0.416551
vt 0.433420 0.406613
vt 0.429735 0.408414
vt 0.428131 0.406375
vt 0.435502 0.410207
vt 0.436563 0.408413
vt 0.428208 0.411783
vt 0.428494 0.410279
vt 0.421526 0.412982
vt 0.425470 0.409544
vt 0.422614 0.409595
vt 0.424717 0.405953
vt 0.426137 0.403493
vt 0.429438 0.404799
vt 0.434148 0.405122
vt 0.440915 0.410270
vt 0.442360 0.408414
vt 0.438193 0.411708
vt 0.439123 0.406619
vt 0.438470 0.405133
vt 0.443237 0.405085
vt 0.439668 0.429239
vt 0.441666 0.429028
vt 0.435877 0.430428
vt 0.437211 0.430530
vt 0.440644 0.417491
vt 0.436897 0.427295
vt 0.444736 0.426867
vt 0.442125 0.430402
vt 0.439435 0.431012
vt 0.446023 0.408414
vt 0.444341 0.406478
vt 0.447444 0.405953
vt 0.444212 0.416451
vt 0.447840 0.404056
vt 0.452187 0.417202
vt 0.448782 0.421946
vt 0.451805 0.417106
vt 0.454546 0.413334
vt 0.454546 0.413334
vt 0.452289 0.417244
vt 0.449319 0.422070
vt 0.440129 0.413324
vt 0.441440 0.416351
vt 0.442441 0.414151
vt 0.442111 0.413854
vt 0.440345 0.413315
vt 0.441457 0.413234
vt 0.431624 0.403627
vt 0.429560 0.403931
vt 0.428921 0.403571
vt 0.434740 0.403650
vt 0.429221 0.403936
vt 0.426137 0.403493
vt 0.426855 0.404737
vt 0.432059 0.403591
vt 0.434742 0.403502
vt 0.434571 0.404176
vt 0.439156 0.420309
vt 0.438366 0.421676
vt 0.440843 0.417387
vt 0.438281 0.421824
vt 0.445741 0.427871
vt 0.443652 0.429626
vt 0.445726 0.426987
vt 0.449497 0.422079
vt 0.447248 0.425608
vt 0.447429 0.425611
vt 0.446042 0.427709
vt 0.444082 0.429803
vt 0.444242 0.429931
vt 0.442176 0.431273
vt 0.433150 0.413309
vt 0.434533 0.412643
vt 0.433189 0.413129
vt 0.445298 0.403609
vt 0.442337 0.403650
vt 0.443533 0.403498
vt 0.446817 0.403860
vt 0.440512 0.404185
vt 0.435251 0.427705
vt 0.435479 0.428781
vt 0.434631 0.429802
vt 0.434418 0.429876
vt 0.434844 0.431270
vt 0.434512 0.431462
vt 0.435005 0.427853
vt 0.423296 0.408414
vt 0.422581 0.409652
vt 0.422656 0.412064
vt 0.421876 0.410874
vt 0.420455 0.413334
vt 0.422652 0.410446
vt 0.423573 0.408413
vt 0.424717 0.405953
vt 0.424994 0.406374
vt 0.431904 0.413334
vt 0.426314 0.413217
vt 0.424051 0.412891
vt 0.423329 0.413256
vt 0.424966 0.412858
vt 0.439307 0.403651
vt 0.439498 0.403493
vt 0.437819 0.432465
vt 0.440065 0.431705
vt 0.439995 0.432182
vt 0.435987 0.432166
vt 0.437141 0.431814
vt 0.442286 0.431463
vt 0.437733 0.432615
vt 0.439992 0.432311
vt 0.435824 0.432311
vt 0.437686 0.432695
vt 0.440055 0.432441
vt 0.435607 0.432444
vt 0.444221 0.403771
vt 0.426345 0.413210
vt 0.432790 0.413334
vt 0.438522 0.421407
vt 0.434240 0.429948
vt 0.447847 0.403516
vt 0.438304 0.413273
vt 0.435103 0.413334
vt 0.450428 0.420467
vt 0.450961 0.419543
vt 0.430172 0.403757
vt 0.426691 0.404455
vt 0.440818 0.412473
vt 0.454013 0.413801
vt 0.444912 0.416918
vt 0.453800 0.413801
vt 0.447840 0.421061
vt 0.437504 0.423382
vt 0.441350 0.423558
vt 0.440821 0.417425
vt 0.443041 0.411301
vt 0.434876 0.405488
vt 0.422628 0.409787
vt 0.426224 0.403843
vt 0.434838 0.408896
vt 0.422161 0.413099
vt 0.437852 0.412385
vt 0.440051 0.406287
vt 0.441809 0.407299
vt 0.438223 0.404294
vt 0.441834 0.430811
vt 0.436169 0.430779
vt 0.444369 0.428669
vt 0.445413 0.405136
vt 0.448320 0.403812
vt 0.438156 0.426961
vt 0.447007 0.416551
vt 0.444224 0.416451
vt 0.442269 0.424757
vt 0.449732 0.416751
vt 0.445233 0.424545
vt 0.449625 0.421858
vt 0.428407 0.405940
vt 0.425501 0.409500
vt 0.429870 0.408291
vt 0.428512 0.410415
vt 0.435686 0.403493
vt 0.434014 0.405992
vt 0.426465 0.404061
vt 0.430253 0.403493
vt 0.422614 0.409595
vt 0.421527 0.412988
vt 0.428212 0.412168
vt 0.435259 0.410860
vt 0.436566 0.408536
vt 0.438859 0.404827
vt 0.439231 0.406541
vt 0.443242 0.405082
vt 0.437491 0.412962
vt 0.440734 0.410584
vt 0.442313 0.408495
vt 0.435081 0.432286
vt 0.439275 0.429944
vt 0.443341 0.431931
vt 0.442225 0.429754
vt 0.438812 0.433017
vt 0.446619 0.427064
vt 0.440643 0.417493
vt 0.434978 0.427545
vt 0.432916 0.431961
vt 0.444337 0.406483
vt 0.447840 0.404056
vt 0.452313 0.417202
vt 0.449574 0.421946
vt 0.449503 0.422070
vt 0.454546 0.413334
vt 0.452270 0.417244
vt 0.454546 0.413334
vt 0.452369 0.417106
vt 0.452442 0.416979
vt 0.449470 0.422079
vt 0.440133 0.413317
vt 0.442441 0.414150
vt 0.441440 0.413262
vt 0.440341 0.413322
vt 0.442100 0.413871
vt 0.434512 0.413309
vt 0.430018 0.403767
vt 0.431892 0.403620
vt 0.429244 0.403954
vt 0.435371 0.403505
vt 0.426885 0.404789
vt 0.428931 0.403566
vt 0.426137 0.403493
vt 0.435539 0.403501
vt 0.434930 0.403517
vt 0.431995 0.403577
vt 0.439156 0.420309
vt 0.438366 0.421676
vt 0.440843 0.417387
vt 0.438281 0.421824
vt 0.447431 0.425613
vt 0.446516 0.427111
vt 0.445920 0.427917
vt 0.444390 0.430189
vt 0.444246 0.429939
vt 0.447402 0.425610
vt 0.442293 0.431477
vt 0.444095 0.429810
vt 0.442184 0.431287
vt 0.445941 0.427687
vt 0.433566 0.413334
vt 0.435157 0.413311
vt 0.433511 0.413334
vt 0.432179 0.413311
vt 0.445298 0.403609
vt 0.446817 0.403860
vt 0.448202 0.403527
vt 0.442346 0.403649
vt 0.443525 0.403516
vt 0.440708 0.404075
vt 0.447842 0.403524
vt 0.434326 0.429181
vt 0.435053 0.427749
vt 0.434305 0.429941
vt 0.434480 0.431480
vt 0.434466 0.429855
vt 0.434812 0.431289
vt 0.435180 0.427813
vt 0.421885 0.410890
vt 0.422611 0.409705
vt 0.423369 0.408539
vt 0.424847 0.406179
vt 0.424972 0.406396
vt 0.420455 0.413334
vt 0.424717 0.405953
vt 0.423296 0.408413
vt 0.426434 0.413248
vt 0.425006 0.412924
vt 0.423338 0.413261
vt 0.423325 0.413266
vt 0.439593 0.403597
vt 0.439597 0.403526
vt 0.440150 0.432637
vt 0.437708 0.432658
vt 0.440019 0.432367
vt 0.436259 0.432713
vt 0.435718 0.432376
vt 0.439988 0.432278
vt 0.435866 0.432279
vt 0.437750 0.432585
vt 0.437883 0.432355
vt 0.440011 0.432051
vt 0.436109 0.432047
vt 0.444006 0.404141
vt 0.431035 0.412518
vt 0.426224 0.413196
vt 0.434760 0.429732
vt 0.432908 0.413129
vt 0.434147 0.412328
vt 0.438382 0.413139
vt 0.450675 0.418924
vt 0.450218 0.420467
vt 0.429731 0.403940
vt 0.440919 0.412298
vt 0.433774 0.413255
vt 0.454546 0.413334
s 1
f 4809/5131/4809 4810/5132/4810 4805/5133/4805
f 4808/5134/4808 5003/5135/5003 4807/5136/4807
f 4807/5136/4807 4845/5137/4845 4806/5138/4806
f 4807/5136/4807 4848/5139/4848 4811/5140/4811
f 4808/5134/4808 4807/5136/4807 4852/5141/4852
f 4811/5140/4811 4848/5139/4848 4949/5142/4949
f 4844/5143/4844 4810/5132/4810 4809/5131/4809
f 4856/5144/4856 4810/5132/4810 4844/5143/4844
f 5010/5145/5010 4810/5132/4810 4856/5144/4856
f 4811/5140/4811 4949/5142/4949 4804/5146/4804
f 4949/5142/4949 4835/5147/4835 4805/5133/4805
f 4804/5146/4804 4805/5133/4805 4833/5148/4833
f 4952/5149/4952 4814/5150/4814 4823/5151/4823
f 4952/5149/4952 4823/5151/4823 4824/5152/4824
f 4825/5153/4825 4952/5149/4952 4826/5154/4826
f 4959/5155/4959 4951/5156/4951 4825/5153/4825
f 4821/5157/4821 4953/5158/4953 4955/5159/4955
f 4958/5160/4958 4953/5158/4953 4957/5161/4957
f 4818/5162/4818 4954/5163/4954 4958/5160/4958
f 4954/5163/4954 4785/5164/4785 4956/5165/4956
f 4956/5165/4956 4785/5164/4785 4813/5166/4813
f 4955/5159/4955 4813/5166/4813 4812/5167/4812
f 4955/5159/4955 4787/5168/4787 4819/5169/4819
f 4820/5170/4820 4955/5159/4955 4819/5169/4819
f 4964/5171/4964 4957/5161/4957 4963/5172/4963
f 4827/5173/4827 4958/5160/4958 4964/5171/4964
f 4957/5161/4957 4821/5157/4821 4830/5174/4830
f 4828/5175/4828 4821/5157/4821 4820/5170/4820
f 4830/5174/4830 4828/5175/4828 4829/5176/4829
f 4959/5155/4959 4825/5153/4825 4960/5177/4960
f 4960/5177/4960 4826/5154/4826 4961/5178/4961
f 4786/5179/4786 4959/5155/4959 4815/5180/4815
f 4788/5181/4788 4959/5155/4959 4822/5182/4822
f 4826/5154/4826 4824/5152/4824 4817/5183/4817
f 4961/5178/4961 4842/5184/4842 4816/5185/4816
f 4815/5180/4815 4960/5177/4960 4816/5185/4816
f 4951/5186/4951 4962/5187/4962 4952/5188/4952
f 4950/5189/4950 4963/5172/4963 4951/5186/4951
f 4788/5181/4788 4964/5171/4964 4950/5189/4950
f 4963/5172/4963 4830/5174/4830 4962/5187/4962
f 4962/5187/4962 4829/5176/4829 4814/5190/4814
f 4965/5191/4965 4832/5192/4832 4966/5193/4966
f 4789/5194/4789 4965/5191/4965 4847/5195/4847
f 4873/5196/4873 4831/5197/4831 4965/5191/4965
f 4966/5193/4966 4824/5152/4824 4823/5151/4823
f 4980/5195/4980 4823/5151/4823 4814/5150/4814
f 4847/5195/4847 4966/5193/4966 4980/5195/4980
f 4872/5198/4872 4971/5199/4971 4790/5200/4790
f 4850/5201/4850 4827/5173/4827 4788/5181/4788
f 4967/5202/4967 4851/5203/4851 4971/5199/4971
f 4969/5204/4969 4970/5205/4970 4968/5206/4968
f 4836/5207/4836 4970/5205/4970 4969/5204/4969
f 5014/5208/5014 4853/5209/4853 4791/5210/4791
f 5015/5211/5015 4968/5206/4968 5014/5208/5014
f 4871/5212/4871 4969/5204/4969 5015/5211/5015
f 4837/5213/4837 4819/5169/4819 4970/5205/4970
f 4968/5206/4968 4787/5168/4787 4853/5209/4853
f 4971/5199/4971 4854/5214/4854 4855/5215/4855
f 5012/5216/5012 4855/5215/4855 4839/5217/4839
f 4790/5200/4790 4971/5199/4971 5012/5216/5012
f 4851/5203/4851 4850/5201/4850 4971/5199/4971
f 4850/5201/4850 4788/5181/4788 4854/5214/4854
f 4973/5218/4973 4976/5219/4976 4975/5220/4975
f 4846/5221/4846 4972/5222/4972 4831/5197/4831
f 4870/5223/4870 4973/5218/4973 4972/5222/4972
f 4869/5224/4869 4974/5225/4974 4973/5218/4973
f 5011/5226/5011 4841/5227/4841 4974/5225/4974
f 4974/5225/4974 4842/5184/4842 4976/5219/4976
f 4975/5220/4975 4842/5184/4842 4817/5183/4817
f 4832/5192/4832 4817/5183/4817 4824/5152/4824
f 4831/5197/4831 4975/5220/4975 4832/5192/4832
f 4872/5198/4872 4977/5228/4977 4967/5202/4967
f 4834/5229/4834 4818/5162/4818 4827/5173/4827
f 4967/5202/4967 4978/5230/4978 4851/5203/4851
f 4979/5231/4979 4860/5232/4860 4792/5233/4792
f 4980/5234/4980 4814/5190/4814 4829/5176/4829
f 4979/5231/4979 4991/5235/4991 4860/5232/4860
f 4982/5236/4982 4983/5237/4983 4981/5238/4981
f 4867/5239/4867 4861/5240/4861 4793/5241/4793
f 5008/5242/5008 4981/5238/4981 4867/5239/4867
f 4839/5217/4839 4982/5236/4982 5008/5242/5008
f 4855/5215/4855 4983/5237/4983 4982/5236/4982
f 4854/5214/4854 4822/5182/4822 4983/5237/4983
f 4981/5238/4981 4786/5179/4786 4861/5240/4861
f 4985/5243/4985 4812/5167/4812 4987/5244/4987
f 4794/5245/4794 4984/5246/4984 4862/5247/4862
f 5005/5248/5005 4985/5243/4985 4984/5246/4984
f 5006/5249/5006 4986/5250/4986 4985/5243/4985
f 4791/5210/4791 4986/5250/4986 5004/5251/5004
f 4853/5209/4853 4812/5167/4812 4986/5250/4986
f 4987/5244/4987 4812/5167/4812 4813/5166/4813
f 4862/5247/4862 4987/5244/4987 4785/5164/4785
f 4859/5252/4859 4866/5253/4866 4977/5228/4977
f 5002/5254/5002 4862/5247/4862 4988/5255/4988
f 4988/5255/4988 4785/5164/4785 4989/5256/4989
f 4989/5256/4989 4785/5164/4785 4818/5162/4818
f 4978/5230/4978 4989/5256/4989 4834/5229/4834
f 4977/5228/4977 4866/5253/4866 4978/5230/4978
f 4860/5232/4860 4991/5235/4991 4990/5257/4990
f 5000/5258/5000 4836/5207/4836 4871/5212/4871
f 4792/5233/4792 4990/5257/4990 5000/5258/5000
f 4991/5235/4991 4820/5170/4820 4837/5213/4837
f 4990/5257/4990 4837/5213/4837 4836/5207/4836
f 4993/5259/4993 4995/5260/4995 4992/5261/4992
f 4994/5262/4994 4996/5263/4996 4993/5259/4993
f 4857/5264/4857 4992/5261/4992 4841/5227/4841
f 4864/5265/4864 4992/5261/4992 4865/5266/4865
f 4863/5267/4863 4993/5259/4993 4864/5265/4864
f 4793/5241/4793 4994/5262/4994 4863/5267/4863
f 4861/5240/4861 4996/5263/4996 4994/5262/4994
f 4786/5179/4786 4815/5180/4815 4996/5263/4996
f 4841/5227/4841 4995/5260/4995 4842/5184/4842
f 4998/5268/4998 4865/5266/4865 4997/5269/4997
f 4999/5270/4999 4864/5265/4864 4998/5268/4998
f 4844/5143/4844 4997/5269/4997 4856/5144/4856
f 4844/5143/4844 4999/5270/4999 4998/5268/4998
f 4793/5241/4793 4863/5267/4863 4999/5270/4999
f 4997/5269/4997 4857/5264/4857 4856/5144/4856
f 4843/5271/4843 5000/5258/5000 4852/5141/4852
f 5000/5258/5000 4871/5212/4871 5015/5211/5015
f 4845/5137/4845 5002/5254/5002 5001/5272/5001
f 4845/5137/4845 4794/5245/4794 5002/5254/5002
f 5001/5272/5001 5002/5254/5002 4866/5253/4866
f 4858/5273/4858 5001/5272/5001 4859/5252/4859
f 4806/5138/4806 5001/5272/5001 4858/5273/4858
f 5004/5251/5004 5006/5249/5006 5003/5135/5003
f 5003/5135/5003 4794/5245/4794 4845/5137/4845
f 4840/5274/4840 5008/5242/5008 5007/5275/5007
f 5008/5242/5008 4867/5239/4867 5007/5275/5007
f 4809/5131/4809 5007/5275/5007 4844/5143/4844
f 4844/5143/4844 5007/5275/5007 4793/5241/4793
f 4833/5148/4833 4789/5276/4789 4843/5271/4843
f 4804/5146/4804 4843/5271/4843 4811/5140/4811
f 4789/5276/4789 4979/5231/4979 4792/5233/4792
f 4789/5276/4789 4792/5233/4792 5000/5258/5000
f 4848/5139/4848 4858/5273/4858 4849/5277/4849
f 4858/5273/4858 4859/5252/4859 4868/5278/4868
f 4849/5277/4849 4868/5278/4868 4872/5198/4872
f 4856/5144/4856 5011/5226/5011 5010/5145/5010
f 5018/5279/5018 4870/5223/4870 4846/5221/4846
f 5017/5280/5017 4869/5224/4869 5018/5279/5018
f 4835/5147/4835 5012/5216/5012 4840/5274/4840
f 4805/5133/4805 4840/5274/4840 4809/5131/4809
f 5013/5281/5013 5015/5211/5015 5014/5208/5014
f 4808/5134/4808 5013/5281/5013 4838/5282/4838
f 4852/5141/4852 5015/5211/5015 5013/5281/5013
f 4838/5282/4838 5014/5208/5014 4791/5210/4791
f 4848/5139/4848 4849/5277/4849 5016/5283/5016
f 4849/5277/4849 4872/5198/4872 4790/5200/4790
f 5016/5283/5016 4790/5200/4790 4835/5147/4835
f 5018/5279/5018 4846/5221/4846 4873/5196/4873
f 5017/5280/5017 4789/5194/4789 4833/5284/4833
f 5019/5285/5019 4911/5286/4911 4883/5287/4883
f 4882/5288/4882 5019/5285/5019 4884/5289/4884
f 4876/5290/4876 5020/5291/5020 5019/5285/5019
f 4880/5292/4880 4874/5293/4874 4915/5294/4915
f 4881/5295/4881 4921/5296/4921 4874/5293/4874
f 4886/5297/4886 4881/5295/4881 4888/5298/4888
f 4886/5297/4886 4888/5298/4888 4889/5299/4889
f 4881/5295/4881 4880/5292/4880 4887/5300/4887
f 4884/5289/4884 4878/5301/4878 4920/5302/4920
f 4884/5289/4884 4883/5287/4883 4878/5301/4878
f 4883/5287/4883 5079/5303/5079 4878/5301/4878
f 5020/5291/5020 4889/5299/4889 4877/5304/4877
f 5020/5291/5020 4877/5304/4877 4911/5305/4911
f 4889/5299/4889 4888/5298/4888 4877/5304/4877
f 5032/5306/5032 5022/5307/5022 5021/5308/5021
f 4903/5309/4903 5023/5310/5023 5022/5307/5022
f 4904/5311/4904 4902/5312/4902 5023/5310/5023
f 5024/5313/5024 5026/5314/5026 5025/5315/5025
f 5025/5315/5025 5026/5314/5026 5027/5316/5027
f 4898/5317/4898 5024/5313/5024 4899/5318/4899
f 4797/5319/4797 5024/5313/5024 4897/5320/4897
f 5024/5313/5024 4891/5321/4891 5026/5314/5026
f 5027/5316/5027 4795/5322/4795 4896/5323/4896
f 5027/5316/5027 4896/5323/4896 5029/5324/5029
f 5025/5315/5025 5029/5324/5029 5028/5325/5028
f 4899/5318/4899 5025/5315/5025 5028/5325/5028
f 4906/5326/4906 4908/5327/4908 4907/5328/4907
f 4906/5326/4906 4899/5318/4899 4908/5327/4908
f 4899/5318/4899 5028/5325/5028 4908/5327/4908
f 5029/5324/5029 4905/5329/4905 5035/5330/5035
f 5028/5325/5028 5035/5330/5035 5034/5331/5034
f 4893/5332/4893 5030/5333/5030 5032/5306/5032
f 5030/5333/5030 4904/5311/4904 4903/5309/4903
f 4918/5334/4918 5031/5335/5031 4894/5336/4894
f 5031/5335/5031 4895/5337/4895 4904/5311/4904
f 5032/5306/5032 4798/5338/4798 4900/5339/4900
f 4796/5340/4796 5032/5306/5032 4900/5339/4900
f 4907/5328/4907 5033/5341/5033 4892/5342/4892
f 4908/5327/4908 5034/5331/5034 5033/5341/5033
f 5035/5330/5035 4798/5338/4798 5021/5308/5021
f 5034/5331/5034 5021/5308/5021 5022/5186/5022
f 5033/5341/5033 5022/5186/5022 5023/5188/5023
f 5036/5343/5036 4910/5344/4910 4909/5345/4909
f 4799/5346/4799 5036/5343/5036 4948/5347/4948
f 4923/5348/4923 5037/5349/5037 5036/5343/5036
f 5050/5195/5050 4901/5350/4901 5037/5349/5037
f 5037/5349/5037 4902/5312/4902 4910/5344/4910
f 4948/5347/4948 4909/5345/4909 4922/5351/4922
f 5042/5199/5042 4925/5352/4925 4800/5353/4800
f 4927/5354/4927 5038/5355/5038 5042/5199/5042
f 4926/5356/4926 4905/5329/4905 4912/5357/4912
f 5040/5358/5040 5041/5359/5041 5039/5360/5039
f 5040/5358/5040 4913/5361/4913 5041/5359/5041
f 4929/5362/4929 5083/5363/5083 4801/5364/4801
f 4797/5319/4797 5039/5360/5039 4929/5362/4929
f 4897/5320/4897 4914/5365/4914 5040/5358/5040
f 5041/5359/5041 4928/5366/4928 5084/5367/5084
f 5039/5360/5039 5084/5367/5084 5083/5363/5083
f 4930/5368/4930 5042/5199/5042 4931/5369/4931
f 4798/5338/4798 4926/5356/4926 4930/5368/4930
f 4926/5356/4926 4927/5354/4927 5042/5199/5042
f 5042/5199/5042 4800/5353/4800 5081/5370/5081
f 4931/5369/4931 5081/5370/5081 4916/5371/4916
f 5043/5372/5043 5044/5373/5044 5045/5374/5045
f 5045/5374/5045 5047/5375/5047 5046/5376/5046
f 4922/5351/4922 5043/5372/5043 4947/5377/4947
f 4909/5345/4909 5044/5373/5044 5043/5372/5043
f 4910/5344/4910 4895/5337/4895 5044/5373/5044
f 5044/5373/5044 4918/5334/4918 5047/5375/5047
f 5046/5376/5046 4918/5334/4918 4917/5378/4917
f 5080/5379/5080 4917/5378/4917 4932/5380/4932
f 4946/5381/4946 5046/5376/5046 5080/5379/5080
f 4947/5377/4947 5045/5374/5045 4946/5381/4946
f 4925/5352/4925 5048/5382/5048 4945/5383/4945
f 5038/5355/5038 5049/5384/5049 5048/5382/5048
f 4927/5354/4927 4912/5357/4912 5049/5384/5049
f 4945/5383/4945 5048/5382/5048 4934/5385/4934
f 4944/5386/4944 5050/5387/5050 4923/5388/4923
f 4935/5389/4935 4944/5386/4944 5078/5390/5078
f 5061/5391/5061 4944/5386/4944 4935/5389/4935
f 5061/5391/5061 4907/5328/4907 5050/5387/5050
f 4944/5386/4944 4923/5388/4923 4799/5392/4799
f 5052/5393/5052 5053/5394/5053 5051/5395/5051
f 4936/5396/4936 4943/5397/4943 4802/5398/4802
f 4796/5340/4796 5051/5395/5051 4936/5396/4936
f 4900/5339/4900 4930/5368/4930 5052/5393/5052
f 5052/5393/5052 4931/5369/4931 5053/5394/5053
f 5053/5394/5053 4916/5371/4916 5077/5399/5077
f 5051/5395/5051 5077/5399/5077 4943/5397/4943
f 5054/5400/5054 5055/5401/5055 5056/5402/5056
f 5056/5402/5056 4890/5403/4890 5057/5404/5057
f 4803/5247/4803 5054/5400/5054 5073/5246/5073
f 4937/5405/4937 5055/5401/5055 5054/5400/5054
f 4795/5322/4795 4891/5321/4891 5055/5401/5055
f 4890/5403/4890 4929/5362/4929 5057/5404/5057
f 5057/5404/5057 4801/5364/4801 4942/5406/4942
f 5074/5407/5074 5057/5404/5057 4942/5406/4942
f 5073/5246/5073 5056/5402/5056 5074/5407/5074
f 4941/5408/4941 5058/5409/5058 5059/5410/5059
f 5049/5384/5049 5058/5409/5058 4941/5408/4941
f 4912/5357/4912 4896/5323/4896 5058/5409/5058
f 5059/5410/5059 4795/5322/4795 4937/5405/4937
f 5072/5411/5072 4937/5405/4937 4803/5247/4803
f 4941/5408/4941 5059/5410/5059 5072/5411/5072
f 5061/5391/5061 4935/5389/4935 5060/5412/5060
f 4913/5361/4913 5070/5413/5070 4928/5366/4928
f 4914/5365/4914 5060/5412/5060 4913/5361/4913
f 4898/5317/4898 5061/5391/5061 4914/5365/4914
f 5060/5412/5060 5078/5390/5078 5070/5413/5070
f 5063/5414/5063 5064/5415/5064 5062/5416/5062
f 5065/5417/5065 5066/5418/5066 5064/5415/5064
f 4932/5380/4932 5062/5416/5062 4940/5419/4940
f 4917/5378/4917 5063/5414/5063 5062/5416/5062
f 4918/5334/4918 4894/5336/4894 5063/5414/5063
f 5063/5414/5063 4894/5336/4894 5065/5417/5065
f 4893/5332/4893 4796/5340/4796 5065/5417/5065
f 5065/5417/5065 4936/5396/4936 5066/5418/5066
f 5066/5418/5066 4802/5398/4802 4938/5420/4938
f 5064/5415/5064 4938/5420/4938 4939/5421/4939
f 5062/5416/5062 4939/5421/4939 4940/5419/4940
f 4940/5419/4940 5068/5422/5068 5067/5423/5067
f 4939/5421/4939 5069/5424/5069 5068/5422/5068
f 4932/5380/4932 5067/5423/5067 4878/5301/4878
f 4938/5420/4938 4802/5398/4802 5069/5424/5069
f 5069/5424/5069 4802/5398/4802 4920/5302/4920
f 5067/5423/5067 4920/5302/4920 4878/5301/4878
f 5070/5413/5070 4919/5425/4919 4887/5300/4887
f 4928/5366/4928 5070/5413/5070 5084/5367/5084
f 4879/5426/4879 5071/5427/5071 4921/5296/4921
f 4934/5385/4934 4941/5408/4941 5071/5427/5071
f 5074/5407/5074 5075/5167/5075 4874/5293/4874
f 4803/5247/4803 4874/5293/4874 4921/5296/4921
f 4942/5406/4942 4801/5364/4801 5075/5167/5075
f 5075/5167/5075 4801/5364/4801 4915/5294/4915
f 4943/5397/4943 5077/5399/5077 5076/5428/5076
f 5077/5399/5077 4882/5288/4882 5076/5428/5076
f 5076/5428/5076 4882/5288/4882 4920/5302/4920
f 4799/5392/4799 4911/5305/4911 4919/5425/4919
f 4919/5425/4919 4877/5304/4877 4888/5298/4888
f 5078/5390/5078 4799/5392/4799 5070/5413/5070
f 4944/5386/4944 4799/5392/4799 5078/5390/5078
f 4886/5297/4886 4933/5429/4933 4885/5430/4885
f 4924/5431/4924 4945/5383/4945 4933/5429/4933
f 4885/5430/4885 4933/5429/4933 4879/5426/4879
f 5085/5432/5085 4946/5381/4946 5079/5303/5079
f 5086/5433/5086 4947/5377/4947 4946/5381/4946
f 5080/5379/5080 4878/5301/4878 5079/5303/5079
f 4916/5371/4916 4876/5290/4876 4882/5288/4882
f 4915/5294/4915 5083/5363/5083 5082/5434/5082
f 5084/5367/5084 4887/5300/4887 5082/5434/5082
f 5082/5434/5082 4880/5292/4880 4915/5294/4915
f 4925/5352/4925 4924/5431/4924 4800/5353/4800
f 4924/5431/4924 4886/5297/4886 4875/5435/4875
f 4800/5353/4800 4875/5435/4875 4876/5290/4876
f 4799/5346/4799 5085/5432/5085 4911/5286/4911
f 4799/5346/4799 4948/5347/4948 5086/5433/5086
f 5085/5432/5085 4883/5287/4883 4911/5286/4911
f 4805/5133/4805 4810/5132/4810 4833/5284/4833
f 4810/5132/4810 5017/5280/5017 4833/5284/4833
f 4808/5134/4808 4838/5282/4838 5003/5135/5003
f 4807/5136/4807 5003/5135/5003 4845/5137/4845
f 4852/5141/4852 4807/5136/4807 4811/5140/4811
f 4807/5136/4807 4806/5138/4806 5009/5436/5009
f 4807/5136/4807 5009/5436/5009 4848/5139/4848
f 5010/5145/5010 5017/5280/5017 4810/5132/4810
f 4949/5142/4949 4848/5139/4848 5016/5283/5016
f 4949/5142/4949 5016/5283/5016 4835/5147/4835
f 4804/5146/4804 4949/5142/4949 4805/5133/4805
f 4788/5181/4788 4950/5189/4950 4959/5155/4959
f 4826/5154/4826 4952/5149/4952 4824/5152/4824
f 4825/5153/4825 4951/5156/4951 4952/5149/4952
f 4959/5155/4959 4950/5189/4950 4951/5156/4951
f 4955/5159/4955 4953/5158/4953 4956/5165/4956
f 4953/5158/4953 4954/5163/4954 4956/5165/4956
f 4821/5157/4821 4957/5161/4957 4953/5158/4953
f 4958/5160/4958 4954/5163/4954 4953/5158/4953
f 4954/5163/4954 4818/5162/4818 4785/5164/4785
f 4955/5159/4955 4956/5165/4956 4813/5166/4813
f 4955/5159/4955 4812/5167/4812 4787/5168/4787
f 4820/5170/4820 4821/5157/4821 4955/5159/4955
f 4963/5172/4963 4957/5161/4957 4830/5174/4830
f 4964/5171/4964 4958/5160/4958 4957/5161/4957
f 4827/5173/4827 4818/5162/4818 4958/5160/4958
f 4828/5175/4828 4830/5174/4830 4821/5157/4821
f 4815/5180/4815 4959/5155/4959 4960/5177/4960
f 4960/5177/4960 4825/5153/4825 4826/5154/4826
f 4786/5179/4786 4822/5182/4822 4959/5155/4959
f 4961/5178/4961 4826/5154/4826 4817/5183/4817
f 4961/5178/4961 4817/5183/4817 4842/5184/4842
f 4960/5177/4960 4961/5178/4961 4816/5185/4816
f 4952/5188/4952 4962/5187/4962 4814/5190/4814
f 4951/5186/4951 4963/5172/4963 4962/5187/4962
f 4950/5189/4950 4964/5171/4964 4963/5172/4963
f 4788/5181/4788 4827/5173/4827 4964/5171/4964
f 4962/5187/4962 4830/5174/4830 4829/5176/4829
f 4965/5191/4965 4831/5197/4831 4832/5192/4832
f 4789/5194/4789 4873/5196/4873 4965/5191/4965
f 4873/5196/4873 4846/5221/4846 4831/5197/4831
f 4966/5193/4966 4832/5192/4832 4824/5152/4824
f 4980/5195/4980 4966/5193/4966 4823/5151/4823
f 4847/5195/4847 4965/5191/4965 4966/5193/4966
f 4851/5203/4851 4834/5229/4834 4850/5201/4850
f 4872/5198/4872 4967/5202/4967 4971/5199/4971
f 4850/5201/4850 4834/5229/4834 4827/5173/4827
f 4836/5207/4836 4837/5213/4837 4970/5205/4970
f 5014/5208/5014 4968/5206/4968 4853/5209/4853
f 5015/5211/5015 4969/5204/4969 4968/5206/4968
f 4871/5212/4871 4836/5207/4836 4969/5204/4969
f 4837/5213/4837 4820/5170/4820 4819/5169/4819
f 4970/5205/4970 4819/5169/4819 4787/5168/4787
f 4968/5206/4968 4970/5205/4970 4787/5168/4787
f 4971/5199/4971 4850/5201/4850 4854/5214/4854
f 5012/5216/5012 4971/5199/4971 4855/5215/4855
f 4972/5222/4972 4973/5218/4973 4975/5220/4975
f 4973/5218/4973 4974/5225/4974 4976/5219/4976
f 4846/5221/4846 4870/5223/4870 4972/5222/4972
f 4870/5223/4870 4869/5224/4869 4973/5218/4973
f 4869/5224/4869 5011/5226/5011 4974/5225/4974
f 5011/5226/5011 4857/5264/4857 4841/5227/4841
f 4974/5225/4974 4841/5227/4841 4842/5184/4842
f 4975/5220/4975 4976/5219/4976 4842/5184/4842
f 4832/5192/4832 4975/5220/4975 4817/5183/4817
f 4831/5197/4831 4972/5222/4972 4975/5220/4975
f 4872/5198/4872 4868/5278/4868 4977/5228/4977
f 4868/5278/4868 4859/5252/4859 4977/5228/4977
f 4851/5203/4851 4978/5230/4978 4834/5229/4834
f 4967/5202/4967 4977/5228/4977 4978/5230/4978
f 4979/5231/4979 4847/5388/4847 4980/5234/4980
f 4979/5231/4979 4789/5276/4789 4847/5388/4847
f 4991/5235/4991 4980/5234/4980 4829/5176/4829
f 4979/5231/4979 4980/5234/4980 4991/5235/4991
f 4867/5239/4867 4981/5238/4981 4861/5240/4861
f 5008/5242/5008 4982/5236/4982 4981/5238/4981
f 4839/5217/4839 4855/5215/4855 4982/5236/4982
f 4855/5215/4855 4854/5214/4854 4983/5237/4983
f 4854/5214/4854 4788/5181/4788 4822/5182/4822
f 4983/5237/4983 4822/5182/4822 4786/5179/4786
f 4981/5238/4981 4983/5237/4983 4786/5179/4786
f 4984/5246/4984 4985/5243/4985 4987/5244/4987
f 4985/5243/4985 4986/5250/4986 4812/5167/4812
f 4794/5245/4794 5005/5248/5005 4984/5246/4984
f 5005/5248/5005 5006/5249/5006 4985/5243/4985
f 5006/5249/5006 5004/5251/5004 4986/5250/4986
f 4791/5210/4791 4853/5209/4853 4986/5250/4986
f 4853/5209/4853 4787/5168/4787 4812/5167/4812
f 4785/5164/4785 4987/5244/4987 4813/5166/4813
f 4862/5247/4862 4984/5246/4984 4987/5244/4987
f 4866/5253/4866 4988/5255/4988 4989/5256/4989
f 4866/5253/4866 5002/5254/5002 4988/5255/4988
f 5002/5254/5002 4794/5245/4794 4862/5247/4862
f 4988/5255/4988 4862/5247/4862 4785/5164/4785
f 4834/5229/4834 4989/5256/4989 4818/5162/4818
f 4978/5230/4978 4866/5253/4866 4989/5256/4989
f 5000/5258/5000 4990/5257/4990 4836/5207/4836
f 4792/5233/4792 4860/5232/4860 4990/5257/4990
f 4991/5235/4991 4829/5176/4829 4828/5175/4828
f 4991/5235/4991 4828/5175/4828 4820/5170/4820
f 4990/5257/4990 4991/5235/4991 4837/5213/4837
f 4993/5259/4993 4996/5263/4996 4995/5260/4995
f 4857/5264/4857 4865/5266/4865 4992/5261/4992
f 4864/5265/4864 4993/5259/4993 4992/5261/4992
f 4863/5267/4863 4994/5262/4994 4993/5259/4993
f 4793/5241/4793 4861/5240/4861 4994/5262/4994
f 4861/5240/4861 4786/5179/4786 4996/5263/4996
f 4996/5263/4996 4815/5180/4815 4816/5185/4816
f 4995/5260/4995 4996/5263/4996 4816/5185/4816
f 4842/5184/4842 4995/5260/4995 4816/5185/4816
f 4841/5227/4841 4992/5261/4992 4995/5260/4995
f 4998/5268/4998 4864/5265/4864 4865/5266/4865
f 4999/5270/4999 4863/5267/4863 4864/5265/4864
f 4844/5143/4844 4998/5268/4998 4997/5269/4997
f 4999/5270/4999 4844/5143/4844 4793/5241/4793
f 4997/5269/4997 4865/5266/4865 4857/5264/4857
f 4811/5140/4811 4843/5271/4843 4852/5141/4852
f 4852/5141/4852 5000/5258/5000 5015/5211/5015
f 4806/5138/4806 4845/5137/4845 5001/5272/5001
f 4859/5252/4859 5001/5272/5001 4866/5253/4866
f 5003/5135/5003 5006/5249/5006 5005/5248/5005
f 4838/5282/4838 5004/5251/5004 5003/5135/5003
f 5004/5251/5004 4838/5282/4838 4791/5210/4791
f 5003/5135/5003 5005/5248/5005 4794/5245/4794
f 4809/5131/4809 4840/5274/4840 5007/5275/5007
f 4840/5274/4840 4839/5217/4839 5008/5242/5008
f 5007/5275/5007 4867/5239/4867 4793/5241/4793
f 4804/5146/4804 4833/5148/4833 4843/5271/4843
f 4843/5271/4843 4789/5276/4789 5000/5258/5000
f 4848/5139/4848 5009/5436/5009 4858/5273/4858
f 4849/5277/4849 4858/5273/4858 4868/5278/4868
f 5009/5436/5009 4806/5138/4806 4858/5273/4858
f 5010/5145/5010 5011/5226/5011 4869/5224/4869
f 4856/5144/4856 4857/5264/4857 5011/5226/5011
f 5018/5279/5018 4869/5224/4869 4870/5223/4870
f 5017/5280/5017 5010/5145/5010 4869/5224/4869
f 4840/5274/4840 5012/5216/5012 4839/5217/4839
f 4805/5133/4805 4835/5147/4835 4840/5274/4840
f 4835/5147/4835 4790/5200/4790 5012/5216/5012
f 4808/5134/4808 4852/5141/4852 5013/5281/5013
f 4838/5282/4838 5013/5281/5013 5014/5208/5014
f 5016/5283/5016 4849/5277/4849 4790/5200/4790
f 4789/5194/4789 5018/5279/5018 4873/5196/4873
f 5017/5280/5017 5018/5279/5018 4789/5194/4789
f 4884/5289/4884 5019/5285/5019 4883/5287/4883
f 4882/5288/4882 4876/5290/4876 5019/5285/5019
f 5019/5285/5019 5020/5291/5020 4911/5286/4911
f 4880/5292/4880 4881/5295/4881 4874/5293/4874
f 4881/5295/4881 4879/5426/4879 4921/5296/4921
f 4886/5297/4886 4885/5430/4885 4881/5295/4881
f 4885/5430/4885 4879/5426/4879 4881/5295/4881
f 4888/5298/4888 4881/5295/4881 4887/5300/4887
f 4920/5302/4920 4882/5288/4882 4884/5289/4884
f 5020/5291/5020 4875/5435/4875 4889/5299/4889
f 4875/5435/4875 4886/5297/4886 4889/5299/4889
f 5032/5306/5032 5021/5308/5021 4798/5338/4798
f 5032/5306/5032 4903/5309/4903 5022/5307/5022
f 4903/5309/4903 4904/5311/4904 5023/5310/5023
f 5023/5310/5023 4902/5312/4902 4901/5350/4901
f 5023/5310/5023 4901/5350/4901 4892/5437/4892
f 4899/5318/4899 5024/5313/5024 5025/5315/5025
f 4898/5317/4898 4897/5320/4897 5024/5313/5024
f 4797/5319/4797 4890/5403/4890 5024/5313/5024
f 5024/5313/5024 4890/5403/4890 4891/5321/4891
f 5026/5314/5026 4891/5321/4891 4795/5322/4795
f 5027/5316/5027 5026/5314/5026 4795/5322/4795
f 5025/5315/5025 5027/5316/5027 5029/5324/5029
f 4906/5326/4906 4898/5317/4898 4899/5318/4899
f 5029/5324/5029 4896/5323/4896 4905/5329/4905
f 5028/5325/5028 5029/5324/5029 5035/5330/5035
f 4908/5327/4908 5028/5325/5028 5034/5331/5034
f 5032/5306/5032 5030/5333/5030 4903/5309/4903
f 5030/5333/5030 5031/5335/5031 4904/5311/4904
f 4893/5332/4893 4894/5336/4894 5030/5333/5030
f 4894/5336/4894 5031/5335/5031 5030/5333/5030
f 4918/5334/4918 4895/5337/4895 5031/5335/5031
f 4904/5311/4904 4895/5337/4895 4902/5312/4902
f 4796/5340/4796 4893/5332/4893 5032/5306/5032
f 4892/5342/4892 5033/5341/5033 5023/5188/5023
f 4907/5328/4907 4908/5327/4908 5033/5341/5033
f 5035/5330/5035 4905/5329/4905 4798/5338/4798
f 5034/5331/5034 5035/5330/5035 5021/5308/5021
f 5033/5341/5033 5034/5331/5034 5022/5186/5022
f 5036/5343/5036 5037/5349/5037 4910/5344/4910
f 4799/5346/4799 4923/5348/4923 5036/5343/5036
f 4923/5348/4923 5050/5195/5050 5037/5349/5037
f 5050/5195/5050 4892/5437/4892 4901/5350/4901
f 5037/5349/5037 4901/5350/4901 4902/5312/4902
f 4948/5347/4948 5036/5343/5036 4909/5345/4909
f 4926/5356/4926 4912/5357/4912 4927/5354/4927
f 5042/5199/5042 5038/5355/5038 4925/5352/4925
f 4926/5356/4926 4798/5338/4798 4905/5329/4905
f 5040/5358/5040 4914/5365/4914 4913/5361/4913
f 4929/5362/4929 5039/5360/5039 5083/5363/5083
f 4797/5319/4797 5040/5358/5040 5039/5360/5039
f 4797/5319/4797 4897/5320/4897 5040/5358/5040
f 4897/5320/4897 4898/5317/4898 4914/5365/4914
f 5041/5359/5041 4913/5361/4913 4928/5366/4928
f 5039/5360/5039 5041/5359/5041 5084/5367/5084
f 4930/5368/4930 4926/5356/4926 5042/5199/5042
f 4931/5369/4931 5042/5199/5042 5081/5370/5081
f 5045/5374/5045 5044/5373/5044 5047/5375/5047
f 4922/5351/4922 4909/5345/4909 5043/5372/5043
f 4909/5345/4909 4910/5344/4910 5044/5373/5044
f 4910/5344/4910 4902/5312/4902 4895/5337/4895
f 5044/5373/5044 4895/5337/4895 4918/5334/4918
f 5046/5376/5046 5047/5375/5047 4918/5334/4918
f 5080/5379/5080 5046/5376/5046 4917/5378/4917
f 4946/5381/4946 5045/5374/5045 5046/5376/5046
f 4947/5377/4947 5043/5372/5043 5045/5374/5045
f 4925/5352/4925 5038/5355/5038 5048/5382/5048
f 5038/5355/5038 4927/5354/4927 5049/5384/5049
f 4912/5357/4912 4905/5329/4905 4896/5323/4896
f 5061/5391/5061 5050/5387/5050 4944/5386/4944
f 5050/5387/5050 4907/5328/4907 4892/5342/4892
f 4936/5396/4936 5051/5395/5051 4943/5397/4943
f 4796/5340/4796 5052/5393/5052 5051/5395/5051
f 4796/5340/4796 4900/5339/4900 5052/5393/5052
f 4900/5339/4900 4798/5338/4798 4930/5368/4930
f 5052/5393/5052 4930/5368/4930 4931/5369/4931
f 5053/5394/5053 4931/5369/4931 4916/5371/4916
f 5051/5395/5051 5053/5394/5053 5077/5399/5077
f 5056/5402/5056 5055/5401/5055 4890/5403/4890
f 4803/5247/4803 4937/5405/4937 5054/5400/5054
f 4937/5405/4937 4795/5322/4795 5055/5401/5055
f 5055/5401/5055 4891/5321/4891 4890/5403/4890
f 4890/5403/4890 4797/5319/4797 4929/5362/4929
f 5057/5404/5057 4929/5362/4929 4801/5364/4801
f 5074/5407/5074 5056/5402/5056 5057/5404/5057
f 5073/5246/5073 5054/5400/5054 5056/5402/5056
f 4934/5385/4934 5048/5382/5048 4941/5408/4941
f 5048/5382/5048 5049/5384/5049 4941/5408/4941
f 5049/5384/5049 4912/5357/4912 5058/5409/5058
f 5058/5409/5058 4896/5323/4896 4795/5322/4795
f 5059/5410/5059 5058/5409/5058 4795/5322/4795
f 5072/5411/5072 5059/5410/5059 4937/5405/4937
f 4913/5361/4913 5060/5412/5060 5070/5413/5070
f 4914/5365/4914 5061/5391/5061 5060/5412/5060
f 4898/5317/4898 4906/5326/4906 5061/5391/5061
f 4906/5326/4906 4907/5328/4907 5061/5391/5061
f 5060/5412/5060 4935/5389/4935 5078/5390/5078
f 5063/5414/5063 5065/5417/5065 5064/5415/5064
f 4932/5380/4932 4917/5378/4917 5062/5416/5062
f 4917/5378/4917 4918/5334/4918 5063/5414/5063
f 4894/5336/4894 4893/5332/4893 5065/5417/5065
f 5065/5417/5065 4796/5340/4796 4936/5396/4936
f 5066/5418/5066 4936/5396/4936 4802/5398/4802
f 5064/5415/5064 5066/5418/5066 4938/5420/4938
f 5062/5416/5062 5064/5415/5064 4939/5421/4939
f 4940/5419/4940 4939/5421/4939 5068/5422/5068
f 4939/5421/4939 4938/5420/4938 5069/5424/5069
f 4932/5380/4932 4940/5419/4940 5067/5423/5067
f 4920/5302/4920 5068/5422/5068 5069/5424/5069
f 5067/5423/5067 5068/5422/5068 4920/5302/4920
f 5084/5367/5084 5070/5413/5070 4887/5300/4887
f 4887/5300/4887 4919/5425/4919 4888/5298/4888
f 4921/5296/4921 5071/5427/5071 5072/5411/5072
f 4879/5426/4879 4933/5429/4933 5071/5427/5071
f 4933/5429/4933 4934/5385/4934 5071/5427/5071
f 5071/5427/5071 4941/5408/4941 5072/5411/5072
f 4921/5296/4921 5072/5411/5072 4803/5247/4803
f 5073/5246/5073 5074/5407/5074 4874/5293/4874
f 5074/5407/5074 4942/5406/4942 5075/5167/5075
f 4803/5247/4803 5073/5246/5073 4874/5293/4874
f 4874/5293/4874 5075/5167/5075 4915/5294/4915
f 4920/5302/4920 4802/5398/4802 5076/5428/5076
f 4802/5398/4802 4943/5397/4943 5076/5428/5076
f 5077/5399/5077 4916/5371/4916 4882/5288/4882
f 5070/5413/5070 4799/5392/4799 4919/5425/4919
f 4919/5425/4919 4911/5305/4911 4877/5304/4877
f 4886/5297/4886 4924/5431/4924 4933/5429/4933
f 4933/5429/4933 4945/5383/4945 4934/5385/4934
f 4924/5431/4924 4925/5352/4925 4945/5383/4945
f 4946/5381/4946 5080/5379/5080 5079/5303/5079
f 5085/5432/5085 5079/5303/5079 4883/5287/4883
f 5085/5432/5085 5086/5433/5086 4946/5381/4946
f 5086/5433/5086 4922/5351/4922 4947/5377/4947
f 5080/5379/5080 4932/5380/4932 4878/5301/4878
f 4916/5371/4916 5081/5370/5081 4876/5290/4876
f 5081/5370/5081 4800/5353/4800 4876/5290/4876
f 5082/5434/5082 5083/5363/5083 5084/5367/5084
f 4915/5294/4915 4801/5364/4801 5083/5363/5083
f 5082/5434/5082 4887/5300/4887 4880/5292/4880
f 4800/5353/4800 4924/5431/4924 4875/5435/4875
f 4876/5290/4876 4875/5435/4875 5020/5291/5020
f 5086/5433/5086 4948/5347/4948 4922/5351/4922
f 4799/5346/4799 5086/5433/5086 5085/5432/5085
