# Blender 4.5.3 LTS
# www.blender.org
mtllib i.mtl
o Cube
v 0.842176 0.533672 0.789981
v 0.799969 2.563530 0.442333
v 0.842176 0.327762 0.278465
v 0.799969 2.563530 -0.226535
v -0.000147 0.999908 -0.400141
v 0.000000 2.842041 -0.440467
v 0.000696 0.990957 0.572479
v -0.000000 2.842041 0.656265
v 0.855089 1.968107 -0.251685
v 0.855089 1.963210 0.437882
v 0.000296 2.001743 0.748043
v -0.000000 2.010301 -0.550140
v 0.865523 1.220255 0.365453
v 0.865536 0.977281 -0.209737
v 0.260773 0.527480 0.798498
v 0.265018 0.294962 0.183491
v 0.868155 0.838778 0.697724
v 0.868168 0.578580 0.110307
v 0.198646 0.825518 0.713000
v 0.203879 0.546661 -0.040866
v 0.866315 0.804998 -0.105960
v 0.157333 0.823317 -0.281319
v 0.866263 1.163831 0.433680
v 0.152943 1.095911 0.528082
v 0.498945 2.793042 -0.365791
v 0.510629 1.312953 0.510748
v 0.510885 0.939396 -0.386114
v 0.498945 2.793042 0.581589
v 0.503723 2.001740 0.633505
v 0.503723 2.001862 -0.460529
v 0.548602 0.517327 0.874713
v 0.549690 0.256979 0.203117
v 0.540204 0.516130 -0.060954
v 0.538860 0.903042 0.837308
v 0.525479 0.754573 -0.273512
v 0.524240 1.246774 0.563640
v 0.980374 1.045401 0.111676
v 0.859161 2.625902 0.107899
v 0.000000 3.131200 0.107899
v 0.217379 0.379289 0.521689
v 0.968559 1.959669 0.107899
v 0.908761 0.397716 0.545958
v -0.000004 0.943534 0.118626
v 0.106740 0.670850 0.352353
v 0.981314 0.703171 0.403999
v 0.057259 0.880815 0.153158
v 0.980660 0.950516 0.177199
v 0.505709 3.053348 0.107899
v 0.554647 0.323051 0.566471
v 0.864843 1.303824 -0.253175
v 0.864843 1.342072 0.394983
v 0.000807 1.290709 0.711512
v 0.000051 1.310305 -0.521812
v 0.506114 1.286505 -0.456880
v 0.506114 1.392749 0.564175
v 0.980125 1.304262 0.095384
v -0.848465 0.276644 -0.264363
v -0.799969 2.563530 0.442333
v -0.850094 0.747219 -0.523004
v -0.799969 2.563530 -0.226535
v -0.855089 1.968107 -0.251685
v -0.854778 1.959671 0.480254
v -0.863763 0.893649 0.459588
v -0.865864 1.090318 -0.198586
v -0.267136 0.265274 -0.273317
v -0.272841 0.785883 -0.552446
v -0.870737 0.399302 0.063950
v -0.872686 0.890241 -0.285960
v -0.201163 0.379391 0.079874
v -0.208042 0.916896 -0.340924
v -0.867707 1.031314 -0.184432
v -0.158162 0.963399 -0.298567
v -0.865088 0.744053 0.394629
v -0.152227 0.676988 0.412460
v -0.498945 2.793042 -0.365791
v -0.508179 0.807734 0.616191
v -0.511486 1.121807 -0.372415
v -0.498945 2.793042 0.581589
v -0.503263 1.987010 0.692237
v -0.503723 2.001862 -0.460529
v -0.555146 0.189866 -0.272942
v -0.558464 0.825118 -0.612088
v -0.545009 0.990859 -0.384409
v -0.541077 0.272412 0.126489
v -0.527209 1.075656 -0.343061
v -0.522456 0.655753 0.524441
v -0.980154 1.028271 0.133129
v -0.859161 2.625902 0.107899
v -0.224935 0.508792 -0.440684
v -0.968559 1.959669 0.107899
v -0.916283 0.502857 -0.427317
v -0.110104 0.651069 -0.112028
v -0.984865 0.649231 -0.106526
v -0.057575 0.838680 0.090268
v -0.980981 0.903801 0.109548
v -0.505709 3.053348 0.107899
v -0.563034 0.472442 -0.502477
v -0.864836 1.314075 -0.248042
v -0.863871 1.260591 0.493197
v -0.506102 1.322044 -0.437600
v -0.504507 1.202842 0.697320
v -0.980001 1.310316 0.115357
v 0.601250 2.747795 -0.332553
v 0.688449 2.688309 -0.296168
v 0.757143 2.620507 -0.257971
v 0.864993 1.182307 -0.249378
v 0.865177 1.092048 -0.238989
v 0.865367 1.025907 -0.225112
v 0.973697 1.024161 0.025445
v 0.952999 1.005383 -0.058867
v 0.917278 0.989612 -0.138276
v 0.854049 2.622761 0.212889
v 0.839965 2.610983 0.309834
v 0.819445 2.588591 0.390503
v 0.864993 1.270849 0.378058
v 0.865175 1.232149 0.370739
v 0.865362 1.217687 0.367643
v 0.617778 1.301078 0.486656
v 0.713998 1.281418 0.454778
v 0.797257 1.254352 0.414561
v 0.395062 0.956366 -0.410522
v 0.272756 0.974364 -0.424729
v 0.145454 0.991262 -0.424987
v 0.384664 2.821370 0.610996
v 0.261421 2.835916 0.634695
v 0.132204 2.841275 0.650510
v 0.000837 1.186207 0.692650
v 0.000838 1.107381 0.667670
v 0.000808 1.046471 0.634142
v 0.000000 3.115199 0.270695
v -0.000000 3.064432 0.423209
v -0.000000 2.974760 0.555160
v 0.000023 1.203601 -0.504941
v -0.000026 1.122573 -0.484197
v -0.000084 1.059258 -0.456454
v 0.219587 0.415755 0.614820
v 0.228474 0.453472 0.696068
v 0.244113 0.493386 0.759719
v 0.815992 2.468332 -0.238314
v 0.832930 2.323778 -0.247484
v 0.846026 2.152490 -0.251160
v 0.815992 2.465286 0.443627
v 0.832930 2.318803 0.444053
v 0.846026 2.146883 0.441292
v 0.000106 2.660893 0.713858
v 0.000193 2.449962 0.741341
v 0.000256 2.225028 0.749301
v 0.000000 2.665452 -0.503872
v 0.000000 2.457450 -0.536431
v 0.000000 2.233808 -0.548426
v 0.386751 2.005187 0.674604
v 0.262164 2.005755 0.709156
v 0.132500 2.004300 0.734515
v 0.961903 1.956937 0.199489
v 0.941354 1.956203 0.287162
v 0.906040 1.958110 0.367693
v 0.610769 1.994215 -0.420198
v 0.706071 1.984985 -0.373419
v 0.788040 1.975755 -0.317984
v 0.903485 0.367621 0.466568
v 0.888258 0.343457 0.391293
v 0.864955 0.330170 0.324809
v 0.641626 0.518572 0.866632
v 0.727413 0.520047 0.846504
v 0.797851 0.525440 0.817427
v 0.458418 0.253248 0.187660
v 0.375429 0.258201 0.180209
v 0.307677 0.274486 0.180296
v 0.000067 0.941703 0.247750
v 0.000198 0.945770 0.365510
v 0.000393 0.958536 0.471140
v 0.867808 0.742869 0.735132
v 0.863995 0.654612 0.764827
v 0.854363 0.581493 0.783110
v 0.866006 0.856725 -0.143660
v 0.865809 0.898384 -0.170490
v 0.865670 0.936165 -0.191462
v 0.210330 0.735026 0.744690
v 0.224740 0.648190 0.771690
v 0.243103 0.574888 0.789741
v 0.141244 0.877382 -0.307102
v 0.118084 0.920807 -0.331129
v 0.081167 0.958535 -0.358724
v 0.866717 1.110331 0.503194
v 0.867249 1.035468 0.573774
v 0.867761 0.943225 0.639984
v 0.854363 0.360839 0.247750
v 0.863996 0.418877 0.206000
v 0.867814 0.494181 0.159448
v 0.165599 1.047798 0.570588
v 0.177022 0.985901 0.617189
v 0.187832 0.911321 0.665436
v 0.247788 0.326982 0.132048
v 0.229793 0.385817 0.072136
v 0.215536 0.462630 0.013781
v 0.111756 0.635293 0.241478
v 0.127230 0.600937 0.133064
v 0.156745 0.570511 0.035997
v 0.634175 0.524670 -0.033222
v 0.722560 0.537910 0.004491
v 0.801758 0.555871 0.052296
v 0.442107 0.892988 0.829985
v 0.349046 0.876347 0.806661
v 0.265839 0.853679 0.767582
v 0.974662 0.738891 0.484487
v 0.954146 0.774341 0.561914
v 0.918924 0.808125 0.633805
v 0.867786 0.653302 0.051596
v 0.867287 0.719131 -0.006056
v 0.866765 0.771124 -0.059646
v 0.193060 0.627491 -0.114146
v 0.182164 0.702501 -0.178273
v 0.170489 0.768759 -0.233711
v 0.865646 1.210597 0.378495
v 0.865772 1.202623 0.390895
v 0.865958 1.189302 0.407456
v 0.080368 1.027809 0.535033
v 0.115869 1.060490 0.517858
v 0.137803 1.084011 0.514816
v 0.061738 0.861652 0.029054
v 0.076725 0.843949 -0.091257
v 0.106998 0.830299 -0.197974
v 0.625203 0.761849 -0.246440
v 0.717296 0.771507 -0.209231
v 0.798690 0.785308 -0.162252
v 0.419715 1.224054 0.578440
v 0.317893 1.189388 0.579584
v 0.226420 1.145624 0.563816
v 0.973986 0.999771 0.251734
v 0.953333 1.053246 0.320676
v 0.917744 1.108779 0.381941
v 0.132204 2.841275 -0.434712
v 0.261421 2.835916 -0.418897
v 0.384664 2.821370 -0.395198
v 0.145621 1.080276 0.586370
v 0.272667 1.165308 0.574373
v 0.394868 1.244292 0.547851
v 0.797281 0.965965 -0.268966
v 0.714054 0.956494 -0.317534
v 0.617906 0.947944 -0.356295
v 0.757143 2.620507 0.473768
v 0.688449 2.688309 0.511966
v 0.601250 2.747795 0.548351
v 0.788040 1.972189 0.500883
v 0.706071 1.982633 0.552992
v 0.610769 1.992993 0.596451
v 0.132279 2.010169 -0.543234
v 0.262018 2.009246 -0.524256
v 0.386679 2.006741 -0.495818
v 0.303813 0.519706 0.825157
v 0.372350 0.515391 0.852304
v 0.456367 0.515959 0.869735
v 0.797868 0.303790 0.261719
v 0.727549 0.280448 0.240132
v 0.642085 0.265253 0.219413
v 0.270652 0.529049 -0.077577
v 0.352828 0.518399 -0.089791
v 0.444611 0.514318 -0.082597
v 0.801716 0.863583 0.751635
v 0.722368 0.882908 0.793901
v 0.633589 0.896241 0.822973
v 0.230486 0.801021 -0.313944
v 0.321128 0.781963 -0.318786
v 0.421909 0.766634 -0.303224
v 0.798589 1.200344 0.479731
v 0.717043 1.227258 0.517014
v 0.624601 1.243193 0.545127
v 0.535607 1.011455 0.774646
v 0.532006 1.107777 0.705190
v 0.528178 1.187417 0.633128
v 0.536981 0.592429 -0.121306
v 0.533394 0.660814 -0.178501
v 0.529531 0.716351 -0.230059
v 0.546435 0.601812 0.896266
v 0.544171 0.697174 0.892661
v 0.541687 0.798899 0.870717
v 0.547650 0.294686 0.124594
v 0.545455 0.355657 0.056494
v 0.543006 0.432021 -0.004333
v 0.521355 0.809544 -0.311373
v 0.517381 0.854107 -0.340138
v 0.513807 0.894917 -0.364079
v 0.520325 1.274638 0.542173
v 0.516619 1.290344 0.529554
v 0.513321 1.300771 0.520624
v 0.506588 1.160445 -0.444827
v 0.507421 1.064880 -0.427323
v 0.508792 0.993251 -0.407143
v 0.506584 1.334638 0.544905
v 0.507389 1.306858 0.531895
v 0.508685 1.301829 0.521268
v 0.504789 3.039711 0.248526
v 0.502693 2.995290 0.380271
v 0.500414 2.914822 0.494252
v 0.499011 2.624851 0.620627
v 0.500249 2.427162 0.636062
v 0.502030 2.214581 0.637401
v 0.554015 0.361591 0.663187
v 0.552622 0.404189 0.751475
v 0.550730 0.454810 0.824326
v 0.499011 2.628036 -0.420561
v 0.500249 2.431283 -0.448687
v 0.502030 2.217616 -0.459049
v 0.917271 1.163059 0.320840
v 0.952995 1.112928 0.262527
v 0.973696 1.072968 0.192106
v 0.819445 2.588591 -0.174706
v 0.839965 2.610983 -0.094036
v 0.854048 2.622761 0.002909
v 0.000000 2.974760 -0.339362
v 0.000000 3.064432 -0.207411
v 0.000000 3.115199 -0.054897
v 0.247960 0.297802 0.241012
v 0.231417 0.313931 0.325244
v 0.221179 0.343282 0.421883
v 0.906040 1.963229 -0.173227
v 0.941354 1.960724 -0.084965
v 0.961903 1.959801 0.009833
v 0.864955 0.502117 0.754722
v 0.888258 0.464990 0.697065
v 0.903485 0.430286 0.625212
v -0.000140 0.968389 -0.278638
v -0.000107 0.955510 -0.151386
v -0.000060 0.948323 -0.016945
v 0.151965 0.788210 0.643320
v 0.123637 0.748930 0.558859
v 0.109837 0.709321 0.461281
v 0.918932 0.605612 0.174741
v 0.954150 0.635988 0.246967
v 0.974663 0.668816 0.324282
v 0.103003 1.024440 0.469271
v 0.073727 0.961938 0.385584
v 0.060139 0.912985 0.279346
v 0.917774 0.832899 -0.041829
v 0.953348 0.867160 0.028526
v 0.973992 0.906761 0.102405
v 0.500414 2.914822 -0.278454
v 0.502693 2.995290 -0.164473
v 0.504789 3.039711 -0.032728
v 0.551618 0.246105 0.283933
v 0.553248 0.258830 0.373656
v 0.554338 0.287148 0.468948
v 0.454797 0.320903 0.561676
v 0.362496 0.325403 0.553711
v 0.281953 0.342785 0.540918
v 0.614462 2.980980 0.107899
v 0.711295 2.883138 0.107899
v 0.793698 2.763539 0.107899
v 0.981179 0.785031 0.347088
v 0.981004 0.856673 0.288131
v 0.980820 0.913197 0.230279
v 0.094158 0.736737 0.289473
v 0.082032 0.795020 0.235712
v 0.069890 0.843721 0.190546
v 0.950756 0.456010 0.519850
v 0.972324 0.529931 0.486259
v 0.980248 0.614056 0.446997
v 0.171482 0.433583 0.481721
v 0.140951 0.505533 0.438251
v 0.120975 0.587257 0.394269
v 0.043770 0.915362 0.139577
v 0.029577 0.936546 0.130787
v 0.014908 0.945528 0.124499
v 0.980548 0.983185 0.149342
v 0.980476 1.005554 0.132284
v 0.980424 1.023875 0.120794
v 0.980178 1.200317 0.092900
v 0.980244 1.127185 0.096621
v 0.980313 1.077738 0.103516
v 0.132310 3.129984 0.107899
v 0.262266 3.121469 0.107899
v 0.387517 3.098356 0.107899
v 0.841957 0.359393 0.559606
v 0.755579 0.337770 0.566329
v 0.657263 0.327463 0.568006
v 0.906225 2.473796 0.107899
v 0.937623 2.310182 0.107899
v 0.957141 2.137869 0.107899
v 0.860635 1.780158 -0.253753
v 0.863500 1.601296 -0.254581
v 0.864598 1.439786 -0.254302
v 0.860635 1.779461 0.413199
v 0.863500 1.609808 0.399129
v 0.864598 1.461712 0.393979
v 0.000539 1.783250 0.741627
v 0.000694 1.590163 0.734250
v 0.000776 1.425162 0.724621
v 0.000043 1.799932 -0.543524
v 0.000063 1.610698 -0.537224
v 0.000064 1.446286 -0.530312
v 0.504839 1.789337 -0.464369
v 0.505461 1.596086 -0.464789
v 0.505811 1.426905 -0.462116
v 0.504839 1.808583 0.598175
v 0.505461 1.640491 0.577168
v 0.505811 1.500890 0.567189
v 0.975213 1.775041 0.100200
v 0.978635 1.598358 0.095897
v 0.979911 1.438529 0.094556
v 0.916841 1.302006 -0.176410
v 0.952693 1.301438 -0.090534
v 0.973441 1.302193 0.001150
v 0.796150 1.355829 0.451529
v 0.712187 1.368924 0.497313
v 0.614869 1.381240 0.534239
v 0.132518 1.303062 -0.520006
v 0.262604 1.296678 -0.507202
v 0.387930 1.291183 -0.485475
v 0.614869 1.291645 -0.418645
v 0.712187 1.296236 -0.373319
v 0.796150 1.300302 -0.318852
v 0.973441 1.306743 0.182059
v 0.952693 1.314391 0.262789
v 0.916841 1.326518 0.334669
v 0.388112 1.371280 0.612105
v 0.262977 1.346265 0.653759
v 0.133083 1.318910 0.687451
v -0.601250 2.747796 -0.332553
v -0.688449 2.688309 -0.296168
v -0.757143 2.620507 -0.257971
v -0.864970 1.219300 -0.228587
v -0.865231 1.154970 -0.215643
v -0.865548 1.114141 -0.206274
v -0.973645 1.046279 0.042875
v -0.953096 1.062997 -0.044496
v -0.917504 1.077852 -0.125985
v -0.854048 2.622761 0.212889
v -0.839965 2.610983 0.309834
v -0.819445 2.588591 0.390503
v -0.863705 1.129193 0.492018
v -0.863690 1.028782 0.483576
v -0.863732 0.952403 0.471926
v -0.615413 0.824991 0.594447
v -0.711778 0.844680 0.561142
v -0.795240 0.867375 0.516213
v -0.395614 1.100387 -0.402336
v -0.273239 1.072918 -0.421194
v -0.145848 1.040276 -0.424462
v -0.384664 2.821370 0.610996
v -0.261421 2.835916 0.634695
v -0.132204 2.841275 0.650510
v -0.226870 0.425404 -0.395382
v -0.235463 0.353036 -0.351143
v -0.250768 0.297546 -0.307581
v -0.815992 2.468332 -0.238314
v -0.832930 2.323778 -0.247484
v -0.846026 2.152490 -0.251160
v -0.815884 2.465824 0.459079
v -0.832731 2.318955 0.472185
v -0.845758 2.145675 0.478492
v -0.386255 1.992852 0.719206
v -0.261634 1.996831 0.739154
v -0.131937 1.999602 0.749594
v -0.961838 1.958624 0.209393
v -0.941214 1.957697 0.307437
v -0.905818 1.957745 0.398795
v -0.610769 1.994215 -0.420198
v -0.706071 1.984985 -0.373419
v -0.788040 1.975755 -0.317984
v -0.911234 0.575414 -0.464478
v -0.896171 0.644088 -0.495862
v -0.872921 0.705016 -0.515931
v -0.648152 0.198233 -0.271850
v -0.733906 0.218589 -0.272049
v -0.804256 0.248283 -0.269580
v -0.467085 0.822810 -0.611557
v -0.383902 0.814077 -0.601542
v -0.315844 0.800544 -0.579333
v -0.871517 0.348391 -0.032497
v -0.868762 0.308670 -0.124822
v -0.860030 0.284519 -0.205737
v -0.866997 1.057491 -0.179853
v -0.866526 1.071058 -0.183037
v -0.866178 1.079343 -0.190017
v -0.213928 0.331908 -0.017159
v -0.229423 0.294134 -0.115332
v -0.248756 0.271569 -0.205170
v -0.141868 0.983129 -0.305986
v -0.118563 0.992915 -0.323260
v -0.081543 0.996259 -0.351773
v -0.866136 0.652386 0.344491
v -0.867517 0.559348 0.271400
v -0.869100 0.472983 0.176719
v -0.861716 0.763556 -0.485510
v -0.870527 0.796348 -0.428335
v -0.873367 0.839523 -0.359146
v -0.165389 0.599317 0.353794
v -0.177515 0.520799 0.280003
v -0.189233 0.446096 0.189018
v -0.254903 0.800782 -0.515368
v -0.235983 0.832614 -0.462223
v -0.220703 0.872510 -0.400849
v -0.115359 0.730442 -0.174367
v -0.131062 0.805385 -0.237137
v -0.160771 0.869513 -0.294652
v -0.638968 0.979148 -0.369138
v -0.727299 0.958866 -0.347410
v -0.806405 0.929427 -0.319565
v -0.444323 0.279228 0.129348
v -0.351314 0.300013 0.122620
v -0.268208 0.333735 0.106168
v -0.977952 0.582251 -0.059088
v -0.957180 0.516805 -0.013677
v -0.921718 0.455079 0.027926
v -0.871147 0.918452 -0.225180
v -0.869727 0.955645 -0.187559
v -0.868548 0.995837 -0.174419
v -0.196003 0.927192 -0.295784
v -0.184159 0.940938 -0.275021
v -0.171790 0.954486 -0.276910
v -0.863956 0.859628 0.449194
v -0.864158 0.828312 0.437991
v -0.864490 0.792123 0.421585
v -0.079102 0.908100 0.528760
v -0.114715 0.833748 0.493983
v -0.136817 0.758341 0.457482
v -0.062209 0.871977 -0.021607
v -0.077345 0.904987 -0.129924
v -0.107743 0.936015 -0.225360
v -0.626894 1.074927 -0.316998
v -0.718925 1.066857 -0.282294
v -0.800223 1.052105 -0.238323
v -0.418094 0.649163 0.520526
v -0.316522 0.649190 0.500357
v -0.225359 0.657821 0.464257
v -0.973964 0.865552 0.188962
v -0.952936 0.825204 0.264724
v -0.916956 0.784155 0.334154
v -0.132204 2.841275 -0.434712
v -0.261421 2.835916 -0.418897
v -0.384664 2.821370 -0.395198
v -0.143863 0.951035 0.606091
v -0.270623 0.902364 0.620466
v -0.392590 0.853298 0.623536
v -0.797698 1.102302 -0.257362
v -0.714544 1.111907 -0.305063
v -0.618455 1.118582 -0.342984
v -0.757143 2.620508 0.473768
v -0.688449 2.688309 0.511966
v -0.601250 2.747795 0.548351
v -0.787691 1.965672 0.547299
v -0.705685 1.973285 0.603523
v -0.610346 1.980927 0.651110
v -0.132279 2.010169 -0.543234
v -0.262018 2.009246 -0.524256
v -0.386679 2.006741 -0.495818
v -0.310290 0.238181 -0.277783
v -0.378900 0.211075 -0.278506
v -0.462925 0.194234 -0.275411
v -0.806067 0.763497 -0.550950
v -0.736022 0.784865 -0.579169
v -0.650744 0.806657 -0.599327
v -0.275063 0.957918 -0.372606
v -0.357426 0.982113 -0.388330
v -0.449338 0.992130 -0.391248
v -0.804132 0.351309 0.092260
v -0.724665 0.313029 0.112460
v -0.635819 0.286155 0.124032
v -0.231603 1.000064 -0.343815
v -0.322496 1.032264 -0.362246
v -0.423481 1.057945 -0.359930
v -0.797135 0.714248 0.447052
v -0.715386 0.689817 0.487177
v -0.622830 0.670430 0.513481
v -0.536487 0.355066 0.258111
v -0.531750 0.451144 0.369653
v -0.527026 0.554151 0.458586
v -0.540650 1.008248 -0.339394
v -0.536162 1.032246 -0.317383
v -0.531653 1.057129 -0.319166
v -0.552051 0.176587 -0.180180
v -0.548719 0.190770 -0.080125
v -0.545086 0.225137 0.023179
v -0.555605 0.867547 -0.570941
v -0.552412 0.906608 -0.513968
v -0.548886 0.946792 -0.449230
v -0.522694 1.098712 -0.343850
v -0.518433 1.109026 -0.350980
v -0.514625 1.114065 -0.361138
v -0.518236 0.703363 0.557134
v -0.514366 0.739815 0.580010
v -0.510969 0.772107 0.598240
v -0.506652 1.234265 -0.415522
v -0.507635 1.176001 -0.398767
v -0.509194 1.140578 -0.384894
v -0.504683 1.065199 0.682293
v -0.505279 0.957612 0.661628
v -0.506402 0.873775 0.638839
v -0.504789 3.039711 0.248526
v -0.502693 2.995290 0.380271
v -0.500414 2.914822 0.494252
v -0.498846 2.623744 0.643297
v -0.499950 2.422924 0.676451
v -0.501633 2.205714 0.689778
v -0.562070 0.381137 -0.452643
v -0.560294 0.298644 -0.399829
v -0.557915 0.232404 -0.340935
v -0.499011 2.628036 -0.420562
v -0.500249 2.431283 -0.448687
v -0.502030 2.217616 -0.459049
v -0.915996 0.935452 0.391736
v -0.952153 0.973064 0.312926
v -0.973211 1.004482 0.225793
v -0.819445 2.588591 -0.174706
v -0.839965 2.610983 -0.094036
v -0.854048 2.622761 0.002909
v -0.255886 0.741670 -0.544457
v -0.239329 0.673060 -0.520365
v -0.228947 0.592965 -0.483120
v -0.906040 1.963229 -0.173227
v -0.941354 1.960724 -0.084965
v -0.961903 1.959801 0.009833
v -0.871549 0.307982 -0.299512
v -0.895197 0.360878 -0.342880
v -0.910730 0.428102 -0.385647
v -0.154680 0.435124 0.042291
v -0.126567 0.500350 -0.003074
v -0.112987 0.572999 -0.054941
v -0.923240 0.838618 -0.246053
v -0.958222 0.779728 -0.201835
v -0.978481 0.715835 -0.154825
v -0.102686 0.718720 0.352843
v -0.073731 0.762591 0.278033
v -0.060360 0.803926 0.189785
v -0.918961 1.004778 -0.120130
v -0.954284 0.973929 -0.047936
v -0.974636 0.939876 0.029502
v -0.500414 2.914822 -0.278454
v -0.502693 2.995290 -0.164473
v -0.504789 3.039711 -0.032728
v -0.560591 0.743585 -0.613079
v -0.562166 0.656065 -0.589572
v -0.563032 0.564903 -0.549920
v -0.463162 0.473016 -0.502244
v -0.370761 0.477529 -0.495737
v -0.289971 0.488566 -0.477123
v -0.614462 2.980980 0.107899
v -0.711295 2.883138 0.107899
v -0.793697 2.763539 0.107899
v -0.983562 0.702588 -0.018513
v -0.982440 0.767084 0.047787
v -0.981565 0.836767 0.090330
v -0.096334 0.691274 -0.026400
v -0.083326 0.738419 0.033958
v -0.070576 0.788914 0.071658
v -0.957442 0.523027 -0.358205
v -0.978024 0.555466 -0.277998
v -0.984883 0.598317 -0.192414
v -0.178079 0.530083 -0.365995
v -0.146465 0.563013 -0.280872
v -0.125381 0.604597 -0.193786
v -0.043931 0.880286 0.105285
v -0.029643 0.911460 0.113756
v -0.014928 0.932461 0.117643
v -0.980584 0.945435 0.125430
v -0.980367 0.975278 0.131938
v -0.980243 1.000314 0.133592
v -0.979936 1.200829 0.126215
v -0.979972 1.121828 0.131100
v -0.980056 1.066454 0.132808
v -0.132310 3.129984 0.107899
v -0.262266 3.121469 0.107899
v -0.387517 3.098356 0.107899
v -0.849923 0.484476 -0.464369
v -0.763795 0.474936 -0.485876
v -0.665599 0.471742 -0.496884
v -0.906225 2.473796 0.107899
v -0.937623 2.310182 0.107899
v -0.957141 2.137869 0.107899
v -0.860617 1.783347 -0.249911
v -0.863476 1.607206 -0.248794
v -0.864579 1.448012 -0.248230
v -0.859997 1.760412 0.493681
v -0.862657 1.572220 0.499422
v -0.863654 1.403050 0.498622
v -0.504779 1.798491 -0.451587
v -0.505384 1.614190 -0.445274
v -0.505753 1.453791 -0.440901
v -0.503854 1.752961 0.709650
v -0.504134 1.541476 0.714828
v -0.504292 1.356767 0.709816
v -0.975136 1.778426 0.112335
v -0.978516 1.603737 0.114861
v -0.979779 1.444690 0.115719
v -0.916819 1.314248 -0.168337
v -0.952647 1.313694 -0.079018
v -0.973360 1.312379 0.016635
v -0.795011 1.246313 0.559457
v -0.710886 1.231920 0.614272
v -0.613412 1.217446 0.659591
v -0.132443 1.313294 -0.515288
v -0.262554 1.316527 -0.497715
v -0.387901 1.319573 -0.471136
v -0.614855 1.319834 -0.402965
v -0.712172 1.317630 -0.361224
v -0.796138 1.315629 -0.310287
v -0.973157 1.303100 0.219920
v -0.952211 1.292052 0.319812
v -0.916127 1.277638 0.411913
v -0.386485 1.221109 0.712398
v -0.261342 1.242240 0.720730
v -0.131452 1.265703 0.720912
v 0.607530 2.202924 -0.418831
v 0.604048 2.407435 -0.409267
v 0.601499 2.593701 -0.383282
v 0.700893 2.185096 -0.372237
v 0.694857 2.377871 -0.363962
v 0.689642 2.549796 -0.341303
v 0.780800 2.167155 -0.317096
v 0.771339 2.347411 -0.310879
v 0.761322 2.502717 -0.293737
v 0.950537 2.135445 0.200380
v 0.931227 2.308002 0.202443
v 0.900314 2.471416 0.206313
v 0.930284 2.135176 0.288968
v 0.911954 2.306793 0.292375
v 0.883150 2.466254 0.298301
v 0.895703 2.138404 0.370328
v 0.879509 2.308463 0.373778
v 0.855373 2.459739 0.378251
v 0.655577 0.365172 0.661696
v 0.752680 0.373839 0.655059
v 0.837791 0.393549 0.642971
v 0.651499 0.407070 0.747437
v 0.745244 0.413908 0.736030
v 0.826374 0.430980 0.718469
v 0.646342 0.456962 0.818112
v 0.735518 0.461466 0.802103
v 0.810409 0.474165 0.778849
v 0.386027 2.222980 0.677829
v 0.385260 2.441727 0.674662
v 0.384717 2.646252 0.655708
v 0.261933 2.226476 0.711730
v 0.261679 2.448733 0.706825
v 0.261481 2.657052 0.684592
v 0.132443 2.226624 0.736437
v 0.132368 2.450644 0.729921
v 0.132284 2.660758 0.704797
v 0.387129 3.083352 0.257256
v 0.262151 3.105762 0.264292
v 0.132295 3.114019 0.268986
v 0.386245 3.035263 0.397180
v 0.261889 3.055789 0.410807
v 0.132263 3.063352 0.419900
v 0.385283 2.949474 0.518238
v 0.261604 2.967268 0.537567
v 0.132227 2.973824 0.550466
v 0.387845 1.485493 0.618068
v 0.387609 1.630932 0.628298
v 0.387285 1.805124 0.646176
v 0.262772 1.467157 0.662726
v 0.262610 1.618930 0.673176
v 0.262428 1.799332 0.687830
v 0.132961 1.446679 0.698980
v 0.132845 1.605064 0.709326
v 0.132702 1.791791 0.720521
v 0.973226 1.438661 0.180494
v 0.971953 1.596678 0.182113
v 0.968539 1.772352 0.188202
v 0.952476 1.442976 0.261005
v 0.951222 1.598276 0.263413
v 0.947869 1.772188 0.271791
v 0.916614 1.450937 0.333110
v 0.915414 1.602834 0.336736
v 0.912226 1.774594 0.347818
v 0.614555 1.430631 -0.422445
v 0.614024 1.597761 -0.424282
v 0.612890 1.787498 -0.423641
v 0.711887 1.434015 -0.376020
v 0.711151 1.599074 -0.377210
v 0.709403 1.784923 -0.376434
v 0.795878 1.437072 -0.320694
v 0.794942 1.600200 -0.321378
v 0.792583 1.782263 -0.320543
v 0.973878 0.944831 0.071629
v 0.953212 0.910303 -0.004930
v 0.917579 0.880640 -0.077625
v 0.973803 0.972803 0.051645
v 0.953123 0.943462 -0.027581
v 0.917454 0.918409 -0.102587
v 0.973749 0.996853 0.037306
v 0.953060 0.972772 -0.044508
v 0.917364 0.952347 -0.121753
v 0.622499 1.269649 0.522055
v 0.715995 1.252893 0.492789
v 0.798064 1.225675 0.454541
v 0.620663 1.283352 0.508061
v 0.715193 1.265687 0.477838
v 0.797723 1.238420 0.438811
v 0.619090 1.291405 0.497836
v 0.714554 1.272759 0.466758
v 0.797483 1.245577 0.427081
v 0.414906 0.822466 -0.338418
v 0.310673 0.838029 -0.351271
v 0.216623 0.856569 -0.343446
v 0.407672 0.868078 -0.365810
v 0.298363 0.884095 -0.377834
v 0.197701 0.901994 -0.369546
v 0.400740 0.910225 -0.389100
v 0.284506 0.926827 -0.401952
v 0.171726 0.943579 -0.396473
v 0.046364 0.938856 0.265201
v 0.059105 0.976659 0.371814
v 0.087568 1.026345 0.456094
v 0.031628 0.951622 0.257710
v 0.042061 0.978531 0.367442
v 0.066877 1.016035 0.456087
v 0.016072 0.952204 0.253163
v 0.022005 0.968201 0.367749
v 0.037745 0.994226 0.464957
v 0.174128 0.470425 0.578007
v 0.185329 0.507617 0.663001
v 0.207284 0.544601 0.733375
v 0.143874 0.543003 0.538811
v 0.156619 0.580305 0.628935
v 0.182375 0.616362 0.706677
v 0.124026 0.625358 0.499241
v 0.137526 0.663630 0.593666
v 0.165077 0.700745 0.675929
v 0.456695 0.291336 0.106555
v 0.372710 0.295778 0.099470
v 0.301752 0.309332 0.106062
v 0.453472 0.352969 0.036497
v 0.366741 0.357008 0.029489
v 0.290688 0.368459 0.039618
v 0.449324 0.429990 -0.025567
v 0.359890 0.434157 -0.032807
v 0.280176 0.445028 -0.021334
v 0.638525 0.600512 0.885941
v 0.724017 0.596864 0.861958
v 0.796933 0.592224 0.826629
v 0.636616 0.693423 0.880623
v 0.723449 0.685133 0.854009
v 0.800273 0.672765 0.814722
v 0.635140 0.793246 0.857395
v 0.723095 0.781853 0.829204
v 0.801836 0.765045 0.787869
v 0.944719 0.425542 0.442469
v 0.926665 0.399006 0.368696
v 0.896711 0.378835 0.302288
v 0.965861 0.498376 0.408930
v 0.946116 0.468893 0.334480
v 0.912477 0.442736 0.265851
v 0.973623 0.581140 0.368647
v 0.953217 0.549623 0.292816
v 0.918229 0.520431 0.222185
v 0.097278 0.775243 0.405354
v 0.111262 0.818442 0.507857
v 0.140113 0.864525 0.595120
v 0.085143 0.832256 0.356301
v 0.099202 0.878019 0.461398
v 0.128424 0.930154 0.548977
v 0.072930 0.878718 0.314303
v 0.086883 0.926285 0.420379
v 0.116266 0.983820 0.506499
v 0.439574 0.592644 -0.146818
v 0.345704 0.598202 -0.157677
v 0.261492 0.609754 -0.148633
v 0.434179 0.663815 -0.206148
v 0.338274 0.671399 -0.219077
v 0.252121 0.684268 -0.211792
v 0.428325 0.723246 -0.258809
v 0.330196 0.733954 -0.273002
v 0.241973 0.749157 -0.266840
v 0.631627 1.005850 0.760351
v 0.721230 0.992057 0.732260
v 0.801060 0.970907 0.691696
v 0.629344 1.103439 0.690139
v 0.719833 1.089183 0.662526
v 0.800219 1.066147 0.623391
v 0.626937 1.183897 0.616595
v 0.718372 1.168976 0.588944
v 0.799345 1.144002 0.550905
v 0.974526 0.747848 0.267419
v 0.953985 0.712844 0.189821
v 0.918693 0.681018 0.116976
v 0.974346 0.816949 0.209353
v 0.953770 0.780089 0.132276
v 0.918382 0.747159 0.059568
v 0.974156 0.871278 0.153174
v 0.953544 0.832893 0.077378
v 0.918056 0.799175 0.005534
v 0.256676 0.945645 0.716993
v 0.341908 0.974627 0.752105
v 0.437046 0.996992 0.771174
v 0.247375 1.026307 0.664278
v 0.334520 1.061475 0.693834
v 0.431663 1.089313 0.707043
v 0.237451 1.093516 0.612207
v 0.326607 1.133854 0.635089
v 0.425904 1.166030 0.641314
v 0.801120 0.630947 -0.006764
v 0.721449 0.613654 -0.055061
v 0.632244 0.600964 -0.093253
v 0.800300 0.697500 -0.064220
v 0.720077 0.681201 -0.112494
v 0.629986 0.669288 -0.150652
v 0.799441 0.750439 -0.117094
v 0.718631 0.735355 -0.164888
v 0.627580 0.724463 -0.202650
v 0.297419 0.587078 0.833782
v 0.369263 0.593055 0.867722
v 0.454404 0.598461 0.889129
v 0.286036 0.668132 0.822719
v 0.363077 0.682031 0.860681
v 0.451052 0.691857 0.884363
v 0.275391 0.759450 0.798635
v 0.356135 0.778251 0.838086
v 0.446847 0.791488 0.862342
v 0.796952 0.338734 0.206225
v 0.724169 0.317791 0.173027
v 0.639038 0.303145 0.145417
v 0.800296 0.396634 0.154881
v 0.723612 0.377705 0.113533
v 0.637161 0.363968 0.080682
v 0.801865 0.471670 0.103770
v 0.723270 0.453562 0.058083
v 0.635704 0.440272 0.022087
v 0.798155 0.839425 -0.200448
v 0.716214 0.826941 -0.247470
v 0.623006 0.817555 -0.284496
v 0.797794 0.883183 -0.227977
v 0.715359 0.871760 -0.275343
v 0.621041 0.862579 -0.312681
v 0.797529 0.922923 -0.249758
v 0.714662 0.912468 -0.297644
v 0.619333 0.903548 -0.335584
v 0.213423 1.140224 0.551171
v 0.308111 1.193657 0.565142
v 0.413146 1.239779 0.560760
v 0.195601 1.124015 0.552801
v 0.296638 1.187026 0.562364
v 0.406450 1.244001 0.552972
v 0.170828 1.101687 0.565384
v 0.283657 1.175363 0.566642
v 0.400069 1.243240 0.549974
v 0.132428 1.440655 -0.528234
v 0.132374 1.606825 -0.534394
v 0.132331 1.797908 -0.539165
v 0.262422 1.435481 -0.514592
v 0.262300 1.603080 -0.519690
v 0.262184 1.795636 -0.522792
v 0.387673 1.430886 -0.491764
v 0.387457 1.599505 -0.495646
v 0.387165 1.792872 -0.496997
v 0.795878 1.472154 0.451284
v 0.794942 1.617778 0.457580
v 0.792583 1.786655 0.473451
v 0.711887 1.482187 0.497883
v 0.711151 1.625661 0.505295
v 0.709403 1.794322 0.522880
v 0.614555 1.491759 0.535841
v 0.614024 1.633273 0.544442
v 0.612890 1.801829 0.563714
v 0.789670 2.757744 0.219906
v 0.708453 2.874398 0.228929
v 0.612699 2.969507 0.238792
v 0.779247 2.736644 0.323534
v 0.701578 2.843840 0.341840
v 0.608630 2.930984 0.361359
v 0.765801 2.694192 0.410596
v 0.693501 2.784590 0.438655
v 0.604130 2.859209 0.467291
v 0.780800 2.162317 0.504346
v 0.771339 2.342754 0.505252
v 0.761322 2.499691 0.497835
v 0.700893 2.180911 0.556522
v 0.694857 2.373420 0.556013
v 0.689642 2.546718 0.544063
v 0.607530 2.199322 0.600130
v 0.604048 2.403145 0.598960
v 0.601499 2.590559 0.584679
v 0.283570 0.379952 0.635003
v 0.363434 0.363503 0.649736
v 0.455013 0.359630 0.659055
v 0.289580 0.419746 0.717721
v 0.366602 0.405166 0.735636
v 0.455851 0.402323 0.747296
v 0.298602 0.465359 0.782898
v 0.370622 0.454443 0.805112
v 0.456610 0.453092 0.819735
v 0.132252 2.233555 -0.541538
v 0.132224 2.457041 -0.529669
v 0.132205 2.664868 -0.497451
v 0.261807 2.231784 -0.522610
v 0.261584 2.454179 -0.511086
v 0.261429 2.660775 -0.479808
v 0.385965 2.226977 -0.494246
v 0.385214 2.446411 -0.483240
v 0.384691 2.649667 -0.453369
v 0.301880 0.265488 0.256011
v 0.373168 0.247543 0.262953
v 0.458288 0.242507 0.271229
v 0.292024 0.278398 0.344236
v 0.368440 0.260403 0.355256
v 0.457040 0.255603 0.363883
v 0.284878 0.306844 0.441388
v 0.364398 0.289115 0.453730
v 0.455628 0.284458 0.461964
v 0.765802 2.694192 -0.194799
v 0.693501 2.784590 -0.222857
v 0.604130 2.859209 -0.251493
v 0.779247 2.736644 -0.107736
v 0.701578 2.843839 -0.126043
v 0.608630 2.930984 -0.145561
v 0.789670 2.757744 -0.004109
v 0.708453 2.874398 -0.013132
v 0.612699 2.969508 -0.022994
v 0.918679 0.905760 0.576953
v 0.953978 0.865777 0.505575
v 0.974523 0.825004 0.428156
v 0.918360 0.991616 0.513283
v 0.953759 0.945900 0.444046
v 0.974341 0.900322 0.368230
v 0.918028 1.060616 0.446629
v 0.953530 1.009721 0.380917
v 0.974151 0.959919 0.308069
v 0.144883 0.647525 -0.035431
v 0.114847 0.674184 0.064140
v 0.099192 0.704822 0.175480
v 0.133111 0.718125 -0.097743
v 0.102723 0.740550 0.004304
v 0.087022 0.767089 0.118565
v 0.120720 0.779865 -0.151595
v 0.090226 0.797864 -0.047158
v 0.074714 0.820052 0.070073
v 0.896711 0.554685 0.731439
v 0.926665 0.521551 0.669487
v 0.944719 0.488344 0.597500
v 0.912476 0.627256 0.705581
v 0.946116 0.595701 0.638264
v 0.965860 0.562843 0.564176
v 0.918226 0.714060 0.672531
v 0.953216 0.681972 0.602095
v 0.973622 0.648192 0.526085
v 0.211598 0.344382 0.196998
v 0.188624 0.366978 0.282865
v 0.175906 0.398106 0.380823
v 0.187006 0.408509 0.143160
v 0.160120 0.436713 0.233433
v 0.145750 0.470056 0.334695
v 0.169836 0.486921 0.088313
v 0.141107 0.517366 0.182324
v 0.125939 0.551701 0.287205
v 0.090727 0.880310 -0.221981
v 0.061491 0.889099 -0.112315
v 0.047644 0.901531 0.011538
v 0.068949 0.918995 -0.243206
v 0.043650 0.922045 -0.128926
v 0.032491 0.928547 -0.000966
v 0.038556 0.948831 -0.264079
v 0.022674 0.944185 -0.142479
v 0.016454 0.943839 -0.010094
v 0.917552 1.133129 0.357045
v 0.953198 1.078347 0.295966
v 0.973872 1.027639 0.226026
v 0.917432 1.145778 0.342000
v 0.953112 1.092210 0.281369
v 0.973798 1.044739 0.210754
v 0.917350 1.153394 0.331386
v 0.953052 1.101361 0.271540
v 0.973746 1.057455 0.200635
v 0.916614 1.437981 -0.177729
v 0.915414 1.599254 -0.177865
v 0.912226 1.777234 -0.176431
v 0.952476 1.437151 -0.091869
v 0.951222 1.598130 -0.091690
v 0.947869 1.775619 -0.089479
v 0.973226 1.437340 -0.000020
v 0.971953 1.597865 0.000652
v 0.968539 1.774999 0.003821
v 0.385283 2.949473 -0.302440
v 0.261604 2.967268 -0.321769
v 0.132227 2.973824 -0.334668
v 0.386245 3.035263 -0.181382
v 0.261889 3.055789 -0.195009
v 0.132263 3.063352 -0.204102
v 0.387129 3.083352 -0.041458
v 0.262151 3.105762 -0.048494
v 0.132295 3.114019 -0.053189
v 0.646716 0.253809 0.296752
v 0.735629 0.268671 0.311693
v 0.810423 0.293735 0.323894
v 0.651763 0.265547 0.382597
v 0.745322 0.279220 0.391660
v 0.826384 0.303992 0.396427
v 0.655713 0.292696 0.474011
v 0.752720 0.304754 0.477512
v 0.837796 0.328155 0.476181
v 0.895703 2.143654 -0.173062
v 0.879509 2.312852 -0.171906
v 0.855373 2.462328 -0.170104
v 0.930284 2.139493 -0.085038
v 0.911954 2.310255 -0.085544
v 0.883150 2.468248 -0.087474
v 0.950537 2.138052 0.009733
v 0.931227 2.310031 0.009037
v 0.900314 2.472564 0.007076
v 0.917171 1.034936 -0.152243
v 0.917051 1.097612 -0.164748
v 0.916935 1.184250 -0.173830
v 0.952923 1.046810 -0.071120
v 0.952839 1.105464 -0.081961
v 0.952759 1.187955 -0.089452
v 0.973634 1.061216 0.015149
v 0.973563 1.115416 0.006202
v 0.973495 1.193360 0.000521
v 0.796981 1.246873 0.419335
v 0.796677 1.256404 0.424660
v 0.796386 1.290022 0.433689
v 0.713460 1.270724 0.461611
v 0.712957 1.276955 0.468706
v 0.712521 1.307048 0.479009
v 0.616721 1.289090 0.495310
v 0.615899 1.293774 0.504058
v 0.615289 1.321908 0.515569
v 0.135386 1.039492 -0.455763
v 0.133290 1.104723 -0.482003
v 0.132712 1.190370 -0.503248
v 0.266428 1.023207 -0.448912
v 0.263956 1.089748 -0.471785
v 0.262974 1.178848 -0.491664
v 0.391418 1.007592 -0.432258
v 0.389405 1.076486 -0.453179
v 0.388391 1.168910 -0.471656
v 0.616775 1.000896 -0.375368
v 0.615915 1.071561 -0.393488
v 0.615291 1.166232 -0.408845
v 0.713484 1.008441 -0.335242
v 0.712964 1.078027 -0.351840
v 0.712522 1.171662 -0.365488
v 0.796992 1.016556 -0.285558
v 0.796680 1.084715 -0.300851
v 0.796387 1.176956 -0.312941
v 0.973633 1.098825 0.185222
v 0.973563 1.141803 0.179531
v 0.973496 1.208635 0.177275
v 0.952922 1.130525 0.257942
v 0.952839 1.165237 0.254466
v 0.952759 1.223956 0.254686
v 0.917168 1.171009 0.319375
v 0.917050 1.196044 0.318922
v 0.916935 1.245215 0.322426
v 0.391463 1.246083 0.561855
v 0.389562 1.263555 0.576209
v 0.388580 1.302885 0.592149
v 0.266667 1.181805 0.594019
v 0.264324 1.213710 0.613671
v 0.263368 1.266182 0.633183
v 0.135907 1.112873 0.616529
v 0.133898 1.160277 0.643648
v 0.133316 1.226508 0.666926
v -0.607530 2.202924 -0.418831
v -0.700893 2.185096 -0.372237
v -0.780800 2.167155 -0.317096
v -0.604048 2.407435 -0.409267
v -0.694857 2.377871 -0.363962
v -0.771339 2.347411 -0.310879
v -0.601499 2.593701 -0.383282
v -0.689642 2.549796 -0.341303
v -0.761322 2.502717 -0.293737
v -0.950479 2.137052 0.209101
v -0.930163 2.136987 0.306780
v -0.895511 2.139183 0.397616
v -0.931184 2.309288 0.209082
v -0.911862 2.308432 0.305898
v -0.879366 2.309654 0.394430
v -0.900289 2.472156 0.210020
v -0.883100 2.467264 0.305821
v -0.855295 2.460635 0.389656
v -0.663589 0.383325 -0.448279
v -0.659135 0.303252 -0.396524
v -0.653499 0.239056 -0.338674
v -0.760586 0.391229 -0.439534
v -0.752792 0.315648 -0.390230
v -0.742610 0.255713 -0.335320
v -0.845464 0.405849 -0.420605
v -0.833714 0.335360 -0.374641
v -0.817338 0.280523 -0.324840
v -0.385598 2.215394 0.717671
v -0.261474 2.220902 0.738544
v -0.131957 2.223660 0.749918
v -0.384938 2.437963 0.705450
v -0.261333 2.445894 0.727565
v -0.132002 2.449111 0.740351
v -0.384539 2.645162 0.673026
v -0.261291 2.656174 0.696270
v -0.132083 2.660266 0.710673
v -0.387129 3.083352 0.257256
v -0.386245 3.035263 0.397180
v -0.385283 2.949474 0.518238
v -0.262151 3.105762 0.264291
v -0.261889 3.055789 0.410807
v -0.261604 2.967268 0.537567
v -0.132295 3.114019 0.268986
v -0.132263 3.063352 0.419900
v -0.132227 2.973824 0.550466
v -0.386303 1.370841 0.725611
v -0.261216 1.387305 0.734661
v -0.131401 1.405668 0.734986
v -0.386257 1.551680 0.732195
v -0.261238 1.563449 0.742741
v -0.131460 1.576461 0.744182
v -0.386269 1.760211 0.730470
v -0.261385 1.767675 0.744348
v -0.131638 1.775394 0.748870
v -0.972933 1.438370 0.221133
v -0.951990 1.429032 0.322176
v -0.915910 1.417061 0.415698
v -0.971685 1.598655 0.220264
v -0.950781 1.591435 0.321600
v -0.914780 1.582449 0.415692
v -0.968345 1.775072 0.216501
v -0.947540 1.770600 0.316907
v -0.911748 1.765514 0.410354
v -0.614505 1.452065 -0.405076
v -0.711845 1.450431 -0.362474
v -0.795846 1.449022 -0.310923
v -0.613958 1.612290 -0.408254
v -0.711098 1.610319 -0.364645
v -0.794903 1.608531 -0.312233
v -0.612839 1.794899 -0.413137
v -0.709363 1.790717 -0.368190
v -0.792554 1.786631 -0.314523
v -0.974201 0.977177 0.042331
v -0.973943 1.002538 0.046234
v -0.973777 1.022991 0.045556
v -0.953796 1.007110 -0.038077
v -0.953489 1.028164 -0.036720
v -0.953276 1.044198 -0.039672
v -0.918388 1.034202 -0.113055
v -0.918013 1.051276 -0.114091
v -0.917742 1.063205 -0.119172
v -0.620435 0.719357 0.544378
v -0.618452 0.756602 0.564695
v -0.616801 0.789267 0.579859
v -0.714049 0.739138 0.516671
v -0.713107 0.776552 0.535307
v -0.712400 0.809174 0.548592
v -0.796320 0.763220 0.475307
v -0.795840 0.800255 0.492767
v -0.795531 0.832427 0.504890
v -0.416129 1.079038 -0.363558
v -0.408636 1.088295 -0.373573
v -0.401490 1.092839 -0.387038
v -0.311737 1.051772 -0.368318
v -0.299202 1.060503 -0.381554
v -0.285160 1.064979 -0.399814
v -0.217484 1.018893 -0.351412
v -0.198377 1.027713 -0.367852
v -0.172257 1.032020 -0.392709
v -0.046398 0.852451 0.214609
v -0.031550 0.891386 0.231478
v -0.015942 0.921140 0.242183
v -0.058890 0.820454 0.311661
v -0.041716 0.869913 0.336731
v -0.021601 0.911917 0.355173
v -0.087004 0.787753 0.393549
v -0.066162 0.849732 0.426098
v -0.036949 0.907076 0.453842
v -0.180482 0.449359 -0.319420
v -0.149163 0.483496 -0.231761
v -0.128217 0.525774 -0.141054
v -0.191433 0.377897 -0.275731
v -0.161686 0.411120 -0.186856
v -0.141503 0.452902 -0.093212
v -0.213131 0.319062 -0.235699
v -0.187230 0.347912 -0.147211
v -0.168852 0.387751 -0.051458
v -0.464544 0.866744 -0.572096
v -0.460327 0.907067 -0.516731
v -0.455109 0.948055 -0.453777
v -0.380380 0.856993 -0.563879
v -0.373434 0.896906 -0.510321
v -0.365527 0.938097 -0.448934
v -0.309159 0.836848 -0.544035
v -0.297154 0.873432 -0.492444
v -0.285607 0.913913 -0.432128
v -0.644131 0.186403 -0.180198
v -0.641165 0.201849 -0.081282
v -0.638547 0.237460 0.021168
v -0.729624 0.209385 -0.184438
v -0.728032 0.226561 -0.089135
v -0.726557 0.263355 0.011026
v -0.802540 0.243368 -0.191384
v -0.804922 0.262967 -0.103143
v -0.805398 0.300963 -0.006902
v -0.951633 0.592100 -0.397078
v -0.971800 0.622952 -0.319582
v -0.978510 0.665218 -0.237232
v -0.933770 0.657643 -0.432194
v -0.952277 0.687373 -0.359313
v -0.958346 0.729284 -0.280884
v -0.903946 0.716439 -0.460568
v -0.918831 0.746157 -0.395432
v -0.923581 0.788176 -0.321922
v -0.099299 0.623503 0.038567
v -0.086316 0.681304 0.108759
v -0.073515 0.742781 0.158045
v -0.113093 0.558377 0.096993
v -0.100192 0.623955 0.175604
v -0.087272 0.693370 0.234912
v -0.141731 0.498365 0.147562
v -0.129181 0.569362 0.233102
v -0.116384 0.644226 0.300619
v -0.443138 1.005578 -0.348497
v -0.436825 1.024775 -0.329278
v -0.430310 1.044443 -0.333772
v -0.349115 0.992453 -0.346879
v -0.340753 1.007586 -0.329361
v -0.332001 1.022810 -0.335275
v -0.264697 0.966881 -0.330634
v -0.254384 0.979796 -0.312867
v -0.243549 0.992549 -0.318145
v -0.632526 0.368677 0.253374
v -0.629105 0.464928 0.363138
v -0.625798 0.568369 0.450170
v -0.722217 0.393720 0.237616
v -0.719693 0.488057 0.343727
v -0.717340 0.589602 0.427334
v -0.802196 0.428910 0.211755
v -0.800252 0.519778 0.312715
v -0.798503 0.617668 0.391600
v -0.977186 0.762490 -0.074436
v -0.976074 0.819633 -0.016123
v -0.975210 0.881343 0.018296
v -0.956906 0.819794 -0.128718
v -0.955768 0.869753 -0.078040
v -0.954878 0.923694 -0.051417
v -0.921850 0.872450 -0.179569
v -0.920620 0.915666 -0.135883
v -0.919636 0.962334 -0.116447
v -0.257874 0.405567 0.222863
v -0.247608 0.486839 0.321069
v -0.236932 0.572769 0.401010
v -0.342945 0.376615 0.245851
v -0.334530 0.464147 0.350110
v -0.325813 0.557188 0.434655
v -0.437973 0.359639 0.257701
v -0.431504 0.452365 0.366523
v -0.424890 0.551385 0.454088
v -0.804615 0.953866 -0.263922
v -0.802876 0.986770 -0.231438
v -0.801363 1.022099 -0.223381
v -0.725037 0.980394 -0.295893
v -0.722750 1.009892 -0.267522
v -0.720650 1.041294 -0.263493
v -0.635890 0.998403 -0.321060
v -0.632720 1.025045 -0.296083
v -0.629662 1.053088 -0.295260
v -0.303021 0.231773 -0.190930
v -0.290622 0.250059 -0.095042
v -0.278870 0.286359 0.006260
v -0.374871 0.200735 -0.184424
v -0.367618 0.216965 -0.083385
v -0.359541 0.252512 0.020551
v -0.460013 0.181795 -0.180325
v -0.455581 0.196738 -0.078333
v -0.450226 0.231683 0.026134
v -0.804503 0.799289 -0.513762
v -0.806988 0.836563 -0.457953
v -0.807558 0.879915 -0.390494
v -0.731916 0.826953 -0.539743
v -0.730440 0.867449 -0.483021
v -0.729067 0.910815 -0.416337
v -0.646919 0.850082 -0.558856
v -0.644078 0.890768 -0.501828
v -0.641565 0.932940 -0.436063
v -0.799279 1.076448 -0.235484
v -0.798632 1.087840 -0.239984
v -0.798144 1.093762 -0.247991
v -0.717434 1.090160 -0.280829
v -0.716288 1.100277 -0.286331
v -0.715359 1.104802 -0.295102
v -0.624295 1.097846 -0.316690
v -0.622040 1.107596 -0.323019
v -0.620096 1.111789 -0.332452
v -0.212086 0.734594 0.507087
v -0.194092 0.804397 0.541627
v -0.169197 0.873263 0.573775
v -0.306458 0.718131 0.539691
v -0.294817 0.778776 0.569856
v -0.281723 0.837539 0.595973
v -0.411234 0.708067 0.556232
v -0.404375 0.757138 0.582181
v -0.397891 0.803101 0.603456
v -0.132321 1.448410 -0.522981
v -0.262334 1.450515 -0.504063
v -0.387602 1.452374 -0.475916
v -0.132262 1.612043 -0.529536
v -0.262202 1.613197 -0.509963
v -0.387370 1.613968 -0.481033
v -0.132252 1.800539 -0.535970
v -0.262112 1.800743 -0.516399
v -0.387099 1.800177 -0.487405
v -0.794785 1.391568 0.566115
v -0.710649 1.380034 0.622407
v -0.613176 1.368455 0.669614
v -0.793976 1.564491 0.567624
v -0.710062 1.556911 0.624808
v -0.612815 1.549313 0.673157
v -0.791857 1.758234 0.561816
v -0.708589 1.756702 0.619065
v -0.611990 1.755170 0.667620
v -0.789670 2.757744 0.219906
v -0.779247 2.736644 0.323534
v -0.765801 2.694192 0.410596
v -0.708453 2.874398 0.228929
v -0.701578 2.843839 0.341840
v -0.693501 2.784590 0.438655
v -0.612699 2.969508 0.238792
v -0.608630 2.930984 0.361359
v -0.604130 2.859209 0.467291
v -0.780500 2.159047 0.545218
v -0.700561 2.175707 0.601215
v -0.607165 2.192271 0.648694
v -0.771116 2.341704 0.536277
v -0.694608 2.371274 0.590140
v -0.603774 2.399953 0.636249
v -0.761200 2.499777 0.514942
v -0.689506 2.546409 0.563019
v -0.601349 2.589860 0.605518
v -0.291299 0.403259 -0.430607
v -0.296984 0.328863 -0.383531
v -0.305602 0.271932 -0.333391
v -0.371392 0.389254 -0.447531
v -0.374207 0.310992 -0.397484
v -0.377775 0.249496 -0.342290
v -0.463055 0.382273 -0.452694
v -0.463520 0.300826 -0.400564
v -0.463802 0.235788 -0.342558
v -0.132252 2.233555 -0.541538
v -0.261807 2.231784 -0.522610
v -0.385965 2.226977 -0.494246
v -0.132224 2.457041 -0.529669
v -0.261584 2.454179 -0.511086
v -0.385214 2.446411 -0.483240
v -0.132205 2.664868 -0.497451
v -0.261429 2.660775 -0.479808
v -0.384691 2.649667 -0.453369
v -0.310275 0.734117 -0.579313
v -0.300425 0.658277 -0.557460
v -0.293127 0.574826 -0.520465
v -0.381876 0.737561 -0.602022
v -0.377139 0.654555 -0.579153
v -0.372921 0.566816 -0.540825
v -0.467174 0.742120 -0.612055
v -0.465892 0.655342 -0.588388
v -0.464278 0.564784 -0.548947
v -0.765802 2.694192 -0.194799
v -0.779247 2.736644 -0.107736
v -0.789670 2.757744 -0.004109
v -0.693501 2.784590 -0.222857
v -0.701578 2.843839 -0.126043
v -0.708453 2.874398 -0.013132
v -0.604130 2.859209 -0.251493
v -0.608630 2.930984 -0.145561
v -0.612699 2.969508 -0.022994
v -0.920259 0.525278 0.135519
v -0.918911 0.607852 0.224139
v -0.917781 0.696809 0.290655
v -0.955821 0.582368 0.087921
v -0.954608 0.659933 0.169644
v -0.953626 0.743524 0.228732
v -0.976638 0.642145 0.035909
v -0.975491 0.713620 0.110115
v -0.974583 0.790715 0.161137
v -0.147696 0.884055 -0.242573
v -0.134991 0.902372 -0.215183
v -0.121921 0.921056 -0.210443
v -0.117475 0.826966 -0.175396
v -0.104433 0.853102 -0.138598
v -0.091279 0.880434 -0.124486
v -0.101600 0.760919 -0.101123
v -0.088529 0.797054 -0.053019
v -0.075588 0.835407 -0.027621
v -0.902593 0.331351 -0.236896
v -0.917441 0.361739 -0.156865
v -0.922134 0.403686 -0.066264
v -0.932823 0.387138 -0.276013
v -0.951319 0.421474 -0.194836
v -0.957353 0.465168 -0.105381
v -0.951146 0.452432 -0.316946
v -0.971311 0.486956 -0.235759
v -0.978006 0.530794 -0.147997
v -0.218665 0.754766 -0.489337
v -0.193089 0.784941 -0.426465
v -0.174872 0.824774 -0.358909
v -0.195602 0.688892 -0.455084
v -0.166051 0.719547 -0.381922
v -0.145960 0.759966 -0.306934
v -0.182715 0.611542 -0.411959
v -0.151482 0.643268 -0.331660
v -0.130574 0.684361 -0.250149
v -0.091281 0.959673 -0.228766
v -0.069372 0.972919 -0.240981
v -0.038892 0.976812 -0.260563
v -0.061934 0.933959 -0.127868
v -0.043977 0.951993 -0.132977
v -0.022929 0.959434 -0.142549
v -0.047951 0.907150 -0.013297
v -0.032694 0.931435 -0.011494
v -0.016600 0.945085 -0.013611
v -0.916494 0.832557 0.359056
v -0.916251 0.869156 0.373727
v -0.916117 0.900924 0.383297
v -0.952541 0.872679 0.287080
v -0.952341 0.908401 0.299517
v -0.952237 0.939323 0.306949
v -0.973585 0.910768 0.208299
v -0.973389 0.944241 0.218005
v -0.973287 0.972925 0.222791
v -0.916578 1.447964 -0.168466
v -0.952414 1.447415 -0.079036
v -0.973133 1.446326 0.016781
v -0.915373 1.606539 -0.169181
v -0.951160 1.605815 -0.079852
v -0.971865 1.604913 0.015918
v -0.912197 1.781220 -0.170722
v -0.947827 1.779920 -0.081772
v -0.968481 1.779099 0.013670
v -0.385283 2.949474 -0.302440
v -0.386245 3.035263 -0.181382
v -0.387129 3.083352 -0.041458
v -0.261604 2.967268 -0.321769
v -0.261889 3.055789 -0.195009
v -0.262151 3.105762 -0.048494
v -0.132227 2.973824 -0.334668
v -0.132263 3.063352 -0.204102
v -0.132295 3.114019 -0.053189
v -0.655586 0.729523 -0.601460
v -0.660593 0.646721 -0.579713
v -0.664338 0.560136 -0.542154
v -0.744318 0.714339 -0.582520
v -0.753988 0.638143 -0.562981
v -0.761201 0.557713 -0.528164
v -0.818818 0.703286 -0.553975
v -0.834758 0.635252 -0.535936
v -0.846003 0.561468 -0.503654
v -0.895703 2.143654 -0.173062
v -0.930284 2.139493 -0.085038
v -0.950537 2.138052 0.009733
v -0.879509 2.312852 -0.171906
v -0.911954 2.310255 -0.085544
v -0.931227 2.310031 0.009037
v -0.855373 2.462328 -0.170104
v -0.883150 2.468248 -0.087474
v -0.900314 2.472564 0.007076
v -0.917271 1.104823 -0.132041
v -0.952922 1.093499 -0.048733
v -0.973513 1.080562 0.040572
v -0.917048 1.148805 -0.139706
v -0.952761 1.141049 -0.054509
v -0.973395 1.131956 0.036806
v -0.916877 1.216299 -0.150840
v -0.952651 1.212137 -0.063651
v -0.973327 1.206928 0.029768
v -0.795127 0.929277 0.530333
v -0.711422 0.908786 0.577211
v -0.614540 0.890450 0.613179
v -0.794995 1.008785 0.544085
v -0.711105 0.990495 0.593179
v -0.613905 0.973564 0.631992
v -0.794922 1.112194 0.555074
v -0.710896 1.095987 0.606755
v -0.613519 1.080398 0.648645
v -0.135635 1.080388 -0.451834
v -0.266744 1.103911 -0.439752
v -0.391785 1.124469 -0.416833
v -0.133400 1.136259 -0.475597
v -0.264113 1.151314 -0.458467
v -0.389597 1.165011 -0.432417
v -0.132705 1.211581 -0.496204
v -0.262999 1.220047 -0.477409
v -0.388440 1.227893 -0.449967
v -0.617133 1.137202 -0.353967
v -0.713793 1.131423 -0.314879
v -0.797242 1.123604 -0.266145
v -0.616096 1.172677 -0.366352
v -0.713109 1.167888 -0.326160
v -0.796783 1.161888 -0.276494
v -0.615335 1.231301 -0.381803
v -0.712545 1.227678 -0.340681
v -0.796388 1.223597 -0.290251
v -0.973137 1.046697 0.228447
v -0.952106 1.020216 0.318736
v -0.915968 0.988218 0.400805
v -0.973074 1.106173 0.229849
v -0.952067 1.084732 0.323458
v -0.915941 1.058473 0.408975
v -0.973062 1.189343 0.228040
v -0.952080 1.173039 0.324954
v -0.915969 1.152634 0.413921
v -0.389302 0.912673 0.648582
v -0.264671 0.955219 0.649591
v -0.134107 0.999367 0.642698
v -0.387528 0.989890 0.673319
v -0.262394 1.026076 0.677670
v -0.132093 1.065176 0.675111
v -0.386710 1.090664 0.695575
v -0.261548 1.119764 0.702083
v -0.131563 1.151839 0.701258
vn 0.6256 -0.2220 0.7479
vn 0.8027 0.2095 0.5583
vn 0.6132 -0.7125 -0.3410
vn 0.8099 0.2480 -0.5316
vn -0.1871 -0.8164 -0.5463
vn -0.0000 0.4746 -0.8802
vn 0.4785 -0.7314 0.4859
vn 0.0053 0.4586 0.8886
vn 0.7772 0.0353 -0.6283
vn 0.7446 -0.0224 0.6671
vn 0.0684 -0.0185 0.9975
vn -0.0031 -0.0107 -0.9999
vn 0.7919 0.3258 0.5165
vn 0.7361 -0.2381 -0.6336
vn -0.6410 -0.2894 0.7108
vn -0.5479 -0.8059 -0.2245
vn 0.7407 0.2865 0.6077
vn 0.7434 -0.3752 -0.5537
vn -0.7669 0.1825 0.6153
vn -0.6858 -0.5038 -0.5253
vn 0.7037 -0.5003 -0.5046
vn -0.6214 -0.5396 -0.5680
vn 0.7456 0.5054 0.4344
vn -0.7316 0.5393 0.4171
vn 0.3820 0.4226 -0.8219
vn 0.2518 -0.2668 0.9303
vn 0.2085 -0.3825 -0.9001
vn 0.3784 0.3878 0.8405
vn 0.3294 -0.0837 0.9405
vn 0.3194 0.0125 -0.9475
vn 0.0203 -0.4367 0.8994
vn 0.1135 -0.9504 -0.2896
vn 0.2373 -0.5674 -0.7885
vn 0.0262 0.4065 0.9133
vn 0.1948 -0.6383 -0.7447
vn 0.0447 0.7042 0.7086
vn 1.0000 0.0016 -0.0030
vn 0.9320 0.3626 0.0006
vn -0.0000 1.0000 -0.0000
vn -0.6911 -0.6778 0.2509
vn 0.9988 0.0496 0.0042
vn 0.7006 -0.6631 0.2635
vn 0.3511 -0.9360 -0.0258
vn -0.9883 -0.1462 0.0434
vn 1.0000 -0.0031 0.0046
vn -0.9463 -0.3192 0.0509
vn 1.0000 -0.0047 -0.0061
vn 0.4540 0.8910 -0.0000
vn 0.0190 -0.9335 0.3581
vn 0.7621 -0.0130 -0.6473
vn 0.6788 -0.0810 0.7298
vn 0.1570 -0.1394 0.9777
vn -0.0259 -0.1101 -0.9936
vn 0.2809 -0.0634 -0.9577
vn 0.3301 -0.1469 0.9324
vn 1.0000 0.0006 0.0040
vn -0.6192 -0.7699 -0.1543
vn -0.8116 0.2596 0.5234
vn -0.6589 0.3990 -0.6377
vn -0.8099 0.2480 -0.5316
vn -0.7762 0.0271 -0.6299
vn -0.7851 0.0529 0.6171
vn -0.7487 -0.1603 0.6432
vn -0.6535 -0.3614 -0.6651
vn 0.6248 -0.7432 -0.2392
vn 0.6551 0.2951 -0.6956
vn -0.7185 -0.5961 0.3584
vn -0.6950 0.6301 -0.3465
vn 0.7186 -0.6421 0.2670
vn 0.7089 0.5693 -0.4164
vn -0.6848 -0.0422 -0.7275
vn 0.2048 -0.7536 -0.6247
vn -0.7403 -0.3168 0.5929
vn 0.7063 -0.4708 0.5286
vn -0.3820 0.4226 -0.8219
vn -0.0794 -0.3710 0.9252
vn -0.2464 -0.6513 -0.7177
vn -0.3806 0.4323 0.8175
vn -0.2900 0.0390 0.9562
vn -0.3193 -0.0137 -0.9476
vn -0.0259 -0.9424 -0.3335
vn -0.0936 0.3926 -0.9150
vn -0.1085 0.8844 -0.4540
vn -0.0449 -0.8784 0.4758
vn -0.2244 -0.4073 -0.8853
vn -0.0793 -0.5401 0.8379
vn -1.0000 -0.0000 0.0011
vn -0.9318 0.3629 0.0001
vn 0.7148 -0.3199 -0.6218
vn -0.9987 0.0501 -0.0010
vn -0.7225 -0.3269 -0.6092
vn 0.9880 -0.0869 -0.1281
vn -1.0000 0.0012 0.0070
vn 0.9614 -0.2594 -0.0923
vn -1.0000 0.0052 0.0041
vn -0.4540 0.8910 -0.0000
vn -0.0203 -0.4676 -0.8837
vn -0.7532 -0.0667 -0.6543
vn -0.7725 -0.0150 0.6348
vn -0.2893 -0.1236 -0.9492
vn -0.2203 -0.0914 0.9711
vn -1.0000 -0.0003 -0.0030
vn 0.5014 0.3915 -0.7715
vn 0.6223 0.3503 -0.7000
vn 0.7316 0.3006 -0.6119
vn 0.7560 -0.0479 -0.6528
vn 0.7496 -0.1054 -0.6535
vn 0.7432 -0.1686 -0.6475
vn 0.9873 -0.0522 -0.1499
vn 0.9455 -0.1112 -0.3060
vn 0.8643 -0.1751 -0.4715
vn 0.9273 0.3551 0.1184
vn 0.9098 0.3314 0.2499
vn 0.8719 0.2874 0.3965
vn 0.6485 -0.1497 0.7463
vn 0.6182 -0.1569 0.7702
vn 0.5514 -0.3432 0.7604
vn -0.1185 0.7862 -0.6064
vn -0.0453 0.7798 -0.6244
vn -0.0042 0.7773 -0.6291
vn 0.0944 -0.4025 -0.9105
vn -0.0106 -0.4596 -0.8881
vn -0.1321 -0.6208 -0.7728
vn 0.2733 0.4130 0.8688
vn 0.1764 0.4342 0.8834
vn 0.0880 0.4495 0.8889
vn 0.1891 -0.2405 0.9521
vn 0.2389 -0.3792 0.8940
vn 0.3038 -0.5652 0.7670
vn -0.0000 0.9778 0.2097
vn -0.0000 0.8950 0.4461
vn -0.0000 0.7230 0.6908
vn -0.0399 -0.2044 -0.9781
vn -0.0591 -0.3196 -0.9457
vn -0.0879 -0.5171 -0.8514
vn -0.6964 -0.6417 0.3213
vn -0.6995 -0.5704 0.4306
vn -0.6865 -0.4521 0.5695
vn 0.8068 0.1684 -0.5663
vn 0.7960 0.1013 -0.5968
vn 0.7852 0.0564 -0.6167
vn 0.7972 0.1255 0.5905
vn 0.7797 0.0720 0.6220
vn 0.7641 0.0375 0.6440
vn 0.0203 0.2162 0.9761
vn 0.0374 0.0823 0.9959
vn 0.0493 0.0151 0.9987
vn -0.0000 0.2459 -0.9693
vn -0.0000 0.1037 -0.9946
vn -0.0000 0.0305 -0.9995
vn 0.3099 -0.0718 0.9480
vn 0.2420 -0.0545 0.9687
vn 0.1604 -0.0363 0.9864
vn 0.9872 0.0430 0.1538
vn 0.9469 0.0292 0.3201
vn 0.8640 0.0057 0.5034
vn 0.3993 0.0161 -0.9167
vn 0.5047 0.0202 -0.8631
vn 0.6377 0.0267 -0.7698
vn 0.6969 -0.7003 0.1544
vn 0.6876 -0.7260 0.0076
vn 0.6602 -0.7305 -0.1748
vn 0.1508 -0.4178 0.8959
vn 0.2971 -0.3749 0.8782
vn 0.4638 -0.3062 0.8313
vn 0.0294 -0.9584 -0.2839
vn -0.1244 -0.9524 -0.2783
vn -0.3318 -0.9069 -0.2598
vn 0.6490 -0.7608 0.0094
vn 0.7489 -0.6601 0.0579
vn 0.6802 -0.7126 0.1720
vn 0.7341 0.2151 0.6441
vn 0.7200 0.1336 0.6809
vn 0.6914 -0.0073 0.7224
vn 0.7235 -0.3871 -0.5716
vn 0.7252 -0.3511 -0.5923
vn 0.7296 -0.3031 -0.6131
vn -0.7616 0.0989 0.6405
vn -0.7499 0.0267 0.6610
vn -0.7192 -0.0938 0.6885
vn -0.6109 -0.5550 -0.5646
vn -0.5245 -0.6935 -0.4939
vn -0.3663 -0.8114 -0.4555
vn 0.7386 0.5035 0.4482
vn 0.7423 0.4306 0.5134
vn 0.7433 0.3629 0.5620
vn 0.6816 -0.5665 -0.4631
vn 0.7191 -0.4388 -0.5389
vn 0.7366 -0.3638 -0.5701
vn -0.7574 0.3089 0.5753
vn -0.7672 0.2828 0.5757
vn -0.7715 0.2527 0.5840
vn -0.6167 -0.6978 -0.3645
vn -0.6671 -0.5730 -0.4761
vn -0.6882 -0.4875 -0.5374
vn -0.9810 -0.1919 -0.0284
vn -0.9580 -0.2564 -0.1286
vn -0.8900 -0.3559 -0.2849
vn 0.3386 -0.5449 -0.7671
vn 0.4636 -0.5087 -0.7254
vn 0.6035 -0.4535 -0.6559
vn -0.1961 0.3841 0.9022
vn -0.3774 0.3449 0.8594
vn -0.5704 0.2802 0.7720
vn 0.9874 0.0720 0.1412
vn 0.9461 0.1457 0.2891
vn 0.8670 0.2179 0.4482
vn 0.7369 -0.4274 -0.5237
vn 0.7277 -0.4675 -0.5019
vn 0.7061 -0.5364 -0.4622
vn -0.6566 -0.5483 -0.5179
vn -0.6418 -0.5562 -0.5279
vn -0.6221 -0.5872 -0.5179
vn 0.7350 0.5575 0.3858
vn 0.7353 0.5538 0.3906
vn 0.7426 0.5049 0.4401
vn 0.5919 -0.8012 0.0886
vn 0.6437 -0.7653 -0.0033
vn 0.0943 -0.8626 0.4970
vn -0.9407 -0.3380 -0.0295
vn -0.9120 -0.3863 -0.1380
vn -0.8266 -0.4641 -0.3183
vn 0.2982 -0.6293 -0.7177
vn 0.4121 -0.6116 -0.6754
vn 0.5495 -0.5741 -0.6071
vn -0.1621 0.7138 0.6813
vn -0.3397 0.7106 0.6162
vn -0.5253 0.6685 0.5265
vn 0.9883 0.1164 0.0987
vn 0.9489 0.2415 0.2030
vn 0.8762 0.3689 0.3102
vn 0.0830 0.4715 -0.8780
vn 0.1718 0.4613 -0.8704
vn 0.2707 0.4451 -0.8536
vn 0.4959 -0.7601 0.4200
vn 0.5549 -0.7918 0.2552
vn 0.5243 -0.7884 0.3217
vn 0.5828 -0.2898 -0.7592
vn 0.4425 -0.3258 -0.8355
vn 0.3280 -0.3545 -0.8756
vn 0.7195 0.2705 0.6397
vn 0.6098 0.3189 0.7255
vn 0.4909 0.3575 0.7945
vn 0.6046 -0.0481 0.7951
vn 0.4655 -0.0682 0.8824
vn 0.3594 -0.0825 0.9295
vn 0.0936 -0.0057 -0.9956
vn 0.1788 0.0005 -0.9839
vn 0.2510 0.0069 -0.9680
vn -0.4576 -0.3555 0.8150
vn -0.2723 -0.4034 0.8736
vn -0.1143 -0.4298 0.8957
vn 0.4671 -0.8143 -0.3446
vn 0.3138 -0.8903 -0.3301
vn 0.1910 -0.9315 -0.3095
vn -0.3515 -0.5978 -0.7205
vn -0.0739 -0.6086 -0.7901
vn 0.1185 -0.5895 -0.7990
vn 0.5823 0.3413 0.7379
vn 0.4173 0.3779 0.8265
vn 0.2468 0.3990 0.8831
vn -0.3185 -0.5909 -0.7412
vn -0.0686 -0.6070 -0.7917
vn 0.0876 -0.6201 -0.7796
vn 0.5699 0.6170 0.5426
vn 0.4030 0.6763 0.6167
vn 0.2389 0.6998 0.6732
vn 0.0257 0.5406 0.8409
vn 0.0262 0.6260 0.7794
vn 0.0273 0.7144 0.6992
vn 0.2341 -0.6085 -0.7582
vn 0.2257 -0.6350 -0.7388
vn 0.2016 -0.6884 -0.6968
vn 0.0190 -0.0938 0.9954
vn 0.0199 0.1331 0.9909
vn 0.0242 0.2630 0.9645
vn 0.1697 -0.8156 -0.5531
vn 0.2102 -0.6655 -0.7162
vn 0.2317 -0.5684 -0.7895
vn 0.2062 -0.5224 -0.8274
vn 0.2009 -0.4918 -0.8472
vn 0.2016 -0.4449 -0.8726
vn 0.0462 0.6709 0.7401
vn 0.0275 0.7092 0.7045
vn 0.0327 0.6953 0.7180
vn 0.2641 -0.1325 -0.9554
vn 0.2447 -0.2173 -0.9449
vn 0.2241 -0.3067 -0.9251
vn 0.3189 -0.3237 0.8908
vn 0.3194 -0.5640 0.7615
vn 0.2186 -0.9756 0.0219
vn 0.4501 0.8726 0.1899
vn 0.4378 0.8003 0.4097
vn 0.4150 0.6459 0.6408
vn 0.3427 0.1508 0.9273
vn 0.3332 0.0458 0.9418
vn 0.3302 -0.0011 0.9439
vn 0.0198 -0.9144 0.4044
vn 0.0203 -0.8611 0.5081
vn 0.0206 -0.7259 0.6875
vn 0.3512 0.2187 -0.9104
vn 0.3340 0.0934 -0.9379
vn 0.3256 0.0294 -0.9450
vn 0.8630 0.2229 0.4533
vn 0.9457 0.1511 0.2879
vn 0.9877 0.0643 0.1425
vn 0.8693 0.3010 -0.3922
vn 0.9083 0.3374 -0.2473
vn 0.9267 0.3572 -0.1167
vn -0.0000 0.7230 -0.6908
vn -0.0000 0.8950 -0.4461
vn -0.0000 0.9778 -0.2097
vn -0.6276 -0.7763 -0.0592
vn -0.6714 -0.7361 0.0854
vn -0.6863 -0.7032 0.1858
vn 0.8878 0.0439 -0.4581
vn 0.9554 0.0494 -0.2911
vn 0.9890 0.0511 -0.1391
vn 0.6773 -0.3780 0.6312
vn 0.7008 -0.5137 0.4949
vn 0.7042 -0.6070 0.3684
vn -0.2828 -0.9429 -0.1762
vn -0.2832 -0.9555 -0.0826
vn -0.0516 -0.9973 -0.0513
vn -0.9066 0.0683 0.4165
vn -0.9690 -0.0266 0.2455
vn -0.9875 -0.0968 0.1242
vn 0.8633 -0.2786 -0.4209
vn 0.9455 -0.1769 -0.2733
vn 0.9878 -0.0846 -0.1307
vn -0.8057 -0.1086 0.5822
vn -0.8987 -0.2640 0.3503
vn -0.9378 -0.3059 0.1643
vn 0.8418 -0.3871 -0.3762
vn 0.9350 -0.2578 -0.2434
vn 0.9846 -0.1282 -0.1187
vn 0.4150 0.6459 -0.6408
vn 0.4378 0.8003 -0.4097
vn 0.4501 0.8726 -0.1899
vn 0.0614 -0.9981 0.0003
vn 0.0305 -0.9769 0.2113
vn 0.0202 -0.9490 0.3146
vn -0.0373 -0.9337 0.3561
vn -0.1652 -0.9222 0.3495
vn -0.4001 -0.8581 0.3219
vn 0.6320 0.7750 -0.0000
vn 0.7680 0.6405 -0.0000
vn 0.8654 0.5011 -0.0000
vn 1.0000 0.0017 -0.0000
vn 1.0000 0.0029 -0.0004
vn 1.0000 0.0050 -0.0006
vn -0.9865 -0.1590 0.0395
vn -0.9818 -0.1852 0.0417
vn -0.9701 -0.2378 0.0490
vn 0.9146 -0.3749 0.1513
vn 0.9854 -0.1575 0.0648
vn 0.9988 -0.0445 0.0186
vn -0.8848 -0.4397 0.1542
vn -0.9595 -0.2679 0.0872
vn -0.9829 -0.1764 0.0524
vn -0.8830 -0.4653 0.0615
vn -0.6646 -0.7448 0.0598
vn -0.1674 -0.9855 0.0269
vn 1.0000 0.0020 -0.0039
vn 1.0000 0.0023 -0.0043
vn 1.0000 0.0017 -0.0046
vn 1.0000 0.0001 0.0015
vn 1.0000 0.0007 0.0008
vn 1.0000 0.0012 -0.0005
vn 0.0379 0.9993 -0.0000
vn 0.1237 0.9923 -0.0000
vn 0.2680 0.9634 -0.0000
vn 0.3965 -0.8548 0.3348
vn 0.1817 -0.9165 0.3565
vn 0.0704 -0.9305 0.3593
vn 0.9706 0.2407 0.0019
vn 0.9888 0.1494 0.0028
vn 0.9961 0.0878 0.0031
vn 0.7711 0.0232 -0.6362
vn 0.7674 0.0097 -0.6411
vn 0.7652 -0.0006 -0.6437
vn 0.7261 -0.0556 0.6853
vn 0.7118 -0.0318 0.7017
vn 0.7044 -0.0060 0.7098
vn 0.1023 -0.0353 0.9941
vn 0.1307 -0.0485 0.9902
vn 0.1426 -0.0764 0.9868
vn -0.0108 -0.0303 -0.9995
vn -0.0178 -0.0358 -0.9992
vn -0.0204 -0.0502 -0.9985
vn 0.3109 0.0084 -0.9504
vn 0.3016 -0.0070 -0.9534
vn 0.2927 -0.0250 -0.9559
vn 0.3332 -0.1327 0.9335
vn 0.3401 -0.0865 0.9364
vn 0.3358 -0.0467 0.9408
vn 0.9996 0.0272 0.0031
vn 0.9999 0.0135 0.0032
vn 1.0000 0.0048 0.0031
vn 0.8787 -0.0065 -0.4773
vn 0.9523 -0.0021 -0.3053
vn 0.9892 0.0006 -0.1464
vn 0.5378 -0.1109 0.8358
vn 0.3961 -0.1332 0.9085
vn 0.2906 -0.1514 0.9448
vn 0.0487 -0.1019 -0.9936
vn 0.1277 -0.0906 -0.9877
vn 0.1972 -0.0770 -0.9773
vn 0.3771 -0.0484 -0.9249
vn 0.4834 -0.0353 -0.8747
vn 0.6187 -0.0232 -0.7853
vn 0.9859 -0.0034 0.1675
vn 0.9328 -0.0165 0.3599
vn 0.8177 -0.0469 0.5737
vn 0.3752 -0.1524 0.9144
vn 0.3164 -0.1515 0.9365
vn 0.2501 -0.1465 0.9571
vn -0.5014 0.3915 -0.7715
vn -0.6223 0.3503 -0.7000
vn -0.7316 0.3006 -0.6119
vn -0.7466 -0.1293 -0.6526
vn -0.7369 -0.1378 -0.6618
vn -0.7194 -0.1799 -0.6708
vn -0.9878 -0.0143 -0.1551
vn -0.9415 -0.0687 -0.3300
vn -0.8380 -0.1870 -0.5127
vn -0.9267 0.3573 0.1165
vn -0.9080 0.3385 0.2468
vn -0.8686 0.3047 0.3908
vn -0.7617 -0.0312 0.6471
vn -0.7554 -0.0765 0.6508
vn -0.7510 -0.1163 0.6500
vn -0.3025 -0.3113 0.9009
vn -0.4382 -0.2587 0.8609
vn -0.5908 -0.2131 0.7782
vn -0.2747 -0.6614 -0.6979
vn -0.2274 -0.6948 -0.6823
vn -0.1653 -0.7544 -0.6353
vn -0.2655 0.4502 0.8525
vn -0.1662 0.4596 0.8725
vn -0.0774 0.4625 0.8833
vn 0.7164 -0.3862 -0.5810
vn 0.7096 -0.4871 -0.5091
vn 0.6814 -0.6186 -0.3913
vn -0.8068 0.1684 -0.5663
vn -0.7960 0.1013 -0.5968
vn -0.7852 0.0564 -0.6167
vn -0.8090 0.1821 0.5590
vn -0.8001 0.1109 0.5895
vn -0.7906 0.0619 0.6092
vn -0.1829 0.0275 0.9827
vn -0.1101 0.0126 0.9938
vn -0.0250 -0.0024 0.9997
vn -0.9895 0.0516 0.1351
vn -0.9581 0.0531 0.2816
vn -0.8947 0.0537 0.4434
vn -0.3936 -0.0080 -0.9192
vn -0.4993 0.0017 -0.8664
vn -0.6334 0.0141 -0.7737
vn -0.7274 -0.2116 -0.6528
vn -0.7277 -0.0525 -0.6839
vn -0.7121 0.1604 -0.6835
vn -0.1540 -0.9365 -0.3152
vn -0.2986 -0.9130 -0.2779
vn -0.4629 -0.8584 -0.2212
vn 0.0755 0.3651 -0.9279
vn 0.2421 0.3439 -0.9073
vn 0.4593 0.3221 -0.8278
vn -0.7128 -0.6362 0.2951
vn -0.7005 -0.6853 0.1990
vn -0.6737 -0.7374 0.0484
vn -0.7285 0.0062 -0.6850
vn -0.6578 -0.3094 -0.6867
vn -0.5816 -0.5021 -0.6400
vn 0.7180 -0.6699 0.1890
vn 0.7087 -0.6997 0.0908
vn 0.6830 -0.7289 -0.0470
vn 0.2397 -0.7599 -0.6043
vn -0.0365 -0.9293 -0.3675
vn -0.1474 -0.9443 -0.2942
vn -0.7301 -0.3697 0.5747
vn -0.7244 -0.4629 0.5108
vn -0.7210 -0.5426 0.4310
vn -0.7074 0.5333 -0.4638
vn -0.7057 0.5766 -0.4117
vn -0.7057 0.5882 -0.3950
vn 0.7083 -0.5149 0.4829
vn 0.7093 -0.5614 0.4263
vn 0.7130 -0.6076 0.3498
vn 0.7256 0.4159 -0.5483
vn 0.7267 0.4654 -0.5054
vn 0.7244 0.4809 -0.4939
vn 0.9829 -0.0155 -0.1835
vn 0.9609 0.1044 -0.2565
vn 0.8797 0.3255 -0.3467
vn -0.2421 0.8598 -0.4496
vn -0.3712 0.8194 -0.4367
vn -0.5223 0.7496 -0.4067
vn 0.1354 -0.8748 0.4652
vn 0.3166 -0.8439 0.4331
vn 0.5131 -0.7740 0.3710
vn -0.9853 -0.1428 0.0933
vn -0.9382 -0.2933 0.1837
vn -0.8503 -0.4486 0.2752
vn -0.7101 0.5867 -0.3892
vn -0.7259 0.3765 -0.5757
vn -0.6990 0.0286 -0.7145
vn 0.7293 0.4850 -0.4826
vn 0.6379 -0.0806 -0.7659
vn 0.2076 -0.7285 -0.6528
vn -0.7486 -0.2007 0.6319
vn -0.7469 -0.2415 0.6195
vn -0.7451 -0.2924 0.5994
vn 0.5839 -0.6163 0.5284
vn 0.6639 -0.5147 0.5425
vn 0.6956 -0.4610 0.5511
vn 0.9224 -0.3358 -0.1909
vn 0.7930 -0.5002 -0.3479
vn 0.5266 -0.6904 -0.4960
vn -0.2672 -0.3354 -0.9034
vn -0.3677 -0.2476 -0.8964
vn -0.5105 -0.1461 -0.8474
vn 0.0923 -0.5474 0.8318
vn 0.2669 -0.5443 0.7953
vn 0.4740 -0.5281 0.7046
vn -0.9870 -0.0540 0.1514
vn -0.9449 -0.1303 0.3002
vn -0.8653 -0.2209 0.4500
vn -0.0830 0.4715 -0.8780
vn -0.1718 0.4613 -0.8704
vn -0.2707 0.4451 -0.8536
vn 0.3287 -0.5752 0.7491
vn 0.2249 -0.4452 0.8667
vn 0.1222 -0.3891 0.9130
vn -0.4517 -0.5084 -0.7331
vn -0.3054 -0.6031 -0.7369
vn -0.2160 -0.6509 -0.7278
vn -0.7350 0.3098 0.6031
vn -0.6258 0.3600 0.6919
vn -0.5044 0.4019 0.7642
vn -0.6434 0.0497 0.7639
vn -0.5119 0.0460 0.8578
vn -0.4068 0.0434 0.9125
vn -0.0996 -0.0134 -0.9949
vn -0.1845 -0.0146 -0.9827
vn -0.2563 -0.0152 -0.9665
vn 0.4442 -0.8493 -0.2854
vn 0.2619 -0.9123 -0.3150
vn 0.1060 -0.9377 -0.3310
vn -0.5115 0.3943 -0.7634
vn -0.3631 0.3832 -0.8493
vn -0.2438 0.3799 -0.8923
vn 0.4685 0.7636 -0.4443
vn 0.2245 0.8647 -0.4494
vn 0.0422 0.8912 -0.4517
vn -0.5590 -0.7148 0.4201
vn -0.3929 -0.7975 0.4578
vn -0.2233 -0.8507 0.4758
vn -0.0248 -0.6960 -0.7176
vn -0.1319 -0.6182 -0.7749
vn -0.1919 -0.5182 -0.8335
vn -0.5818 -0.3992 0.7086
vn -0.4150 -0.4605 0.7847
vn -0.2503 -0.5087 0.8238
vn -0.0518 -0.8030 0.5937
vn -0.0589 -0.7055 0.7063
vn -0.0687 -0.5975 0.7989
vn -0.1140 0.8344 -0.5392
vn -0.1703 0.3426 -0.9239
vn -0.1928 -0.4637 -0.8647
vn -0.0258 -0.9997 0.0058
vn -0.0307 -0.9722 0.2322
vn -0.0381 -0.9286 0.3691
vn -0.1124 0.7553 -0.6457
vn -0.1163 0.8288 -0.5474
vn -0.1190 0.8312 -0.5430
vn -0.2339 -0.2888 -0.9284
vn -0.2069 -0.7343 -0.6465
vn -0.2004 -0.8334 -0.5151
vn -0.0792 -0.5184 0.8515
vn -0.0737 -0.4743 0.8773
vn -0.0719 -0.4308 0.8996
vn -0.2814 -0.2393 -0.9293
vn -0.2771 -0.2912 -0.9156
vn -0.2685 -0.4077 -0.8728
vn -0.1914 -0.1478 0.9703
vn -0.1546 -0.2260 0.9618
vn -0.1123 -0.2976 0.9481
vn -0.4501 0.8726 0.1899
vn -0.4378 0.8003 0.4097
vn -0.4150 0.6459 0.6408
vn -0.3442 0.2381 0.9082
vn -0.3176 0.1073 0.9421
vn -0.3021 0.0360 0.9526
vn -0.0216 -0.5107 -0.8595
vn -0.0238 -0.6064 -0.7948
vn -0.0262 -0.7683 -0.6396
vn -0.3512 0.2187 -0.9104
vn -0.3340 0.0934 -0.9379
vn -0.3256 0.0294 -0.9450
vn -0.8740 -0.0977 0.4760
vn -0.9496 -0.0462 0.3101
vn -0.9883 -0.0122 0.1517
vn -0.8693 0.3010 -0.3922
vn -0.9083 0.3374 -0.2473
vn -0.9267 0.3572 -0.1167
vn 0.6966 0.0358 -0.7165
vn 0.7083 -0.1515 -0.6895
vn 0.7128 -0.2568 -0.6527
vn -0.8887 0.0371 -0.4571
vn -0.9558 0.0436 -0.2907
vn -0.9891 0.0477 -0.1395
vn -0.6740 -0.6720 -0.3067
vn -0.7065 -0.5490 -0.4466
vn -0.7183 -0.4315 -0.5458
vn 0.8777 -0.4600 0.1343
vn 0.9573 -0.2885 0.0158
vn 0.9839 -0.1648 -0.0697
vn -0.8441 0.4685 -0.2607
vn -0.9374 0.3042 -0.1696
vn -0.9859 0.1474 -0.0792
vn 0.8796 -0.3698 0.2992
vn 0.9528 -0.2835 0.1084
vn 0.9697 -0.2440 -0.0126
vn -0.8413 0.0358 -0.5394
vn -0.9397 0.0630 -0.3361
vn -0.9870 0.0467 -0.1538
vn -0.4150 0.6459 -0.6408
vn -0.4378 0.8003 -0.4097
vn -0.4501 0.8726 -0.1899
vn -0.0504 -0.1135 -0.9923
vn -0.0288 -0.3257 -0.9450
vn -0.0212 -0.4262 -0.9044
vn 0.0460 -0.4657 -0.8837
vn 0.1744 -0.4568 -0.8723
vn 0.4067 -0.4206 -0.8110
vn -0.6320 0.7750 -0.0000
vn -0.7680 0.6405 -0.0000
vn -0.8654 0.5011 -0.0000
vn -0.9999 0.0009 0.0148
vn -0.9999 0.0019 0.0149
vn -0.9999 0.0027 0.0142
vn 0.9871 -0.1105 -0.1163
vn 0.9823 -0.1504 -0.1118
vn 0.9746 -0.1997 -0.1018
vn -0.9290 -0.1849 -0.3207
vn -0.9883 -0.0823 -0.1281
vn -0.9993 -0.0234 -0.0279
vn 0.9033 -0.2028 -0.3782
vn 0.9622 -0.1344 -0.2368
vn 0.9822 -0.0971 -0.1605
vn 0.9328 -0.3500 -0.0855
vn 0.8635 -0.4979 -0.0808
vn 0.7036 -0.7078 -0.0629
vn -1.0000 0.0042 0.0089
vn -1.0000 0.0028 0.0073
vn -1.0000 0.0009 0.0043
vn -1.0000 -0.0010 0.0003
vn -1.0000 -0.0003 0.0007
vn -1.0000 0.0002 0.0011
vn -0.0379 0.9993 -0.0000
vn -0.1237 0.9923 -0.0000
vn -0.2680 0.9634 -0.0000
vn -0.4065 -0.4306 -0.8058
vn -0.1924 -0.4614 -0.8661
vn -0.0811 -0.4675 -0.8803
vn -0.9705 0.2411 0.0002
vn -0.9887 0.1496 -0.0000
vn -0.9961 0.0878 -0.0003
vn -0.7695 0.0107 -0.6385
vn -0.7649 0.0043 -0.6441
vn -0.7623 0.0010 -0.6472
vn -0.7810 0.0456 0.6229
vn -0.7802 0.0156 0.6253
vn -0.7782 -0.0106 0.6280
vn -0.3126 -0.0334 -0.9493
vn -0.3059 -0.0271 -0.9517
vn -0.2979 -0.0241 -0.9543
vn -0.2714 0.0425 0.9615
vn -0.2533 -0.0041 0.9674
vn -0.2385 -0.0533 0.9697
vn -0.9996 0.0279 -0.0004
vn -0.9999 0.0137 -0.0006
vn -1.0000 0.0048 -0.0007
vn -0.8827 -0.0421 -0.4680
vn -0.9541 -0.0228 -0.2986
vn -0.9896 -0.0090 -0.1436
vn -0.6230 -0.0307 0.7816
vn -0.4873 -0.0483 0.8719
vn -0.3791 -0.0680 0.9229
vn -0.1003 -0.1184 -0.9879
vn -0.1784 -0.1235 -0.9762
vn -0.2468 -0.1256 -0.9609
vn -0.3437 -0.1168 -0.9318
vn -0.4510 -0.1035 -0.8865
vn -0.5905 -0.0878 -0.8023
vn -0.9909 0.0038 0.1349
vn -0.9582 0.0032 0.2862
vn -0.8904 -0.0031 0.4551
vn -0.0752 -0.1083 0.9913
vn -0.0090 -0.1226 0.9924
vn 0.0614 -0.1327 0.9893
vn 0.4055 0.0314 -0.9136
vn 0.4193 0.0911 -0.9032
vn 0.4482 0.2070 -0.8697
vn 0.5132 0.0359 -0.8575
vn 0.5296 0.0899 -0.8435
vn 0.5615 0.1921 -0.8049
vn 0.6472 0.0443 -0.7610
vn 0.6627 0.0918 -0.7433
vn 0.6829 0.1731 -0.7097
vn 0.9856 0.0842 0.1468
vn 0.9800 0.1432 0.1385
vn 0.9644 0.2322 0.1265
vn 0.9497 0.0745 0.3041
vn 0.9498 0.1269 0.2861
vn 0.9423 0.2087 0.2618
vn 0.8760 0.0577 0.4789
vn 0.8854 0.1004 0.4539
vn 0.8940 0.1673 0.4156
vn 0.0746 -0.9099 0.4082
vn 0.1878 -0.8908 0.4137
vn 0.4028 -0.8178 0.4110
vn 0.0867 -0.8536 0.5136
vn 0.2064 -0.8265 0.5237
vn 0.4181 -0.7396 0.5274
vn 0.1121 -0.7127 0.6924
vn 0.2426 -0.6751 0.6967
vn 0.4316 -0.5921 0.6806
vn 0.2946 0.0012 0.9556
vn 0.2864 0.0530 0.9566
vn 0.2750 0.1665 0.9469
vn 0.2239 0.0055 0.9746
vn 0.2131 0.0634 0.9750
vn 0.1955 0.1856 0.9630
vn 0.1406 0.0102 0.9900
vn 0.1290 0.0734 0.9889
vn 0.1101 0.2026 0.9730
vn 0.2687 0.9411 0.2054
vn 0.1274 0.9692 0.2106
vn 0.0413 0.9768 0.2103
vn 0.2709 0.8574 0.4375
vn 0.1390 0.8837 0.4469
vn 0.0517 0.8931 0.4470
vn 0.2732 0.6861 0.6743
vn 0.1563 0.7088 0.6878
vn 0.0676 0.7200 0.6906
vn 0.3679 -0.0557 0.9282
vn 0.3672 -0.0793 0.9267
vn 0.3418 -0.1135 0.9329
vn 0.3068 -0.0663 0.9495
vn 0.3032 -0.0704 0.9503
vn 0.2766 -0.0878 0.9570
vn 0.2361 -0.0733 0.9689
vn 0.2271 -0.0598 0.9720
vn 0.1973 -0.0610 0.9784
vn 0.9866 0.0048 0.1629
vn 0.9868 0.0095 0.1614
vn 0.9874 0.0190 0.1572
vn 0.9378 0.0040 0.3471
vn 0.9396 0.0013 0.3423
vn 0.9435 0.0030 0.3313
vn 0.8359 0.0007 0.5489
vn 0.8412 -0.0133 0.5405
vn 0.8522 -0.0236 0.5227
vn 0.3866 -0.0171 -0.9221
vn 0.3926 -0.0018 -0.9197
vn 0.3962 0.0125 -0.9181
vn 0.4912 -0.0104 -0.8710
vn 0.4961 0.0020 -0.8683
vn 0.4999 0.0150 -0.8660
vn 0.6250 -0.0047 -0.7807
vn 0.6287 0.0059 -0.7776
vn 0.6322 0.0184 -0.7746
vn 0.9866 -0.0963 -0.1313
vn 0.9419 -0.1957 -0.2730
vn 0.8557 -0.2957 -0.4246
vn 0.9867 -0.0871 -0.1375
vn 0.9423 -0.1765 -0.2843
vn 0.8570 -0.2670 -0.4407
vn 0.9869 -0.0724 -0.1444
vn 0.9436 -0.1486 -0.2960
vn 0.8600 -0.2278 -0.4567
vn 0.2532 0.6711 0.6968
vn 0.4078 0.6671 0.6234
vn 0.5704 0.6140 0.5456
vn 0.2577 0.7308 0.6320
vn 0.4005 0.7388 0.5420
vn 0.5588 0.6804 0.4741
vn 0.2688 0.7449 0.6106
vn 0.4017 0.7582 0.5136
vn 0.5564 0.6965 0.4532
vn 0.0936 -0.5146 -0.8523
vn -0.0642 -0.5142 -0.8552
vn -0.3199 -0.5379 -0.7799
vn 0.0825 -0.4932 -0.8660
vn -0.0651 -0.5195 -0.8520
vn -0.2968 -0.6051 -0.7387
vn 0.0835 -0.4501 -0.8891
vn -0.0445 -0.4935 -0.8686
vn -0.2275 -0.6413 -0.7328
vn -0.7893 -0.5791 0.2040
vn -0.5149 -0.7442 0.4255
vn -0.0994 -0.8339 0.5428
vn -0.3573 -0.9171 0.1770
vn 0.1208 -0.9550 0.2707
vn 0.4887 -0.8519 0.1881
vn 0.2472 -0.9655 0.0823
vn 0.5518 -0.8261 0.1145
vn 0.6115 -0.7827 0.1163
vn -0.8880 -0.3974 0.2312
vn -0.8808 -0.3254 0.3440
vn -0.8431 -0.2150 0.4929
vn -0.9593 -0.2263 0.1689
vn -0.9432 -0.1629 0.2894
vn -0.8855 -0.0734 0.4588
vn -0.9812 -0.1373 0.1357
vn -0.9622 -0.0797 0.2604
vn -0.8998 0.0021 0.4362
vn 0.0709 -0.8315 -0.5510
vn -0.1007 -0.8345 -0.5418
vn -0.3325 -0.7990 -0.5011
vn 0.1005 -0.6842 -0.7224
vn -0.0855 -0.6932 -0.7157
vn -0.3494 -0.6695 -0.6555
vn 0.1147 -0.5860 -0.8022
vn -0.0783 -0.5968 -0.7986
vn -0.3560 -0.5787 -0.7338
vn 0.1875 -0.0770 0.9792
vn 0.3478 -0.0434 0.9366
vn 0.5140 -0.0038 0.8578
vn 0.2167 0.1442 0.9655
vn 0.3847 0.1581 0.9094
vn 0.5534 0.1609 0.8173
vn 0.2375 0.2680 0.9337
vn 0.4079 0.2662 0.8734
vn 0.5741 0.2513 0.7793
vn 0.9036 -0.4281 0.0187
vn 0.8702 -0.4734 -0.1364
vn 0.8024 -0.5109 -0.3084
vn 0.9722 -0.2209 -0.0772
vn 0.9296 -0.2863 -0.2321
vn 0.8454 -0.3589 -0.3956
vn 0.9857 -0.1138 -0.1240
vn 0.9422 -0.1910 -0.2751
vn 0.8583 -0.2774 -0.4317
vn -0.9883 -0.0984 0.1167
vn -0.9731 -0.0103 0.2301
vn -0.9145 0.1077 0.3901
vn -0.9848 -0.1227 0.1226
vn -0.9712 -0.0260 0.2368
vn -0.9144 0.1088 0.3900
vn -0.9757 -0.1708 0.1370
vn -0.9649 -0.0591 0.2558
vn -0.9094 0.1002 0.4037
vn 0.1208 -0.6290 -0.7680
vn -0.0629 -0.6485 -0.7586
vn -0.3294 -0.6395 -0.6947
vn 0.1167 -0.6440 -0.7561
vn -0.0577 -0.6525 -0.7556
vn -0.3189 -0.6397 -0.6993
vn 0.0903 -0.6852 -0.7227
vn -0.0699 -0.6796 -0.7302
vn -0.3194 -0.6609 -0.6791
vn 0.2428 0.5280 0.8138
vn 0.4134 0.4939 0.7649
vn 0.5796 0.4403 0.6857
vn 0.2341 0.6164 0.7518
vn 0.4044 0.5818 0.7057
vn 0.5721 0.5232 0.6316
vn 0.2266 0.7081 0.6687
vn 0.3956 0.6735 0.6244
vn 0.5638 0.6102 0.5565
vn 0.9875 -0.0956 -0.1256
vn 0.9441 -0.2039 -0.2588
vn 0.8601 -0.3203 -0.3971
vn 0.9873 -0.1064 -0.1181
vn 0.9428 -0.2264 -0.2447
vn 0.8563 -0.3527 -0.3773
vn 0.9865 -0.1237 -0.1071
vn 0.9383 -0.2641 -0.2232
vn 0.8449 -0.4086 -0.3454
vn -0.5665 0.3797 0.7313
vn -0.3719 0.4629 0.8046
vn -0.1923 0.5142 0.8358
vn -0.5536 0.4353 0.7100
vn -0.3583 0.5323 0.7670
vn -0.1815 0.5931 0.7844
vn -0.5367 0.4906 0.6865
vn -0.3420 0.6040 0.7199
vn -0.1699 0.6750 0.7180
vn 0.5939 -0.5080 -0.6239
vn 0.4546 -0.5594 -0.6931
vn 0.3318 -0.5900 -0.7361
vn 0.5791 -0.5504 -0.6013
vn 0.4399 -0.5984 -0.6697
vn 0.3201 -0.6242 -0.7127
vn 0.5498 -0.6232 -0.5562
vn 0.4118 -0.6666 -0.6214
vn 0.2981 -0.6858 -0.6639
vn -0.5137 -0.0540 0.8562
vn -0.3254 -0.0730 0.9428
vn -0.1533 -0.0902 0.9841
vn -0.5536 0.0936 0.8275
vn -0.3601 0.1192 0.9253
vn -0.1801 0.1261 0.9755
vn -0.5672 0.1769 0.8043
vn -0.3740 0.2227 0.9003
vn -0.1919 0.2474 0.9497
vn 0.5266 -0.6552 -0.5416
vn 0.3812 -0.7335 -0.5628
vn 0.2565 -0.7858 -0.5627
vn 0.5718 -0.5184 -0.6358
vn 0.4289 -0.5858 -0.6877
vn 0.3039 -0.6351 -0.7101
vn 0.5957 -0.4399 -0.6721
vn 0.4556 -0.4996 -0.7367
vn 0.3306 -0.5421 -0.7726
vn 0.5692 -0.4525 -0.6865
vn 0.4285 -0.4899 -0.7592
vn 0.3107 -0.5125 -0.8005
vn 0.5708 -0.4130 -0.7097
vn 0.4301 -0.4503 -0.7824
vn 0.3135 -0.4754 -0.8220
vn 0.5755 -0.3606 -0.7340
vn 0.4350 -0.3974 -0.8080
vn 0.3194 -0.4243 -0.8473
vn -0.3198 0.4996 -0.8050
vn -0.3872 0.8078 0.4445
vn -0.1904 0.7287 0.6578
vn 0.5935 -0.7315 -0.3356
vn 0.0194 0.0191 -0.9996
vn -0.2614 0.8014 0.5380
vn 0.5841 -0.8003 -0.1355
vn 0.5521 -0.8253 -0.1191
vn -0.3048 0.9333 0.1900
vn 0.0587 -0.0475 -0.9971
vn 0.0674 -0.0306 -0.9973
vn 0.0806 -0.0219 -0.9965
vn 0.1405 -0.0409 -0.9892
vn 0.1510 -0.0228 -0.9883
vn 0.1653 -0.0111 -0.9862
vn 0.2104 -0.0330 -0.9770
vn 0.2216 -0.0143 -0.9750
vn 0.2366 -0.0002 -0.9716
vn 0.5657 -0.0146 0.8245
vn 0.5726 -0.0502 0.8183
vn 0.5846 -0.0859 0.8067
vn 0.4242 -0.0244 0.9052
vn 0.4316 -0.0668 0.8996
vn 0.4434 -0.1109 0.8894
vn 0.3181 -0.0353 0.9474
vn 0.3266 -0.0809 0.9417
vn 0.3380 -0.1300 0.9321
vn 0.8602 0.4951 0.1223
vn 0.7616 0.6327 0.1401
vn 0.6254 0.7626 0.1654
vn 0.8408 0.4705 0.2678
vn 0.7391 0.5971 0.3118
vn 0.6035 0.7094 0.3640
vn 0.7967 0.4126 0.4416
vn 0.6916 0.5060 0.5153
vn 0.5612 0.5848 0.5857
vn 0.6264 0.0198 0.7792
vn 0.6416 0.0534 0.7652
vn 0.6563 0.1164 0.7454
vn 0.4870 0.0077 0.8734
vn 0.5018 0.0462 0.8638
vn 0.5306 0.1315 0.8374
vn 0.3784 0.0009 0.9256
vn 0.3915 0.0440 0.9191
vn 0.4198 0.1411 0.8966
vn -0.4041 -0.8313 0.3815
vn -0.1693 -0.9004 0.4008
vn -0.0399 -0.9142 0.4033
vn -0.4147 -0.7676 0.4888
vn -0.1849 -0.8417 0.5073
vn -0.0507 -0.8599 0.5079
vn -0.4232 -0.6381 0.6432
vn -0.2175 -0.7003 0.6799
vn -0.0750 -0.7230 0.6868
vn 0.0982 0.0302 -0.9947
vn 0.0967 0.1026 -0.9900
vn 0.0925 0.2437 -0.9654
vn 0.1838 0.0295 -0.9825
vn 0.1830 0.0997 -0.9780
vn 0.1799 0.2372 -0.9547
vn 0.2575 0.0290 -0.9659
vn 0.2600 0.0963 -0.9608
vn 0.2644 0.2284 -0.9370
vn -0.3685 -0.9295 -0.0132
vn -0.1488 -0.9889 -0.0016
vn -0.0088 -1.0000 0.0027
vn -0.3948 -0.9042 0.1629
vn -0.1623 -0.9665 0.1990
vn -0.0304 -0.9773 0.2098
vn -0.3998 -0.8772 0.2660
vn -0.1652 -0.9390 0.3016
vn -0.0366 -0.9494 0.3120
vn 0.7967 0.4126 -0.4416
vn 0.6916 0.5060 -0.5153
vn 0.5612 0.5848 -0.5857
vn 0.8408 0.4705 -0.2678
vn 0.7391 0.5971 -0.3118
vn 0.6035 0.7094 -0.3640
vn 0.8602 0.4951 -0.1223
vn 0.7616 0.6327 -0.1401
vn 0.6254 0.7626 -0.1654
vn 0.8716 0.2708 0.4087
vn 0.9478 0.1817 0.2619
vn 0.9878 0.0922 0.1259
vn 0.8737 0.3161 0.3698
vn 0.9481 0.2104 0.2383
vn 0.9876 0.1062 0.1153
vn 0.8725 0.3684 0.3211
vn 0.9463 0.2470 0.2084
vn 0.9868 0.1262 0.1019
vn -0.8718 -0.3973 -0.2866
vn -0.9491 -0.2865 -0.1309
vn -0.9766 -0.2126 -0.0312
vn -0.8604 -0.4151 -0.2957
vn -0.9420 -0.3078 -0.1338
vn -0.9711 -0.2367 -0.0316
vn -0.8375 -0.4595 -0.2958
vn -0.9257 -0.3552 -0.1301
vn -0.9576 -0.2869 -0.0270
vn 0.8203 -0.1014 0.5629
vn 0.8829 -0.2143 0.4177
vn 0.9101 -0.3063 0.2789
vn 0.8534 0.0688 0.5166
vn 0.9349 -0.0115 0.3547
vn 0.9748 -0.0889 0.2047
vn 0.8630 0.1574 0.4801
vn 0.9447 0.0903 0.3152
vn 0.9866 0.0222 0.1615
vn -0.7967 -0.5827 -0.1604
vn -0.8551 -0.5182 -0.0171
vn -0.8774 -0.4725 0.0829
vn -0.8645 -0.4403 -0.2423
vn -0.9302 -0.3562 -0.0888
vn -0.9526 -0.3039 0.0131
vn -0.8900 -0.3548 -0.2863
vn -0.9551 -0.2681 -0.1261
vn -0.9767 -0.2134 -0.0224
vn -0.8055 -0.5063 -0.3080
vn -0.8836 -0.4513 -0.1246
vn -0.9023 -0.4305 -0.0208
vn -0.6865 -0.6798 -0.2580
vn -0.7687 -0.6325 -0.0951
vn -0.7690 -0.6391 -0.0111
vn -0.4890 -0.8487 -0.2015
vn -0.5389 -0.8392 -0.0731
vn -0.4468 -0.8945 -0.0170
vn 0.8738 0.3621 0.3246
vn 0.9474 0.2315 0.2209
vn 0.9877 0.1090 0.1123
vn 0.8707 0.3892 0.3006
vn 0.9457 0.2414 0.2178
vn 0.9874 0.1074 0.1158
vn 0.8703 0.3836 0.3090
vn 0.9459 0.2253 0.2335
vn 0.9877 0.0937 0.1251
vn 0.8796 0.0016 -0.4756
vn 0.8807 0.0127 -0.4735
vn 0.8835 0.0281 -0.4676
vn 0.9527 0.0031 -0.3039
vn 0.9532 0.0146 -0.3020
vn 0.9541 0.0308 -0.2979
vn 0.9893 0.0043 -0.1460
vn 0.9893 0.0148 -0.1450
vn 0.9893 0.0305 -0.1429
vn 0.2732 0.6861 -0.6743
vn 0.1563 0.7088 -0.6878
vn 0.0676 0.7200 -0.6906
vn 0.2709 0.8574 -0.4375
vn 0.1390 0.8837 -0.4469
vn 0.0517 0.8931 -0.4470
vn 0.2687 0.9411 -0.2054
vn 0.1274 0.9692 -0.2106
vn 0.0413 0.9768 -0.2103
vn 0.1276 -0.9917 -0.0155
vn 0.2479 -0.9679 -0.0420
vn 0.4317 -0.8982 -0.0826
vn 0.0872 -0.9751 0.2040
vn 0.2039 -0.9618 0.1826
vn 0.4155 -0.9009 0.1251
vn 0.0723 -0.9471 0.3126
vn 0.1851 -0.9357 0.3005
vn 0.4008 -0.8793 0.2573
vn 0.8920 0.0693 -0.4468
vn 0.8958 0.1181 -0.4285
vn 0.8956 0.1919 -0.4014
vn 0.9556 0.0796 -0.2837
vn 0.9532 0.1348 -0.2706
vn 0.9420 0.2196 -0.2538
vn 0.9870 0.0858 -0.1362
vn 0.9807 0.1458 -0.1299
vn 0.9642 0.2359 -0.1215
vn 0.8688 -0.1203 -0.4803
vn 0.8724 -0.0725 -0.4834
vn 0.8757 -0.0300 -0.4819
vn 0.9475 -0.0737 -0.3110
vn 0.9491 -0.0424 -0.3120
vn 0.9506 -0.0153 -0.3100
vn 0.9879 -0.0329 -0.1518
vn 0.9883 -0.0177 -0.1518
vn 0.9886 -0.0050 -0.1503
vn -0.1537 -0.9728 0.1732
vn 0.4379 -0.3525 0.8270
vn 0.5043 -0.2227 0.8343
vn -0.2055 -0.9784 -0.0242
vn 0.2535 -0.5351 0.8058
vn 0.3559 -0.2809 0.8913
vn -0.1789 -0.9718 -0.1535
vn 0.1449 -0.6451 0.7502
vn 0.2491 -0.3259 0.9120
vn -0.0518 -0.4767 -0.8775
vn 0.0047 -0.3038 -0.9527
vn 0.0321 -0.1909 -0.9811
vn 0.0324 -0.3939 -0.9186
vn 0.0763 -0.2722 -0.9592
vn 0.1069 -0.1727 -0.9792
vn 0.1186 -0.3398 -0.9330
vn 0.1506 -0.2412 -0.9587
vn 0.1769 -0.1517 -0.9725
vn 0.3388 -0.2733 -0.9003
vn 0.3511 -0.1898 -0.9169
vn 0.3645 -0.1102 -0.9247
vn 0.4516 -0.2449 -0.8579
vn 0.4616 -0.1652 -0.8716
vn 0.4726 -0.0902 -0.8766
vn 0.5912 -0.2117 -0.7782
vn 0.5998 -0.1378 -0.7882
vn 0.6093 -0.0694 -0.7899
vn 0.9863 0.0341 0.1614
vn 0.9858 0.0143 0.1672
vn 0.9859 -0.0017 0.1671
vn 0.9332 0.0647 0.3535
vn 0.9292 0.0163 0.3693
vn 0.9302 -0.0189 0.3665
vn 0.7824 0.0019 0.6228
vn 0.7916 -0.0273 0.6104
vn 0.8015 -0.0710 0.5938
vn 0.5007 -0.7013 0.5074
vn 0.4369 -0.4470 0.7806
vn 0.3965 -0.2957 0.8691
vn 0.4416 -0.5510 0.7081
vn 0.3814 -0.3971 0.8348
vn 0.3423 -0.2761 0.8981
vn 0.3786 -0.5359 0.7546
vn 0.3289 -0.3834 0.8630
vn 0.2832 -0.2571 0.9240
vn -0.4055 0.0314 -0.9136
vn -0.5132 0.0359 -0.8575
vn -0.6472 0.0443 -0.7610
vn -0.4193 0.0911 -0.9032
vn -0.5296 0.0899 -0.8435
vn -0.6627 0.0918 -0.7433
vn -0.4482 0.2070 -0.8697
vn -0.5615 0.1921 -0.8049
vn -0.6829 0.1731 -0.7097
vn -0.9872 0.0861 0.1340
vn -0.9572 0.0810 0.2779
vn -0.8964 0.0727 0.4372
vn -0.9808 0.1463 0.1287
vn -0.9540 0.1370 0.2668
vn -0.8985 0.1235 0.4212
vn -0.9641 0.2362 0.1213
vn -0.9418 0.2220 0.2524
vn -0.8956 0.1990 0.3978
vn -0.0843 -0.5139 -0.8537
vn -0.0956 -0.6115 -0.7854
vn -0.1196 -0.7721 -0.6241
vn -0.1973 -0.5167 -0.8331
vn -0.2151 -0.6178 -0.7563
vn -0.2498 -0.7714 -0.5852
vn -0.4117 -0.5046 -0.7589
vn -0.4262 -0.6105 -0.6676
vn -0.4382 -0.7449 -0.5031
vn -0.2026 0.0313 0.9788
vn -0.1284 0.0258 0.9914
vn -0.0429 0.0204 0.9989
vn -0.2194 0.1038 0.9701
vn -0.1413 0.0975 0.9851
vn -0.0549 0.0906 0.9944
vn -0.2433 0.2391 0.9400
vn -0.1575 0.2343 0.9593
vn -0.0700 0.2270 0.9714
vn -0.2687 0.9411 0.2054
vn -0.2709 0.8574 0.4375
vn -0.2732 0.6861 0.6743
vn -0.1274 0.9692 0.2106
vn -0.1390 0.8837 0.4469
vn -0.1563 0.7088 0.6878
vn -0.0413 0.9768 0.2103
vn -0.0517 0.8931 0.4470
vn -0.0676 0.7200 0.6906
vn -0.0957 -0.0619 0.9935
vn -0.0290 -0.0700 0.9971
vn 0.0466 -0.0753 0.9961
vn -0.1170 -0.0139 0.9930
vn -0.0484 -0.0265 0.9985
vn 0.0320 -0.0378 0.9988
vn -0.1493 0.0281 0.9884
vn -0.0783 0.0075 0.9969
vn 0.0053 -0.0131 0.9999
vn -0.9908 0.0043 0.1350
vn -0.9590 0.0021 0.2834
vn -0.8933 -0.0027 0.4494
vn -0.9907 0.0151 0.1351
vn -0.9591 0.0163 0.2827
vn -0.8941 0.0168 0.4475
vn -0.9902 0.0312 0.1359
vn -0.9583 0.0357 0.2835
vn -0.8935 0.0410 0.4472
vn -0.3573 -0.0161 -0.9338
vn -0.4636 -0.0089 -0.8860
vn -0.6019 -0.0031 -0.7985
vn -0.3670 -0.0201 -0.9300
vn -0.4720 -0.0114 -0.8815
vn -0.6086 -0.0027 -0.7935
vn -0.3795 -0.0255 -0.9248
vn -0.4844 -0.0138 -0.8747
vn -0.6197 -0.0008 -0.7848
vn -0.9891 0.0438 -0.1409
vn -0.9889 0.0149 -0.1481
vn -0.9880 -0.0094 -0.1544
vn -0.9487 0.0667 -0.3091
vn -0.9457 -0.0106 -0.3250
vn -0.9394 -0.0729 -0.3351
vn -0.8661 0.0590 -0.4964
vn -0.8472 -0.1096 -0.5198
vn -0.8183 -0.2378 -0.5234
vn -0.2634 -0.4830 0.8351
vn -0.2753 -0.4280 0.8608
vn -0.2890 -0.3795 0.8789
vn -0.4222 -0.4288 0.7987
vn -0.4273 -0.3678 0.8259
vn -0.4330 -0.3175 0.8436
vn -0.5863 -0.3694 0.7209
vn -0.5883 -0.3110 0.7464
vn -0.5902 -0.2639 0.7629
vn -0.1945 -0.3842 -0.9025
vn -0.2496 -0.7611 -0.5987
vn -0.2646 -0.8365 -0.4799
vn -0.1116 -0.5316 -0.8396
vn -0.2174 -0.8199 -0.5297
vn -0.2443 -0.8667 -0.4348
vn 0.0069 -0.6622 -0.7493
vn -0.1678 -0.8651 -0.4728
vn -0.2109 -0.8938 -0.3959
vn 0.9486 -0.3159 -0.0182
vn 0.9084 -0.4173 -0.0234
vn 0.8292 -0.5586 -0.0186
vn 0.9363 -0.3379 0.0956
vn 0.9040 -0.4208 0.0752
vn 0.8487 -0.5259 0.0561
vn 0.8644 -0.4022 0.3016
vn 0.8294 -0.4812 0.2838
vn 0.7697 -0.5940 0.2337
vn 0.9015 -0.2776 -0.3321
vn 0.9583 -0.2149 -0.1885
vn 0.9779 -0.1789 -0.1087
vn 0.8824 -0.3913 -0.2612
vn 0.9337 -0.3386 -0.1168
vn 0.9516 -0.3056 -0.0326
vn 0.8243 -0.5441 -0.1562
vn 0.8595 -0.5109 -0.0172
vn 0.8736 -0.4812 0.0723
vn 0.0733 0.7408 -0.6677
vn 0.0580 0.8209 -0.5681
vn 0.0422 0.8255 -0.5628
vn 0.2544 0.7001 -0.6672
vn 0.2485 0.7761 -0.5796
vn 0.2351 0.7821 -0.5771
vn 0.4944 0.6149 -0.6144
vn 0.5042 0.6567 -0.5609
vn 0.4922 0.6659 -0.5606
vn -0.1824 -0.9830 0.0226
vn -0.2013 -0.9487 0.2439
vn -0.2150 -0.9018 0.3749
vn -0.3405 -0.9392 0.0447
vn -0.3674 -0.8962 0.2488
vn -0.3842 -0.8467 0.3681
vn -0.5041 -0.8611 0.0655
vn -0.5346 -0.8106 0.2389
vn -0.5507 -0.7605 0.3440
vn -0.9256 -0.0442 -0.3760
vn -0.9781 0.0664 -0.1974
vn -0.9863 0.1225 -0.1100
vn -0.8993 0.1256 -0.4188
vn -0.9356 0.2317 -0.2664
vn -0.9398 0.2773 -0.1995
vn -0.8351 0.3273 -0.4421
vn -0.8469 0.4101 -0.3385
vn -0.8492 0.4367 -0.2970
vn 0.9838 -0.1736 -0.0449
vn 0.9820 -0.1872 -0.0269
vn 0.9789 -0.2040 -0.0128
vn 0.9572 -0.2838 0.0570
vn 0.9571 -0.2753 0.0904
vn 0.9573 -0.2670 0.1105
vn 0.8760 -0.4406 0.1960
vn 0.8765 -0.4118 0.2495
vn 0.8798 -0.3821 0.2826
vn 0.0451 0.8505 -0.5240
vn -0.0366 0.2889 -0.9567
vn -0.1698 -0.5752 -0.8002
vn 0.2309 0.8319 -0.5045
vn 0.1307 0.1926 -0.9725
vn -0.1301 -0.6830 -0.7188
vn 0.4822 0.7161 -0.5046
vn 0.3671 0.0438 -0.9291
vn -0.0547 -0.7355 -0.6753
vn -0.2273 -0.7760 0.5884
vn -0.2309 -0.6772 0.6986
vn -0.2373 -0.5659 0.7896
vn -0.3963 -0.7269 0.5608
vn -0.3993 -0.6307 0.6654
vn -0.4051 -0.5208 0.7515
vn -0.5628 -0.6509 0.5095
vn -0.5664 -0.5608 0.6039
vn -0.5725 -0.4566 0.6810
vn -0.9873 0.1341 -0.0851
vn -0.9881 0.1027 -0.1142
vn -0.9886 0.0605 -0.1378
vn -0.9418 0.2784 -0.1885
vn -0.9448 0.2033 -0.2570
vn -0.9447 0.0967 -0.3135
vn -0.8528 0.4330 -0.2920
vn -0.8598 0.2991 -0.4139
vn -0.8526 0.0935 -0.5141
vn 0.5027 -0.7243 0.4719
vn 0.4921 -0.6604 0.5672
vn 0.4810 -0.5955 0.6434
vn 0.3044 -0.7817 0.5444
vn 0.2913 -0.7024 0.6494
vn 0.2766 -0.6190 0.7351
vn 0.1249 -0.8037 0.5818
vn 0.1135 -0.7130 0.6919
vn 0.0996 -0.6150 0.7822
vn -0.5382 0.7049 -0.4620
vn -0.5646 0.4162 -0.7127
vn -0.5123 -0.0899 -0.8541
vn -0.3852 0.7726 -0.5047
vn -0.4172 0.4149 -0.8085
vn -0.3546 -0.2228 -0.9081
vn -0.2538 0.8098 -0.5289
vn -0.2924 0.3896 -0.8733
vn -0.2460 -0.3438 -0.9062
vn 0.4859 -0.8740 0.0015
vn 0.5107 -0.8431 0.1682
vn 0.5163 -0.8096 0.2792
vn 0.3025 -0.9531 0.0066
vn 0.3195 -0.9246 0.2073
vn 0.3221 -0.8867 0.3316
vn 0.1339 -0.9910 0.0055
vn 0.1426 -0.9639 0.2247
vn 0.1413 -0.9229 0.3583
vn -0.5331 0.6614 -0.5276
vn -0.5407 0.6965 -0.4717
vn -0.5376 0.7016 -0.4678
vn -0.3933 0.7052 -0.5899
vn -0.3924 0.7651 -0.5106
vn -0.3879 0.7691 -0.5079
vn -0.2769 0.7341 -0.6200
vn -0.2690 0.8044 -0.5297
vn -0.2598 0.8091 -0.5272
vn -0.5561 -0.0819 -0.8271
vn -0.4147 -0.5357 -0.7355
vn -0.3262 -0.7159 -0.6173
vn -0.4052 -0.1664 -0.8989
vn -0.2538 -0.6720 -0.6957
vn -0.1822 -0.8204 -0.5420
vn -0.2936 -0.2259 -0.9288
vn -0.1817 -0.7232 -0.6663
vn -0.1313 -0.8493 -0.5114
vn 0.4706 -0.4872 0.7356
vn 0.4549 -0.4931 0.7415
vn 0.4049 -0.5032 0.7634
vn 0.2683 -0.4936 0.8273
vn 0.2646 -0.4641 0.8453
vn 0.2451 -0.4259 0.8709
vn 0.1052 -0.5087 0.8545
vn 0.1227 -0.4662 0.8761
vn 0.1311 -0.4205 0.8978
vn -0.0993 -0.0474 -0.9939
vn -0.1808 -0.0406 -0.9827
vn -0.2507 -0.0324 -0.9675
vn -0.1028 -0.0365 -0.9940
vn -0.1861 -0.0344 -0.9819
vn -0.2565 -0.0315 -0.9660
vn -0.1021 -0.0341 -0.9942
vn -0.1864 -0.0352 -0.9819
vn -0.2572 -0.0357 -0.9657
vn -0.6315 -0.0195 0.7751
vn -0.4986 -0.0290 0.8663
vn -0.3936 -0.0394 0.9185
vn -0.6349 0.0129 0.7725
vn -0.5037 0.0090 0.8638
vn -0.4004 0.0043 0.9163
vn -0.6375 0.0481 0.7689
vn -0.5071 0.0485 0.8605
vn -0.4039 0.0480 0.9136
vn -0.8602 0.4951 0.1223
vn -0.8408 0.4705 0.2678
vn -0.7967 0.4126 0.4416
vn -0.7616 0.6327 0.1401
vn -0.7391 0.5971 0.3118
vn -0.6916 0.5060 0.5153
vn -0.6254 0.7626 0.1654
vn -0.6035 0.7094 0.3640
vn -0.5612 0.5848 0.5857
vn -0.6521 0.0514 0.7564
vn -0.5198 0.0438 0.8532
vn -0.4125 0.0394 0.9101
vn -0.6682 0.1047 0.7366
vn -0.5375 0.1043 0.8368
vn -0.4273 0.1063 0.8978
vn -0.6900 0.1912 0.6981
vn -0.5702 0.2115 0.7938
vn -0.4561 0.2279 0.8602
vn 0.4088 -0.4765 -0.7783
vn 0.4155 -0.5727 -0.7066
vn 0.4193 -0.7121 -0.5631
vn 0.1759 -0.5046 -0.8453
vn 0.1867 -0.6007 -0.7774
vn 0.2135 -0.7562 -0.6186
vn 0.0464 -0.5095 -0.8592
vn 0.0527 -0.6052 -0.7943
vn 0.0712 -0.7667 -0.6381
vn -0.0982 0.0302 -0.9947
vn -0.1838 0.0295 -0.9825
vn -0.2575 0.0290 -0.9659
vn -0.0967 0.1026 -0.9900
vn -0.1830 0.0997 -0.9780
vn -0.2600 0.0963 -0.9608
vn -0.0925 0.2437 -0.9654
vn -0.1799 0.2372 -0.9547
vn -0.2644 0.2284 -0.9370
vn 0.4172 -0.0916 -0.9042
vn 0.4134 -0.2730 -0.8687
vn 0.4092 -0.3691 -0.8345
vn 0.2016 -0.1187 -0.9723
vn 0.1846 -0.3184 -0.9298
vn 0.1774 -0.4133 -0.8932
vn 0.0588 -0.1253 -0.9904
vn 0.0516 -0.3294 -0.9428
vn 0.0482 -0.4252 -0.9038
vn -0.7967 0.4126 -0.4416
vn -0.8408 0.4705 -0.2678
vn -0.8602 0.4951 -0.1223
vn -0.6916 0.5060 -0.5153
vn -0.7391 0.5971 -0.3118
vn -0.7616 0.6327 -0.1401
vn -0.5612 0.5848 -0.5857
vn -0.6035 0.7094 -0.3640
vn -0.6254 0.7626 -0.1654
vn -0.8508 -0.4080 0.3311
vn -0.8529 -0.3424 0.3942
vn -0.8568 -0.2645 0.4427
vn -0.9377 -0.2669 0.2226
vn -0.9384 -0.2193 0.2669
vn -0.9402 -0.1618 0.2998
vn -0.9847 -0.1302 0.1161
vn -0.9847 -0.1038 0.1397
vn -0.9851 -0.0715 0.1566
vn 0.8936 0.2055 -0.3990
vn 0.8314 -0.1470 -0.5360
vn 0.5989 -0.5839 -0.5481
vn 0.9598 0.0249 -0.2796
vn 0.9293 -0.1458 -0.3393
vn 0.8509 -0.3778 -0.3651
vn 0.9807 -0.0610 -0.1857
vn 0.9687 -0.1436 -0.2023
vn 0.9458 -0.2521 -0.2048
vn -0.8059 -0.5905 -0.0439
vn -0.8379 -0.5316 0.1238
vn -0.8476 -0.4821 0.2217
vn -0.8789 -0.4510 -0.1555
vn -0.9267 -0.3743 0.0338
vn -0.9368 -0.3218 0.1375
vn -0.9159 -0.3147 -0.2493
vn -0.9730 -0.2248 -0.0524
vn -0.9843 -0.1685 0.0531
vn 0.8425 0.1708 -0.5108
vn 0.8718 0.2441 -0.4248
vn 0.8817 0.2684 -0.3881
vn 0.8862 -0.0249 -0.4627
vn 0.9394 0.0511 -0.3390
vn 0.9560 0.0855 -0.2807
vn 0.8990 -0.1337 -0.4171
vn 0.9579 -0.0613 -0.2804
vn 0.9774 -0.0243 -0.2099
vn 0.5341 -0.7307 -0.4251
vn 0.1811 -0.9456 -0.2702
vn -0.0999 -0.9801 -0.1717
vn 0.7604 -0.5845 -0.2830
vn 0.4729 -0.8528 -0.2217
vn 0.0545 -0.9894 -0.1346
vn 0.8827 -0.4409 -0.1628
vn 0.7340 -0.6636 -0.1447
vn 0.4142 -0.9043 -0.1037
vn -0.8692 -0.2008 0.4518
vn -0.8708 -0.1595 0.4650
vn -0.8727 -0.1266 0.4716
vn -0.9464 -0.1176 0.3008
vn -0.9472 -0.0876 0.3085
vn -0.9483 -0.0636 0.3110
vn -0.9871 -0.0490 0.1526
vn -0.9873 -0.0325 0.1555
vn -0.9877 -0.0195 0.1549
vn -0.8873 0.0029 -0.4611
vn -0.9562 0.0038 -0.2926
vn -0.9902 0.0045 -0.1394
vn -0.8874 0.0083 -0.4608
vn -0.9563 0.0105 -0.2923
vn -0.9902 0.0123 -0.1393
vn -0.8877 0.0178 -0.4601
vn -0.9561 0.0220 -0.2921
vn -0.9899 0.0252 -0.1394
vn -0.2732 0.6861 -0.6743
vn -0.2709 0.8574 -0.4375
vn -0.2687 0.9411 -0.2054
vn -0.1563 0.7088 -0.6878
vn -0.1390 0.8837 -0.4469
vn -0.1274 0.9692 -0.2106
vn -0.0676 0.7200 -0.6906
vn -0.0517 0.8931 -0.4470
vn -0.0413 0.9768 -0.2103
vn -0.1516 -0.1011 -0.9833
vn -0.1037 -0.3185 -0.9422
vn -0.0852 -0.4229 -0.9022
vn -0.2738 -0.0669 -0.9595
vn -0.2214 -0.2926 -0.9302
vn -0.1983 -0.4068 -0.8918
vn -0.4571 -0.0086 -0.8894
vn -0.4323 -0.2226 -0.8738
vn -0.4133 -0.3534 -0.8392
vn -0.8920 0.0693 -0.4468
vn -0.9556 0.0796 -0.2837
vn -0.9870 0.0858 -0.1362
vn -0.8958 0.1181 -0.4285
vn -0.9532 0.1348 -0.2706
vn -0.9807 0.1458 -0.1299
vn -0.8956 0.1919 -0.4014
vn -0.9420 0.2196 -0.2538
vn -0.9642 0.2359 -0.1215
vn -0.8645 -0.0970 -0.4932
vn -0.9481 -0.0402 -0.3155
vn -0.9887 -0.0097 -0.1495
vn -0.8729 -0.0804 -0.4812
vn -0.9508 -0.0379 -0.3074
vn -0.9892 -0.0121 -0.1461
vn -0.8789 -0.0806 -0.4702
vn -0.9530 -0.0424 -0.2999
vn -0.9896 -0.0163 -0.1428
vn -0.5939 -0.1583 0.7888
vn -0.4460 -0.1954 0.8734
vn -0.3188 -0.2363 0.9179
vn -0.6002 -0.1108 0.7922
vn -0.4572 -0.1429 0.8778
vn -0.3381 -0.1777 0.9242
vn -0.6094 -0.0557 0.7909
vn -0.4709 -0.0817 0.8784
vn -0.3584 -0.1104 0.9270
vn -0.1236 -0.4832 -0.8668
vn -0.1931 -0.4235 -0.8851
vn -0.2606 -0.4056 -0.8761
vn -0.1224 -0.3197 -0.9396
vn -0.1895 -0.3075 -0.9325
vn -0.2551 -0.2976 -0.9200
vn -0.1114 -0.2191 -0.9693
vn -0.1839 -0.2296 -0.9558
vn -0.2497 -0.2366 -0.9390
vn -0.2843 -0.3916 -0.8751
vn -0.3947 -0.3344 -0.8558
vn -0.5430 -0.2642 -0.7971
vn -0.3125 -0.2728 -0.9099
vn -0.4234 -0.2361 -0.8747
vn -0.5679 -0.1927 -0.8002
vn -0.3274 -0.2283 -0.9169
vn -0.4368 -0.2039 -0.8761
vn -0.5795 -0.1731 -0.7964
vn -0.9889 -0.0069 0.1486
vn -0.9512 -0.0307 0.3070
vn -0.8764 -0.0689 0.4765
vn -0.9894 -0.0010 0.1453
vn -0.9530 -0.0146 0.3025
vn -0.8798 -0.0406 0.4736
vn -0.9899 0.0052 0.1416
vn -0.9550 0.0024 0.2966
vn -0.8838 -0.0099 0.4678
vn 0.0808 -0.3574 0.9304
vn 0.1734 -0.4397 0.8812
vn 0.2388 -0.5314 0.8128
vn 0.0130 -0.2655 0.9640
vn 0.0889 -0.3136 0.9454
vn 0.1483 -0.3581 0.9218
vn -0.0406 -0.1736 0.9840
vn 0.0278 -0.2016 0.9791
vn 0.0921 -0.2246 0.9701
vt 0.533487 0.453284
vt 0.563163 0.453261
vt 0.563163 0.469835
vt 0.533487 0.470025
vt 0.593833 0.453203
vt 0.593833 0.469374
vt 0.563136 0.488146
vt 0.533484 0.488692
vt 0.593775 0.486711
vt 0.505303 0.437500
vt 0.533487 0.437500
vt 0.505303 0.453288
vt 0.563163 0.437500
vt 0.593833 0.437500
vt 0.625000 0.437500
vt 0.625000 0.453125
vt 0.625000 0.468750
vt 0.625000 0.484375
vt 0.625000 0.500000
vt 0.593182 0.507284
vt 0.562946 0.509549
vt 0.533460 0.510308
vt 0.505303 0.488770
vt 0.505303 0.510417
vt 0.505303 0.470052
vt 0.533328 0.656091
vt 0.561888 0.656114
vt 0.562078 0.686415
vt 0.533352 0.686225
vt 0.589516 0.656169
vt 0.590062 0.686849
vt 0.562512 0.714979
vt 0.533406 0.714433
vt 0.591439 0.716356
vt 0.505303 0.625000
vt 0.533325 0.625000
vt 0.505303 0.656087
vt 0.561861 0.625000
vt 0.589438 0.625000
vt 0.614583 0.625000
vt 0.614692 0.656223
vt 0.615451 0.687283
vt 0.617716 0.718099
vt 0.625000 0.750000
vt 0.593182 0.742717
vt 0.562946 0.740451
vt 0.533460 0.739692
vt 0.505303 0.714356
vt 0.505303 0.739583
vt 0.505303 0.686198
vt 0.323199 0.649304
vt 0.333368 0.649336
vt 0.333343 0.672140
vt 0.323230 0.672265
vt 0.342480 0.649439
vt 0.342261 0.671937
vt 0.333336 0.691972
vt 0.323322 0.692551
vt 0.341813 0.690740
vt 0.312500 0.625000
vt 0.323195 0.625000
vt 0.312500 0.649299
vt 0.333372 0.625000
vt 0.342512 0.625000
vt 0.350098 0.625000
vt 0.350030 0.649724
vt 0.349559 0.672219
vt 0.348391 0.690321
vt 0.346919 0.701440
vt 0.341817 0.704944
vt 0.333622 0.707743
vt 0.323538 0.708874
vt 0.312500 0.692633
vt 0.312500 0.709036
vt 0.312500 0.672282
vt 0.533448 0.828125
vt 0.563149 0.828125
vt 0.563052 0.843750
vt 0.533170 0.843750
vt 0.593831 0.828125
vt 0.593819 0.843750
vt 0.562818 0.859375
vt 0.532439 0.859375
vt 0.593790 0.859375
vt 0.505303 0.812500
vt 0.533487 0.812500
vt 0.505248 0.828125
vt 0.563163 0.812500
vt 0.593833 0.812500
vt 0.625000 0.812500
vt 0.625000 0.828125
vt 0.625000 0.843750
vt 0.625000 0.859375
vt 0.625000 0.875000
vt 0.593750 0.875000
vt 0.562500 0.875000
vt 0.531250 0.875000
vt 0.503701 0.859375
vt 0.500000 0.875000
vt 0.504861 0.843750
vt 0.703125 0.656250
vt 0.718750 0.656250
vt 0.718750 0.687500
vt 0.703125 0.687500
vt 0.734375 0.656250
vt 0.734375 0.687500
vt 0.718750 0.718750
vt 0.703125 0.718750
vt 0.734375 0.718750
vt 0.687500 0.625000
vt 0.703125 0.625000
vt 0.687500 0.656250
vt 0.718750 0.625000
vt 0.734375 0.625000
vt 0.750000 0.625000
vt 0.750000 0.656250
vt 0.750000 0.687500
vt 0.750000 0.718750
vt 0.750000 0.750000
vt 0.734375 0.750000
vt 0.718750 0.750000
vt 0.703125 0.750000
vt 0.687500 0.718750
vt 0.687500 0.750000
vt 0.687500 0.687500
vt 0.434433 0.828125
vt 0.455310 0.828125
vt 0.455027 0.843750
vt 0.433885 0.843750
vt 0.479059 0.828125
vt 0.478757 0.843750
vt 0.454339 0.859375
vt 0.432447 0.859375
vt 0.477971 0.859375
vt 0.417046 0.812500
vt 0.434511 0.812500
vt 0.416939 0.828125
vt 0.455350 0.812500
vt 0.479102 0.812500
vt 0.476705 0.875000
vt 0.453409 0.875000
vt 0.430114 0.875000
vt 0.413956 0.859375
vt 0.406818 0.875000
vt 0.416193 0.843750
vt 0.434511 0.656087
vt 0.455350 0.656087
vt 0.455350 0.686198
vt 0.434511 0.686198
vt 0.479102 0.656087
vt 0.479102 0.686198
vt 0.455350 0.714356
vt 0.434511 0.714356
vt 0.479102 0.714355
vt 0.417045 0.625000
vt 0.434511 0.625000
vt 0.417045 0.656087
vt 0.455350 0.625000
vt 0.479102 0.625000
vt 0.505303 0.625000
vt 0.505303 0.656087
vt 0.505303 0.686198
vt 0.505303 0.714355
vt 0.505303 0.739583
vt 0.479102 0.739583
vt 0.455350 0.739583
vt 0.434511 0.739583
vt 0.417046 0.714355
vt 0.417045 0.739583
vt 0.417046 0.686198
vt 0.434511 0.453288
vt 0.455350 0.453288
vt 0.455350 0.470052
vt 0.434511 0.470052
vt 0.479102 0.453288
vt 0.479102 0.470052
vt 0.455350 0.488770
vt 0.434511 0.488770
vt 0.479102 0.488770
vt 0.417045 0.437500
vt 0.434511 0.437500
vt 0.417045 0.453288
vt 0.455350 0.437500
vt 0.479102 0.437500
vt 0.505303 0.437500
vt 0.505303 0.470052
vt 0.505303 0.488770
vt 0.505303 0.510417
vt 0.479102 0.510417
vt 0.455350 0.510417
vt 0.434511 0.510417
vt 0.417045 0.488770
vt 0.417045 0.510417
vt 0.417045 0.470052
vt 0.373844 0.594461
vt 0.372728 0.565782
vt 0.373950 0.565026
vt 0.374991 0.594217
vt 0.369709 0.540907
vt 0.371070 0.539281
vt 0.376035 0.563987
vt 0.376878 0.594008
vt 0.373615 0.536298
vt 0.372992 0.625038
vt 0.372818 0.594794
vt 0.374018 0.625035
vt 0.371706 0.566466
vt 0.368709 0.541956
vt 0.362882 0.523166
vt 0.363793 0.521854
vt 0.365125 0.519681
vt 0.367875 0.514804
vt 0.375000 0.500000
vt 0.377985 0.533271
vt 0.379539 0.563219
vt 0.380108 0.593875
vt 0.377005 0.625018
vt 0.380193 0.625010
vt 0.375151 0.625027
vt 0.327795 0.748383
vt 0.342037 0.746216
vt 0.342480 0.747312
vt 0.327935 0.749170
vt 0.354409 0.740193
vt 0.355334 0.741966
vt 0.343066 0.748585
vt 0.328038 0.749657
vt 0.356970 0.745167
vt 0.312665 0.747279
vt 0.327566 0.747083
vt 0.312651 0.748586
vt 0.341564 0.744896
vt 0.353694 0.738835
vt 0.362991 0.727019
vt 0.363894 0.728315
vt 0.365201 0.730447
vt 0.367917 0.735266
vt 0.375000 0.750000
vt 0.359375 0.750000
vt 0.343750 0.750000
vt 0.328125 0.750000
vt 0.312560 0.749768
vt 0.312500 0.750000
vt 0.312613 0.749356
vt 0.297545 0.502049
vt 0.283427 0.504450
vt 0.282869 0.503188
vt 0.297320 0.501154
vt 0.271201 0.510629
vt 0.270138 0.508652
vt 0.282121 0.501683
vt 0.297098 0.500516
vt 0.268303 0.505162
vt 0.312637 0.502890
vt 0.297805 0.503389
vt 0.312625 0.501568
vt 0.283944 0.505832
vt 0.271971 0.512064
vt 0.262807 0.523929
vt 0.261849 0.522551
vt 0.260456 0.520203
vt 0.257688 0.515038
vt 0.250000 0.500000
vt 0.265625 0.500000
vt 0.281250 0.500000
vt 0.296875 0.500000
vt 0.312550 0.500294
vt 0.312500 0.500000
vt 0.312594 0.500760
vt 0.252004 0.655299
vt 0.253086 0.683748
vt 0.252152 0.684627
vt 0.251222 0.655607
vt 0.256036 0.708470
vt 0.254783 0.710255
vt 0.251115 0.685930
vt 0.250578 0.655923
vt 0.252803 0.713644
vt 0.252868 0.625000
vt 0.253023 0.654943
vt 0.251849 0.625000
vt 0.254110 0.683018
vt 0.257061 0.707361
vt 0.262807 0.726104
vt 0.261849 0.727479
vt 0.260456 0.729819
vt 0.257688 0.734974
vt 0.250000 0.750000
vt 0.250000 0.718750
vt 0.250000 0.687500
vt 0.250000 0.656250
vt 0.250502 0.625000
vt 0.250000 0.625000
vt 0.251089 0.625000
vt 0.269321 0.650275
vt 0.270004 0.673453
vt 0.266086 0.675183
vt 0.265256 0.651000
vt 0.271856 0.692588
vt 0.268349 0.695805
vt 0.263210 0.676844
vt 0.262296 0.651777
vt 0.265690 0.698498
vt 0.274902 0.625000
vt 0.274970 0.649724
vt 0.269223 0.625000
vt 0.275441 0.672219
vt 0.276609 0.690321
vt 0.278081 0.701440
vt 0.275550 0.706417
vt 0.272804 0.711416
vt 0.270527 0.715076
vt 0.268608 0.717848
vt 0.263533 0.700704
vt 0.260927 0.678358
vt 0.259967 0.652546
vt 0.262166 0.625000
vt 0.259830 0.625000
vt 0.265137 0.625000
vt 0.301076 0.529615
vt 0.290573 0.531172
vt 0.289468 0.523893
vt 0.300574 0.522063
vt 0.281857 0.535368
vt 0.279983 0.528861
vt 0.288341 0.519177
vt 0.300027 0.517190
vt 0.278248 0.524528
vt 0.312500 0.540964
vt 0.301463 0.541126
vt 0.312501 0.529392
vt 0.291378 0.542257
vt 0.283183 0.545056
vt 0.278081 0.548560
vt 0.275550 0.543583
vt 0.272804 0.538585
vt 0.270527 0.534927
vt 0.268608 0.532160
vt 0.276701 0.521381
vt 0.287266 0.515811
vt 0.299484 0.513722
vt 0.312515 0.516891
vt 0.312534 0.513386
vt 0.312504 0.521797
vt 0.323925 0.720387
vt 0.334429 0.718831
vt 0.335548 0.726129
vt 0.324438 0.727952
vt 0.343146 0.714635
vt 0.345037 0.721167
vt 0.336712 0.730900
vt 0.325012 0.732859
vt 0.346822 0.725567
vt 0.312501 0.720609
vt 0.349453 0.706421
vt 0.352221 0.711444
vt 0.354558 0.715173
vt 0.356591 0.718076
vt 0.348465 0.728844
vt 0.337861 0.734371
vt 0.325609 0.736396
vt 0.312517 0.733127
vt 0.312541 0.736656
vt 0.312505 0.728208
vt 0.355683 0.599724
vt 0.355000 0.576545
vt 0.358940 0.574801
vt 0.359770 0.598992
vt 0.353147 0.557410
vt 0.356675 0.554174
vt 0.361876 0.573102
vt 0.362792 0.598195
vt 0.359391 0.551430
vt 0.350030 0.600276
vt 0.355780 0.625000
vt 0.349559 0.577781
vt 0.348391 0.559679
vt 0.346919 0.548560
vt 0.349453 0.543580
vt 0.352218 0.538561
vt 0.354546 0.534847
vt 0.356564 0.531970
vt 0.361660 0.549126
vt 0.364277 0.571513
vt 0.365243 0.597388
vt 0.362925 0.625004
vt 0.365385 0.625009
vt 0.359890 0.625001
vt 0.257880 0.653266
vt 0.258878 0.679759
vt 0.257028 0.681025
vt 0.255996 0.653917
vt 0.261588 0.702704
vt 0.259831 0.704516
vt 0.255424 0.682123
vt 0.254361 0.654481
vt 0.258308 0.706085
vt 0.259830 0.625000
vt 0.259967 0.652546
vt 0.257737 0.625000
vt 0.260927 0.678358
vt 0.266864 0.720329
vt 0.265290 0.722580
vt 0.263924 0.724530
vt 0.262807 0.726104
vt 0.257061 0.707361
vt 0.254111 0.683018
vt 0.253023 0.654942
vt 0.254209 0.625000
vt 0.255848 0.625000
vt 0.298979 0.510619
vt 0.286268 0.512814
vt 0.285367 0.510077
vt 0.298526 0.507776
vt 0.275279 0.518582
vt 0.273996 0.516035
vt 0.284585 0.507713
vt 0.298132 0.505323
vt 0.272883 0.513832
vt 0.312534 0.513386
vt 0.299484 0.513722
vt 0.312565 0.510234
vt 0.287266 0.515811
vt 0.276701 0.521381
vt 0.268608 0.532160
vt 0.266864 0.529687
vt 0.265290 0.527443
vt 0.263924 0.525500
vt 0.271971 0.512064
vt 0.297805 0.503389
vt 0.312626 0.504843
vt 0.312637 0.502890
vt 0.312599 0.507339
vt 0.326196 0.739604
vt 0.338972 0.737530
vt 0.339998 0.740446
vt 0.326741 0.742563
vt 0.350035 0.731843
vt 0.351482 0.734611
vt 0.340881 0.742956
vt 0.327209 0.745110
vt 0.352728 0.736993
vt 0.312541 0.736656
vt 0.325609 0.736396
vt 0.312578 0.739845
vt 0.337861 0.734371
vt 0.348465 0.728844
vt 0.356591 0.718077
vt 0.358513 0.720761
vt 0.360284 0.723238
vt 0.361808 0.725370
vt 0.362991 0.727019
vt 0.353694 0.738835
vt 0.341564 0.744896
vt 0.327566 0.747083
vt 0.312651 0.745311
vt 0.312665 0.747279
vt 0.312618 0.742782
vt 0.367518 0.596609
vt 0.366508 0.569997
vt 0.368558 0.568605
vt 0.369609 0.595894
vt 0.363776 0.546973
vt 0.365722 0.544994
vt 0.370326 0.567404
vt 0.371411 0.595277
vt 0.367399 0.543288
vt 0.365385 0.625009
vt 0.365243 0.597388
vt 0.367669 0.625018
vt 0.364277 0.571513
vt 0.361659 0.549126
vt 0.356564 0.531970
vt 0.358461 0.529326
vt 0.360205 0.526895
vt 0.361707 0.524800
vt 0.362882 0.523166
vt 0.368709 0.541956
vt 0.372818 0.594794
vt 0.371580 0.625035
vt 0.372992 0.625038
vt 0.369770 0.625027
vt 0.275280 0.731448
vt 0.286269 0.737233
vt 0.285369 0.739994
vt 0.273996 0.734010
vt 0.298985 0.739445
vt 0.298535 0.742322
vt 0.284588 0.742378
vt 0.272883 0.736225
vt 0.298143 0.744802
vt 0.276701 0.728634
vt 0.287267 0.734213
vt 0.299487 0.736312
vt 0.297817 0.746747
vt 0.283947 0.744266
vt 0.271972 0.737999
vt 0.349987 0.518252
vt 0.338935 0.512566
vt 0.339942 0.509700
vt 0.351410 0.515534
vt 0.326172 0.510487
vt 0.326704 0.507575
vt 0.340809 0.507231
vt 0.352636 0.513192
vt 0.327161 0.505066
vt 0.348440 0.521207
vt 0.337841 0.515680
vt 0.325596 0.513652
vt 0.327514 0.503109
vt 0.341486 0.505308
vt 0.353594 0.511367
vt 0.281857 0.714632
vt 0.290573 0.718829
vt 0.289468 0.726110
vt 0.279983 0.721141
vt 0.301076 0.720386
vt 0.300574 0.727941
vt 0.288342 0.730834
vt 0.278248 0.725479
vt 0.300029 0.732824
vt 0.283183 0.704944
vt 0.291378 0.707743
vt 0.301463 0.708874
vt 0.299487 0.736312
vt 0.287267 0.734213
vt 0.276701 0.728634
vt 0.343145 0.535365
vt 0.334429 0.531170
vt 0.335545 0.523877
vt 0.345034 0.528839
vt 0.323925 0.529614
vt 0.324436 0.522054
vt 0.336704 0.519121
vt 0.346811 0.524454
vt 0.325006 0.517161
vt 0.341817 0.545056
vt 0.333622 0.542257
vt 0.323538 0.541126
vt 0.325596 0.513652
vt 0.337841 0.515680
vt 0.348440 0.521207
vt 0.354317 0.509991
vt 0.341965 0.503971
vt 0.342426 0.502828
vt 0.355264 0.508173
vt 0.327747 0.501793
vt 0.327900 0.500962
vt 0.343037 0.501490
vt 0.356933 0.504907
vt 0.328019 0.500414
vt 0.353594 0.511367
vt 0.327514 0.503109
vt 0.328125 0.500000
vt 0.343750 0.500000
vt 0.359375 0.500000
vt 0.271201 0.739428
vt 0.283430 0.745641
vt 0.282871 0.746879
vt 0.270138 0.741391
vt 0.297555 0.748076
vt 0.297328 0.748939
vt 0.282122 0.748354
vt 0.268303 0.744861
vt 0.297103 0.749534
vt 0.271972 0.737999
vt 0.283947 0.744266
vt 0.297817 0.746747
vt 0.296875 0.750000
vt 0.281250 0.750000
vt 0.265625 0.750000
vt 0.432447 0.390625
vt 0.454339 0.390625
vt 0.455027 0.406250
vt 0.433885 0.406250
vt 0.477971 0.390625
vt 0.478757 0.406250
vt 0.455310 0.421875
vt 0.434433 0.421875
vt 0.479059 0.421875
vt 0.406818 0.375000
vt 0.430114 0.375000
vt 0.413956 0.390625
vt 0.453409 0.375000
vt 0.476705 0.375000
vt 0.500000 0.375000
vt 0.503701 0.390625
vt 0.504861 0.406250
vt 0.505248 0.421875
vt 0.479102 0.437500
vt 0.455350 0.437500
vt 0.434511 0.437500
vt 0.416939 0.421875
vt 0.416193 0.406250
vt 0.434511 0.761231
vt 0.455350 0.761230
vt 0.455350 0.779948
vt 0.434511 0.779948
vt 0.479102 0.761231
vt 0.479102 0.779948
vt 0.455350 0.796712
vt 0.434511 0.796712
vt 0.479102 0.796712
vt 0.417045 0.761231
vt 0.505303 0.761231
vt 0.505303 0.779948
vt 0.505303 0.796712
vt 0.505303 0.812500
vt 0.479102 0.812500
vt 0.455350 0.812500
vt 0.434511 0.812500
vt 0.417045 0.796712
vt 0.417045 0.812500
vt 0.417046 0.779948
vt 0.636308 0.656247
vt 0.654975 0.656250
vt 0.655165 0.687500
vt 0.636854 0.687473
vt 0.671716 0.656250
vt 0.671739 0.687500
vt 0.655626 0.718750
vt 0.638289 0.718692
vt 0.671797 0.718750
vt 0.636231 0.625000
vt 0.654948 0.625000
vt 0.671712 0.625000
vt 0.671875 0.750000
vt 0.656250 0.750000
vt 0.640625 0.750000
vt 0.533484 0.761308
vt 0.563136 0.761854
vt 0.563163 0.780165
vt 0.533487 0.779975
vt 0.593775 0.763289
vt 0.593833 0.780626
vt 0.563163 0.796739
vt 0.533487 0.796716
vt 0.593833 0.796797
vt 0.505303 0.761231
vt 0.625000 0.765625
vt 0.625000 0.781250
vt 0.625000 0.796875
vt 0.505303 0.796712
vt 0.505303 0.779948
vt 0.282520 0.649439
vt 0.291632 0.649336
vt 0.291657 0.672140
vt 0.282739 0.671937
vt 0.301801 0.649304
vt 0.301770 0.672265
vt 0.291664 0.691972
vt 0.283187 0.690740
vt 0.301678 0.692551
vt 0.274902 0.625000
vt 0.282488 0.625000
vt 0.291629 0.625000
vt 0.301805 0.625000
vt 0.276609 0.690321
vt 0.275441 0.672219
vt 0.532439 0.390625
vt 0.562818 0.390625
vt 0.563052 0.406250
vt 0.533170 0.406250
vt 0.593790 0.390625
vt 0.593819 0.406250
vt 0.563149 0.421875
vt 0.533448 0.421875
vt 0.593831 0.421875
vt 0.531250 0.375000
vt 0.562500 0.375000
vt 0.593750 0.375000
vt 0.625000 0.375000
vt 0.625000 0.390625
vt 0.625000 0.406250
vt 0.625000 0.421875
vt 0.283187 0.559260
vt 0.291664 0.558028
vt 0.291657 0.577860
vt 0.282739 0.578063
vt 0.301678 0.557450
vt 0.301770 0.577735
vt 0.291632 0.600664
vt 0.282520 0.600561
vt 0.301801 0.600696
vt 0.283183 0.545056
vt 0.276609 0.559679
vt 0.291378 0.542257
vt 0.301463 0.541126
vt 0.312500 0.540964
vt 0.312500 0.557367
vt 0.312500 0.577718
vt 0.312500 0.600701
vt 0.274970 0.600276
vt 0.275441 0.577781
vt 0.638289 0.531308
vt 0.655626 0.531250
vt 0.655165 0.562500
vt 0.636854 0.562527
vt 0.671797 0.531250
vt 0.671739 0.562500
vt 0.654975 0.593750
vt 0.636308 0.593753
vt 0.671716 0.593750
vt 0.640625 0.500000
vt 0.617716 0.531901
vt 0.656250 0.500000
vt 0.671875 0.500000
vt 0.687500 0.500000
vt 0.687500 0.531250
vt 0.687500 0.562500
vt 0.687500 0.593750
vt 0.614692 0.593777
vt 0.615451 0.562717
vt 0.363824 0.703100
vt 0.366543 0.680059
vt 0.368613 0.681481
vt 0.365794 0.705117
vt 0.367537 0.653433
vt 0.369638 0.654170
vt 0.370395 0.682705
vt 0.367491 0.706854
vt 0.371448 0.654804
vt 0.361685 0.700913
vt 0.364296 0.678517
vt 0.365254 0.652634
vt 0.372858 0.655294
vt 0.371781 0.683652
vt 0.368809 0.708198
vt 0.261588 0.547302
vt 0.258878 0.570243
vt 0.257028 0.568978
vt 0.259831 0.545494
vt 0.257880 0.596734
vt 0.255996 0.596084
vt 0.255424 0.567881
vt 0.258308 0.543927
vt 0.254361 0.595520
vt 0.263533 0.549300
vt 0.260927 0.571643
vt 0.259967 0.597454
vt 0.253023 0.595058
vt 0.254111 0.566986
vt 0.257061 0.542653
vt 0.353147 0.692591
vt 0.355000 0.673455
vt 0.358942 0.675203
vt 0.356679 0.695831
vt 0.355683 0.650277
vt 0.359772 0.651011
vt 0.361884 0.676911
vt 0.359402 0.698587
vt 0.362797 0.651814
vt 0.348391 0.690321
vt 0.349559 0.672219
vt 0.350030 0.649724
vt 0.365253 0.652634
vt 0.364296 0.678517
vt 0.361685 0.700913
vt 0.271856 0.557412
vt 0.270004 0.576547
vt 0.266086 0.574817
vt 0.268349 0.554196
vt 0.269321 0.599725
vt 0.265256 0.599000
vt 0.263210 0.573157
vt 0.265690 0.551503
vt 0.262296 0.598223
vt 0.276609 0.559679
vt 0.275441 0.577781
vt 0.274970 0.600276
vt 0.260927 0.571643
vt 0.263533 0.549300
vt 0.256036 0.541543
vt 0.253086 0.566256
vt 0.252152 0.565376
vt 0.254783 0.539755
vt 0.252004 0.594701
vt 0.251222 0.594393
vt 0.251115 0.564072
vt 0.252803 0.536361
vt 0.250578 0.594077
vt 0.257061 0.542653
vt 0.250000 0.593750
vt 0.250000 0.562500
vt 0.250000 0.531250
vt 0.369800 0.709235
vt 0.372797 0.684327
vt 0.374003 0.685058
vt 0.371140 0.710827
vt 0.373881 0.655621
vt 0.375020 0.655847
vt 0.376069 0.686066
vt 0.373656 0.713766
vt 0.376896 0.656033
vt 0.368809 0.708198
vt 0.371781 0.683652
vt 0.372858 0.655295
vt 0.380118 0.656147
vt 0.379555 0.686807
vt 0.378001 0.716753
vt 0.434511 0.535645
vt 0.455350 0.535645
vt 0.455350 0.563802
vt 0.434511 0.563802
vt 0.479102 0.535645
vt 0.479102 0.563802
vt 0.455350 0.593913
vt 0.434511 0.593913
vt 0.479102 0.593913
vt 0.417045 0.535644
vt 0.505303 0.535644
vt 0.505303 0.563802
vt 0.505303 0.593913
vt 0.417046 0.593913
vt 0.417046 0.563802
vt 0.703125 0.531250
vt 0.718750 0.531250
vt 0.718750 0.562500
vt 0.703125 0.562500
vt 0.734375 0.531250
vt 0.734375 0.562500
vt 0.718750 0.593750
vt 0.703125 0.593750
vt 0.734375 0.593750
vt 0.703125 0.500000
vt 0.718750 0.500000
vt 0.734375 0.500000
vt 0.750000 0.500000
vt 0.750000 0.531250
vt 0.750000 0.562500
vt 0.750000 0.593750
vt 0.323322 0.557450
vt 0.333336 0.558028
vt 0.333343 0.577860
vt 0.323230 0.577735
vt 0.341813 0.559260
vt 0.342261 0.578063
vt 0.333368 0.600664
vt 0.323199 0.600696
vt 0.342480 0.600561
vt 0.323537 0.541126
vt 0.333622 0.542257
vt 0.341817 0.545056
vt 0.349559 0.577781
vt 0.350030 0.600276
vt 0.533406 0.535567
vt 0.562512 0.535021
vt 0.562078 0.563585
vt 0.533352 0.563775
vt 0.591439 0.533644
vt 0.590062 0.563151
vt 0.561888 0.593886
vt 0.533328 0.593909
vt 0.589516 0.593831
vt 0.505303 0.535645
vt 0.505303 0.593913
vt 0.505303 0.563802
vt 0.384249 0.533779
vt 0.392512 0.535026
vt 0.392728 0.563592
vt 0.384965 0.563231
vt 0.403219 0.535567
vt 0.403246 0.563776
vt 0.392823 0.593891
vt 0.385261 0.593856
vt 0.403258 0.593910
vt 0.383425 0.507316
vt 0.377985 0.533271
vt 0.392296 0.509550
vt 0.403192 0.510308
vt 0.417045 0.510417
vt 0.417046 0.535645
vt 0.417046 0.563802
vt 0.417046 0.593913
vt 0.417046 0.625000
vt 0.403259 0.625000
vt 0.392837 0.625001
vt 0.385305 0.625004
vt 0.380108 0.593875
vt 0.379539 0.563219
vt 0.383143 0.763288
vt 0.392201 0.761854
vt 0.392188 0.780165
vt 0.383114 0.780626
vt 0.403180 0.761308
vt 0.403178 0.779975
vt 0.392188 0.796739
vt 0.383114 0.796797
vt 0.403178 0.796716
vt 0.383426 0.742686
vt 0.375000 0.765625
vt 0.392296 0.740450
vt 0.403192 0.739692
vt 0.417046 0.739583
vt 0.417046 0.761231
vt 0.417046 0.779948
vt 0.417046 0.796712
vt 0.403178 0.812500
vt 0.392188 0.812500
vt 0.383114 0.812500
vt 0.375000 0.796875
vt 0.375000 0.812500
vt 0.375000 0.781250
vt 0.383031 0.390625
vt 0.391522 0.390625
vt 0.391974 0.406250
vt 0.383088 0.406250
vt 0.401157 0.390625
vt 0.402566 0.406250
vt 0.392161 0.421875
vt 0.383111 0.421875
vt 0.403102 0.421875
vt 0.375000 0.375000
vt 0.382955 0.375000
vt 0.375000 0.390625
vt 0.390909 0.375000
vt 0.398864 0.375000
vt 0.403178 0.437500
vt 0.392188 0.437500
vt 0.383114 0.437500
vt 0.375000 0.421875
vt 0.375000 0.437500
vt 0.375000 0.406250
vt 0.383114 0.453203
vt 0.392188 0.453261
vt 0.392188 0.469835
vt 0.383114 0.469374
vt 0.403178 0.453284
vt 0.403178 0.470025
vt 0.392201 0.488146
vt 0.383143 0.486712
vt 0.403180 0.488692
vt 0.375000 0.453125
vt 0.417045 0.453288
vt 0.417045 0.470052
vt 0.417045 0.488770
vt 0.375000 0.484375
vt 0.375000 0.468750
vt 0.385265 0.656153
vt 0.392824 0.656112
vt 0.392730 0.686411
vt 0.384971 0.686779
vt 0.403258 0.656090
vt 0.403246 0.686225
vt 0.392513 0.714976
vt 0.384254 0.716228
vt 0.403219 0.714433
vt 0.380118 0.656147
vt 0.417046 0.656087
vt 0.417046 0.686198
vt 0.417046 0.714356
vt 0.378001 0.716753
vt 0.379555 0.686807
vt 0.383111 0.828125
vt 0.392161 0.828125
vt 0.391974 0.843750
vt 0.383088 0.843750
vt 0.403102 0.828125
vt 0.402566 0.843750
vt 0.391522 0.859375
vt 0.383031 0.859375
vt 0.401157 0.859375
vt 0.375000 0.828125
vt 0.398864 0.875000
vt 0.390909 0.875000
vt 0.382955 0.875000
vt 0.375000 0.859375
vt 0.375000 0.875000
vt 0.375000 0.843750
vt 0.533487 0.453284
vt 0.533487 0.470025
vt 0.563163 0.453261
vt 0.563136 0.488146
vt 0.593833 0.469374
vt 0.593833 0.453203
vt 0.593775 0.486711
vt 0.505303 0.453288
vt 0.505303 0.488770
vt 0.505303 0.510417
vt 0.533460 0.510308
vt 0.562946 0.509549
vt 0.593182 0.507284
vt 0.593833 0.437500
vt 0.533328 0.656091
vt 0.533352 0.686225
vt 0.562078 0.686415
vt 0.533406 0.714433
vt 0.562512 0.714979
vt 0.589516 0.656169
vt 0.591439 0.716356
vt 0.505303 0.656087
vt 0.533325 0.625000
vt 0.533460 0.739692
vt 0.562946 0.740451
vt 0.593182 0.742716
vt 0.615451 0.687283
vt 0.614692 0.656223
vt 0.589438 0.625000
vt 0.323199 0.649304
vt 0.333343 0.672140
vt 0.333368 0.649336
vt 0.323322 0.692551
vt 0.333336 0.691972
vt 0.342261 0.671937
vt 0.342480 0.649439
vt 0.341813 0.690740
vt 0.312500 0.625000
vt 0.312500 0.649299
vt 0.323195 0.625000
vt 0.312500 0.672282
vt 0.312500 0.709036
vt 0.323538 0.708874
vt 0.333622 0.707743
vt 0.348391 0.690321
vt 0.349559 0.672219
vt 0.342512 0.625000
vt 0.350098 0.625000
vt 0.563052 0.843750
vt 0.563149 0.828125
vt 0.562818 0.859375
vt 0.593790 0.859375
vt 0.505248 0.828125
vt 0.533487 0.812500
vt 0.504861 0.843750
vt 0.593833 0.812500
vt 0.718750 0.687500
vt 0.703125 0.718750
vt 0.718750 0.718750
vt 0.734375 0.656250
vt 0.734375 0.718750
vt 0.703125 0.625000
vt 0.734375 0.625000
vt 0.434433 0.828125
vt 0.433885 0.843750
vt 0.455310 0.828125
vt 0.478757 0.843750
vt 0.479059 0.828125
vt 0.477971 0.859375
vt 0.416939 0.828125
vt 0.434511 0.812500
vt 0.434511 0.656087
vt 0.434511 0.686198
vt 0.455350 0.686198
vt 0.455350 0.656087
vt 0.434511 0.714355
vt 0.455350 0.714356
vt 0.479102 0.656087
vt 0.417046 0.625000
vt 0.417046 0.656087
vt 0.434511 0.625000
vt 0.417045 0.686198
vt 0.417046 0.714356
vt 0.417046 0.739583
vt 0.505303 0.714356
vt 0.479102 0.625000
vt 0.505303 0.625000
vt 0.434511 0.453288
vt 0.434511 0.470052
vt 0.455350 0.453288
vt 0.434511 0.488770
vt 0.455350 0.488770
vt 0.479102 0.470052
vt 0.479102 0.453288
vt 0.479102 0.488770
vt 0.417045 0.437500
vt 0.417045 0.453288
vt 0.417045 0.470052
vt 0.417045 0.488770
vt 0.455350 0.510417
vt 0.479102 0.510417
vt 0.505303 0.488770
vt 0.479102 0.437500
vt 0.505303 0.437500
vt 0.455350 0.437500
vt 0.373844 0.594461
vt 0.374991 0.594217
vt 0.372728 0.565782
vt 0.376878 0.594008
vt 0.376035 0.563987
vt 0.373615 0.536298
vt 0.372992 0.625038
vt 0.374018 0.625035
vt 0.372818 0.594794
vt 0.377005 0.625018
vt 0.380193 0.625010
vt 0.380108 0.593875
vt 0.377985 0.533271
vt 0.367875 0.514804
vt 0.365125 0.519681
vt 0.368709 0.541956
vt 0.362882 0.523166
vt 0.371706 0.566466
vt 0.327795 0.748383
vt 0.327935 0.749170
vt 0.342037 0.746216
vt 0.328038 0.749657
vt 0.343066 0.748585
vt 0.355334 0.741966
vt 0.354410 0.740193
vt 0.356970 0.745167
vt 0.327566 0.747083
vt 0.312613 0.749356
vt 0.367917 0.735266
vt 0.363894 0.728315
vt 0.341564 0.744896
vt 0.297545 0.502049
vt 0.282869 0.503189
vt 0.283427 0.504450
vt 0.270138 0.508652
vt 0.271201 0.510629
vt 0.312637 0.502890
vt 0.297805 0.503389
vt 0.312550 0.500294
vt 0.257688 0.515038
vt 0.260456 0.520203
vt 0.262807 0.523929
vt 0.283944 0.505832
vt 0.252004 0.655299
vt 0.253086 0.683748
vt 0.250578 0.655923
vt 0.251115 0.685930
vt 0.254783 0.710255
vt 0.256036 0.708470
vt 0.252868 0.625000
vt 0.251850 0.625000
vt 0.253024 0.654943
vt 0.250502 0.625000
vt 0.261849 0.727479
vt 0.257061 0.707361
vt 0.262807 0.726104
vt 0.269321 0.650275
vt 0.265256 0.651000
vt 0.270004 0.673453
vt 0.262296 0.651777
vt 0.263210 0.676844
vt 0.268349 0.695805
vt 0.271856 0.692588
vt 0.265690 0.698498
vt 0.274902 0.625000
vt 0.269223 0.625000
vt 0.259967 0.652546
vt 0.260927 0.678358
vt 0.263533 0.700704
vt 0.270526 0.715076
vt 0.272804 0.711416
vt 0.276609 0.690321
vt 0.275441 0.672219
vt 0.301076 0.529615
vt 0.300574 0.522063
vt 0.289468 0.523893
vt 0.290573 0.531172
vt 0.300027 0.517190
vt 0.288341 0.519177
vt 0.281857 0.535368
vt 0.278248 0.524528
vt 0.312501 0.529392
vt 0.301463 0.541126
vt 0.312515 0.516891
vt 0.312534 0.513386
vt 0.270527 0.534927
vt 0.272804 0.538585
vt 0.275550 0.543583
vt 0.283183 0.545056
vt 0.278081 0.548560
vt 0.323925 0.720387
vt 0.324438 0.727952
vt 0.335548 0.726129
vt 0.334429 0.718831
vt 0.336712 0.730900
vt 0.345037 0.721167
vt 0.343146 0.714636
vt 0.312501 0.720609
vt 0.312517 0.733127
vt 0.325609 0.736396
vt 0.337861 0.734371
vt 0.354558 0.715173
vt 0.352221 0.711444
vt 0.349453 0.706421
vt 0.355683 0.599724
vt 0.359770 0.598992
vt 0.355000 0.576545
vt 0.362792 0.598195
vt 0.361876 0.573102
vt 0.356676 0.554174
vt 0.353147 0.557409
vt 0.359391 0.551430
vt 0.355780 0.625000
vt 0.362925 0.625004
vt 0.365385 0.625010
vt 0.352218 0.538561
vt 0.348391 0.559679
vt 0.349559 0.577781
vt 0.255996 0.653917
vt 0.257028 0.681025
vt 0.254361 0.654481
vt 0.259831 0.704516
vt 0.261588 0.702704
vt 0.258308 0.706085
vt 0.257737 0.625000
vt 0.259967 0.652546
vt 0.255848 0.625000
vt 0.254209 0.625000
vt 0.253023 0.654942
vt 0.254111 0.683018
vt 0.262807 0.726104
vt 0.265290 0.722580
vt 0.266864 0.720329
vt 0.260927 0.678358
vt 0.298979 0.510619
vt 0.298526 0.507776
vt 0.285367 0.510077
vt 0.286268 0.512814
vt 0.298132 0.505323
vt 0.273996 0.516035
vt 0.275280 0.518582
vt 0.312534 0.513386
vt 0.299484 0.513722
vt 0.312599 0.507339
vt 0.297805 0.503389
vt 0.283944 0.505832
vt 0.262807 0.523928
vt 0.266864 0.529687
vt 0.268608 0.532160
vt 0.326196 0.739604
vt 0.326741 0.742563
vt 0.339998 0.740446
vt 0.338972 0.737530
vt 0.340881 0.742956
vt 0.350035 0.731843
vt 0.312541 0.736656
vt 0.312578 0.739845
vt 0.325609 0.736396
vt 0.312618 0.742782
vt 0.341564 0.744896
vt 0.353694 0.738835
vt 0.348465 0.728844
vt 0.356591 0.718077
vt 0.337861 0.734371
vt 0.367518 0.596609
vt 0.369609 0.595894
vt 0.368558 0.568605
vt 0.366508 0.569997
vt 0.371411 0.595277
vt 0.370326 0.567404
vt 0.365722 0.544994
vt 0.363776 0.546973
vt 0.367399 0.543288
vt 0.365385 0.625009
vt 0.365243 0.597388
vt 0.369770 0.625027
vt 0.371580 0.625035
vt 0.372992 0.625038
vt 0.371706 0.566466
vt 0.361707 0.524800
vt 0.361659 0.549126
vt 0.364277 0.571513
vt 0.273996 0.734010
vt 0.285369 0.739994
vt 0.286269 0.737233
vt 0.298535 0.742322
vt 0.298143 0.744802
vt 0.276701 0.728634
vt 0.297817 0.746747
vt 0.287267 0.734213
vt 0.349987 0.518252
vt 0.338935 0.512566
vt 0.340809 0.507231
vt 0.326703 0.507575
vt 0.348440 0.521207
vt 0.353594 0.511366
vt 0.341486 0.505308
vt 0.327514 0.503109
vt 0.337841 0.515680
vt 0.279984 0.721141
vt 0.289468 0.726110
vt 0.290573 0.718829
vt 0.278248 0.725479
vt 0.288342 0.730834
vt 0.300574 0.727941
vt 0.301076 0.720385
vt 0.300029 0.732824
vt 0.283183 0.704944
vt 0.299487 0.736312
vt 0.291378 0.707743
vt 0.343145 0.535365
vt 0.334429 0.531170
vt 0.346811 0.524454
vt 0.336704 0.519122
vt 0.324436 0.522054
vt 0.323925 0.529614
vt 0.325006 0.517161
vt 0.341817 0.545056
vt 0.348440 0.521207
vt 0.337841 0.515680
vt 0.325596 0.513652
vt 0.323538 0.541126
vt 0.333622 0.542257
vt 0.354317 0.509991
vt 0.342426 0.502828
vt 0.356933 0.504907
vt 0.327900 0.500962
vt 0.327747 0.501793
vt 0.328019 0.500414
vt 0.353594 0.511366
vt 0.341486 0.505308
vt 0.271201 0.739429
vt 0.270138 0.741391
vt 0.282871 0.746879
vt 0.282122 0.748354
vt 0.297328 0.748939
vt 0.297555 0.748076
vt 0.297103 0.749534
vt 0.271972 0.737999
vt 0.297817 0.746747
vt 0.432447 0.390625
vt 0.433885 0.406250
vt 0.455027 0.406250
vt 0.454339 0.390625
vt 0.434433 0.421875
vt 0.478757 0.406250
vt 0.477971 0.390625
vt 0.479059 0.421875
vt 0.413956 0.390625
vt 0.416193 0.406250
vt 0.455350 0.437500
vt 0.479102 0.437500
vt 0.505248 0.421875
vt 0.504861 0.406250
vt 0.503701 0.390625
vt 0.434511 0.761231
vt 0.455350 0.761230
vt 0.434511 0.796712
vt 0.455350 0.796712
vt 0.479102 0.779948
vt 0.479102 0.761231
vt 0.417045 0.761230
vt 0.417045 0.779948
vt 0.417046 0.796712
vt 0.434511 0.812500
vt 0.505303 0.812500
vt 0.505303 0.761230
vt 0.636854 0.687473
vt 0.638289 0.718692
vt 0.655626 0.718750
vt 0.671716 0.656250
vt 0.671797 0.718750
vt 0.636231 0.625000
vt 0.671712 0.625000
vt 0.533484 0.761308
vt 0.533487 0.779975
vt 0.533487 0.796716
vt 0.593833 0.780626
vt 0.505303 0.796712
vt 0.282520 0.649439
vt 0.282739 0.671937
vt 0.291657 0.672140
vt 0.283187 0.690740
vt 0.291664 0.691972
vt 0.301770 0.672265
vt 0.301801 0.649304
vt 0.274970 0.649724
vt 0.276609 0.690321
vt 0.301805 0.625000
vt 0.291629 0.625000
vt 0.532439 0.390625
vt 0.533170 0.406250
vt 0.563052 0.406250
vt 0.562818 0.390625
vt 0.533448 0.421875
vt 0.563149 0.421875
vt 0.593819 0.406250
vt 0.282739 0.578063
vt 0.291664 0.558028
vt 0.282520 0.600562
vt 0.301678 0.557449
vt 0.301801 0.600696
vt 0.276609 0.559679
vt 0.275441 0.577781
vt 0.274970 0.600276
vt 0.312500 0.577718
vt 0.312500 0.557367
vt 0.301463 0.541126
vt 0.291378 0.542257
vt 0.638289 0.531308
vt 0.636854 0.562527
vt 0.655626 0.531250
vt 0.636308 0.593753
vt 0.654975 0.593750
vt 0.671739 0.562500
vt 0.671716 0.593750
vt 0.615452 0.562717
vt 0.614692 0.593777
vt 0.687500 0.593750
vt 0.365794 0.705117
vt 0.368612 0.681481
vt 0.366543 0.680058
vt 0.369638 0.654170
vt 0.368809 0.708198
vt 0.371781 0.683652
vt 0.372858 0.655295
vt 0.364296 0.678517
vt 0.261588 0.547302
vt 0.259831 0.545494
vt 0.257028 0.568978
vt 0.258878 0.570243
vt 0.258308 0.543927
vt 0.255424 0.567881
vt 0.255996 0.596084
vt 0.257880 0.596734
vt 0.254361 0.595519
vt 0.263533 0.549300
vt 0.254111 0.566986
vt 0.260927 0.571643
vt 0.353147 0.692591
vt 0.356679 0.695831
vt 0.359772 0.651011
vt 0.362797 0.651814
vt 0.364296 0.678517
vt 0.365254 0.652634
vt 0.271856 0.557412
vt 0.268349 0.554196
vt 0.270004 0.576547
vt 0.263210 0.573157
vt 0.263533 0.549300
vt 0.259967 0.597454
vt 0.274970 0.600276
vt 0.256036 0.541543
vt 0.254783 0.539755
vt 0.252152 0.565376
vt 0.253086 0.566256
vt 0.252004 0.594701
vt 0.250578 0.594077
vt 0.257061 0.542653
vt 0.253024 0.595058
vt 0.369800 0.709235
vt 0.371140 0.710827
vt 0.374003 0.685058
vt 0.372797 0.684327
vt 0.373656 0.713766
vt 0.375020 0.655847
vt 0.376896 0.656033
vt 0.368809 0.708198
vt 0.379555 0.686807
vt 0.380118 0.656147
vt 0.371781 0.683652
vt 0.455350 0.563802
vt 0.455350 0.535645
vt 0.434511 0.593913
vt 0.455350 0.593913
vt 0.479102 0.535645
vt 0.417045 0.535645
vt 0.417045 0.563802
vt 0.703125 0.562500
vt 0.718750 0.562500
vt 0.703125 0.593750
vt 0.718750 0.593750
vt 0.734375 0.562500
vt 0.734375 0.531250
vt 0.734375 0.593750
vt 0.323322 0.557449
vt 0.323230 0.577735
vt 0.333343 0.577860
vt 0.323199 0.600696
vt 0.333368 0.600664
vt 0.342261 0.578063
vt 0.341813 0.559260
vt 0.342480 0.600561
vt 0.323538 0.541126
vt 0.350030 0.600276
vt 0.333622 0.542257
vt 0.533406 0.535567
vt 0.533352 0.563775
vt 0.562078 0.563585
vt 0.562512 0.535021
vt 0.533328 0.593909
vt 0.561888 0.593886
vt 0.590062 0.563151
vt 0.591439 0.533644
vt 0.589516 0.593831
vt 0.505303 0.535645
vt 0.505303 0.593913
vt 0.384249 0.533779
vt 0.384965 0.563230
vt 0.392728 0.563592
vt 0.392512 0.535026
vt 0.385261 0.593856
vt 0.392823 0.593891
vt 0.403219 0.535567
vt 0.377985 0.533271
vt 0.383425 0.507316
vt 0.380193 0.625010
vt 0.385305 0.625004
vt 0.392837 0.625001
vt 0.403259 0.625000
vt 0.417046 0.593913
vt 0.417046 0.535645
vt 0.417045 0.510417
vt 0.392296 0.509550
vt 0.383143 0.763288
vt 0.383114 0.780626
vt 0.392201 0.761854
vt 0.383114 0.796797
vt 0.392188 0.796739
vt 0.403178 0.779975
vt 0.403180 0.761308
vt 0.403178 0.796716
vt 0.383426 0.742686
vt 0.383114 0.812500
vt 0.403178 0.812500
vt 0.417046 0.796712
vt 0.392296 0.740450
vt 0.383031 0.390625
vt 0.383088 0.406250
vt 0.391974 0.406250
vt 0.391522 0.390625
vt 0.383111 0.421875
vt 0.402566 0.406250
vt 0.401157 0.390625
vt 0.403102 0.421875
vt 0.383114 0.437500
vt 0.383114 0.453203
vt 0.383114 0.469374
vt 0.392188 0.469835
vt 0.392188 0.453261
vt 0.383143 0.486712
vt 0.392201 0.488146
vt 0.403178 0.453284
vt 0.417046 0.488770
vt 0.417046 0.453288
vt 0.385265 0.656153
vt 0.392824 0.656112
vt 0.384254 0.716228
vt 0.392513 0.714976
vt 0.403246 0.686225
vt 0.403258 0.656090
vt 0.403219 0.714433
vt 0.378001 0.716753
vt 0.383111 0.828125
vt 0.392161 0.828125
vt 0.383031 0.859375
vt 0.391522 0.859375
vt 0.403102 0.828125
s 1
usemtl Material.002
f 703/1/703 704/2/704 707/3/707 706/4/706
f 704/2/704 705/5/705 708/6/708 707/3/707
f 706/4/706 707/3/707 710/7/710 709/8/709
f 707/3/707 708/6/708 711/9/711 710/7/710
f 30/10/30 303/11/303 703/1/703 157/12/157
f 303/11/303 302/13/302 704/2/704 703/1/703
f 302/13/302 301/14/301 705/5/705 704/2/704
f 301/14/301 25/15/25 103/16/103 705/5/705
f 705/5/705 103/16/103 104/17/104 708/6/708
f 708/6/708 104/17/104 105/18/105 711/9/711
f 711/9/711 105/18/105 4/19/4 139/20/139
f 710/7/710 711/9/711 139/20/139 140/21/140
f 709/8/709 710/7/710 140/21/140 141/22/141
f 159/23/159 709/8/709 141/22/141 9/24/9
f 158/25/158 706/4/706 709/8/709 159/23/159
f 157/12/157 703/1/703 706/4/706 158/25/158
f 712/26/712 713/27/713 716/28/716 715/29/715
f 713/27/713 714/30/714 717/31/717 716/28/716
f 715/29/715 716/28/716 719/32/719 718/33/718
f 716/28/716 717/31/717 720/34/720 719/32/719
f 41/35/41 378/36/378 712/26/712 154/37/154
f 378/36/378 377/38/377 713/27/713 712/26/712
f 377/38/377 376/39/376 714/30/714 713/27/713
f 376/39/376 38/40/38 112/41/112 714/30/714
f 714/30/714 112/41/112 113/42/113 717/31/717
f 717/31/717 113/42/113 114/43/114 720/34/720
f 720/34/720 114/43/114 2/44/2 142/45/142
f 719/32/719 720/34/720 142/45/142 143/46/143
f 718/33/718 719/32/719 143/46/143 144/47/144
f 156/48/156 718/33/718 144/47/144 10/49/10
f 155/50/155 715/29/715 718/33/718 156/48/156
f 154/37/154 712/26/712 715/29/715 155/50/155
f 721/51/721 722/52/722 725/53/725 724/54/724
f 722/52/722 723/55/723 726/56/726 725/53/725
f 724/54/724 725/53/725 728/57/728 727/58/727
f 725/53/725 726/56/726 729/59/729 728/57/728
f 49/60/49 375/61/375 721/51/721 298/62/298
f 375/61/375 374/63/374 722/52/722 721/51/721
f 374/63/374 373/64/373 723/55/723 722/52/722
f 373/64/373 42/65/42 321/66/321 723/55/723
f 723/55/723 321/66/321 320/67/320 726/56/726
f 726/56/726 320/67/320 319/68/319 729/59/729
f 729/59/729 319/68/319 1/69/1 165/70/165
f 728/57/728 729/59/729 165/70/165 164/71/164
f 727/58/727 728/57/728 164/71/164 163/72/163
f 300/73/300 727/58/727 163/72/163 31/74/31
f 299/75/299 724/54/724 727/58/727 300/73/300
f 298/62/298 721/51/721 724/54/724 299/75/299
f 730/76/730 731/77/731 734/78/734 733/79/733
f 731/77/731 732/80/732 735/81/735 734/78/734
f 733/79/733 734/78/734 737/82/737 736/83/736
f 734/78/734 735/81/735 738/84/738 737/82/737
f 29/85/29 297/86/297 730/76/730 151/87/151
f 297/86/297 296/88/296 731/77/731 730/76/730
f 296/88/296 295/89/295 732/80/732 731/77/731
f 295/89/295 28/90/28 124/91/124 732/80/732
f 732/80/732 124/91/124 125/92/125 735/81/735
f 735/81/735 125/92/125 126/93/126 738/84/738
f 738/84/738 126/93/126 8/94/8 145/95/145
f 737/82/737 738/84/738 145/95/145 146/96/146
f 736/83/736 737/82/737 146/96/146 147/97/147
f 153/98/153 736/83/736 147/97/147 11/99/11
f 152/100/152 733/79/733 736/83/736 153/98/153
f 151/87/151 730/76/730 733/79/733 152/100/152
f 739/101/739 740/102/740 743/103/743 742/104/742
f 740/102/740 741/105/741 744/106/744 743/103/743
f 742/104/742 743/103/743 746/107/746 745/108/745
f 743/103/743 744/106/744 747/109/747 746/107/746
f 48/110/48 372/111/372 739/101/739 292/112/292
f 372/111/372 371/113/371 740/102/740 739/101/739
f 371/113/371 370/114/370 741/105/741 740/102/740
f 370/114/370 39/115/39 130/116/130 741/105/741
f 741/105/741 130/116/130 131/117/131 744/106/744
f 744/106/744 131/117/131 132/118/132 747/109/747
f 747/109/747 132/118/132 8/119/8 126/120/126
f 746/107/746 747/109/747 126/120/126 125/121/125
f 745/108/745 746/107/746 125/121/125 124/122/124
f 294/123/294 745/108/745 124/122/124 28/124/28
f 293/125/293 742/104/742 745/108/745 294/123/294
f 292/112/292 739/101/739 742/104/742 293/125/293
f 748/126/748 749/127/749 752/128/752 751/129/751
f 749/127/749 750/130/750 753/131/753 752/128/752
f 751/129/751 752/128/752 755/132/755 754/133/754
f 752/128/752 753/131/753 756/134/756 755/132/755
f 55/135/55 396/136/396 748/126/748 415/137/415
f 396/136/396 395/138/395 749/127/749 748/126/748
f 395/138/395 394/139/394 750/130/750 749/127/749
f 394/139/394 29/85/29 151/87/151 750/130/750
f 750/130/750 151/87/151 152/100/152 753/131/753
f 753/131/753 152/100/152 153/98/153 756/134/756
f 756/134/756 153/98/153 11/99/11 385/140/385
f 755/132/755 756/134/756 385/140/385 386/141/386
f 754/133/754 755/132/755 386/141/386 387/142/387
f 417/143/417 754/133/754 387/142/387 52/144/52
f 416/145/416 751/129/751 754/133/754 417/143/417
f 415/137/415 748/126/748 751/129/751 416/145/416
f 757/146/757 758/147/758 761/148/761 760/149/760
f 758/147/758 759/150/759 762/151/762 761/148/761
f 760/149/760 761/148/761 764/152/764 763/153/763
f 761/148/761 762/151/762 765/154/765 764/152/764
f 56/155/56 399/156/399 757/146/757 412/157/412
f 399/156/399 398/158/398 758/147/758 757/146/757
f 398/158/398 397/159/397 759/150/759 758/147/758
f 397/159/397 41/160/41 154/161/154 759/150/759
f 759/150/759 154/161/154 155/162/155 762/151/762
f 762/151/762 155/162/155 156/163/156 765/154/765
f 765/154/765 156/163/156 10/164/10 382/165/382
f 764/152/764 765/154/765 382/165/382 383/166/383
f 763/153/763 764/152/764 383/166/383 384/167/384
f 414/168/414 763/153/763 384/167/384 51/169/51
f 413/170/413 760/149/760 763/153/763 414/168/414
f 412/157/412 757/146/757 760/149/760 413/170/413
f 766/171/766 767/172/767 770/173/770 769/174/769
f 767/172/767 768/175/768 771/176/771 770/173/770
f 769/174/769 770/173/770 773/177/773 772/178/772
f 770/173/770 771/176/771 774/179/774 773/177/773
f 54/180/54 393/181/393 766/171/766 409/182/409
f 393/181/393 392/183/392 767/172/767 766/171/766
f 392/183/392 391/184/391 768/175/768 767/172/767
f 391/184/391 30/185/30 157/12/157 768/175/768
f 768/175/768 157/12/157 158/186/158 771/176/771
f 771/176/771 158/186/158 159/187/159 774/179/774
f 774/179/774 159/187/159 9/188/9 379/189/379
f 773/177/773 774/179/774 379/189/379 380/190/380
f 772/178/772 773/177/773 380/190/380 381/191/381
f 411/192/411 772/178/772 381/191/381 50/193/50
f 410/194/410 769/174/769 772/178/772 411/192/411
f 409/182/409 766/171/766 769/174/769 410/194/410
f 775/195/775 776/196/776 779/197/779 778/198/778
f 776/196/776 777/199/777 780/200/780 779/197/779
f 778/198/778 779/197/779 782/201/782 781/202/781
f 779/197/779 780/200/780 783/203/783 782/201/782
f 47/204/47 336/205/336 775/195/775 364/206/364
f 336/205/336 335/207/335 776/196/776 775/195/775
f 335/207/335 334/208/334 777/199/777 776/196/776
f 334/208/334 21/209/21 175/210/175 777/199/777
f 777/199/777 175/210/175 176/211/176 780/200/780
f 780/200/780 176/211/176 177/212/177 783/203/783
f 783/203/783 177/212/177 14/213/14 111/214/111
f 782/201/782 783/203/783 111/214/111 110/215/110
f 781/202/781 782/201/782 110/215/110 109/216/109
f 366/217/366 781/202/781 109/216/109 37/218/37
f 365/219/365 778/198/778 781/202/781 366/217/366
f 364/206/364 775/195/775 778/198/778 365/219/365
f 784/220/784 785/221/785 788/222/788 787/223/787
f 785/221/785 786/224/786 789/225/789 788/222/788
f 787/223/787 788/222/788 791/226/791 790/227/790
f 788/222/788 789/225/789 792/228/792 791/226/791
f 36/229/36 267/230/267 784/220/784 283/231/283
f 267/230/267 266/232/266 785/221/785 784/220/784
f 266/232/266 265/233/265 786/224/786 785/221/785
f 265/233/265 23/234/23 216/235/216 786/224/786
f 786/224/786 216/235/216 215/236/215 789/225/789
f 789/225/789 215/236/215 214/237/214 792/228/792
f 792/228/792 214/237/214 13/238/13 120/239/120
f 791/226/791 792/228/792 120/239/120 119/240/119
f 790/227/790 791/226/791 119/240/119 118/241/118
f 285/242/285 790/227/790 118/241/118 26/243/26
f 284/244/284 787/223/787 790/227/790 285/242/285
f 283/231/283 784/220/784 787/223/787 284/244/284
f 793/245/793 794/246/794 797/247/797 796/248/796
f 794/246/794 795/249/795 798/250/798 797/247/797
f 796/248/796 797/247/797 800/251/800 799/252/799
f 797/247/797 798/250/798 801/253/801 800/251/800
f 35/254/35 264/255/264 793/245/793 280/256/280
f 264/255/264 263/257/263 794/246/794 793/245/793
f 263/257/263 262/258/262 795/249/795 794/246/794
f 262/258/262 22/259/22 181/260/181 795/249/795
f 795/249/795 181/260/181 182/261/182 798/250/798
f 798/250/798 182/261/182 183/262/183 801/253/801
f 801/253/801 183/262/183 5/263/5 123/264/123
f 800/251/800 801/253/801 123/264/123 122/265/122
f 799/252/799 800/251/800 122/265/122 121/266/121
f 282/267/282 799/252/799 121/266/121 27/268/27
f 281/269/281 796/248/796 799/252/799 282/267/282
f 280/256/280 793/245/793 796/248/796 281/269/281
f 802/270/802 803/271/803 806/272/806 805/273/805
f 803/271/803 804/274/804 807/275/807 806/272/806
f 805/273/805 806/272/806 809/276/809 808/277/808
f 806/272/806 807/275/807 810/278/810 809/276/809
f 46/279/46 333/280/333 802/270/802 361/281/361
f 333/280/333 332/282/332 803/271/803 802/270/802
f 332/282/332 331/283/331 804/274/804 803/271/803
f 331/283/331 24/284/24 219/285/219 804/274/804
f 804/274/804 219/285/219 218/286/218 807/275/807
f 807/275/807 218/286/218 217/287/217 810/278/810
f 810/278/810 217/287/217 7/288/7 171/289/171
f 809/276/809 810/278/810 171/289/171 170/290/170
f 808/277/808 809/276/809 170/290/170 169/291/169
f 363/292/363 808/277/808 169/291/169 43/293/43
f 362/294/362 805/273/805 808/277/808 363/292/363
f 361/281/361 802/270/802 805/273/805 362/294/362
f 811/295/811 812/296/812 815/297/815 814/298/814
f 812/296/812 813/299/813 816/300/816 815/297/815
f 814/298/814 815/297/815 818/301/818 817/302/817
f 815/297/815 816/300/816 819/303/819 818/301/818
f 40/304/40 136/305/136 811/295/811 358/306/358
f 136/305/136 137/307/137 812/296/812 811/295/811
f 137/307/137 138/308/138 813/299/813 812/296/812
f 138/308/138 15/309/15 180/310/180 813/299/813
f 813/299/813 180/310/180 179/311/179 816/300/816
f 816/300/816 179/311/179 178/312/178 819/303/819
f 819/303/819 178/312/178 19/313/19 325/314/325
f 818/301/818 819/303/819 325/314/325 326/315/326
f 817/302/817 818/301/818 326/315/326 327/316/327
f 360/317/360 817/302/817 327/316/327 44/318/44
f 359/319/359 814/298/814 817/302/817 360/317/360
f 358/306/358 811/295/811 814/298/814 359/319/359
f 820/320/820 821/321/821 824/322/824 823/323/823
f 821/321/821 822/324/822 825/325/825 824/322/824
f 823/323/823 824/322/824 827/326/827 826/327/826
f 824/322/824 825/325/825 828/328/828 827/326/827
f 32/329/32 166/330/166 820/320/820 277/331/277
f 166/330/166 167/332/167 821/321/821 820/320/820
f 167/332/167 168/333/168 822/324/822 821/321/821
f 168/333/168 16/334/16 193/335/193 822/324/822
f 822/324/822 193/335/193 194/336/194 825/325/825
f 825/325/825 194/336/194 195/337/195 828/328/828
f 828/328/828 195/337/195 20/338/20 256/339/256
f 827/326/827 828/328/828 256/339/256 257/340/257
f 826/327/826 827/326/827 257/340/257 258/341/258
f 279/342/279 826/327/826 258/341/258 33/343/33
f 278/344/278 823/323/823 826/327/826 279/342/279
f 277/331/277 820/320/820 823/323/823 278/344/278
f 829/345/829 830/346/830 833/347/833 832/348/832
f 830/346/830 831/349/831 834/350/834 833/347/833
f 832/348/832 833/347/833 836/351/836 835/352/835
f 833/347/833 834/350/834 837/353/837 836/351/836
f 31/74/31 163/72/163 829/345/829 274/354/274
f 163/72/163 164/71/164 830/346/830 829/345/829
f 164/71/164 165/70/165 831/349/831 830/346/830
f 165/70/165 1/69/1 174/355/174 831/349/831
f 831/349/831 174/355/174 173/356/173 834/350/834
f 834/350/834 173/356/173 172/357/172 837/353/837
f 837/353/837 172/357/172 17/358/17 259/359/259
f 836/351/836 837/353/837 259/359/259 260/360/260
f 835/352/835 836/351/836 260/360/260 261/361/261
f 276/362/276 835/352/835 261/361/261 34/363/34
f 275/364/275 832/348/832 835/352/835 276/362/276
f 274/354/274 829/345/829 832/348/832 275/364/275
f 838/365/838 839/366/839 842/367/842 841/368/841
f 839/366/839 840/369/840 843/370/843 842/367/842
f 841/368/841 842/367/842 845/371/845 844/372/844
f 842/367/842 843/370/843 846/373/846 845/371/845
f 42/65/42 160/374/160 838/365/838 355/375/355
f 160/374/160 161/376/161 839/366/839 838/365/838
f 161/376/161 162/377/162 840/369/840 839/366/839
f 162/377/162 3/378/3 187/379/187 840/369/840
f 840/369/840 187/379/187 188/380/188 843/370/843
f 843/370/843 188/380/188 189/381/189 846/373/846
f 846/373/846 189/381/189 18/382/18 328/383/328
f 845/371/845 846/373/846 328/383/328 329/384/329
f 844/372/844 845/371/845 329/384/329 330/385/330
f 357/386/357 844/372/844 330/385/330 45/387/45
f 356/388/356 841/368/841 844/372/844 357/386/357
f 355/375/355 838/365/838 841/368/841 356/388/356
f 847/389/847 848/390/848 851/391/851 850/392/850
f 848/390/848 849/393/849 852/394/852 851/391/851
f 850/392/850 851/391/851 854/395/854 853/396/853
f 851/391/851 852/394/852 855/397/855 854/395/854
f 44/398/44 327/399/327 847/389/847 352/400/352
f 327/399/327 326/401/326 848/390/848 847/389/847
f 326/401/326 325/314/325 849/393/849 848/390/848
f 325/314/325 19/313/19 192/402/192 849/393/849
f 849/393/849 192/402/192 191/403/191 852/394/852
f 852/394/852 191/403/191 190/404/190 855/397/855
f 855/397/855 190/404/190 24/405/24 331/406/331
f 854/395/854 855/397/855 331/406/331 332/407/332
f 853/396/853 854/395/854 332/407/332 333/408/333
f 354/409/354 853/396/853 333/408/333 46/279/46
f 353/410/353 850/392/850 853/396/853 354/409/354
f 352/400/352 847/389/847 850/392/850 353/410/353
f 856/411/856 857/412/857 860/413/860 859/414/859
f 857/412/857 858/415/858 861/416/861 860/413/860
f 859/414/859 860/413/860 863/417/863 862/418/862
f 860/413/860 861/416/861 864/419/864 863/417/863
f 33/420/33 258/421/258 856/411/856 271/422/271
f 258/421/258 257/423/257 857/412/857 856/411/856
f 257/423/257 256/424/256 858/415/858 857/412/857
f 256/424/256 20/425/20 211/426/211 858/415/858
f 858/415/858 211/426/211 212/427/212 861/416/861
f 861/416/861 212/427/212 213/428/213 864/419/864
f 864/419/864 213/428/213 22/259/22 262/429/262
f 863/417/863 864/419/864 262/429/262 263/257/263
f 862/418/862 863/417/863 263/257/263 264/430/264
f 273/431/273 862/418/862 264/430/264 35/432/35
f 272/433/272 859/414/859 862/418/862 273/431/273
f 271/422/271 856/411/856 859/414/859 272/433/272
f 865/434/865 866/435/866 869/436/869 868/437/868
f 866/435/866 867/438/867 870/439/870 869/436/869
f 868/437/868 869/436/869 872/440/872 871/441/871
f 869/436/869 870/439/870 873/442/873 872/440/872
f 34/443/34 261/444/261 865/434/865 268/445/268
f 261/444/261 260/446/260 866/435/866 865/434/865
f 260/446/260 259/447/259 867/438/867 866/435/866
f 259/447/259 17/448/17 186/449/186 867/438/867
f 867/438/867 186/449/186 185/450/185 870/439/870
f 870/439/870 185/450/185 184/451/184 873/442/873
f 873/442/873 184/451/184 23/452/23 265/453/265
f 872/440/872 873/442/873 265/453/265 266/454/266
f 871/441/871 872/440/872 266/454/266 267/455/267
f 270/456/270 871/441/871 267/455/267 36/457/36
f 269/458/269 868/437/868 871/441/871 270/456/270
f 268/445/268 865/434/865 868/437/868 269/458/269
f 874/459/874 875/460/875 878/461/878 877/462/877
f 875/460/875 876/463/876 879/464/879 878/461/878
f 877/462/877 878/461/878 881/465/881 880/466/880
f 878/461/878 879/464/879 882/467/882 881/465/881
f 45/468/45 330/469/330 874/459/874 349/470/349
f 330/469/330 329/471/329 875/460/875 874/459/874
f 329/471/329 328/472/328 876/463/876 875/460/875
f 328/472/328 18/473/18 208/474/208 876/463/876
f 876/463/876 208/474/208 209/475/209 879/464/879
f 879/464/879 209/475/209 210/476/210 882/467/882
f 882/467/882 210/476/210 21/477/21 334/478/334
f 881/465/881 882/467/882 334/478/334 335/207/335
f 880/466/880 881/465/881 335/207/335 336/479/336
f 351/480/351 880/466/880 336/479/336 47/481/47
f 350/482/350 877/462/877 880/466/880 351/480/351
f 349/470/349 874/459/874 877/462/877 350/482/350
f 883/483/883 884/484/884 887/485/887 886/486/886
f 884/484/884 885/487/885 888/488/888 887/485/887
f 886/486/886 887/485/887 890/489/890 889/490/889
f 887/485/887 888/488/888 891/491/891 890/489/890
f 19/313/19 204/492/204 883/483/883 192/402/192
f 204/492/204 203/493/203 884/484/884 883/483/883
f 203/493/203 202/494/202 885/487/885 884/484/884
f 202/494/202 34/443/34 268/445/268 885/487/885
f 885/487/885 268/445/268 269/458/269 888/488/888
f 888/488/888 269/458/269 270/456/270 891/491/891
f 891/491/891 270/456/270 36/457/36 226/495/226
f 890/489/890 891/491/891 226/495/226 227/496/227
f 889/490/889 890/489/890 227/496/227 228/497/228
f 190/404/190 889/490/889 228/497/228 24/405/24
f 191/403/191 886/486/886 889/490/889 190/404/190
f 192/402/192 883/483/883 886/486/886 191/403/191
f 892/498/892 893/499/893 896/500/896 895/501/895
f 893/499/893 894/502/894 897/503/897 896/500/896
f 895/501/895 896/500/896 899/504/899 898/505/898
f 896/500/896 897/503/897 900/506/900 899/504/899
f 18/473/18 201/507/201 892/498/892 208/474/208
f 201/507/201 200/508/200 893/499/893 892/498/892
f 200/508/200 199/509/199 894/502/894 893/499/893
f 199/509/199 33/420/33 271/422/271 894/502/894
f 894/502/894 271/422/271 272/433/272 897/503/897
f 897/503/897 272/433/272 273/431/273 900/506/900
f 900/506/900 273/431/273 35/432/35 223/510/223
f 899/504/899 900/506/900 223/510/223 224/511/224
f 898/505/898 899/504/899 224/511/224 225/512/225
f 210/476/210 898/505/898 225/512/225 21/477/21
f 209/475/209 895/501/895 898/505/898 210/476/210
f 208/474/208 892/498/892 895/501/895 209/475/209
f 901/513/901 902/514/902 905/515/905 904/516/904
f 902/514/902 903/517/903 906/518/906 905/515/905
f 904/516/904 905/515/905 908/519/908 907/520/907
f 905/515/905 906/518/906 909/521/909 908/519/908
f 15/309/15 250/522/250 901/513/901 180/310/180
f 250/522/250 251/523/251 902/514/902 901/513/901
f 251/523/251 252/524/252 903/517/903 902/514/902
f 252/524/252 31/74/31 274/354/274 903/517/903
f 903/517/903 274/354/274 275/364/275 906/518/906
f 906/518/906 275/364/275 276/362/276 909/521/909
f 909/521/909 276/362/276 34/363/34 202/525/202
f 908/519/908 909/521/909 202/525/202 203/526/203
f 907/520/907 908/519/908 203/526/203 204/527/204
f 178/312/178 907/520/907 204/527/204 19/313/19
f 179/311/179 904/516/904 907/520/907 178/312/178
f 180/310/180 901/513/901 904/516/904 179/311/179
f 910/528/910 911/529/911 914/530/914 913/531/913
f 911/529/911 912/532/912 915/533/915 914/530/914
f 913/531/913 914/530/914 917/534/917 916/535/916
f 914/530/914 915/533/915 918/536/918 917/534/917
f 3/378/3 253/537/253 910/528/910 187/379/187
f 253/537/253 254/538/254 911/529/911 910/528/910
f 254/538/254 255/539/255 912/532/912 911/529/911
f 255/539/255 32/329/32 277/331/277 912/532/912
f 912/532/912 277/331/277 278/344/278 915/533/915
f 915/533/915 278/344/278 279/342/279 918/536/918
f 918/536/918 279/342/279 33/343/33 199/540/199
f 917/534/917 918/536/918 199/540/199 200/541/200
f 916/535/916 917/534/917 200/541/200 201/542/201
f 189/381/189 916/535/916 201/542/201 18/382/18
f 188/380/188 913/531/913 916/535/916 189/381/189
f 187/379/187 910/528/910 913/531/913 188/380/188
f 919/543/919 920/544/920 923/545/923 922/546/922
f 920/544/920 921/547/921 924/548/924 923/545/923
f 922/546/922 923/545/923 926/549/926 925/550/925
f 923/545/923 924/548/924 927/551/927 926/549/926
f 21/209/21 225/552/225 919/543/919 175/210/175
f 225/552/225 224/511/224 920/544/920 919/543/919
f 224/511/224 223/553/223 921/547/921 920/544/920
f 223/553/223 35/254/35 280/256/280 921/547/921
f 921/547/921 280/256/280 281/269/281 924/548/924
f 924/548/924 281/269/281 282/267/282 927/551/927
f 927/551/927 282/267/282 27/268/27 240/554/240
f 926/549/926 927/551/927 240/554/240 239/555/239
f 925/550/925 926/549/926 239/555/239 238/556/238
f 177/212/177 925/550/925 238/556/238 14/213/14
f 176/211/176 922/546/922 925/550/925 177/212/177
f 175/210/175 919/543/919 922/546/922 176/211/176
f 928/557/928 929/558/929 932/559/932 931/560/931
f 929/558/929 930/561/930 933/562/933 932/559/932
f 931/560/931 932/559/932 935/563/935 934/564/934
f 932/559/932 933/562/933 936/565/936 935/563/935
f 24/284/24 228/566/228 928/557/928 219/285/219
f 228/566/228 227/567/227 929/558/929 928/557/928
f 227/567/227 226/568/226 930/561/930 929/558/929
f 226/568/226 36/229/36 283/231/283 930/561/930
f 930/561/930 283/231/283 284/244/284 933/562/933
f 933/562/933 284/244/284 285/242/285 936/565/936
f 936/565/936 285/242/285 26/243/26 237/569/237
f 935/563/935 936/565/936 237/569/237 236/570/236
f 934/564/934 935/563/935 236/570/236 235/571/235
f 217/287/217 934/564/934 235/571/235 7/288/7
f 218/286/218 931/560/931 934/564/934 217/287/217
f 219/285/219 928/557/928 931/560/931 218/286/218
f 937/572/937 938/573/938 941/574/941 940/575/940
f 938/573/938 939/576/939 942/577/942 941/574/941
f 940/575/940 941/574/941 944/578/944 943/579/943
f 941/574/941 942/577/942 945/580/945 944/578/944
f 53/581/53 390/582/390 937/572/937 406/583/406
f 390/582/390 389/584/389 938/573/938 937/572/937
f 389/584/389 388/585/388 939/576/939 938/573/938
f 388/585/388 12/586/12 247/587/247 939/576/939
f 939/576/939 247/587/247 248/588/248 942/577/942
f 942/577/942 248/588/248 249/589/249 945/580/945
f 945/580/945 249/589/249 30/10/30 391/590/391
f 944/578/944 945/580/945 391/590/391 392/591/392
f 943/579/943 944/578/944 392/591/392 393/592/393
f 408/593/408 943/579/943 393/592/393 54/180/54
f 407/594/407 940/575/940 943/579/943 408/593/408
f 406/583/406 937/572/937 940/575/940 407/594/407
f 946/595/946 947/596/947 950/597/950 949/598/949
f 947/596/947 948/599/948 951/600/951 950/597/950
f 949/598/949 950/597/950 953/601/953 952/602/952
f 950/597/950 951/600/951 954/603/954 953/601/953
f 51/169/51 384/167/384 946/595/946 403/604/403
f 384/167/384 383/166/383 947/596/947 946/595/946
f 383/166/383 382/165/382 948/599/948 947/596/947
f 382/165/382 10/164/10 244/605/244 948/599/948
f 948/599/948 244/605/244 245/606/245 951/600/951
f 951/600/951 245/606/245 246/607/246 954/603/954
f 954/603/954 246/607/246 29/608/29 394/609/394
f 953/601/953 954/603/954 394/609/394 395/610/395
f 952/602/952 953/601/953 395/610/395 396/611/396
f 405/612/405 952/602/952 396/611/396 55/613/55
f 404/614/404 949/598/949 952/602/952 405/612/405
f 403/604/403 946/595/946 949/598/949 404/614/404
f 955/615/955 956/616/956 959/617/959 958/618/958
f 956/616/956 957/619/957 960/620/960 959/617/959
f 958/618/958 959/617/959 962/621/962 961/622/961
f 959/617/959 960/620/960 963/623/963 962/621/962
f 38/40/38 348/624/348 955/615/955 112/41/112
f 348/624/348 347/625/347 956/616/956 955/615/955
f 347/625/347 346/626/346 957/619/957 956/616/956
f 346/626/346 48/110/48 292/112/292 957/619/957
f 957/619/957 292/112/292 293/125/293 960/620/960
f 960/620/960 293/125/293 294/123/294 963/623/963
f 963/623/963 294/123/294 28/124/28 243/627/243
f 962/621/962 963/623/963 243/627/243 242/628/242
f 961/622/961 962/621/962 242/628/242 241/629/241
f 114/43/114 961/622/961 241/629/241 2/44/2
f 113/42/113 958/618/958 961/622/961 114/43/114
f 112/41/112 955/615/955 958/618/958 113/42/113
f 964/630/964 965/631/965 968/632/968 967/633/967
f 965/631/965 966/634/966 969/635/969 968/632/968
f 967/633/967 968/632/968 971/636/971 970/637/970
f 968/632/968 969/635/969 972/638/972 971/636/971
f 10/49/10 144/47/144 964/630/964 244/639/244
f 144/47/144 143/46/143 965/631/965 964/630/964
f 143/46/143 142/45/142 966/634/966 965/631/965
f 142/45/142 2/44/2 241/640/241 966/634/966
f 966/634/966 241/640/241 242/641/242 969/635/969
f 969/635/969 242/641/242 243/642/243 972/638/972
f 972/638/972 243/642/243 28/90/28 295/89/295
f 971/636/971 972/638/972 295/89/295 296/88/296
f 970/637/970 971/636/971 296/88/296 297/86/297
f 246/643/246 970/637/970 297/86/297 29/85/29
f 245/644/245 967/633/967 970/637/970 246/643/246
f 244/639/244 964/630/964 967/633/967 245/644/245
f 973/645/973 974/646/974 977/647/977 976/648/976
f 974/646/974 975/649/975 978/650/978 977/647/977
f 976/648/976 977/647/977 980/651/980 979/652/979
f 977/647/977 978/650/978 981/653/981 980/651/980
f 40/654/40 345/655/345 973/645/973 136/305/136
f 345/655/345 344/656/344 974/646/974 973/645/973
f 344/656/344 343/657/343 975/649/975 974/646/974
f 343/657/343 49/60/49 298/62/298 975/649/975
f 975/649/975 298/62/298 299/75/299 978/650/978
f 978/650/978 299/75/299 300/73/300 981/653/981
f 981/653/981 300/73/300 31/74/31 252/524/252
f 980/651/980 981/653/981 252/524/252 251/523/251
f 979/652/979 980/651/980 251/523/251 250/522/250
f 138/658/138 979/652/979 250/522/250 15/309/15
f 137/659/137 976/648/976 979/652/979 138/658/138
f 136/305/136 973/645/973 976/648/976 137/659/137
f 982/660/982 983/661/983 986/662/986 985/663/985
f 983/661/983 984/664/984 987/665/987 986/662/986
f 985/663/985 986/662/986 989/666/989 988/667/988
f 986/662/986 987/665/987 990/668/990 989/666/989
f 12/586/12 150/669/150 982/660/982 247/587/247
f 150/669/150 149/670/149 983/661/983 982/660/982
f 149/670/149 148/671/148 984/664/984 983/661/983
f 148/671/148 6/672/6 232/673/232 984/664/984
f 984/664/984 232/673/232 233/674/233 987/665/987
f 987/665/987 233/674/233 234/675/234 990/668/990
f 990/668/990 234/675/234 25/15/25 301/14/301
f 989/666/989 990/668/990 301/14/301 302/13/302
f 988/667/988 989/666/989 302/13/302 303/11/303
f 249/589/249 988/667/988 303/11/303 30/10/30
f 248/588/248 985/663/985 988/667/988 249/589/249
f 247/587/247 982/660/982 985/663/985 248/588/248
f 991/676/991 992/677/992 995/678/995 994/679/994
f 992/677/992 993/680/993 996/681/996 995/678/995
f 994/679/994 995/678/995 998/682/998 997/683/997
f 995/678/995 996/681/996 999/684/999 998/682/998
f 16/334/16 168/685/168 991/676/991 313/686/313
f 168/685/168 167/687/167 992/677/992 991/676/991
f 167/687/167 166/688/166 993/680/993 992/677/992
f 166/688/166 32/689/32 340/690/340 993/680/993
f 993/680/993 340/690/340 341/691/341 996/681/996
f 996/681/996 341/691/341 342/692/342 999/684/999
f 999/684/999 342/692/342 49/60/49 343/657/343
f 998/682/998 999/684/999 343/657/343 344/656/344
f 997/683/997 998/682/998 344/656/344 345/655/345
f 315/693/315 997/683/997 345/655/345 40/654/40
f 314/694/314 994/679/994 997/683/997 315/693/315
f 313/686/313 991/676/991 994/679/994 314/694/314
f 1000/695/1000 1001/696/1001 1004/697/1004 1003/698/1003
f 1001/696/1001 1002/699/1002 1005/700/1005 1004/697/1004
f 1003/698/1003 1004/697/1004 1007/701/1007 1006/702/1006
f 1004/697/1004 1005/700/1005 1008/703/1008 1007/701/1007
f 4/19/4 105/704/105 1000/695/1000 307/705/307
f 105/704/105 104/706/104 1001/696/1001 1000/695/1000
f 104/706/104 103/707/103 1002/699/1002 1001/696/1001
f 103/707/103 25/708/25 337/709/337 1002/699/1002
f 1002/699/1002 337/709/337 338/710/338 1005/700/1005
f 1005/700/1005 338/710/338 339/711/339 1008/703/1008
f 1008/703/1008 339/711/339 48/110/48 346/626/346
f 1007/701/1007 1008/703/1008 346/626/346 347/625/347
f 1006/702/1006 1007/701/1007 347/625/347 348/624/348
f 309/712/309 1006/702/1006 348/624/348 38/40/38
f 308/713/308 1003/698/1003 1006/702/1006 309/712/309
f 307/705/307 1000/695/1000 1003/698/1003 308/713/308
f 1009/714/1009 1010/715/1010 1013/716/1013 1012/717/1012
f 1010/715/1010 1011/718/1011 1014/719/1014 1013/716/1013
f 1012/717/1012 1013/716/1013 1016/720/1016 1015/721/1015
f 1013/716/1013 1014/719/1014 1017/722/1017 1016/720/1016
f 17/448/17 207/723/207 1009/714/1009 186/449/186
f 207/723/207 206/724/206 1010/715/1010 1009/714/1009
f 206/724/206 205/725/205 1011/718/1011 1010/715/1010
f 205/725/205 45/468/45 349/470/349 1011/718/1011
f 1011/718/1011 349/470/349 350/482/350 1014/719/1014
f 1014/719/1014 350/482/350 351/480/351 1017/722/1017
f 1017/722/1017 351/480/351 47/481/47 229/726/229
f 1016/720/1016 1017/722/1017 229/726/229 230/727/230
f 1015/721/1015 1016/720/1016 230/727/230 231/728/231
f 184/451/184 1015/721/1015 231/728/231 23/452/23
f 185/450/185 1012/717/1012 1015/721/1015 184/451/184
f 186/449/186 1009/714/1009 1012/717/1012 185/450/185
f 1018/729/1018 1019/730/1019 1022/731/1022 1021/732/1021
f 1019/730/1019 1020/733/1020 1023/734/1023 1022/731/1022
f 1021/732/1021 1022/731/1022 1025/735/1025 1024/736/1024
f 1022/731/1022 1023/734/1023 1026/737/1026 1025/735/1025
f 20/425/20 198/738/198 1018/729/1018 211/426/211
f 198/738/198 197/739/197 1019/730/1019 1018/729/1018
f 197/739/197 196/740/196 1020/733/1020 1019/730/1019
f 196/740/196 44/398/44 352/400/352 1020/733/1020
f 1020/733/1020 352/400/352 353/410/353 1023/734/1023
f 1023/734/1023 353/410/353 354/409/354 1026/737/1026
f 1026/737/1026 354/409/354 46/279/46 220/741/220
f 1025/735/1025 1026/737/1026 220/741/220 221/742/221
f 1024/736/1024 1025/735/1025 221/742/221 222/743/222
f 213/428/213 1024/736/1024 222/743/222 22/259/22
f 212/427/212 1021/732/1021 1024/736/1024 213/428/213
f 211/426/211 1018/729/1018 1021/732/1021 212/427/212
f 1027/744/1027 1028/745/1028 1031/746/1031 1030/747/1030
f 1028/745/1028 1029/748/1029 1032/749/1032 1031/746/1031
f 1030/747/1030 1031/746/1031 1034/750/1034 1033/751/1033
f 1031/746/1031 1032/749/1032 1035/752/1035 1034/750/1034
f 1/69/1 319/753/319 1027/744/1027 174/355/174
f 319/753/319 320/754/320 1028/745/1028 1027/744/1027
f 320/754/320 321/755/321 1029/748/1029 1028/745/1028
f 321/755/321 42/65/42 355/375/355 1029/748/1029
f 1029/748/1029 355/375/355 356/388/356 1032/749/1032
f 1032/749/1032 356/388/356 357/386/357 1035/752/1035
f 1035/752/1035 357/386/357 45/387/45 205/756/205
f 1034/750/1034 1035/752/1035 205/756/205 206/757/206
f 1033/751/1033 1034/750/1034 206/757/206 207/758/207
f 172/357/172 1033/751/1033 207/758/207 17/358/17
f 173/356/173 1030/747/1030 1033/751/1033 172/357/172
f 174/355/174 1027/744/1027 1030/747/1030 173/356/173
f 1036/759/1036 1037/760/1037 1040/761/1040 1039/762/1039
f 1037/760/1037 1038/763/1038 1041/764/1041 1040/761/1040
f 1039/762/1039 1040/761/1040 1043/765/1043 1042/766/1042
f 1040/761/1040 1041/764/1041 1044/767/1044 1043/765/1043
f 16/334/16 313/768/313 1036/759/1036 193/335/193
f 313/768/313 314/769/314 1037/760/1037 1036/759/1036
f 314/769/314 315/770/315 1038/763/1038 1037/760/1037
f 315/770/315 40/304/40 358/306/358 1038/763/1038
f 1038/763/1038 358/306/358 359/319/359 1041/764/1041
f 1041/764/1041 359/319/359 360/317/360 1044/767/1044
f 1044/767/1044 360/317/360 44/318/44 196/740/196
f 1043/765/1043 1044/767/1044 196/740/196 197/771/197
f 1042/766/1042 1043/765/1043 197/771/197 198/772/198
f 195/337/195 1042/766/1042 198/772/198 20/338/20
f 194/336/194 1039/762/1039 1042/766/1042 195/337/195
f 193/335/193 1036/759/1036 1039/762/1039 194/336/194
f 1045/773/1045 1046/774/1046 1049/775/1049 1048/776/1048
f 1046/774/1046 1047/777/1047 1050/778/1050 1049/775/1049
f 1048/776/1048 1049/775/1049 1052/779/1052 1051/780/1051
f 1049/775/1049 1050/778/1050 1053/781/1053 1052/779/1052
f 22/259/22 222/782/222 1045/773/1045 181/260/181
f 222/782/222 221/742/221 1046/774/1046 1045/773/1045
f 221/742/221 220/741/220 1047/777/1047 1046/774/1046
f 220/741/220 46/279/46 361/281/361 1047/777/1047
f 1047/777/1047 361/281/361 362/294/362 1050/778/1050
f 1050/778/1050 362/294/362 363/292/363 1053/781/1053
f 1053/781/1053 363/292/363 43/293/43 324/783/324
f 1052/779/1052 1053/781/1053 324/783/324 323/784/323
f 1051/780/1051 1052/779/1052 323/784/323 322/785/322
f 183/262/183 1051/780/1051 322/785/322 5/263/5
f 182/261/182 1048/776/1048 1051/780/1051 183/262/183
f 181/260/181 1045/773/1045 1048/776/1048 182/261/182
f 1054/786/1054 1055/787/1055 1058/788/1058 1057/789/1057
f 1055/787/1055 1056/790/1056 1059/791/1059 1058/788/1058
f 1057/789/1057 1058/788/1058 1061/792/1061 1060/793/1060
f 1058/788/1058 1059/791/1059 1062/794/1062 1061/792/1061
f 23/234/23 231/795/231 1054/786/1054 216/235/216
f 231/795/231 230/796/230 1055/787/1055 1054/786/1054
f 230/796/230 229/797/229 1056/790/1056 1055/787/1055
f 229/797/229 47/204/47 364/206/364 1056/790/1056
f 1056/790/1056 364/206/364 365/219/365 1059/791/1059
f 1059/791/1059 365/219/365 366/217/366 1062/794/1062
f 1062/794/1062 366/217/366 37/218/37 306/798/306
f 1061/792/1061 1062/794/1062 306/798/306 305/799/305
f 1060/793/1060 1061/792/1061 305/799/305 304/800/304
f 214/237/214 1060/793/1060 304/800/304 13/238/13
f 215/236/215 1057/789/1057 1060/793/1060 214/237/214
f 216/235/216 1054/786/1054 1057/789/1057 215/236/215
f 1063/801/1063 1064/802/1064 1067/803/1067 1066/804/1066
f 1064/802/1064 1065/805/1065 1068/806/1068 1067/803/1067
f 1066/804/1066 1067/803/1067 1070/807/1070 1069/808/1069
f 1067/803/1067 1068/806/1068 1071/809/1071 1070/807/1070
f 50/193/50 381/191/381 1063/801/1063 400/810/400
f 381/191/381 380/190/380 1064/802/1064 1063/801/1063
f 380/190/380 379/189/379 1065/805/1065 1064/802/1064
f 379/189/379 9/188/9 316/811/316 1065/805/1065
f 1065/805/1065 316/811/316 317/812/317 1068/806/1068
f 1068/806/1068 317/812/317 318/813/318 1071/809/1071
f 1071/809/1071 318/813/318 41/160/41 397/159/397
f 1070/807/1070 1071/809/1071 397/159/397 398/158/398
f 1069/808/1069 1070/807/1070 398/158/398 399/156/399
f 402/814/402 1069/808/1069 399/156/399 56/155/56
f 401/815/401 1066/804/1066 1069/808/1069 402/814/402
f 400/810/400 1063/801/1063 1066/804/1066 401/815/401
f 1072/816/1072 1073/817/1073 1076/818/1076 1075/819/1075
f 1073/817/1073 1074/820/1074 1077/821/1077 1076/818/1076
f 1075/819/1075 1076/818/1076 1079/822/1079 1078/823/1078
f 1076/818/1076 1077/821/1077 1080/824/1080 1079/822/1079
f 25/708/25 234/825/234 1072/816/1072 337/709/337
f 234/825/234 233/826/233 1073/817/1073 1072/816/1072
f 233/826/233 232/827/232 1074/820/1074 1073/817/1073
f 232/827/232 6/828/6 310/829/310 1074/820/1074
f 1074/820/1074 310/829/310 311/830/311 1077/821/1077
f 1077/821/1077 311/830/311 312/831/312 1080/824/1080
f 1080/824/1080 312/831/312 39/115/39 370/114/370
f 1079/822/1079 1080/824/1080 370/114/370 371/113/371
f 1078/823/1078 1079/822/1079 371/113/371 372/111/372
f 339/711/339 1078/823/1078 372/111/372 48/110/48
f 338/710/338 1075/819/1075 1078/823/1078 339/711/339
f 337/709/337 1072/816/1072 1075/819/1075 338/710/338
f 1081/832/1081 1082/833/1082 1085/834/1085 1084/835/1084
f 1082/833/1082 1083/836/1083 1086/837/1086 1085/834/1085
f 1084/835/1084 1085/834/1085 1088/838/1088 1087/839/1087
f 1085/834/1085 1086/837/1086 1089/840/1089 1088/838/1088
f 32/689/32 255/841/255 1081/832/1081 340/690/340
f 255/841/255 254/842/254 1082/833/1082 1081/832/1081
f 254/842/254 253/843/253 1083/836/1083 1082/833/1082
f 253/843/253 3/378/3 162/377/162 1083/836/1083
f 1083/836/1083 162/377/162 161/844/161 1086/837/1086
f 1086/837/1086 161/844/161 160/845/160 1089/840/1089
f 1089/840/1089 160/845/160 42/65/42 373/64/373
f 1088/838/1088 1089/840/1089 373/64/373 374/63/374
f 1087/839/1087 1088/838/1088 374/63/374 375/61/375
f 342/692/342 1087/839/1087 375/61/375 49/60/49
f 341/691/341 1084/835/1084 1087/839/1087 342/692/342
f 340/690/340 1081/832/1081 1084/835/1084 341/691/341
f 1090/846/1090 1091/847/1091 1094/848/1094 1093/849/1093
f 1091/847/1091 1092/850/1092 1095/851/1095 1094/848/1094
f 1093/849/1093 1094/848/1094 1097/852/1097 1096/853/1096
f 1094/848/1094 1095/851/1095 1098/854/1098 1097/852/1097
f 9/24/9 141/22/141 1090/846/1090 316/855/316
f 141/22/141 140/21/140 1091/847/1091 1090/846/1090
f 140/21/140 139/20/139 1092/850/1092 1091/847/1091
f 139/20/139 4/19/4 307/705/307 1092/850/1092
f 1092/850/1092 307/705/307 308/713/308 1095/851/1095
f 1095/851/1095 308/713/308 309/712/309 1098/854/1098
f 1098/854/1098 309/712/309 38/40/38 376/39/376
f 1097/852/1097 1098/854/1098 376/39/376 377/38/377
f 1096/853/1096 1097/852/1097 377/38/377 378/36/378
f 318/856/318 1096/853/1096 378/36/378 41/35/41
f 317/857/317 1093/849/1093 1096/853/1096 318/856/318
f 316/855/316 1090/846/1090 1093/849/1093 317/857/317
f 1099/858/1099 1100/859/1100 1103/860/1103 1102/861/1102
f 1100/859/1100 1101/862/1101 1104/863/1104 1103/860/1103
f 1102/861/1102 1103/860/1103 1106/864/1106 1105/865/1105
f 1103/860/1103 1104/863/1104 1107/866/1107 1106/864/1106
f 14/213/14 108/867/108 1099/858/1099 111/868/111
f 108/867/108 107/869/107 1100/859/1100 1099/858/1099
f 107/869/107 106/870/106 1101/862/1101 1100/859/1100
f 106/870/106 50/871/50 400/872/400 1101/862/1101
f 1101/862/1101 400/872/400 401/873/401 1104/863/1104
f 1104/863/1104 401/873/401 402/874/402 1107/866/1107
f 1107/866/1107 402/874/402 56/875/56 367/876/367
f 1106/864/1106 1107/866/1107 367/876/367 368/877/368
f 1105/865/1105 1106/864/1106 368/877/368 369/878/369
f 109/879/109 1105/865/1105 369/878/369 37/218/37
f 110/880/110 1102/861/1102 1105/865/1105 109/879/109
f 111/868/111 1099/858/1099 1102/861/1102 110/880/110
f 1108/881/1108 1109/882/1109 1112/883/1112 1111/884/1111
f 1109/882/1109 1110/885/1110 1113/886/1113 1112/883/1112
f 1111/884/1111 1112/883/1112 1115/887/1115 1114/888/1114
f 1112/883/1112 1113/886/1113 1116/889/1116 1115/887/1115
f 13/238/13 117/890/117 1108/881/1108 120/891/120
f 117/890/117 116/892/116 1109/882/1109 1108/881/1108
f 116/892/116 115/893/115 1110/885/1110 1109/882/1109
f 115/893/115 51/894/51 403/895/403 1110/885/1110
f 1110/885/1110 403/895/403 404/896/404 1113/886/1113
f 1113/886/1113 404/896/404 405/897/405 1116/889/1116
f 1116/889/1116 405/897/405 55/135/55 289/898/289
f 1115/887/1115 1116/889/1116 289/898/289 290/899/290
f 1114/888/1114 1115/887/1115 290/899/290 291/900/291
f 118/901/118 1114/888/1114 291/900/291 26/902/26
f 119/903/119 1111/884/1111 1114/888/1114 118/901/118
f 120/891/120 1108/881/1108 1111/884/1111 119/903/119
f 1117/904/1117 1118/905/1118 1121/906/1121 1120/907/1120
f 1118/905/1118 1119/908/1119 1122/909/1122 1121/906/1121
f 1120/907/1120 1121/906/1121 1124/910/1124 1123/911/1123
f 1121/906/1121 1122/909/1122 1125/912/1125 1124/910/1124
f 5/913/5 135/914/135 1117/904/1117 123/915/123
f 135/914/135 134/916/134 1118/905/1118 1117/904/1117
f 134/916/134 133/917/133 1119/908/1119 1118/905/1118
f 133/917/133 53/581/53 406/583/406 1119/908/1119
f 1119/908/1119 406/583/406 407/594/407 1122/909/1122
f 1122/909/1122 407/594/407 408/593/408 1125/912/1125
f 1125/912/1125 408/593/408 54/180/54 286/918/286
f 1124/910/1124 1125/912/1125 286/918/286 287/919/287
f 1123/911/1123 1124/910/1124 287/919/287 288/920/288
f 121/921/121 1123/911/1123 288/920/288 27/922/27
f 122/923/122 1120/907/1120 1123/911/1123 121/921/121
f 123/915/123 1117/904/1117 1120/907/1120 122/923/122
f 1126/924/1126 1127/925/1127 1130/926/1130 1129/927/1129
f 1127/925/1127 1128/928/1128 1131/929/1131 1130/926/1130
f 1129/927/1129 1130/926/1130 1133/930/1133 1132/931/1132
f 1130/926/1130 1131/929/1131 1134/932/1134 1133/930/1133
f 27/922/27 288/920/288 1126/924/1126 240/933/240
f 288/920/288 287/919/287 1127/925/1127 1126/924/1126
f 287/919/287 286/918/286 1128/928/1128 1127/925/1127
f 286/918/286 54/180/54 409/934/409 1128/928/1128
f 1128/928/1128 409/934/409 410/935/410 1131/929/1131
f 1131/929/1131 410/935/410 411/936/411 1134/932/1134
f 1134/932/1134 411/936/411 50/871/50 106/870/106
f 1133/930/1133 1134/932/1134 106/870/106 107/869/107
f 1132/931/1132 1133/930/1133 107/869/107 108/867/108
f 238/937/238 1132/931/1132 108/867/108 14/213/14
f 239/938/239 1129/927/1129 1132/931/1132 238/937/238
f 240/933/240 1126/924/1126 1129/927/1129 239/938/239
f 1135/939/1135 1136/940/1136 1139/941/1139 1138/942/1138
f 1136/940/1136 1137/943/1137 1140/944/1140 1139/941/1139
f 1138/942/1138 1139/941/1139 1142/945/1142 1141/946/1141
f 1139/941/1139 1140/944/1140 1143/947/1143 1142/945/1142
f 37/218/37 369/878/369 1135/939/1135 306/948/306
f 369/878/369 368/877/368 1136/940/1136 1135/939/1135
f 368/877/368 367/876/367 1137/943/1137 1136/940/1136
f 367/876/367 56/875/56 412/949/412 1137/943/1137
f 1137/943/1137 412/949/412 413/950/413 1140/944/1140
f 1140/944/1140 413/950/413 414/951/414 1143/947/1143
f 1143/947/1143 414/951/414 51/894/51 115/893/115
f 1142/945/1142 1143/947/1143 115/893/115 116/892/116
f 1141/946/1141 1142/945/1142 116/892/116 117/890/117
f 304/952/304 1141/946/1141 117/890/117 13/238/13
f 305/953/305 1138/942/1138 1141/946/1141 304/952/304
f 306/948/306 1135/939/1135 1138/942/1138 305/953/305
f 1144/954/1144 1145/955/1145 1148/956/1148 1147/957/1147
f 1145/955/1145 1146/958/1146 1149/959/1149 1148/956/1148
f 1147/957/1147 1148/956/1148 1151/960/1151 1150/961/1150
f 1148/956/1148 1149/959/1149 1152/962/1152 1151/960/1151
f 26/902/26 291/900/291 1144/954/1144 237/963/237
f 291/900/291 290/899/290 1145/955/1145 1144/954/1144
f 290/899/290 289/898/289 1146/958/1146 1145/955/1145
f 289/898/289 55/135/55 415/137/415 1146/958/1146
f 1146/958/1146 415/137/415 416/145/416 1149/959/1149
f 1149/959/1149 416/145/416 417/143/417 1152/962/1152
f 1152/962/1152 417/143/417 52/144/52 127/964/127
f 1151/960/1151 1152/962/1152 127/964/127 128/965/128
f 1150/961/1150 1151/960/1151 128/965/128 129/966/129
f 235/967/235 1150/961/1150 129/966/129 7/968/7
f 236/969/236 1147/957/1147 1150/961/1150 235/967/235
f 237/963/237 1144/954/1144 1147/957/1147 236/969/236
f 1153/970/1153 1154/971/1154 1157/3/1157 1156/972/1156
f 1154/971/1154 1155/8/1155 1158/973/1158 1157/3/1157
f 1156/972/1156 1157/3/1157 1160/974/1160 1159/975/1159
f 1157/3/1157 1158/973/1158 1161/976/1161 1160/974/1160
f 80/10/80 457/977/457 1153/970/1153 600/11/600
f 457/977/457 458/25/458 1154/971/1154 1153/970/1153
f 458/25/458 459/978/459 1155/8/1155 1154/971/1154
f 459/978/459 61/979/61 447/980/447 1155/8/1155
f 1155/8/1155 447/980/447 446/981/446 1158/973/1158
f 1158/973/1158 446/981/446 445/982/445 1161/976/1161
f 1161/976/1161 445/982/445 60/19/60 420/18/420
f 1160/974/1160 1161/976/1161 420/18/420 419/17/419
f 1159/975/1159 1160/974/1160 419/17/419 418/16/418
f 598/983/598 1159/975/1159 418/16/418 75/15/75
f 599/13/599 1156/972/1156 1159/975/1159 598/983/598
f 600/11/600 1153/970/1153 1156/972/1156 599/13/599
f 1162/984/1162 1163/985/1163 1166/986/1166 1165/27/1165
f 1163/985/1163 1164/987/1164 1167/988/1167 1166/986/1166
f 1165/27/1165 1166/986/1166 1169/31/1169 1168/989/1168
f 1166/986/1166 1167/988/1167 1170/990/1170 1169/31/1169
f 90/35/90 454/991/454 1162/984/1162 669/992/669
f 454/991/454 455/50/455 1163/985/1163 1162/984/1162
f 455/50/455 456/48/456 1164/987/1164 1163/985/1163
f 456/48/456 62/49/62 450/993/450 1164/987/1164
f 1164/987/1164 450/993/450 449/994/449 1167/988/1167
f 1167/988/1167 449/994/449 448/995/448 1170/990/1170
f 1170/990/1170 448/995/448 58/44/58 429/43/429
f 1169/31/1169 1170/990/1170 429/43/429 428/996/428
f 1168/989/1168 1169/31/1169 428/996/428 427/997/427
f 667/998/667 1168/989/1168 427/997/427 88/40/88
f 668/38/668 1165/27/1165 1168/989/1168 667/998/667
f 669/992/669 1162/984/1162 1165/27/1165 668/38/668
f 1171/999/1171 1172/54/1172 1175/1000/1175 1174/1001/1174
f 1172/54/1172 1173/1002/1173 1176/1003/1176 1175/1000/1175
f 1174/1001/1174 1175/1000/1175 1178/1004/1178 1177/1005/1177
f 1175/1000/1175 1176/1003/1176 1179/1006/1179 1178/1004/1178
f 97/1007/97 595/1008/595 1171/999/1171 666/1009/666
f 595/1008/595 596/1010/596 1172/54/1172 1171/999/1171
f 596/1010/596 597/73/597 1173/1002/1173 1172/54/1172
f 597/73/597 81/1011/81 463/1012/463 1173/1002/1173
f 1173/1002/1173 463/1012/463 464/1013/464 1176/1003/1176
f 1176/1003/1176 464/1013/464 465/70/465 1179/1006/1179
f 1179/1006/1179 465/70/465 57/69/57 613/1014/613
f 1178/1004/1178 1179/1006/1179 613/1014/613 614/1015/614
f 1177/1005/1177 1178/1004/1178 614/1015/614 615/755/615
f 664/1016/664 1177/1005/1177 615/755/615 91/1017/91
f 665/63/665 1174/1001/1174 1177/1005/1177 664/1016/664
f 666/1009/666 1171/999/1171 1174/1001/1174 665/63/665
f 1180/76/1180 1181/79/1181 1184/1018/1184 1183/1019/1183
f 1181/79/1181 1182/83/1182 1185/1020/1185 1184/1018/1184
f 1183/1019/1183 1184/1018/1184 1187/81/1187 1186/80/1186
f 1184/1018/1184 1185/1020/1185 1188/1021/1188 1187/81/1187
f 79/85/79 451/1022/451 1180/76/1180 594/1023/594
f 451/1022/451 452/1024/452 1181/79/1181 1180/76/1180
f 452/1024/452 453/98/453 1182/83/1182 1181/79/1181
f 453/98/453 11/99/11 147/97/147 1182/83/1182
f 1182/83/1182 147/97/147 146/96/146 1185/1020/1185
f 1185/1020/1185 146/96/146 145/95/145 1188/1021/1188
f 1188/1021/1188 145/95/145 8/94/8 441/93/441
f 1187/81/1187 1188/1021/1188 441/93/441 440/92/440
f 1186/80/1186 1187/81/1187 440/92/440 439/91/439
f 592/1025/592 1186/80/1186 439/91/439 78/90/78
f 593/88/593 1183/1019/1183 1186/80/1186 592/1025/592
f 594/1023/594 1180/76/1180 1183/1019/1183 593/88/593
f 1189/101/1189 1190/104/1190 1193/1026/1193 1192/102/1192
f 1190/104/1190 1191/1027/1191 1194/1028/1194 1193/1026/1193
f 1192/102/1192 1193/1026/1193 1196/106/1196 1195/1029/1195
f 1193/1026/1193 1194/1028/1194 1197/1030/1197 1196/106/1196
f 96/110/96 589/112/589 1189/101/1189 663/1031/663
f 589/112/589 590/125/590 1190/104/1190 1189/101/1189
f 590/125/590 591/123/591 1191/1027/1191 1190/104/1190
f 591/123/591 78/124/78 439/122/439 1191/1027/1191
f 1191/1027/1191 439/122/439 440/121/440 1194/1028/1194
f 1194/1028/1194 440/121/440 441/120/441 1197/1030/1197
f 1197/1030/1197 441/120/441 8/119/8 132/118/132
f 1196/106/1196 1197/1030/1197 132/118/132 131/117/131
f 1195/1029/1195 1196/106/1196 131/117/131 130/116/130
f 661/1032/661 1195/1029/1195 130/116/130 39/115/39
f 662/113/662 1192/102/1192 1195/1029/1195 661/1032/661
f 663/1031/663 1189/101/1189 1192/102/1192 662/113/662
f 1198/1033/1198 1199/1034/1199 1202/128/1202 1201/1035/1201
f 1199/1034/1199 1200/133/1200 1203/132/1203 1202/128/1202
f 1201/1035/1201 1202/128/1202 1205/1036/1205 1204/1037/1204
f 1202/128/1202 1203/132/1203 1206/1038/1206 1205/1036/1205
f 101/135/101 700/1039/700 1198/1033/1198 681/1040/681
f 700/1039/700 701/145/701 1199/1034/1199 1198/1033/1198
f 701/145/701 702/143/702 1200/133/1200 1199/1034/1199
f 702/143/702 52/144/52 387/142/387 1200/133/1200
f 1200/133/1200 387/142/387 386/141/386 1203/132/1203
f 1203/132/1203 386/141/386 385/140/385 1206/1038/1206
f 1206/1038/1206 385/140/385 11/99/11 453/98/453
f 1205/1036/1205 1206/1038/1206 453/98/453 452/1024/452
f 1204/1037/1204 1205/1036/1205 452/1024/452 451/1022/451
f 679/609/679 1204/1037/1204 451/1022/451 79/85/79
f 680/138/680 1201/1035/1201 1204/1037/1204 679/609/679
f 681/1040/681 1198/1033/1198 1201/1035/1201 680/138/680
f 1207/1041/1207 1208/1042/1208 1211/1043/1211 1210/1044/1210
f 1208/1042/1208 1209/1045/1209 1212/1046/1212 1211/1043/1211
f 1210/1044/1210 1211/1043/1211 1214/151/1214 1213/1047/1213
f 1211/1043/1211 1212/1046/1212 1215/154/1215 1214/151/1214
f 102/1048/102 697/1049/697 1207/1041/1207 684/1050/684
f 697/1049/697 698/1051/698 1208/1042/1208 1207/1041/1207
f 698/1051/698 699/1052/699 1209/1045/1209 1208/1042/1208
f 699/1052/699 99/1053/99 675/167/675 1209/1045/1209
f 1209/1045/1209 675/167/675 674/166/674 1212/1046/1212
f 1212/1046/1212 674/166/674 673/165/673 1215/154/1215
f 1215/154/1215 673/165/673 62/164/62 456/1054/456
f 1214/151/1214 1215/154/1215 456/1054/456 455/50/455
f 1213/1047/1213 1214/151/1214 455/50/455 454/161/454
f 682/1055/682 1213/1047/1213 454/161/454 90/1056/90
f 683/158/683 1210/1044/1210 1213/1047/1213 682/1055/682
f 684/1050/684 1207/1041/1207 1210/1044/1210 683/158/683
f 1216/1057/1216 1217/1058/1217 1220/173/1220 1219/1059/1219
f 1217/1058/1217 1218/1060/1218 1221/1061/1221 1220/173/1220
f 1219/1059/1219 1220/173/1220 1223/1062/1223 1222/1063/1222
f 1220/173/1220 1221/1061/1221 1224/1064/1224 1223/1062/1223
f 100/1065/100 694/1066/694 1216/1057/1216 678/181/678
f 694/1066/694 695/1067/695 1217/1058/1217 1216/1057/1216
f 695/1067/695 696/1068/696 1218/1060/1218 1217/1058/1217
f 696/1068/696 98/871/98 672/191/672 1218/1060/1218
f 1218/1060/1218 672/191/672 671/1069/671 1221/1061/1221
f 1221/1061/1221 671/1069/671 670/1070/670 1224/1064/1224
f 1224/1064/1224 670/1070/670 61/188/61 459/1071/459
f 1223/1062/1223 1224/1064/1224 459/1071/459 458/25/458
f 1222/1063/1222 1223/1062/1223 458/25/458 457/977/457
f 676/1072/676 1222/1063/1222 457/977/457 80/1073/80
f 677/1074/677 1219/1059/1219 1222/1063/1222 676/1072/676
f 678/181/678 1216/1057/1216 1219/1059/1219 677/1074/677
f 1225/1075/1225 1226/1076/1226 1229/197/1229 1228/1077/1228
f 1226/1076/1226 1227/1078/1227 1230/1079/1230 1229/197/1229
f 1228/1077/1228 1229/197/1229 1232/200/1232 1231/199/1231
f 1229/197/1229 1230/1079/1230 1233/1080/1233 1232/200/1232
f 95/1081/95 655/1082/655 1225/1075/1225 627/1083/627
f 655/1082/655 656/219/656 1226/1076/1226 1225/1075/1225
f 656/219/656 657/1084/657 1227/1078/1227 1226/1076/1226
f 657/1084/657 87/1085/87 424/1086/424 1227/1078/1227
f 1227/1078/1227 424/1086/424 425/215/425 1230/1079/1230
f 1230/1079/1230 425/215/425 426/1087/426 1233/1080/1233
f 1233/1080/1233 426/1087/426 64/213/64 474/1088/474
f 1232/200/1232 1233/1080/1233 474/1088/474 473/1089/473
f 1231/199/1231 1232/200/1232 473/1089/473 472/210/472
f 625/1090/625 1231/199/1231 472/210/472 71/1091/71
f 626/1092/626 1228/1077/1228 1231/199/1231 625/1090/625
f 627/1083/627 1225/1075/1225 1228/1077/1228 626/1092/626
f 1234/1093/1234 1235/1094/1235 1238/222/1238 1237/1095/1237
f 1235/1094/1235 1236/1096/1236 1239/1097/1239 1238/222/1238
f 1237/1095/1237 1238/222/1238 1241/1098/1241 1240/1099/1240
f 1238/222/1238 1239/1097/1239 1242/1100/1242 1241/1098/1241
f 86/229/86 580/231/580 1234/1093/1234 564/1101/564
f 580/231/580 581/1102/581 1235/1094/1235 1234/1093/1234
f 581/1102/581 582/242/582 1236/1096/1236 1235/1094/1235
f 582/242/582 76/243/76 433/241/433 1236/1096/1236
f 1236/1096/1236 433/241/433 434/240/434 1239/1097/1239
f 1239/1097/1239 434/240/434 435/239/435 1242/1100/1242
f 1242/1100/1242 435/239/435 63/238/63 511/1103/511
f 1241/1098/1241 1242/1100/1242 511/1103/511 512/236/512
f 1240/1099/1240 1241/1098/1241 512/236/512 513/1104/513
f 562/233/562 1240/1099/1240 513/1104/513 73/234/73
f 563/1105/563 1237/1095/1237 1240/1099/1240 562/233/562
f 564/1101/564 1234/1093/1234 1237/1095/1237 563/1105/563
f 1243/1106/1243 1244/248/1244 1247/1107/1247 1246/1108/1246
f 1244/248/1244 1245/252/1245 1248/251/1248 1247/1107/1247
f 1246/1108/1246 1247/1107/1247 1250/1109/1250 1249/1110/1249
f 1247/1107/1247 1248/251/1248 1251/253/1251 1250/1109/1250
f 85/1111/85 577/256/577 1243/1106/1243 561/1112/561
f 577/256/577 578/269/578 1244/248/1244 1243/1106/1243
f 578/269/578 579/1113/579 1245/252/1245 1244/248/1244
f 579/1113/579 77/268/77 436/266/436 1245/252/1245
f 1245/252/1245 436/266/436 437/265/437 1248/251/1248
f 1248/251/1248 437/265/437 438/264/438 1251/253/1251
f 1251/253/1251 438/264/438 5/263/5 480/1114/480
f 1250/1109/1250 1251/253/1251 480/1114/480 479/1115/479
f 1249/1110/1249 1250/1109/1250 479/1115/479 478/260/478
f 559/429/559 1249/1110/1249 478/260/478 72/1116/72
f 560/1117/560 1246/1108/1246 1249/1110/1249 559/429/559
f 561/1112/561 1243/1106/1243 1246/1108/1246 560/1117/560
f 1252/1118/1252 1253/273/1253 1256/272/1256 1255/1119/1255
f 1253/273/1253 1254/1120/1254 1257/1121/1257 1256/272/1256
f 1255/1119/1255 1256/272/1256 1259/1122/1259 1258/1123/1258
f 1256/272/1256 1257/1121/1257 1260/278/1260 1259/1122/1259
f 94/1124/94 652/1125/652 1252/1118/1252 624/1126/624
f 652/1125/652 653/294/653 1253/273/1253 1252/1118/1252
f 653/294/653 654/1127/654 1254/1120/1254 1253/273/1253
f 654/1127/654 43/293/43 169/291/169 1254/1120/1254
f 1254/1120/1254 169/291/169 170/290/170 1257/1121/1257
f 1257/1121/1257 170/290/170 171/289/171 1260/278/1260
f 1260/278/1260 171/289/171 7/288/7 514/287/514
f 1259/1122/1259 1260/278/1260 514/287/514 515/286/515
f 1258/1123/1258 1259/1122/1259 515/286/515 516/1128/516
f 622/1129/622 1258/1123/1258 516/1128/516 74/1130/74
f 623/282/623 1255/1119/1255 1258/1123/1258 622/1129/622
f 624/1126/624 1252/1118/1252 1255/1119/1255 623/282/623
f 1261/1131/1261 1262/1132/1262 1265/297/1265 1264/1133/1264
f 1262/1132/1262 1263/1134/1263 1266/1135/1266 1265/297/1265
f 1264/1133/1264 1265/297/1265 1268/1136/1268 1267/1137/1267
f 1265/297/1265 1266/1135/1266 1269/1138/1269 1268/1136/1268
f 89/1139/89 649/1140/649 1261/1131/1261 442/305/442
f 649/1140/649 650/319/650 1262/1132/1262 1261/1131/1261
f 650/319/650 651/317/651 1263/1134/1263 1262/1132/1262
f 651/317/651 92/318/92 618/1141/618 1263/1134/1263
f 1263/1134/1263 618/1141/618 617/1142/617 1266/1135/1266
f 1266/1135/1266 617/1142/617 616/1143/616 1269/1138/1269
f 1269/1138/1269 616/1143/616 69/313/69 475/1144/475
f 1268/1136/1268 1269/1138/1269 475/1144/475 476/1145/476
f 1267/1137/1267 1268/1136/1268 476/1145/476 477/310/477
f 444/1146/444 1267/1137/1267 477/310/477 65/309/65
f 443/1147/443 1264/1133/1264 1267/1137/1267 444/1146/444
f 442/305/442 1261/1131/1261 1264/1133/1264 443/1147/443
f 1270/1148/1270 1271/1149/1271 1274/1150/1274 1273/1151/1273
f 1271/1149/1271 1272/1152/1272 1275/1153/1275 1274/1150/1274
f 1273/1151/1273 1274/1150/1274 1277/325/1277 1276/1154/1276
f 1274/1150/1274 1275/1153/1275 1278/1155/1278 1277/325/1277
f 82/689/82 574/1156/574 1270/1148/1270 466/1157/466
f 574/1156/574 575/344/575 1271/1149/1271 1270/1148/1270
f 575/344/575 576/1158/576 1272/1152/1272 1271/1149/1271
f 576/1158/576 83/1159/83 555/341/555 1272/1152/1272
f 1272/1152/1272 555/341/555 554/340/554 1275/1153/1275
f 1275/1153/1275 554/340/554 553/339/553 1278/1155/1278
f 1278/1155/1278 553/339/553 70/425/70 492/1160/492
f 1277/325/1277 1278/1155/1278 492/1160/492 491/1161/491
f 1276/1154/1276 1277/325/1277 491/1161/491 490/1162/490
f 468/1163/468 1276/1154/1276 490/1162/490 66/1164/66
f 467/332/467 1273/1151/1273 1276/1154/1276 468/1163/468
f 466/1157/466 1270/1148/1270 1273/1151/1273 467/332/467
f 1279/1165/1279 1280/1166/1280 1283/1167/1283 1282/1168/1282
f 1280/1166/1280 1281/352/1281 1284/1169/1284 1283/1167/1283
f 1282/1168/1282 1283/1167/1283 1286/1170/1286 1285/1171/1285
f 1283/1167/1283 1284/1169/1284 1287/353/1287 1286/1170/1286
f 81/1011/81 571/1172/571 1279/1165/1279 463/1012/463
f 571/1172/571 572/364/572 1280/1166/1280 1279/1165/1279
f 572/364/572 573/1173/573 1281/352/1281 1280/1166/1280
f 573/1173/573 84/443/84 558/1174/558 1281/352/1281
f 1281/352/1281 558/1174/558 557/1175/557 1284/1169/1284
f 1284/1169/1284 557/1175/557 556/359/556 1287/353/1287
f 1287/353/1287 556/359/556 67/448/67 469/1176/469
f 1286/1170/1286 1287/353/1287 469/1176/469 470/1177/470
f 1285/1171/1285 1286/1170/1286 470/1177/470 471/1178/471
f 465/70/465 1285/1171/1285 471/1178/471 57/69/57
f 464/1013/464 1282/1168/1282 1285/1171/1285 465/70/465
f 463/1012/463 1279/1165/1279 1282/1168/1282 464/1013/464
f 1288/1179/1288 1289/1180/1289 1292/367/1292 1291/1181/1291
f 1289/1180/1289 1290/1182/1290 1293/1183/1293 1292/367/1292
f 1291/1181/1291 1292/367/1292 1295/1184/1295 1294/1185/1294
f 1292/367/1292 1293/1183/1293 1296/1186/1296 1295/1184/1295
f 91/65/91 646/1187/646 1288/1179/1288 460/374/460
f 646/1187/646 647/388/647 1289/1180/1289 1288/1179/1288
f 647/388/647 648/1188/648 1290/1182/1290 1289/1180/1289
f 648/1188/648 93/1189/93 621/469/621 1290/1182/1290
f 1290/1182/1290 621/469/621 620/471/620 1293/1183/1293
f 1293/1183/1293 620/471/620 619/383/619 1296/1186/1296
f 1296/1186/1296 619/383/619 68/473/68 486/381/486
f 1295/1184/1295 1296/1186/1296 486/381/486 485/1190/485
f 1294/1185/1294 1295/1184/1295 485/1190/485 484/379/484
f 462/1191/462 1294/1185/1294 484/379/484 59/378/59
f 461/1192/461 1291/1181/1291 1294/1185/1294 462/1191/462
f 460/374/460 1288/1179/1288 1291/1181/1291 461/1192/461
f 1297/389/1297 1298/1193/1298 1301/1194/1301 1300/390/1300
f 1298/1193/1298 1299/1195/1299 1302/395/1302 1301/1194/1301
f 1300/390/1300 1301/1194/1301 1304/1196/1304 1303/1197/1303
f 1301/1194/1301 1302/395/1302 1305/1198/1305 1304/1196/1304
f 92/318/92 643/1199/643 1297/389/1297 618/1200/618
f 643/1199/643 644/1201/644 1298/1193/1298 1297/389/1297
f 644/1201/644 645/1202/645 1299/1195/1299 1298/1193/1298
f 645/1202/645 94/279/94 624/1203/624 1299/1195/1299
f 1299/1195/1299 624/1203/624 623/1204/623 1302/395/1302
f 1302/395/1302 623/1204/623 622/406/622 1305/1198/1305
f 1305/1198/1305 622/406/622 74/1205/74 487/404/487
f 1304/1196/1304 1305/1198/1305 487/404/487 488/1206/488
f 1303/1197/1303 1304/1196/1304 488/1206/488 489/1207/489
f 616/314/616 1303/1197/1303 489/1207/489 69/313/69
f 617/1208/617 1300/390/1300 1303/1197/1303 616/314/616
f 618/1200/618 1297/389/1297 1300/390/1300 617/1208/617
f 1306/1209/1306 1307/1210/1307 1310/1211/1310 1309/1212/1309
f 1307/1210/1307 1308/1213/1308 1311/417/1311 1310/1211/1310
f 1309/1212/1309 1310/1211/1310 1313/1214/1313 1312/1215/1312
f 1310/1211/1310 1311/417/1311 1314/419/1314 1313/1214/1313
f 83/1216/83 568/422/568 1306/1209/1306 555/1217/555
f 568/422/568 569/1218/569 1307/1210/1307 1306/1209/1306
f 569/1218/569 570/431/570 1308/1213/1308 1307/1210/1307
f 570/431/570 85/432/85 561/1219/561 1308/1213/1308
f 1308/1213/1308 561/1219/561 560/1220/560 1311/417/1311
f 1311/417/1311 560/1220/560 559/429/559 1314/419/1314
f 1314/419/1314 559/429/559 72/1221/72 510/428/510
f 1313/1214/1313 1314/419/1314 510/428/510 509/427/509
f 1312/1215/1312 1313/1214/1313 509/427/509 508/1222/508
f 553/424/553 1312/1215/1312 508/1222/508 70/1223/70
f 554/423/554 1309/1212/1309 1312/1215/1312 553/424/553
f 555/1217/555 1306/1209/1306 1309/1212/1309 554/423/554
f 1315/1224/1315 1316/1225/1316 1319/1226/1319 1318/1227/1318
f 1316/1225/1316 1317/441/1317 1320/1228/1320 1319/1226/1319
f 1318/1227/1318 1319/1226/1319 1322/439/1322 1321/1229/1321
f 1319/1226/1319 1320/1228/1320 1323/442/1323 1322/439/1322
f 84/1230/84 565/1231/565 1315/1224/1315 558/1232/558
f 565/1231/565 566/1233/566 1316/1225/1316 1315/1224/1315
f 566/1233/566 567/456/567 1317/441/1317 1316/1225/1316
f 567/456/567 86/229/86 564/455/564 1317/441/1317
f 1317/441/1317 564/455/564 563/1234/563 1320/1228/1320
f 1320/1228/1320 563/1234/563 562/1235/562 1323/442/1323
f 1323/442/1323 562/1235/562 73/234/73 481/451/481
f 1322/439/1322 1323/442/1323 481/451/481 482/450/482
f 1321/1229/1321 1322/439/1322 482/450/482 483/449/483
f 556/1236/556 1321/1229/1321 483/449/483 67/1237/67
f 557/1238/557 1318/1227/1318 1321/1229/1321 556/1236/556
f 558/1232/558 1315/1224/1315 1318/1227/1318 557/1238/557
f 1324/1239/1324 1325/1240/1325 1328/1241/1328 1327/1242/1327
f 1325/1240/1325 1326/1243/1326 1329/1244/1329 1328/1241/1328
f 1327/1242/1327 1328/1241/1328 1331/1245/1331 1330/1246/1330
f 1328/1241/1328 1329/1244/1329 1332/1247/1332 1331/1245/1331
f 93/1248/93 640/470/640 1324/1239/1324 621/1249/621
f 640/470/640 641/1250/641 1325/1240/1325 1324/1239/1324
f 641/1250/641 642/1251/642 1326/1243/1326 1325/1240/1325
f 642/1251/642 95/1252/95 627/479/627 1326/1243/1326
f 1326/1243/1326 627/479/627 626/1253/626 1329/1244/1329
f 1329/1244/1329 626/1253/626 625/478/625 1332/1247/1332
f 1332/1247/1332 625/478/625 71/477/71 507/1254/507
f 1331/1245/1331 1332/1247/1332 507/1254/507 506/475/506
f 1330/1246/1330 1331/1245/1331 506/475/506 505/474/505
f 619/1255/619 1330/1246/1330 505/474/505 68/473/68
f 620/1256/620 1327/1242/1327 1330/1246/1330 619/1255/619
f 621/1249/621 1324/1239/1324 1327/1242/1327 620/1256/620
f 1333/483/1333 1334/1257/1334 1337/1258/1337 1336/1259/1336
f 1334/1257/1334 1335/490/1335 1338/489/1338 1337/1258/1337
f 1336/1259/1336 1337/1258/1337 1340/1260/1340 1339/487/1339
f 1337/1258/1337 1338/489/1338 1341/1261/1341 1340/1260/1340
f 69/313/69 489/1207/489 1333/483/1333 501/1262/501
f 489/1207/489 488/1206/488 1334/1257/1334 1333/483/1333
f 488/1206/488 487/404/487 1335/490/1335 1334/1257/1334
f 487/404/487 74/1205/74 525/497/525 1335/490/1335
f 1335/490/1335 525/497/525 524/567/524 1338/489/1338
f 1338/489/1338 524/567/524 523/1263/523 1341/1261/1341
f 1341/1261/1341 523/1263/523 86/229/86 567/456/567
f 1340/1260/1340 1341/1261/1341 567/456/567 566/1233/566
f 1339/487/1339 1340/1260/1340 566/1233/566 565/1231/565
f 499/494/499 1339/487/1339 565/1231/565 84/1230/84
f 500/1264/500 1336/1259/1336 1339/487/1339 499/494/499
f 501/1262/501 1333/483/1333 1336/1259/1336 500/1264/500
f 1342/1265/1342 1343/501/1343 1346/500/1346 1345/1266/1345
f 1343/501/1343 1344/505/1344 1347/1267/1347 1346/500/1346
f 1345/1266/1345 1346/500/1346 1349/1268/1349 1348/502/1348
f 1346/500/1346 1347/1267/1347 1350/506/1350 1349/1268/1349
f 68/473/68 505/474/505 1342/1265/1342 498/1269/498
f 505/474/505 506/475/506 1343/501/1343 1342/1265/1342
f 506/475/506 507/1254/507 1344/505/1344 1343/501/1343
f 507/1254/507 71/477/71 522/1270/522 1344/505/1344
f 1344/505/1344 522/1270/522 521/1271/521 1347/1267/1347
f 1347/1267/1347 521/1271/521 520/1272/520 1350/506/1350
f 1350/506/1350 520/1272/520 85/432/85 570/431/570
f 1349/1268/1349 1350/506/1350 570/431/570 569/1218/569
f 1348/502/1348 1349/1268/1349 569/1218/569 568/422/568
f 496/540/496 1348/502/1348 568/422/568 83/1216/83
f 497/1273/497 1345/1266/1345 1348/502/1348 496/540/496
f 498/1269/498 1342/1265/1342 1345/1266/1345 497/1273/497
f 1351/513/1351 1352/1274/1352 1355/1275/1355 1354/1276/1354
f 1352/1274/1352 1353/1277/1353 1356/1278/1356 1355/1275/1355
f 1354/1276/1354 1355/1275/1355 1358/1279/1358 1357/1280/1357
f 1355/1275/1355 1356/1278/1356 1359/1281/1359 1358/1279/1358
f 65/309/65 477/310/477 1351/513/1351 547/1282/547
f 477/310/477 476/1145/476 1352/1274/1352 1351/513/1351
f 476/1145/476 475/1144/475 1353/1277/1353 1352/1274/1352
f 475/1144/475 69/313/69 501/527/501 1353/1277/1353
f 1353/1277/1353 501/527/501 500/526/500 1356/1278/1356
f 1356/1278/1356 500/526/500 499/1283/499 1359/1281/1359
f 1359/1281/1359 499/1283/499 84/443/84 573/1173/573
f 1358/1279/1358 1359/1281/1359 573/1173/573 572/364/572
f 1357/1280/1357 1358/1279/1358 572/364/572 571/1172/571
f 549/524/549 1357/1280/1357 571/1172/571 81/1011/81
f 548/1284/548 1354/1276/1354 1357/1280/1357 549/524/549
f 547/1282/547 1351/513/1351 1354/1276/1354 548/1284/548
f 1360/1285/1360 1361/531/1361 1364/530/1364 1363/1286/1363
f 1361/531/1361 1362/1287/1362 1365/1288/1365 1364/530/1364
f 1363/1286/1363 1364/530/1364 1367/1289/1367 1366/1290/1366
f 1364/530/1364 1365/1288/1365 1368/1291/1368 1367/1289/1367
f 59/378/59 484/379/484 1360/1285/1360 550/1292/550
f 484/379/484 485/1190/485 1361/531/1361 1360/1285/1360
f 485/1190/485 486/381/486 1362/1287/1362 1361/531/1361
f 486/381/486 68/473/68 498/1293/498 1362/1287/1362
f 1362/1287/1362 498/1293/498 497/1294/497 1365/1288/1365
f 1365/1288/1365 497/1294/497 496/1295/496 1368/1291/1368
f 1368/1291/1368 496/1295/496 83/1159/83 576/1158/576
f 1367/1289/1367 1368/1291/1368 576/1158/576 575/344/575
f 1366/1290/1366 1367/1289/1367 575/344/575 574/1156/574
f 552/1296/552 1366/1290/1366 574/1156/574 82/689/82
f 551/1297/551 1363/1286/1363 1366/1290/1366 552/1296/552
f 550/1292/550 1360/1285/1360 1363/1286/1363 551/1297/551
f 1369/1298/1369 1370/546/1370 1373/1299/1373 1372/544/1372
f 1370/546/1370 1371/1300/1371 1374/549/1374 1373/1299/1373
f 1372/544/1372 1373/1299/1373 1376/1301/1376 1375/1302/1375
f 1373/1299/1373 1374/549/1374 1377/1303/1377 1376/1301/1376
f 71/1091/71 472/210/472 1369/1298/1369 522/1304/522
f 472/210/472 473/1089/473 1370/546/1370 1369/1298/1369
f 473/1089/473 474/1088/474 1371/1300/1371 1370/546/1370
f 474/1088/474 64/213/64 535/556/535 1371/1300/1371
f 1371/1300/1371 535/556/535 536/555/536 1374/549/1374
f 1374/549/1374 536/555/536 537/554/537 1377/1303/1377
f 1377/1303/1377 537/554/537 77/268/77 579/1113/579
f 1376/1301/1376 1377/1303/1377 579/1113/579 578/269/578
f 1375/1302/1375 1376/1301/1376 578/269/578 577/256/577
f 520/553/520 1375/1302/1375 577/256/577 85/1111/85
f 521/1305/521 1372/544/1372 1375/1302/1375 520/553/520
f 522/1304/522 1369/1298/1369 1372/544/1372 521/1305/521
f 1378/1306/1378 1379/1307/1379 1382/1308/1382 1381/558/1381
f 1379/1307/1379 1380/564/1380 1383/1309/1383 1382/1308/1382
f 1381/558/1381 1382/1308/1382 1385/1310/1385 1384/1311/1384
f 1382/1308/1382 1383/1309/1383 1386/1312/1386 1385/1310/1385
f 74/1130/74 516/1128/516 1378/1306/1378 525/1313/525
f 516/1128/516 515/286/515 1379/1307/1379 1378/1306/1378
f 515/286/515 514/287/514 1380/564/1380 1379/1307/1379
f 514/287/514 7/288/7 532/571/532 1380/564/1380
f 1380/564/1380 532/571/532 533/570/533 1383/1309/1383
f 1383/1309/1383 533/570/533 534/569/534 1386/1312/1386
f 1386/1312/1386 534/569/534 76/243/76 582/242/582
f 1385/1310/1385 1386/1312/1386 582/242/582 581/1102/581
f 1384/1311/1384 1385/1310/1385 581/1102/581 580/231/580
f 523/1314/523 1384/1311/1384 580/231/580 86/229/86
f 524/567/524 1381/558/1381 1384/1311/1384 523/1314/523
f 525/1313/525 1378/1306/1378 1381/558/1381 524/567/524
f 1387/1315/1387 1388/1316/1388 1391/1317/1391 1390/1318/1390
f 1388/1316/1388 1389/1319/1389 1392/578/1392 1391/1317/1391
f 1390/1318/1390 1391/1317/1391 1394/1320/1394 1393/1321/1393
f 1391/1317/1391 1392/578/1392 1395/1322/1395 1394/1320/1394
f 53/581/53 691/1323/691 1387/1315/1387 390/582/390
f 691/1323/691 692/1324/692 1388/1316/1388 1387/1315/1387
f 692/1324/692 693/593/693 1389/1319/1389 1388/1316/1388
f 693/593/693 100/180/100 678/592/678 1389/1319/1389
f 1389/1319/1389 678/592/678 677/1325/677 1392/578/1392
f 1392/578/1392 677/1325/677 676/1326/676 1395/1322/1395
f 1395/1322/1395 676/1326/676 80/10/80 546/1327/546
f 1394/1320/1394 1395/1322/1395 546/1327/546 545/1328/545
f 1393/1321/1393 1394/1320/1394 545/1328/545 544/1329/544
f 388/585/388 1393/1321/1393 544/1329/544 12/586/12
f 389/584/389 1390/1318/1390 1393/1321/1393 388/585/388
f 390/582/390 1387/1315/1387 1390/1318/1390 389/584/389
f 1396/1330/1396 1397/598/1397 1400/597/1400 1399/1331/1399
f 1397/598/1397 1398/1332/1398 1401/1333/1401 1400/597/1400
f 1399/1331/1399 1400/597/1400 1403/1334/1403 1402/1335/1402
f 1400/597/1400 1401/1333/1401 1404/603/1404 1403/1334/1403
f 99/1053/99 688/1336/688 1396/1330/1396 675/167/675
f 688/1336/688 689/1337/689 1397/598/1397 1396/1330/1396
f 689/1337/689 690/1338/690 1398/1332/1398 1397/598/1397
f 690/1338/690 101/135/101 681/1339/681 1398/1332/1398
f 1398/1332/1398 681/1339/681 680/138/680 1401/1333/1401
f 1401/1333/1401 680/138/680 679/609/679 1404/603/1404
f 1404/603/1404 679/609/679 79/1340/79 543/607/543
f 1403/1334/1403 1404/603/1404 543/607/543 542/606/542
f 1402/1335/1402 1403/1334/1403 542/606/542 541/1341/541
f 673/165/673 1402/1335/1402 541/1341/541 62/164/62
f 674/166/674 1399/1331/1399 1402/1335/1402 673/165/673
f 675/167/675 1396/1330/1396 1399/1331/1399 674/166/674
f 1405/615/1405 1406/1342/1406 1409/617/1409 1408/616/1408
f 1406/1342/1406 1407/1343/1407 1410/1344/1410 1409/617/1409
f 1408/616/1408 1409/617/1409 1412/620/1412 1411/1345/1411
f 1409/617/1409 1410/1344/1410 1413/1346/1413 1412/620/1412
f 88/40/88 427/997/427 1405/615/1405 639/1347/639
f 427/997/427 428/996/428 1406/1342/1406 1405/615/1405
f 428/996/428 429/43/429 1407/1343/1407 1406/1342/1406
f 429/43/429 58/44/58 538/629/538 1407/1343/1407
f 1407/1343/1407 538/629/538 539/628/539 1410/1344/1410
f 1410/1344/1410 539/628/539 540/627/540 1413/1346/1413
f 1413/1346/1413 540/627/540 78/124/78 591/123/591
f 1412/620/1412 1413/1346/1413 591/123/591 590/125/590
f 1411/1345/1411 1412/620/1412 590/125/590 589/112/589
f 637/1348/637 1411/1345/1411 589/112/589 96/110/96
f 638/625/638 1408/616/1408 1411/1345/1411 637/1348/637
f 639/1347/639 1405/615/1405 1408/616/1408 638/625/638
f 1414/1349/1414 1415/1350/1415 1418/632/1418 1417/631/1417
f 1415/1350/1415 1416/1351/1416 1419/636/1419 1418/632/1418
f 1417/631/1417 1418/632/1418 1421/1352/1421 1420/634/1420
f 1418/632/1418 1419/636/1419 1422/638/1422 1421/1352/1421
f 62/49/62 541/639/541 1414/1349/1414 450/993/450
f 541/639/541 542/644/542 1415/1350/1415 1414/1349/1414
f 542/644/542 543/1353/543 1416/1351/1416 1415/1350/1415
f 543/1353/543 79/85/79 594/1023/594 1416/1351/1416
f 1416/1351/1416 594/1023/594 593/88/593 1419/636/1419
f 1419/636/1419 593/88/593 592/1025/592 1422/638/1422
f 1422/638/1422 592/1025/592 78/90/78 540/642/540
f 1421/1352/1421 1422/638/1422 540/642/540 539/641/539
f 1420/634/1420 1421/1352/1421 539/641/539 538/640/538
f 448/995/448 1420/634/1420 538/640/538 58/44/58
f 449/994/449 1417/631/1417 1420/634/1420 448/995/448
f 450/993/450 1414/1349/1414 1417/631/1417 449/994/449
f 1423/1354/1423 1424/1355/1424 1427/1356/1427 1426/646/1426
f 1424/1355/1424 1425/1357/1425 1428/1358/1428 1427/1356/1427
f 1426/646/1426 1427/1356/1427 1430/1359/1430 1429/1360/1429
f 1427/1356/1427 1428/1358/1428 1431/653/1431 1430/1359/1430
f 89/654/89 442/1361/442 1423/1354/1423 636/655/636
f 442/1361/442 443/659/443 1424/1355/1424 1423/1354/1423
f 443/659/443 444/1362/444 1425/1357/1425 1424/1355/1424
f 444/1362/444 65/309/65 547/1282/547 1425/1357/1425
f 1425/1357/1425 547/1282/547 548/1284/548 1428/1358/1428
f 1428/1358/1428 548/1284/548 549/524/549 1431/653/1431
f 1431/653/1431 549/524/549 81/1011/81 597/73/597
f 1430/1359/1430 1431/653/1431 597/73/597 596/1010/596
f 1429/1360/1429 1430/1359/1430 596/1010/596 595/1008/595
f 634/1363/634 1429/1360/1429 595/1008/595 97/1007/97
f 635/1364/635 1426/646/1426 1429/1360/1429 634/1363/634
f 636/655/636 1423/1354/1423 1426/646/1426 635/1364/635
f 1432/1365/1432 1433/1366/1433 1436/1367/1436 1435/1368/1435
f 1433/1366/1433 1434/1369/1434 1437/1370/1437 1436/1367/1436
f 1435/1368/1435 1436/1367/1436 1439/1371/1439 1438/664/1438
f 1436/1367/1436 1437/1370/1437 1440/668/1440 1439/1371/1439
f 12/586/12 544/1329/544 1432/1365/1432 150/669/150
f 544/1329/544 545/1328/545 1433/1366/1433 1432/1365/1432
f 545/1328/545 546/1327/546 1434/1369/1434 1433/1366/1433
f 546/1327/546 80/10/80 600/11/600 1434/1369/1434
f 1434/1369/1434 600/11/600 599/13/599 1437/1370/1437
f 1437/1370/1437 599/13/599 598/983/598 1440/668/1440
f 1440/668/1440 598/983/598 75/15/75 531/675/531
f 1439/1371/1439 1440/668/1440 531/675/531 530/674/530
f 1438/664/1438 1439/1371/1439 530/674/530 529/673/529
f 148/671/148 1438/664/1438 529/673/529 6/672/6
f 149/670/149 1435/1368/1435 1438/664/1438 148/671/148
f 150/669/150 1432/1365/1432 1435/1368/1435 149/670/149
f 1441/676/1441 1442/1372/1442 1445/678/1445 1444/1373/1444
f 1442/1372/1442 1443/1374/1443 1446/682/1446 1445/678/1445
f 1444/1373/1444 1445/678/1445 1448/681/1448 1447/1375/1447
f 1445/678/1445 1446/682/1446 1449/1376/1449 1448/681/1448
f 66/1164/66 607/1377/607 1441/676/1441 468/333/468
f 607/1377/607 608/1378/608 1442/1372/1442 1441/676/1441
f 608/1378/608 609/1379/609 1443/1374/1443 1442/1372/1442
f 609/1379/609 89/654/89 636/655/636 1443/1374/1443
f 1443/1374/1443 636/655/636 635/1364/635 1446/682/1446
f 1446/682/1446 635/1364/635 634/1363/634 1449/1376/1449
f 1449/1376/1449 634/1363/634 97/1007/97 633/692/633
f 1448/681/1448 1449/1376/1449 633/692/633 632/1380/632
f 1447/1375/1447 1448/681/1448 632/1380/632 631/1381/631
f 466/1382/466 1447/1375/1447 631/1381/631 82/689/82
f 467/1383/467 1444/1373/1444 1447/1375/1447 466/1382/466
f 468/333/468 1441/676/1441 1444/1373/1444 467/1383/467
f 1450/1384/1450 1451/1385/1451 1454/697/1454 1453/1386/1453
f 1451/1385/1451 1452/1387/1452 1455/1388/1455 1454/697/1454
f 1453/1386/1453 1454/697/1454 1457/1389/1457 1456/699/1456
f 1454/697/1454 1455/1388/1455 1458/1390/1458 1457/1389/1457
f 60/19/60 604/705/604 1450/1384/1450 420/704/420
f 604/705/604 605/1391/605 1451/1385/1451 1450/1384/1450
f 605/1391/605 606/1392/606 1452/1387/1452 1451/1385/1451
f 606/1392/606 88/40/88 639/1347/639 1452/1387/1452
f 1452/1387/1452 639/1347/639 638/625/638 1455/1388/1455
f 1455/1388/1455 638/625/638 637/1348/637 1458/1390/1458
f 1458/1390/1458 637/1348/637 96/110/96 630/1393/630
f 1457/1389/1457 1458/1390/1458 630/1393/630 629/710/629
f 1456/699/1456 1457/1389/1457 629/710/629 628/709/628
f 418/707/418 1456/699/1456 628/709/628 75/708/75
f 419/706/419 1453/1386/1453 1456/699/1456 418/707/418
f 420/704/420 1450/1384/1450 1453/1386/1453 419/706/419
f 1459/714/1459 1460/1394/1460 1463/1395/1463 1462/1396/1462
f 1460/1394/1460 1461/721/1461 1464/720/1464 1463/1395/1463
f 1462/1396/1462 1463/1395/1463 1466/1397/1466 1465/718/1465
f 1463/1395/1463 1464/720/1464 1467/722/1467 1466/1397/1466
f 67/1237/67 483/449/483 1459/714/1459 504/723/504
f 483/449/483 482/450/482 1460/1394/1460 1459/714/1459
f 482/450/482 481/451/481 1461/721/1461 1460/1394/1460
f 481/451/481 73/234/73 528/1398/528 1461/721/1461
f 1461/721/1461 528/1398/528 527/1399/527 1464/720/1464
f 1464/720/1464 527/1399/527 526/1400/526 1467/722/1467
f 1467/722/1467 526/1400/526 95/1252/95 642/1251/642
f 1466/1397/1466 1467/722/1467 642/1251/642 641/1250/641
f 1465/718/1465 1466/1397/1466 641/1250/641 640/470/640
f 502/725/502 1465/718/1465 640/470/640 93/1248/93
f 503/1401/503 1462/1396/1462 1465/718/1465 502/725/502
f 504/723/504 1459/714/1459 1462/1396/1462 503/1401/503
f 1468/1402/1468 1469/1403/1469 1472/1404/1472 1471/1405/1471
f 1469/1403/1469 1470/1406/1470 1473/1407/1473 1472/1404/1472
f 1471/1405/1471 1472/1404/1472 1475/1408/1475 1474/1409/1474
f 1472/1404/1472 1473/1407/1473 1476/1410/1476 1475/1408/1475
f 70/1223/70 508/1222/508 1468/1402/1468 495/1411/495
f 508/1222/508 509/427/509 1469/1403/1469 1468/1402/1468
f 509/427/509 510/428/510 1470/1406/1470 1469/1403/1469
f 510/428/510 72/1221/72 519/743/519 1470/1406/1470
f 1470/1406/1470 519/743/519 518/1412/518 1473/1407/1473
f 1473/1407/1473 518/1412/518 517/741/517 1476/1410/1476
f 1476/1410/1476 517/741/517 94/279/94 645/1202/645
f 1475/1408/1475 1476/1410/1476 645/1202/645 644/1201/644
f 1474/1409/1474 1475/1408/1475 644/1201/644 643/1199/643
f 493/740/493 1474/1409/1474 643/1199/643 92/318/92
f 494/1413/494 1471/1405/1471 1474/1409/1474 493/740/493
f 495/1411/495 1468/1402/1468 1471/1405/1471 494/1413/494
f 1477/1414/1477 1478/1415/1478 1481/746/1481 1480/745/1480
f 1478/1415/1478 1479/751/1479 1482/750/1482 1481/746/1481
f 1480/745/1480 1481/746/1481 1484/1416/1484 1483/748/1483
f 1481/746/1481 1482/750/1482 1485/1417/1485 1484/1416/1484
f 57/69/57 471/1178/471 1477/1414/1477 613/1014/613
f 471/1178/471 470/1177/470 1478/1415/1478 1477/1414/1477
f 470/1177/470 469/1176/469 1479/751/1479 1478/1415/1478
f 469/1176/469 67/448/67 504/758/504 1479/751/1479
f 1479/751/1479 504/758/504 503/1418/503 1482/750/1482
f 1482/750/1482 503/1418/503 502/1419/502 1485/1417/1485
f 1485/1417/1485 502/1419/502 93/1189/93 648/1188/648
f 1484/1416/1484 1485/1417/1485 648/1188/648 647/388/647
f 1483/748/1483 1484/1416/1484 647/388/647 646/1187/646
f 615/755/615 1483/748/1483 646/1187/646 91/65/91
f 614/754/614 1480/745/1480 1483/748/1483 615/755/615
f 613/1014/613 1477/1414/1477 1480/745/1480 614/754/614
f 1486/1420/1486 1487/1421/1487 1490/761/1490 1489/1422/1489
f 1487/1421/1487 1488/766/1488 1491/1423/1491 1490/761/1490
f 1489/1422/1489 1490/761/1490 1493/764/1493 1492/763/1492
f 1490/761/1490 1491/1423/1491 1494/767/1494 1493/764/1493
f 66/1164/66 490/1162/490 1486/1420/1486 607/768/607
f 490/1162/490 491/1161/491 1487/1421/1487 1486/1420/1486
f 491/1161/491 492/1160/492 1488/766/1488 1487/1421/1487
f 492/1160/492 70/425/70 495/1424/495 1488/766/1488
f 1488/766/1488 495/1424/495 494/739/494 1491/1423/1491
f 1491/1423/1491 494/739/494 493/1425/493 1494/767/1494
f 1494/767/1494 493/1425/493 92/318/92 651/317/651
f 1493/764/1493 1494/767/1494 651/317/651 650/319/650
f 1492/763/1492 1493/764/1493 650/319/650 649/1140/649
f 609/1426/609 1492/763/1492 649/1140/649 89/1139/89
f 608/1378/608 1489/1422/1489 1492/763/1492 609/1426/609
f 607/768/607 1486/1420/1486 1489/1422/1489 608/1378/608
f 1495/1427/1495 1496/1428/1496 1499/1429/1499 1498/1430/1498
f 1496/1428/1496 1497/780/1497 1500/779/1500 1499/1429/1499
f 1498/1430/1498 1499/1429/1499 1502/778/1502 1501/1431/1501
f 1499/1429/1499 1500/779/1500 1503/1432/1503 1502/778/1502
f 72/1116/72 478/260/478 1495/1427/1495 519/1433/519
f 478/260/478 479/1115/479 1496/1428/1496 1495/1427/1495
f 479/1115/479 480/1114/480 1497/780/1497 1496/1428/1496
f 480/1114/480 5/263/5 322/785/322 1497/780/1497
f 1497/780/1497 322/785/322 323/784/323 1500/779/1500
f 1500/779/1500 323/784/323 324/783/324 1503/1432/1503
f 1503/1432/1503 324/783/324 43/293/43 654/1127/654
f 1502/778/1502 1503/1432/1503 654/1127/654 653/294/653
f 1501/1431/1501 1502/778/1502 653/294/653 652/1125/652
f 517/1434/517 1501/1431/1501 652/1125/652 94/1124/94
f 518/742/518 1498/1430/1498 1501/1431/1501 517/1434/517
f 519/1433/519 1495/1427/1495 1498/1430/1498 518/742/518
f 1504/1435/1504 1505/1436/1505 1508/1437/1508 1507/1438/1507
f 1505/1436/1505 1506/1439/1506 1509/792/1509 1508/1437/1508
f 1507/1438/1507 1508/1437/1508 1511/1440/1511 1510/790/1510
f 1508/1437/1508 1509/792/1509 1512/1441/1512 1511/1440/1511
f 73/234/73 513/1104/513 1504/1435/1504 528/1442/528
f 513/1104/513 512/236/512 1505/1436/1505 1504/1435/1504
f 512/236/512 511/1103/511 1506/1439/1506 1505/1436/1505
f 511/1103/511 63/238/63 601/952/601 1506/1439/1506
f 1506/1439/1506 601/952/601 602/1443/602 1509/792/1509
f 1509/792/1509 602/1443/602 603/1444/603 1512/1441/1512
f 1512/1441/1512 603/1444/603 87/1085/87 657/1084/657
f 1511/1440/1511 1512/1441/1512 657/1084/657 656/219/656
f 1510/790/1510 1511/1440/1511 656/219/656 655/1082/655
f 526/1400/526 1510/790/1510 655/1082/655 95/1081/95
f 527/1445/527 1507/1438/1507 1510/790/1510 526/1400/526
f 528/1442/528 1504/1435/1504 1507/1438/1507 527/1445/527
f 1513/801/1513 1514/804/1514 1517/1446/1517 1516/1447/1516
f 1514/804/1514 1515/1448/1515 1518/1449/1518 1517/1446/1517
f 1516/1447/1516 1517/1446/1517 1520/806/1520 1519/1450/1519
f 1517/1446/1517 1518/1449/1518 1521/809/1521 1520/806/1520
f 98/871/98 685/1451/685 1513/801/1513 672/191/672
f 685/1451/685 686/1452/686 1514/804/1514 1513/801/1513
f 686/1452/686 687/814/687 1515/1448/1515 1514/804/1514
f 687/814/687 102/1048/102 684/1050/684 1515/1448/1515
f 1515/1448/1515 684/1050/684 683/158/683 1518/1449/1518
f 1518/1449/1518 683/158/683 682/1055/682 1521/809/1521
f 1521/809/1521 682/1055/682 90/1056/90 612/813/612
f 1520/806/1520 1521/809/1521 612/813/612 611/812/611
f 1519/1450/1519 1520/806/1520 611/812/611 610/855/610
f 670/1070/670 1519/1450/1519 610/855/610 61/188/61
f 671/1069/671 1516/1447/1516 1519/1450/1519 670/1070/670
f 672/191/672 1513/801/1513 1516/1447/1516 671/1069/671
f 1522/816/1522 1523/1453/1523 1526/1454/1526 1525/817/1525
f 1523/1453/1523 1524/1455/1524 1527/1456/1527 1526/1454/1526
f 1525/817/1525 1526/1454/1526 1529/1457/1529 1528/1458/1528
f 1526/1454/1526 1527/1456/1527 1530/1459/1530 1529/1457/1529
f 75/708/75 628/709/628 1522/816/1522 531/825/531
f 628/709/628 629/710/629 1523/1453/1523 1522/816/1522
f 629/710/629 630/1393/630 1524/1455/1524 1523/1453/1523
f 630/1393/630 96/110/96 663/1031/663 1524/1455/1524
f 1524/1455/1524 663/1031/663 662/113/662 1527/1456/1527
f 1527/1456/1527 662/113/662 661/1032/661 1530/1459/1530
f 1530/1459/1530 661/1032/661 39/115/39 312/831/312
f 1529/1457/1529 1530/1459/1530 312/831/312 311/830/311
f 1528/1458/1528 1529/1457/1529 311/830/311 310/829/310
f 529/827/529 1528/1458/1528 310/829/310 6/828/6
f 530/826/530 1525/817/1525 1528/1458/1528 529/827/529
f 531/825/531 1522/816/1522 1525/817/1525 530/826/530
f 1531/1460/1531 1532/1461/1532 1535/1462/1535 1534/833/1534
f 1532/1461/1532 1533/1463/1533 1536/1464/1536 1535/1462/1535
f 1534/833/1534 1535/1462/1535 1538/1465/1538 1537/1466/1537
f 1535/1462/1535 1536/1464/1536 1539/1467/1539 1538/1465/1538
f 82/689/82 631/1381/631 1531/1460/1531 552/1468/552
f 631/1381/631 632/1380/632 1532/1461/1532 1531/1460/1531
f 632/1380/632 633/692/633 1533/1463/1533 1532/1461/1532
f 633/692/633 97/1007/97 666/1009/666 1533/1463/1533
f 1533/1463/1533 666/1009/666 665/63/665 1536/1464/1536
f 1536/1464/1536 665/63/665 664/1016/664 1539/1467/1539
f 1539/1467/1539 664/1016/664 91/1017/91 460/1469/460
f 1538/1465/1538 1539/1467/1539 460/1469/460 461/844/461
f 1537/1466/1537 1538/1465/1538 461/844/461 462/377/462
f 550/843/550 1537/1466/1537 462/377/462 59/378/59
f 551/1470/551 1534/833/1534 1537/1466/1537 550/843/550
f 552/1468/552 1531/1460/1531 1534/833/1534 551/1470/551
f 1540/1471/1540 1541/1472/1541 1544/1473/1544 1543/1474/1543
f 1541/1472/1541 1542/1475/1542 1545/1476/1545 1544/1473/1544
f 1543/1474/1543 1544/1473/1544 1547/1477/1547 1546/1478/1546
f 1544/1473/1544 1545/1476/1545 1548/1479/1548 1547/1477/1547
f 61/979/61 610/1480/610 1540/1471/1540 447/980/447
f 610/1480/610 611/812/611 1541/1472/1541 1540/1471/1540
f 611/812/611 612/1481/612 1542/1475/1542 1541/1472/1541
f 612/1481/612 90/35/90 669/992/669 1542/1475/1542
f 1542/1475/1542 669/992/669 668/38/668 1545/1476/1545
f 1545/1476/1545 668/38/668 667/998/667 1548/1479/1548
f 1548/1479/1548 667/998/667 88/40/88 606/1392/606
f 1547/1477/1547 1548/1479/1548 606/1392/606 605/1391/605
f 1546/1478/1546 1547/1477/1547 605/1391/605 604/705/604
f 445/982/445 1546/1478/1546 604/705/604 60/19/60
f 446/981/446 1543/1474/1543 1546/1478/1546 445/982/445
f 447/980/447 1540/1471/1540 1543/1474/1543 446/981/446
f 1549/1482/1549 1550/1483/1550 1553/1484/1553 1552/1485/1552
f 1550/1483/1550 1551/1486/1551 1554/1487/1554 1553/1484/1553
f 1552/1485/1552 1553/1484/1553 1556/863/1556 1555/1488/1555
f 1553/1484/1553 1554/1487/1554 1557/866/1557 1556/863/1556
f 64/213/64 426/1489/426 1549/1482/1549 423/1490/423
f 426/1489/426 425/880/425 1550/1483/1550 1549/1482/1549
f 425/880/425 424/879/424 1551/1486/1551 1550/1483/1550
f 424/879/424 87/1491/87 660/1492/660 1551/1486/1551
f 1551/1486/1551 660/1492/660 659/1493/659 1554/1487/1554
f 1554/1487/1554 659/1493/659 658/1494/658 1557/866/1557
f 1557/866/1557 658/1494/658 102/875/102 687/1495/687
f 1556/863/1556 1557/866/1557 687/1495/687 686/815/686
f 1555/1488/1555 1556/863/1556 686/815/686 685/1496/685
f 421/870/421 1555/1488/1555 685/1496/685 98/1497/98
f 422/1498/422 1552/1485/1552 1555/1488/1555 421/870/421
f 423/1490/423 1549/1482/1549 1552/1485/1552 422/1498/422
f 1558/1499/1558 1559/1500/1559 1562/883/1562 1561/1501/1561
f 1559/1500/1559 1560/1502/1560 1563/1503/1563 1562/883/1562
f 1561/1501/1561 1562/883/1562 1565/1504/1565 1564/1505/1564
f 1562/883/1562 1563/1503/1563 1566/1506/1566 1565/1504/1565
f 63/238/63 435/891/435 1558/1499/1558 432/1507/432
f 435/891/435 434/903/434 1559/1500/1559 1558/1499/1558
f 434/903/434 433/901/433 1560/1502/1560 1559/1500/1559
f 433/901/433 76/902/76 588/1508/588 1560/1502/1560
f 1560/1502/1560 588/1508/588 587/899/587 1563/1503/1563
f 1563/1503/1563 587/899/587 586/1509/586 1566/1506/1566
f 1566/1506/1566 586/1509/586 101/135/101 690/1510/690
f 1565/1504/1565 1566/1506/1566 690/1510/690 689/896/689
f 1564/1505/1564 1565/1504/1565 689/896/689 688/895/688
f 430/893/430 1564/1505/1564 688/895/688 99/894/99
f 431/1511/431 1561/1501/1561 1564/1505/1564 430/893/430
f 432/1507/432 1558/1499/1558 1561/1501/1561 431/1511/431
f 1567/1512/1567 1568/1513/1568 1571/1514/1571 1570/1515/1570
f 1568/1513/1568 1569/1516/1569 1572/910/1572 1571/1514/1571
f 1570/1515/1570 1571/1514/1571 1574/1517/1574 1573/1518/1573
f 1571/1514/1571 1572/910/1572 1575/1519/1575 1574/1517/1574
f 5/913/5 438/915/438 1567/1512/1567 135/914/135
f 438/915/438 437/923/437 1568/1513/1568 1567/1512/1567
f 437/923/437 436/921/436 1569/1516/1569 1568/1513/1568
f 436/921/436 77/922/77 585/1520/585 1569/1516/1569
f 1569/1516/1569 585/1520/585 584/919/584 1572/910/1572
f 1572/910/1572 584/919/584 583/918/583 1575/1519/1575
f 1575/1519/1575 583/918/583 100/180/100 693/593/693
f 1574/1517/1574 1575/1519/1575 693/593/693 692/1324/692
f 1573/1518/1573 1574/1517/1574 692/1324/692 691/1323/691
f 133/917/133 1573/1518/1573 691/1323/691 53/581/53
f 134/916/134 1570/1515/1570 1573/1518/1573 133/917/133
f 135/914/135 1567/1512/1567 1570/1515/1570 134/916/134
f 1576/1521/1576 1577/1522/1577 1580/1523/1580 1579/1524/1579
f 1577/1522/1577 1578/1525/1578 1581/1526/1581 1580/1523/1580
f 1579/1524/1579 1580/1523/1580 1583/929/1583 1582/1527/1582
f 1580/1523/1580 1581/1526/1581 1584/932/1584 1583/929/1583
f 77/922/77 537/933/537 1576/1521/1576 585/1520/585
f 537/933/537 536/938/536 1577/1522/1577 1576/1521/1576
f 536/938/536 535/937/535 1578/1525/1578 1577/1522/1577
f 535/937/535 64/213/64 423/1490/423 1578/1525/1578
f 1578/1525/1578 423/1490/423 422/1498/422 1581/1526/1581
f 1581/1526/1581 422/1498/422 421/870/421 1584/932/1584
f 1584/932/1584 421/870/421 98/1497/98 696/1528/696
f 1583/929/1583 1584/932/1584 696/1528/696 695/935/695
f 1582/1527/1582 1583/929/1583 695/935/695 694/1529/694
f 583/918/583 1582/1527/1582 694/1529/694 100/180/100
f 584/919/584 1579/1524/1579 1582/1527/1582 583/918/583
f 585/1520/585 1576/1521/1576 1579/1524/1579 584/919/584
f 1585/1530/1585 1586/942/1586 1589/941/1589 1588/1531/1588
f 1586/942/1586 1587/1532/1587 1590/1533/1590 1589/941/1589
f 1588/1531/1588 1589/941/1589 1592/1534/1592 1591/1535/1591
f 1589/941/1589 1590/1533/1590 1593/1536/1593 1592/1534/1592
f 87/1491/87 603/948/603 1585/1530/1585 660/1492/660
f 603/948/603 602/953/602 1586/942/1586 1585/1530/1585
f 602/953/602 601/1537/601 1587/1532/1587 1586/942/1586
f 601/1537/601 63/238/63 432/1507/432 1587/1532/1587
f 1587/1532/1587 432/1507/432 431/1511/431 1590/1533/1590
f 1590/1533/1590 431/1511/431 430/893/430 1593/1536/1593
f 1593/1536/1593 430/893/430 99/894/99 699/951/699
f 1592/1534/1592 1593/1536/1593 699/951/699 698/950/698
f 1591/1535/1591 1592/1534/1592 698/950/698 697/949/697
f 658/1494/658 1591/1535/1591 697/949/697 102/875/102
f 659/1493/659 1588/1531/1588 1591/1535/1591 658/1494/658
f 660/1492/660 1585/1530/1585 1588/1531/1588 659/1493/659
f 1594/1538/1594 1595/957/1595 1598/956/1598 1597/1539/1597
f 1595/957/1595 1596/1540/1596 1599/1541/1599 1598/956/1598
f 1597/1539/1597 1598/956/1598 1601/959/1601 1600/1542/1600
f 1598/956/1598 1599/1541/1599 1602/962/1602 1601/959/1601
f 76/902/76 534/963/534 1594/1538/1594 588/1508/588
f 534/963/534 533/969/533 1595/957/1595 1594/1538/1594
f 533/969/533 532/967/532 1596/1540/1596 1595/957/1595
f 532/967/532 7/968/7 129/966/129 1596/1540/1596
f 1596/1540/1596 129/966/129 128/965/128 1599/1541/1599
f 1599/1541/1599 128/965/128 127/964/127 1602/962/1602
f 1602/962/1602 127/964/127 52/144/52 702/143/702
f 1601/959/1601 1602/962/1602 702/143/702 701/145/701
f 1600/1542/1600 1601/959/1601 701/145/701 700/1039/700
f 586/1509/586 1600/1542/1600 700/1039/700 101/135/101
f 587/899/587 1597/1539/1597 1600/1542/1600 586/1509/586
f 588/1508/588 1594/1538/1594 1597/1539/1597 587/899/587
o Cube.001
v 0.555956 2.015354 0.773521
v 0.555956 2.497904 0.773521
v 0.555956 2.015354 0.290971
v 0.555956 2.497904 0.290971
v -0.000000 1.934929 0.210546
v -0.000000 2.578329 0.210546
v -0.000000 1.934929 0.853946
v 0.000000 2.578329 0.853946
v -0.555956 2.015354 0.773521
v -0.555956 2.497904 0.773521
v -0.555956 2.015354 0.290971
v -0.555956 2.497904 0.290971
v 0.182387 2.576607 0.212268
v 0.347187 2.564553 0.224322
v 0.477656 2.534820 0.254055
v 0.582988 2.399778 0.255777
v 0.596566 2.256629 0.238099
v 0.582988 2.113481 0.255777
v 0.582988 1.980161 0.675394
v 0.596566 1.962482 0.532246
v 0.582988 1.980161 0.389097
v 0.582988 2.533098 0.389097
v 0.596566 2.550776 0.532246
v 0.582988 2.533098 0.675394
v 0.582988 2.399778 0.808715
v 0.596566 2.256629 0.826393
v 0.582988 2.113481 0.808715
v 0.182387 1.936651 0.852224
v 0.347187 1.948706 0.840169
v 0.477656 1.978439 0.810437
v 0.477656 1.978439 0.254055
v 0.347187 1.948706 0.224322
v 0.182387 1.936651 0.212268
v 0.477656 2.534820 0.810437
v 0.347187 2.564553 0.840169
v 0.182387 2.576607 0.852224
v -0.000000 2.432559 0.944424
v 0.000000 2.256629 0.974583
v -0.000000 2.080700 0.944424
v -0.000000 2.668808 0.356316
v -0.000000 2.698967 0.532246
v -0.000000 2.668808 0.708176
v 0.000000 2.432559 0.120068
v -0.000000 2.256629 0.089909
v 0.000000 2.080700 0.120068
v -0.000000 1.844451 0.356316
v -0.000000 1.814292 0.532246
v -0.000000 1.844451 0.708176
v -0.182387 2.576607 0.212268
v -0.347187 2.564553 0.224322
v -0.477656 2.534820 0.254055
v -0.582988 2.399778 0.255777
v -0.596566 2.256629 0.238099
v -0.582988 2.113481 0.255777
v -0.582988 1.980161 0.675394
v -0.596566 1.962482 0.532246
v -0.582988 1.980161 0.389098
v -0.582988 2.533098 0.389097
v -0.596566 2.550776 0.532246
v -0.582988 2.533098 0.675394
v -0.582988 2.399778 0.808715
v -0.596566 2.256629 0.826393
v -0.582988 2.113481 0.808715
v -0.182387 1.936651 0.852224
v -0.347187 1.948706 0.840169
v -0.477656 1.978439 0.810437
v -0.477656 1.978439 0.254055
v -0.347187 1.948706 0.224322
v -0.182387 1.936651 0.212268
v -0.477656 2.534820 0.810437
v -0.347187 2.564553 0.840169
v -0.182387 2.576607 0.852224
v 0.182638 2.081648 0.122250
v 0.182888 2.256629 0.092236
v 0.182638 2.431611 0.122250
v 0.349189 2.088286 0.137521
v 0.351190 2.256629 0.108525
v 0.349189 2.424973 0.137521
v 0.485136 2.103119 0.178290
v 0.491681 2.256629 0.152647
v 0.485136 2.410139 0.178290
v 0.640829 2.104068 0.379684
v 0.660413 2.256629 0.371489
v 0.640829 2.409191 0.379684
v 0.660413 2.095872 0.532246
v 0.681790 2.256629 0.532246
v 0.660412 2.417386 0.532246
v 0.640829 2.104068 0.684807
v 0.660412 2.256629 0.693003
v 0.640828 2.409191 0.684807
v 0.182638 1.846633 0.357265
v 0.349189 1.861905 0.363903
v 0.485136 1.902674 0.378736
v 0.182888 1.816619 0.532246
v 0.351190 1.832909 0.532246
v 0.491681 1.877031 0.532246
v 0.182638 1.846633 0.707227
v 0.349189 1.861905 0.700589
v 0.485136 1.902674 0.685756
v 0.485136 2.103119 0.886202
v 0.491681 2.256629 0.911844
v 0.485136 2.410139 0.886202
v 0.349189 2.088286 0.926971
v 0.351190 2.256629 0.955966
v 0.349189 2.424973 0.926970
v 0.182638 2.081648 0.942242
v 0.182888 2.256629 0.972256
v 0.182638 2.431611 0.942242
v 0.485136 2.610585 0.378736
v 0.349189 2.651354 0.363903
v 0.182638 2.666625 0.357265
v 0.491681 2.636228 0.532246
v 0.351190 2.680350 0.532246
v 0.182888 2.696640 0.532246
v 0.485136 2.610585 0.685756
v 0.349189 2.651354 0.700589
v 0.182638 2.666626 0.707227
v -0.182638 2.081648 0.122250
v -0.349189 2.088286 0.137521
v -0.485136 2.103119 0.178290
v -0.182888 2.256629 0.092236
v -0.351190 2.256629 0.108525
v -0.491681 2.256629 0.152647
v -0.182638 2.431611 0.122250
v -0.349189 2.424973 0.137521
v -0.485136 2.410139 0.178290
v -0.640829 2.104068 0.379684
v -0.660413 2.095872 0.532246
v -0.640829 2.104068 0.684808
v -0.660413 2.256629 0.371489
v -0.681790 2.256629 0.532246
v -0.660412 2.256629 0.693003
v -0.640829 2.409191 0.379684
v -0.660412 2.417386 0.532246
v -0.640828 2.409191 0.684807
v -0.182638 1.846633 0.357265
v -0.182888 1.816619 0.532246
v -0.182638 1.846633 0.707227
v -0.349189 1.861905 0.363903
v -0.351190 1.832909 0.532246
v -0.349189 1.861905 0.700589
v -0.485136 1.902674 0.378736
v -0.491681 1.877031 0.532246
v -0.485136 1.902674 0.685756
v -0.485136 2.103119 0.886202
v -0.349189 2.088286 0.926970
v -0.182638 2.081648 0.942242
v -0.491681 2.256629 0.911844
v -0.351190 2.256629 0.955966
v -0.182888 2.256629 0.972256
v -0.485136 2.410139 0.886202
v -0.349189 2.424973 0.926971
v -0.182638 2.431611 0.942242
v -0.485136 2.610585 0.378736
v -0.491681 2.636228 0.532246
v -0.485136 2.610585 0.685756
v -0.349189 2.651354 0.363903
v -0.351190 2.680350 0.532246
v -0.349189 2.651354 0.700589
v -0.182638 2.666625 0.357265
v -0.182888 2.696640 0.532246
v -0.182638 2.666625 0.707227
vn 0.6762 -0.5210 0.5210
vn 0.6762 0.5210 0.5210
vn 0.6762 -0.5210 -0.5210
vn 0.6762 0.5210 -0.5209
vn -0.0000 -0.7071 -0.7071
vn -0.0000 0.7071 -0.7071
vn -0.0000 -0.7071 0.7071
vn -0.0000 0.7071 0.7071
vn -0.6762 -0.5210 0.5209
vn -0.6762 0.5210 0.5209
vn -0.6762 -0.5210 -0.5210
vn -0.6762 0.5210 -0.5209
vn 0.0573 0.7059 -0.7059
vn 0.2013 0.6926 -0.6926
vn 0.4350 0.6367 -0.6367
vn 0.7531 0.2785 -0.5961
vn 0.7825 -0.0000 -0.6226
vn 0.7531 -0.2785 -0.5961
vn 0.7531 -0.5961 0.2785
vn 0.7825 -0.6226 -0.0000
vn 0.7531 -0.5961 -0.2785
vn 0.7531 0.5961 -0.2785
vn 0.7825 0.6226 -0.0000
vn 0.7531 0.5961 0.2785
vn 0.7531 0.2785 0.5961
vn 0.7825 -0.0000 0.6226
vn 0.7531 -0.2785 0.5961
vn 0.0573 -0.7059 0.7059
vn 0.2013 -0.6926 0.6926
vn 0.4350 -0.6367 0.6367
vn 0.4350 -0.6367 -0.6367
vn 0.2013 -0.6926 -0.6926
vn 0.0573 -0.7059 -0.7059
vn 0.4350 0.6367 0.6367
vn 0.2013 0.6926 0.6926
vn 0.0573 0.7059 0.7059
vn -0.0000 0.3549 0.9349
vn -0.0000 -0.0000 1.0000
vn -0.0000 -0.3549 0.9349
vn -0.0000 0.9349 -0.3549
vn -0.0000 1.0000 -0.0000
vn -0.0000 0.9349 0.3549
vn -0.0000 0.3549 -0.9349
vn -0.0000 -0.0000 -1.0000
vn -0.0000 -0.3549 -0.9349
vn -0.0000 -0.9349 -0.3549
vn -0.0000 -1.0000 -0.0000
vn -0.0000 -0.9349 0.3549
vn -0.0573 0.7059 -0.7059
vn -0.2013 0.6926 -0.6926
vn -0.4350 0.6367 -0.6367
vn -0.7531 0.2785 -0.5961
vn -0.7825 -0.0000 -0.6226
vn -0.7531 -0.2785 -0.5961
vn -0.7531 -0.5961 0.2785
vn -0.7825 -0.6226 -0.0000
vn -0.7531 -0.5961 -0.2785
vn -0.7531 0.5961 -0.2785
vn -0.7825 0.6226 -0.0000
vn -0.7531 0.5961 0.2785
vn -0.7531 0.2785 0.5961
vn -0.7825 -0.0000 0.6226
vn -0.7531 -0.2785 0.5961
vn -0.0573 -0.7059 0.7059
vn -0.2013 -0.6926 0.6926
vn -0.4350 -0.6367 0.6367
vn -0.4350 -0.6367 -0.6367
vn -0.2013 -0.6926 -0.6926
vn -0.0573 -0.7059 -0.7059
vn -0.4350 0.6367 0.6367
vn -0.2013 0.6926 0.6926
vn -0.0573 0.7059 0.7059
vn 0.0560 -0.3549 -0.9332
vn 0.0548 -0.0000 -0.9985
vn 0.0560 0.3549 -0.9332
vn 0.2000 -0.3501 -0.9151
vn 0.1992 -0.0000 -0.9800
vn 0.2000 0.3501 -0.9151
vn 0.4531 -0.3195 -0.8322
vn 0.4708 -0.0000 -0.8823
vn 0.4531 0.3195 -0.8322
vn 0.9208 -0.2758 -0.2758
vn 0.9579 -0.0000 -0.2872
vn 0.9208 0.2758 -0.2758
vn 0.9579 -0.2872 -0.0000
vn 1.0000 -0.0000 -0.0000
vn 0.9579 0.2872 -0.0000
vn 0.9208 -0.2758 0.2758
vn 0.9579 -0.0000 0.2872
vn 0.9208 0.2758 0.2758
vn 0.0560 -0.9332 -0.3549
vn 0.2000 -0.9151 -0.3501
vn 0.4531 -0.8322 -0.3195
vn 0.0548 -0.9985 -0.0000
vn 0.1992 -0.9800 -0.0000
vn 0.4708 -0.8823 -0.0000
vn 0.0560 -0.9332 0.3549
vn 0.2000 -0.9151 0.3501
vn 0.4531 -0.8322 0.3195
vn 0.4531 -0.3195 0.8322
vn 0.4708 -0.0000 0.8823
vn 0.4531 0.3195 0.8322
vn 0.2000 -0.3501 0.9151
vn 0.1992 -0.0000 0.9800
vn 0.2000 0.3501 0.9151
vn 0.0560 -0.3549 0.9332
vn 0.0548 -0.0000 0.9985
vn 0.0560 0.3549 0.9332
vn 0.4531 0.8322 -0.3195
vn 0.2000 0.9151 -0.3501
vn 0.0560 0.9332 -0.3549
vn 0.4708 0.8823 -0.0000
vn 0.1992 0.9800 -0.0000
vn 0.0548 0.9985 -0.0000
vn 0.4531 0.8322 0.3195
vn 0.2000 0.9151 0.3501
vn 0.0560 0.9332 0.3549
vn -0.0560 -0.3549 -0.9332
vn -0.2000 -0.3501 -0.9151
vn -0.4531 -0.3195 -0.8322
vn -0.0548 -0.0000 -0.9985
vn -0.1992 -0.0000 -0.9800
vn -0.4708 -0.0000 -0.8823
vn -0.0560 0.3549 -0.9332
vn -0.2000 0.3501 -0.9151
vn -0.4531 0.3195 -0.8322
vn -0.9208 -0.2758 -0.2758
vn -0.9579 -0.2872 -0.0000
vn -0.9208 -0.2758 0.2758
vn -0.9579 -0.0000 -0.2872
vn -1.0000 -0.0000 -0.0000
vn -0.9579 -0.0000 0.2872
vn -0.9208 0.2758 -0.2758
vn -0.9579 0.2872 -0.0000
vn -0.9208 0.2758 0.2758
vn -0.0560 -0.9332 -0.3549
vn -0.0548 -0.9985 -0.0000
vn -0.0560 -0.9332 0.3549
vn -0.2000 -0.9151 -0.3501
vn -0.1992 -0.9800 -0.0000
vn -0.2000 -0.9151 0.3501
vn -0.4531 -0.8322 -0.3195
vn -0.4708 -0.8823 -0.0000
vn -0.4531 -0.8322 0.3195
vn -0.4531 -0.3195 0.8322
vn -0.2000 -0.3501 0.9151
vn -0.0560 -0.3549 0.9332
vn -0.4708 -0.0000 0.8823
vn -0.1992 -0.0000 0.9800
vn -0.0548 -0.0000 0.9985
vn -0.4531 0.3195 0.8322
vn -0.2000 0.3501 0.9151
vn -0.0560 0.3549 0.9332
vn -0.4531 0.8322 -0.3195
vn -0.4708 0.8823 -0.0000
vn -0.4531 0.8322 0.3195
vn -0.2000 0.9151 -0.3501
vn -0.1992 0.9800 -0.0000
vn -0.2000 0.9151 0.3501
vn -0.0560 0.9332 -0.3549
vn -0.0548 0.9985 -0.0000
vn -0.0560 0.9332 0.3549
vt 0.437500 0.406399
vt 0.500000 0.406467
vt 0.500000 0.439236
vt 0.437500 0.438694
vt 0.562500 0.406399
vt 0.562500 0.438694
vt 0.500000 0.475043
vt 0.437609 0.473267
vt 0.562392 0.473267
vt 0.375000 0.375000
vt 0.437500 0.375000
vt 0.375000 0.406250
vt 0.500000 0.375000
vt 0.562500 0.375000
vt 0.625000 0.375000
vt 0.625000 0.406250
vt 0.625000 0.437500
vt 0.625000 0.468750
vt 0.625000 0.500000
vt 0.561252 0.514350
vt 0.500000 0.517361
vt 0.438748 0.514350
vt 0.375000 0.468750
vt 0.375000 0.500000
vt 0.375000 0.437500
vt 0.441976 0.566976
vt 0.500000 0.568576
vt 0.500000 0.625000
vt 0.443576 0.625000
vt 0.558024 0.566976
vt 0.556424 0.625000
vt 0.500000 0.681424
vt 0.441976 0.683024
vt 0.558024 0.683024
vt 0.389350 0.563748
vt 0.610650 0.563748
vt 0.607639 0.625000
vt 0.610650 0.686252
vt 0.625000 0.750000
vt 0.561252 0.735650
vt 0.500000 0.732639
vt 0.438748 0.735650
vt 0.389350 0.686252
vt 0.375000 0.750000
vt 0.392361 0.625000
vt 0.281399 0.562500
vt 0.313694 0.562500
vt 0.314236 0.625000
vt 0.281467 0.625000
vt 0.348267 0.562609
vt 0.350043 0.625000
vt 0.313694 0.687500
vt 0.281399 0.687500
vt 0.348267 0.687392
vt 0.250000 0.500000
vt 0.281250 0.500000
vt 0.250000 0.562500
vt 0.312500 0.500000
vt 0.343750 0.500000
vt 0.343750 0.750000
vt 0.312500 0.750000
vt 0.281250 0.750000
vt 0.250000 0.687500
vt 0.250000 0.750000
vt 0.250000 0.625000
vt 0.437609 0.776733
vt 0.500000 0.774957
vt 0.500000 0.810764
vt 0.437500 0.811306
vt 0.562392 0.776734
vt 0.562500 0.811306
vt 0.500000 0.843533
vt 0.437500 0.843601
vt 0.562500 0.843601
vt 0.375000 0.781250
vt 0.625000 0.781250
vt 0.625000 0.812500
vt 0.625000 0.843750
vt 0.625000 0.875000
vt 0.562500 0.875000
vt 0.500000 0.875000
vt 0.437500 0.875000
vt 0.375000 0.843750
vt 0.375000 0.875000
vt 0.375000 0.812500
vt 0.651733 0.562609
vt 0.686307 0.562500
vt 0.685764 0.625000
vt 0.649957 0.625000
vt 0.718601 0.562500
vt 0.718533 0.625000
vt 0.686307 0.687500
vt 0.651733 0.687391
vt 0.718601 0.687500
vt 0.656250 0.500000
vt 0.687500 0.500000
vt 0.718750 0.500000
vt 0.750000 0.500000
vt 0.750000 0.562500
vt 0.750000 0.625000
vt 0.750000 0.687500
vt 0.750000 0.750000
vt 0.718750 0.750000
vt 0.687500 0.750000
vt 0.656250 0.750000
vt 0.437500 0.406399
vt 0.437500 0.438694
vt 0.500000 0.406467
vt 0.437609 0.473267
vt 0.500000 0.475043
vt 0.562500 0.438694
vt 0.562500 0.406399
vt 0.562392 0.473267
vt 0.438748 0.514350
vt 0.500000 0.517361
vt 0.441976 0.566976
vt 0.443576 0.625000
vt 0.500000 0.568576
vt 0.441976 0.683024
vt 0.500000 0.681424
vt 0.556424 0.625000
vt 0.558024 0.683024
vt 0.389350 0.563748
vt 0.392361 0.625000
vt 0.389350 0.686252
vt 0.438748 0.735650
vt 0.500000 0.732639
vt 0.561252 0.735650
vt 0.610650 0.686252
vt 0.607639 0.625000
vt 0.610650 0.563748
vt 0.313694 0.562500
vt 0.281399 0.687500
vt 0.350043 0.625000
vt 0.437609 0.776733
vt 0.437500 0.811306
vt 0.500000 0.810764
vt 0.437500 0.843601
vt 0.500000 0.843533
vt 0.562392 0.776733
vt 0.562500 0.843601
vt 0.651734 0.562609
vt 0.649957 0.625000
vt 0.685764 0.625000
vt 0.686307 0.562500
vt 0.651734 0.687392
vt 0.686307 0.687500
vt 0.718533 0.625000
vt 0.718601 0.562500
s 1
usemtl Material.003
f 1675/1543/1675 1676/1544/1676 1679/1545/1679 1678/1546/1678
f 1676/1544/1676 1677/1547/1677 1680/1548/1680 1679/1545/1679
f 1678/1546/1678 1679/1545/1679 1682/1549/1682 1681/1550/1681
f 1679/1545/1679 1680/1548/1680 1683/1551/1683 1682/1549/1682
f 1607/1552/1607 1647/1553/1647 1675/1543/1675 1635/1554/1635
f 1647/1553/1647 1646/1555/1646 1676/1544/1676 1675/1543/1675
f 1646/1555/1646 1645/1556/1645 1677/1547/1677 1676/1544/1676
f 1645/1556/1645 1608/1557/1608 1615/1558/1615 1677/1547/1677
f 1677/1547/1677 1615/1558/1615 1616/1559/1616 1680/1548/1680
f 1680/1548/1680 1616/1559/1616 1617/1560/1617 1683/1551/1683
f 1683/1551/1683 1617/1560/1617 1606/1561/1606 1618/1562/1618
f 1682/1549/1682 1683/1551/1683 1618/1562/1618 1619/1563/1619
f 1681/1550/1681 1682/1549/1682 1619/1563/1619 1620/1564/1620
f 1633/1565/1633 1681/1550/1681 1620/1564/1620 1605/1566/1605
f 1634/1567/1634 1678/1546/1678 1681/1550/1681 1633/1565/1633
f 1635/1554/1635 1675/1543/1675 1678/1546/1678 1634/1567/1634
f 1684/1568/1684 1685/1569/1685 1688/1570/1688 1687/1571/1687
f 1685/1569/1685 1686/1572/1686 1689/1573/1689 1688/1570/1688
f 1687/1571/1687 1688/1570/1688 1691/1574/1691 1690/1575/1690
f 1688/1570/1688 1689/1573/1689 1692/1576/1692 1691/1574/1691
f 1605/1566/1605 1620/1564/1620 1684/1568/1684 1623/1577/1623
f 1620/1564/1620 1619/1563/1619 1685/1569/1685 1684/1568/1684
f 1619/1563/1619 1618/1562/1618 1686/1572/1686 1685/1569/1685
f 1618/1562/1618 1606/1561/1606 1624/1578/1624 1686/1572/1686
f 1686/1572/1686 1624/1578/1624 1625/1579/1625 1689/1573/1689
f 1689/1573/1689 1625/1579/1625 1626/1580/1626 1692/1576/1692
f 1692/1576/1692 1626/1580/1626 1604/1581/1604 1627/1582/1627
f 1691/1574/1691 1692/1576/1692 1627/1582/1627 1628/1583/1628
f 1690/1575/1690 1691/1574/1691 1628/1583/1628 1629/1584/1629
f 1621/1585/1621 1690/1575/1690 1629/1584/1629 1603/1586/1603
f 1622/1587/1622 1687/1571/1687 1690/1575/1690 1621/1585/1621
f 1623/1577/1623 1684/1568/1684 1687/1571/1687 1622/1587/1622
f 1693/1588/1693 1694/1589/1694 1697/1590/1697 1696/1591/1696
f 1694/1589/1694 1695/1592/1695 1698/1593/1698 1697/1590/1697
f 1696/1591/1696 1697/1590/1697 1700/1594/1700 1699/1595/1699
f 1697/1590/1697 1698/1593/1698 1701/1596/1701 1700/1594/1700
f 1607/1597/1607 1635/1598/1635 1693/1588/1693 1648/1599/1648
f 1635/1598/1635 1634/1600/1634 1694/1589/1694 1693/1588/1693
f 1634/1600/1634 1633/1601/1633 1695/1592/1695 1694/1589/1694
f 1633/1601/1633 1605/1566/1605 1623/1577/1623 1695/1592/1695
f 1695/1592/1695 1623/1577/1623 1622/1587/1622 1698/1593/1698
f 1698/1593/1698 1622/1587/1622 1621/1585/1621 1701/1596/1701
f 1701/1596/1701 1621/1585/1621 1603/1586/1603 1632/1602/1632
f 1700/1594/1700 1701/1596/1701 1632/1602/1632 1631/1603/1631
f 1699/1595/1699 1700/1594/1700 1631/1603/1631 1630/1604/1630
f 1650/1605/1650 1699/1595/1699 1630/1604/1630 1609/1606/1609
f 1649/1607/1649 1696/1591/1696 1699/1595/1699 1650/1605/1650
f 1648/1599/1648 1693/1588/1693 1696/1591/1696 1649/1607/1649
f 1702/1608/1702 1703/1609/1703 1706/1610/1706 1705/1611/1705
f 1703/1609/1703 1704/1612/1704 1707/1613/1707 1706/1610/1706
f 1705/1611/1705 1706/1610/1706 1709/1614/1709 1708/1615/1708
f 1706/1610/1706 1707/1613/1707 1710/1616/1710 1709/1614/1709
f 1603/1586/1603 1629/1584/1629 1702/1608/1702 1632/1617/1632
f 1629/1584/1629 1628/1583/1628 1703/1609/1703 1702/1608/1702
f 1628/1583/1628 1627/1582/1627 1704/1612/1704 1703/1609/1703
f 1627/1582/1627 1604/1581/1604 1636/1618/1636 1704/1612/1704
f 1704/1612/1704 1636/1618/1636 1637/1619/1637 1707/1613/1707
f 1707/1613/1707 1637/1619/1637 1638/1620/1638 1710/1616/1710
f 1710/1616/1710 1638/1620/1638 1610/1621/1610 1639/1622/1639
f 1709/1614/1709 1710/1616/1710 1639/1622/1639 1640/1623/1640
f 1708/1615/1708 1709/1614/1709 1640/1623/1640 1641/1624/1641
f 1630/1625/1630 1708/1615/1708 1641/1624/1641 1609/1626/1609
f 1631/1627/1631 1705/1611/1705 1708/1615/1708 1630/1625/1630
f 1632/1617/1632 1702/1608/1702 1705/1611/1705 1631/1627/1631
f 1711/1628/1711 1712/1629/1712 1715/1630/1715 1714/1631/1714
f 1712/1629/1712 1713/1632/1713 1716/1633/1716 1715/1630/1715
f 1714/1631/1714 1715/1630/1715 1718/1634/1718 1717/1635/1717
f 1715/1630/1715 1716/1633/1716 1719/1636/1719 1718/1634/1718
f 1606/1561/1606 1617/1637/1617 1711/1628/1711 1624/1578/1624
f 1617/1637/1617 1616/1638/1616 1712/1629/1712 1711/1628/1711
f 1616/1638/1616 1615/1639/1615 1713/1632/1713 1712/1629/1712
f 1615/1639/1615 1608/1640/1608 1642/1641/1642 1713/1632/1713
f 1713/1632/1713 1642/1641/1642 1643/1642/1643 1716/1633/1716
f 1716/1633/1716 1643/1642/1643 1644/1643/1644 1719/1636/1719
f 1719/1636/1719 1644/1643/1644 1610/1644/1610 1638/1645/1638
f 1718/1634/1718 1719/1636/1719 1638/1645/1638 1637/1646/1637
f 1717/1635/1717 1718/1634/1718 1637/1646/1637 1636/1647/1636
f 1626/1580/1626 1717/1635/1717 1636/1647/1636 1604/1581/1604
f 1625/1579/1625 1714/1631/1714 1717/1635/1717 1626/1580/1626
f 1624/1578/1624 1711/1628/1711 1714/1631/1714 1625/1579/1625
f 1720/1648/1720 1721/1649/1721 1724/1545/1724 1723/1650/1723
f 1721/1649/1721 1722/1651/1722 1725/1652/1725 1724/1545/1724
f 1723/1650/1723 1724/1545/1724 1727/1653/1727 1726/1654/1726
f 1724/1545/1724 1725/1652/1725 1728/1655/1728 1727/1653/1727
f 1607/1552/1607 1671/1554/1671 1720/1648/1720 1647/1553/1647
f 1671/1554/1671 1670/1567/1670 1721/1649/1721 1720/1648/1720
f 1670/1567/1670 1669/1565/1669 1722/1651/1722 1721/1649/1721
f 1669/1565/1669 1613/1566/1613 1656/1656/1656 1722/1651/1722
f 1722/1651/1722 1656/1656/1656 1655/1657/1655 1725/1652/1725
f 1725/1652/1725 1655/1657/1655 1654/1562/1654 1728/1655/1728
f 1728/1655/1728 1654/1562/1654 1614/1561/1614 1653/1560/1653
f 1727/1653/1727 1728/1655/1728 1653/1560/1653 1652/1559/1652
f 1726/1654/1726 1727/1653/1727 1652/1559/1652 1651/1558/1651
f 1645/1556/1645 1726/1654/1726 1651/1558/1651 1608/1557/1608
f 1646/1555/1646 1723/1650/1723 1726/1654/1726 1645/1556/1645
f 1647/1553/1647 1720/1648/1720 1723/1650/1723 1646/1555/1646
f 1729/1658/1729 1730/1659/1730 1733/1570/1733 1732/1660/1732
f 1730/1659/1730 1731/1661/1731 1734/1662/1734 1733/1570/1733
f 1732/1660/1732 1733/1570/1733 1736/1663/1736 1735/1572/1735
f 1733/1570/1733 1734/1662/1734 1737/1664/1737 1736/1663/1736
f 1613/1566/1613 1659/1665/1659 1729/1658/1729 1656/1656/1656
f 1659/1665/1659 1658/1666/1658 1730/1659/1730 1729/1658/1729
f 1658/1666/1658 1657/1667/1657 1731/1661/1731 1730/1659/1730
f 1657/1667/1657 1611/1586/1611 1665/1668/1665 1731/1661/1731
f 1731/1661/1731 1665/1668/1665 1664/1669/1664 1734/1662/1734
f 1734/1662/1734 1664/1669/1664 1663/1670/1663 1737/1664/1737
f 1737/1664/1737 1663/1670/1663 1612/1581/1612 1662/1671/1662
f 1736/1663/1736 1737/1664/1737 1662/1671/1662 1661/1672/1661
f 1735/1572/1735 1736/1663/1736 1661/1672/1661 1660/1673/1660
f 1654/1562/1654 1735/1572/1735 1660/1673/1660 1614/1561/1614
f 1655/1657/1655 1732/1660/1732 1735/1572/1735 1654/1562/1654
f 1656/1656/1656 1729/1658/1729 1732/1660/1732 1655/1657/1655
f 1738/1588/1738 1739/1591/1739 1742/1590/1742 1741/1674/1741
f 1739/1591/1739 1740/1675/1740 1743/1594/1743 1742/1590/1742
f 1741/1674/1741 1742/1590/1742 1745/1676/1745 1744/1592/1744
f 1742/1590/1742 1743/1594/1743 1746/1596/1746 1745/1676/1745
f 1607/1597/1607 1648/1599/1648 1738/1588/1738 1671/1598/1671
f 1648/1599/1648 1649/1607/1649 1739/1591/1739 1738/1588/1738
f 1649/1607/1649 1650/1605/1650 1740/1675/1740 1739/1591/1739
f 1650/1605/1650 1609/1606/1609 1666/1604/1666 1740/1675/1740
f 1740/1675/1740 1666/1604/1666 1667/1603/1667 1743/1594/1743
f 1743/1594/1743 1667/1603/1667 1668/1602/1668 1746/1596/1746
f 1746/1596/1746 1668/1602/1668 1611/1586/1611 1657/1667/1657
f 1745/1676/1745 1746/1596/1746 1657/1667/1657 1658/1666/1658
f 1744/1592/1744 1745/1676/1745 1658/1666/1658 1659/1665/1659
f 1669/1601/1669 1744/1592/1744 1659/1665/1659 1613/1566/1613
f 1670/1600/1670 1741/1674/1741 1744/1592/1744 1669/1601/1669
f 1671/1598/1671 1738/1588/1738 1741/1674/1741 1670/1600/1670
f 1747/1677/1747 1748/1678/1748 1751/1679/1751 1750/1609/1750
f 1748/1678/1748 1749/1680/1749 1752/1681/1752 1751/1679/1751
f 1750/1609/1750 1751/1679/1751 1754/1613/1754 1753/1682/1753
f 1751/1679/1751 1752/1681/1752 1755/1683/1755 1754/1613/1754
f 1611/1586/1611 1668/1617/1668 1747/1677/1747 1665/1668/1665
f 1668/1617/1668 1667/1627/1667 1748/1678/1748 1747/1677/1747
f 1667/1627/1667 1666/1625/1666 1749/1680/1749 1748/1678/1748
f 1666/1625/1666 1609/1626/1609 1641/1624/1641 1749/1680/1749
f 1749/1680/1749 1641/1624/1641 1640/1623/1640 1752/1681/1752
f 1752/1681/1752 1640/1623/1640 1639/1622/1639 1755/1683/1755
f 1755/1683/1755 1639/1622/1639 1610/1621/1610 1674/1620/1674
f 1754/1613/1754 1755/1683/1755 1674/1620/1674 1673/1619/1673
f 1753/1682/1753 1754/1613/1754 1673/1619/1673 1672/1618/1672
f 1663/1670/1663 1753/1682/1753 1672/1618/1672 1612/1581/1612
f 1664/1669/1664 1750/1609/1750 1753/1682/1753 1663/1670/1663
f 1665/1668/1665 1747/1677/1747 1750/1609/1750 1664/1669/1664
f 1756/1684/1756 1757/1685/1757 1760/1686/1760 1759/1687/1759
f 1757/1685/1757 1758/1688/1758 1761/1689/1761 1760/1686/1760
f 1759/1687/1759 1760/1686/1760 1763/1690/1763 1762/1691/1762
f 1760/1686/1760 1761/1689/1761 1764/1636/1764 1763/1690/1763
f 1614/1561/1614 1660/1673/1660 1756/1684/1756 1653/1637/1653
f 1660/1673/1660 1661/1672/1661 1757/1685/1757 1756/1684/1756
f 1661/1672/1661 1662/1671/1662 1758/1688/1758 1757/1685/1757
f 1662/1671/1662 1612/1581/1612 1672/1647/1672 1758/1688/1758
f 1758/1688/1758 1672/1647/1672 1673/1646/1673 1761/1689/1761
f 1761/1689/1761 1673/1646/1673 1674/1645/1674 1764/1636/1764
f 1764/1636/1764 1674/1645/1674 1610/1644/1610 1644/1643/1644
f 1763/1690/1763 1764/1636/1764 1644/1643/1644 1643/1642/1643
f 1762/1691/1762 1763/1690/1763 1643/1642/1643 1642/1641/1642
f 1651/1639/1651 1762/1691/1762 1642/1641/1642 1608/1640/1608
f 1652/1638/1652 1759/1687/1759 1762/1691/1762 1651/1639/1651
f 1653/1637/1653 1756/1684/1756 1759/1687/1759 1652/1638/1652
o Cube.002
v 0.558638 0.852651 -0.345713
v 0.558638 2.294849 -0.345713
v 0.558638 0.852651 -0.817893
v 0.558638 2.294849 -0.817892
v 0.000000 0.822897 -0.842899
v 0.000000 2.324603 -0.842899
v 0.000000 0.822897 -0.338761
v -0.000000 2.324603 -0.338761
v 0.620708 0.822897 -0.425133
v 0.620708 0.822897 -0.612087
v 0.620708 2.324603 -0.612087
v 0.620708 2.324603 -0.425133
v -0.000000 2.384111 -0.612087
v -0.000000 2.384111 -0.425133
v 0.000000 0.763389 -0.612087
v 0.000000 0.763389 -0.425133
v 0.620708 1.935467 -0.842899
v 0.620708 1.212034 -0.842899
v 0.620708 1.935467 -0.338761
v 0.620709 1.212034 -0.338761
v -0.000000 1.935467 -0.324858
v -0.000000 1.212034 -0.324858
v 0.000000 1.935467 -0.892912
v 0.000000 1.212034 -0.892912
v 0.744850 1.935467 -0.612087
v 0.744850 1.212034 -0.612087
v 0.744850 1.935467 -0.425133
v 0.744850 1.212034 -0.425133
v -0.558638 0.852651 -0.345713
v -0.558638 2.294849 -0.345713
v -0.558638 0.852651 -0.817893
v -0.558638 2.294849 -0.817892
v -0.620708 0.822897 -0.425133
v -0.620708 0.822897 -0.612087
v -0.620709 2.324603 -0.612087
v -0.620708 2.324603 -0.425133
v -0.620708 1.935467 -0.842899
v -0.620708 1.212034 -0.842899
v -0.620708 1.935467 -0.338761
v -0.620708 1.212034 -0.338761
v -0.744850 1.935467 -0.612087
v -0.744850 1.212034 -0.612087
v -0.744850 1.935467 -0.425133
v -0.744850 1.212034 -0.425133
v 0.183267 2.323966 -0.842364
v 0.348861 2.319507 -0.838616
v 0.479959 2.308507 -0.829371
v 0.619379 1.071229 -0.842363
v 0.610076 0.964658 -0.838615
v 0.587129 0.891797 -0.829371
v 0.619379 0.823534 -0.674789
v 0.610076 0.827994 -0.735786
v 0.587129 0.838994 -0.786496
v 0.619379 2.323966 -0.394863
v 0.610076 2.319507 -0.371313
v 0.587129 2.308507 -0.354788
v 0.619379 1.071229 -0.338910
v 0.610076 0.964658 -0.339952
v 0.587129 0.891797 -0.342522
v 0.183267 0.823534 -0.338910
v 0.348861 0.827994 -0.339952
v 0.479959 0.838994 -0.342522
v 0.479959 0.838994 -0.829371
v 0.348861 0.827994 -0.838615
v 0.183267 0.823534 -0.842363
v 0.479959 2.308507 -0.342522
v 0.348861 2.319507 -0.339952
v 0.183267 2.323966 -0.338910
v -0.000000 1.070747 -0.325076
v 0.000000 0.960801 -0.326596
v 0.000000 0.879187 -0.330724
v 0.000000 2.383182 -0.394750
v 0.000000 2.376673 -0.370412
v 0.000000 2.359007 -0.351841
v 0.000000 1.070747 -0.892131
v -0.000000 0.960801 -0.886660
v -0.000000 0.879187 -0.871813
v -0.000000 0.764318 -0.394750
v 0.000000 0.770827 -0.370412
v 0.000000 0.788494 -0.351841
v 0.587129 0.838993 -0.354788
v 0.610076 0.827994 -0.371313
v 0.619379 0.823534 -0.394863
v 0.620708 0.822897 -0.461828
v 0.620708 0.822897 -0.505069
v 0.620708 0.822897 -0.555080
v 0.587129 2.308507 -0.786496
v 0.610076 2.319507 -0.735786
v 0.619379 2.323966 -0.674789
v 0.620708 2.324603 -0.555080
v 0.620708 2.324603 -0.505069
v 0.620708 2.324603 -0.461828
v 0.000000 2.359007 -0.797094
v 0.000000 2.376673 -0.739028
v -0.000000 2.383182 -0.675195
v 0.000000 2.384112 -0.555080
v 0.000000 2.384112 -0.505069
v 0.000000 2.384112 -0.461828
v 0.000000 0.788494 -0.797094
v -0.000000 0.770827 -0.739028
v 0.000000 0.764318 -0.675194
v -0.000000 0.763389 -0.555080
v 0.000000 0.763389 -0.505069
v 0.000000 0.763389 -0.461828
v 0.184273 2.383182 -0.612087
v 0.356907 2.376673 -0.612087
v 0.506265 2.359007 -0.612087
v 0.184273 2.383182 -0.425133
v 0.356907 2.376673 -0.425133
v 0.506265 2.359007 -0.425133
v 0.506265 0.788494 -0.612087
v 0.356907 0.770827 -0.612087
v 0.184273 0.764318 -0.612087
v 0.506265 0.788494 -0.425133
v 0.356907 0.770827 -0.425133
v 0.184273 0.764318 -0.425133
v 0.742910 1.070747 -0.612087
v 0.729332 0.960801 -0.612087
v 0.692478 0.879187 -0.612087
v 0.742910 1.070747 -0.425133
v 0.729332 0.960801 -0.425133
v 0.692478 0.879187 -0.425133
v 0.587129 2.255703 -0.829371
v 0.610076 2.182842 -0.838615
v 0.619379 2.076271 -0.842363
v 0.620708 1.763195 -0.842899
v 0.620708 1.573750 -0.842899
v 0.620708 1.384305 -0.842899
v 0.587129 2.255703 -0.342522
v 0.610076 2.182842 -0.339952
v 0.619379 2.076271 -0.338910
v 0.620708 1.763195 -0.338761
v 0.620708 1.573750 -0.338761
v 0.620708 1.384305 -0.338761
v 0.000000 2.268313 -0.330724
v -0.000000 2.186699 -0.326596
v 0.000000 2.076753 -0.325076
v -0.000000 1.763195 -0.324858
v 0.000000 1.573750 -0.324858
v 0.000000 1.384305 -0.324858
v -0.000000 2.268313 -0.871813
v 0.000000 2.186699 -0.886660
v -0.000000 2.076753 -0.892131
v 0.000000 1.763195 -0.892912
v -0.000000 1.573750 -0.892912
v -0.000000 1.384305 -0.892912
v 0.692478 2.268313 -0.612087
v 0.729332 2.186699 -0.612087
v 0.742910 2.076753 -0.612087
v 0.744850 1.763195 -0.612087
v 0.744850 1.573750 -0.612087
v 0.744850 1.384305 -0.612087
v 0.692478 2.268313 -0.425133
v 0.729332 2.186699 -0.425133
v 0.742910 2.076753 -0.425133
v 0.744850 1.763195 -0.425133
v 0.744850 1.573750 -0.425133
v 0.744850 1.384305 -0.425133
v 0.744850 1.212034 -0.555080
v 0.744850 1.212034 -0.505069
v 0.744850 1.212034 -0.461828
v 0.744850 1.935467 -0.555080
v 0.744850 1.935467 -0.505069
v 0.744850 1.935467 -0.461828
v 0.692478 1.212034 -0.797094
v 0.729332 1.212034 -0.739028
v 0.742910 1.212034 -0.675195
v 0.692478 1.935467 -0.797094
v 0.729332 1.935467 -0.739028
v 0.742910 1.935467 -0.675195
v 0.506265 1.212034 -0.330724
v 0.356907 1.212034 -0.326596
v 0.184273 1.212034 -0.325076
v 0.506265 1.935467 -0.330724
v 0.356907 1.935467 -0.326596
v 0.184273 1.935467 -0.325076
v 0.742910 1.212034 -0.394750
v 0.729332 1.212034 -0.370412
v 0.692478 1.212034 -0.351841
v 0.742910 1.935467 -0.394750
v 0.729332 1.935467 -0.370412
v 0.692478 1.935467 -0.351841
v 0.184273 1.212034 -0.892131
v 0.356907 1.212034 -0.886660
v 0.506265 1.212034 -0.871813
v 0.184273 1.935467 -0.892131
v 0.356907 1.935467 -0.886660
v 0.506265 1.935467 -0.871813
v -0.183267 2.323966 -0.842363
v -0.348861 2.319507 -0.838615
v -0.479959 2.308507 -0.829371
v -0.619379 1.071229 -0.842364
v -0.610076 0.964658 -0.838615
v -0.587129 0.891797 -0.829371
v -0.619379 0.823534 -0.674789
v -0.610076 0.827994 -0.735786
v -0.587129 0.838994 -0.786496
v -0.619379 2.323966 -0.394863
v -0.610076 2.319507 -0.371313
v -0.587129 2.308507 -0.354788
v -0.619379 1.071229 -0.338910
v -0.610076 0.964658 -0.339952
v -0.587129 0.891797 -0.342522
v -0.183267 0.823534 -0.338910
v -0.348861 0.827994 -0.339952
v -0.479959 0.838993 -0.342522
v -0.479959 0.838994 -0.829371
v -0.348861 0.827994 -0.838616
v -0.183267 0.823534 -0.842363
v -0.479959 2.308507 -0.342522
v -0.348861 2.319507 -0.339952
v -0.183267 2.323966 -0.338910
v -0.587129 0.838994 -0.354788
v -0.610076 0.827994 -0.371313
v -0.619379 0.823534 -0.394863
v -0.620708 0.822897 -0.461828
v -0.620708 0.822897 -0.505069
v -0.620708 0.822897 -0.555080
v -0.587129 2.308507 -0.786496
v -0.610076 2.319507 -0.735786
v -0.619379 2.323966 -0.674789
v -0.620708 2.324603 -0.555080
v -0.620708 2.324603 -0.505069
v -0.620708 2.324603 -0.461828
v -0.184273 2.383182 -0.612087
v -0.356907 2.376673 -0.612087
v -0.506265 2.359007 -0.612087
v -0.184273 2.383182 -0.425133
v -0.356907 2.376673 -0.425133
v -0.506265 2.359007 -0.425133
v -0.506265 0.788494 -0.612087
v -0.356907 0.770827 -0.612087
v -0.184273 0.764318 -0.612087
v -0.506265 0.788494 -0.425133
v -0.356907 0.770827 -0.425133
v -0.184273 0.764318 -0.425133
v -0.742910 1.070747 -0.612087
v -0.729332 0.960801 -0.612087
v -0.692478 0.879187 -0.612087
v -0.742910 1.070747 -0.425133
v -0.729332 0.960801 -0.425133
v -0.692478 0.879187 -0.425133
v -0.587129 2.255703 -0.829371
v -0.610076 2.182842 -0.838616
v -0.619379 2.076271 -0.842364
v -0.620708 1.763195 -0.842899
v -0.620708 1.573750 -0.842899
v -0.620708 1.384305 -0.842899
v -0.587129 2.255703 -0.342522
v -0.610076 2.182842 -0.339952
v -0.619379 2.076271 -0.338910
v -0.620708 1.763195 -0.338761
v -0.620708 1.573750 -0.338761
v -0.620708 1.384305 -0.338761
v -0.692478 2.268313 -0.612087
v -0.729332 2.186699 -0.612087
v -0.742910 2.076753 -0.612087
v -0.744850 1.763195 -0.612087
v -0.744850 1.573750 -0.612087
v -0.744850 1.384305 -0.612087
v -0.692478 2.268313 -0.425133
v -0.729332 2.186699 -0.425133
v -0.742910 2.076753 -0.425133
v -0.744850 1.763195 -0.425133
v -0.744850 1.573750 -0.425133
v -0.744850 1.384305 -0.425133
v -0.744850 1.212034 -0.555080
v -0.744850 1.212034 -0.505069
v -0.744850 1.212034 -0.461828
v -0.744850 1.935467 -0.555080
v -0.744850 1.935467 -0.505069
v -0.744850 1.935467 -0.461828
v -0.692478 1.212034 -0.797094
v -0.729332 1.212034 -0.739028
v -0.742910 1.212034 -0.675195
v -0.692478 1.935467 -0.797094
v -0.729332 1.935467 -0.739028
v -0.742910 1.935467 -0.675195
v -0.506265 1.212034 -0.330724
v -0.356907 1.212034 -0.326596
v -0.184273 1.212034 -0.325076
v -0.506265 1.935467 -0.330724
v -0.356907 1.935467 -0.326596
v -0.184273 1.935467 -0.325076
v -0.742910 1.212034 -0.394750
v -0.729332 1.212034 -0.370412
v -0.692478 1.212034 -0.351841
v -0.742910 1.935467 -0.394750
v -0.729332 1.935467 -0.370412
v -0.692478 1.935467 -0.351841
v -0.184273 1.212034 -0.892131
v -0.356907 1.212034 -0.886660
v -0.506265 1.212034 -0.871813
v -0.184273 1.935467 -0.892131
v -0.356907 1.935467 -0.886660
v -0.506265 1.935467 -0.871813
v 0.184241 2.076738 -0.891353
v 0.184021 2.186579 -0.885908
v 0.183550 2.267947 -0.871131
v 0.356656 2.076632 -0.885908
v 0.354896 2.185735 -0.880640
v 0.351124 2.265386 -0.866357
v 0.505502 2.076406 -0.871131
v 0.500159 2.183927 -0.866357
v 0.488239 2.259672 -0.853610
v 0.740980 2.076738 -0.394754
v 0.727464 2.186579 -0.394778
v 0.690785 2.267947 -0.394831
v 0.727464 2.076632 -0.370440
v 0.714389 2.185735 -0.370637
v 0.678936 2.265386 -0.371060
v 0.690785 2.076406 -0.351927
v 0.678936 2.183927 -0.352525
v 0.647296 2.259672 -0.353860
v 0.184241 0.765244 -0.394754
v 0.356656 0.771723 -0.394778
v 0.505502 0.789305 -0.394831
v 0.184021 0.771723 -0.370440
v 0.354896 0.777990 -0.370637
v 0.500159 0.794985 -0.371060
v 0.183550 0.789305 -0.351927
v 0.351124 0.794985 -0.352525
v 0.488239 0.810152 -0.353860
v 0.505502 2.076406 -0.330913
v 0.500159 2.183927 -0.332240
v 0.488239 2.259672 -0.335784
v 0.356656 2.076632 -0.326805
v 0.354896 2.185735 -0.328270
v 0.351124 2.265386 -0.332240
v 0.184241 2.076738 -0.325292
v 0.184021 2.186579 -0.326805
v 0.183550 2.267947 -0.330913
v 0.505502 2.358195 -0.394831
v 0.356656 2.375778 -0.394778
v 0.184241 2.382256 -0.394754
v 0.500159 2.352515 -0.371060
v 0.354896 2.369510 -0.370637
v 0.184021 2.375778 -0.370440
v 0.488239 2.337348 -0.353860
v 0.351124 2.352515 -0.352525
v 0.183550 2.358195 -0.351927
v 0.488239 2.337348 -0.789832
v 0.351124 2.352515 -0.794634
v 0.183550 2.358195 -0.796787
v 0.500159 2.352515 -0.736698
v 0.354896 2.369510 -0.738218
v 0.184021 2.375778 -0.738927
v 0.505502 2.358195 -0.674903
v 0.356656 2.375777 -0.675093
v 0.184241 2.382256 -0.675182
v 0.506265 2.359007 -0.555080
v 0.356907 2.376673 -0.555080
v 0.184273 2.383182 -0.555080
v 0.506265 2.359007 -0.505069
v 0.356907 2.376673 -0.505069
v 0.184273 2.383182 -0.505069
v 0.506265 2.359007 -0.461828
v 0.356907 2.376673 -0.461828
v 0.184273 2.383182 -0.461828
v 0.183550 0.789305 -0.796787
v 0.351124 0.794985 -0.794634
v 0.488239 0.810152 -0.789832
v 0.184021 0.771723 -0.738927
v 0.354896 0.777990 -0.738218
v 0.500159 0.794985 -0.736698
v 0.184241 0.765244 -0.675182
v 0.356656 0.771723 -0.675093
v 0.505502 0.789305 -0.674903
v 0.184273 0.764318 -0.555080
v 0.356907 0.770827 -0.555080
v 0.506265 0.788494 -0.555080
v 0.184273 0.764318 -0.505069
v 0.356907 0.770827 -0.505069
v 0.506265 0.788494 -0.505069
v 0.184273 0.764318 -0.461828
v 0.356907 0.770827 -0.461828
v 0.506265 0.788494 -0.461828
v 0.690785 2.076406 -0.796787
v 0.678936 2.183927 -0.794634
v 0.647296 2.259672 -0.789832
v 0.727464 2.076632 -0.738927
v 0.714389 2.185735 -0.738218
v 0.678936 2.265386 -0.736698
v 0.740980 2.076738 -0.675182
v 0.727465 2.186579 -0.675093
v 0.690785 2.267947 -0.674903
v 0.742910 2.076753 -0.555080
v 0.729332 2.186699 -0.555080
v 0.692478 2.268313 -0.555080
v 0.742910 2.076753 -0.505069
v 0.729332 2.186699 -0.505069
v 0.692478 2.268313 -0.505069
v 0.742910 2.076753 -0.461828
v 0.729332 2.186699 -0.461828
v 0.692478 2.268313 -0.461828
v 0.692478 0.879187 -0.555080
v 0.729332 0.960801 -0.555080
v 0.742910 1.070747 -0.555080
v 0.692478 0.879187 -0.505069
v 0.729332 0.960801 -0.505069
v 0.742910 1.070747 -0.505069
v 0.692478 0.879187 -0.461828
v 0.729332 0.960801 -0.461828
v 0.742910 1.070747 -0.461828
v 0.744850 1.384305 -0.555080
v 0.744850 1.573750 -0.555080
v 0.744850 1.763195 -0.555080
v 0.744850 1.384305 -0.505069
v 0.744850 1.573750 -0.505069
v 0.744850 1.763195 -0.505069
v 0.744850 1.384305 -0.461828
v 0.744850 1.573750 -0.461828
v 0.744850 1.763195 -0.461828
v 0.647296 0.887828 -0.789832
v 0.678936 0.963573 -0.794634
v 0.690785 1.071094 -0.796787
v 0.678936 0.882114 -0.736698
v 0.714389 0.961765 -0.738218
v 0.727465 1.070868 -0.738927
v 0.690785 0.879553 -0.674903
v 0.727465 0.960922 -0.675093
v 0.740980 1.070762 -0.675182
v 0.692478 1.384305 -0.797094
v 0.692478 1.573750 -0.797094
v 0.692478 1.763195 -0.797094
v 0.729332 1.384305 -0.739028
v 0.729332 1.573750 -0.739028
v 0.729332 1.763195 -0.739028
v 0.742910 1.384305 -0.675195
v 0.742910 1.573750 -0.675195
v 0.742910 1.763195 -0.675195
v 0.488239 0.887828 -0.335784
v 0.500159 0.963573 -0.332240
v 0.505502 1.071094 -0.330913
v 0.351124 0.882114 -0.332240
v 0.354896 0.961765 -0.328270
v 0.356656 1.070868 -0.326805
v 0.183550 0.879553 -0.330913
v 0.184021 0.960922 -0.326805
v 0.184241 1.070762 -0.325292
v 0.506265 1.384305 -0.330724
v 0.506265 1.573750 -0.330724
v 0.506265 1.763195 -0.330724
v 0.356907 1.384305 -0.326596
v 0.356907 1.573750 -0.326596
v 0.356907 1.763195 -0.326596
v 0.184273 1.384305 -0.325076
v 0.184273 1.573750 -0.325076
v 0.184273 1.763195 -0.325076
v 0.690785 0.879553 -0.394831
v 0.727464 0.960922 -0.394778
v 0.740980 1.070762 -0.394754
v 0.678936 0.882114 -0.371060
v 0.714389 0.961765 -0.370637
v 0.727465 1.070868 -0.370440
v 0.647296 0.887828 -0.353860
v 0.678936 0.963573 -0.352525
v 0.690785 1.071094 -0.351927
v 0.742910 1.384305 -0.394750
v 0.742910 1.573750 -0.394750
v 0.742910 1.763195 -0.394750
v 0.729332 1.384305 -0.370412
v 0.729332 1.573750 -0.370412
v 0.729332 1.763195 -0.370412
v 0.692478 1.384305 -0.351841
v 0.692478 1.573750 -0.351841
v 0.692478 1.763195 -0.351841
v 0.183550 0.879553 -0.871131
v 0.184021 0.960922 -0.885908
v 0.184241 1.070762 -0.891353
v 0.351124 0.882114 -0.866357
v 0.354896 0.961765 -0.880640
v 0.356656 1.070868 -0.885908
v 0.488239 0.887828 -0.853610
v 0.500159 0.963573 -0.866357
v 0.505502 1.071094 -0.871131
v 0.184273 1.384305 -0.892131
v 0.184273 1.573750 -0.892131
v 0.184273 1.763195 -0.892131
v 0.356907 1.384305 -0.886660
v 0.356907 1.573750 -0.886660
v 0.356907 1.763195 -0.886660
v 0.506265 1.384305 -0.871813
v 0.506265 1.573750 -0.871813
v 0.506265 1.763195 -0.871813
v -0.184241 2.076738 -0.891353
v -0.356656 2.076632 -0.885908
v -0.505502 2.076406 -0.871131
v -0.184021 2.186579 -0.885908
v -0.354896 2.185735 -0.880640
v -0.500159 2.183927 -0.866357
v -0.183550 2.267947 -0.871131
v -0.351124 2.265386 -0.866357
v -0.488239 2.259672 -0.853610
v -0.740980 2.076738 -0.394754
v -0.727464 2.076632 -0.370440
v -0.690785 2.076406 -0.351927
v -0.727464 2.186579 -0.394778
v -0.714389 2.185735 -0.370637
v -0.678936 2.183927 -0.352525
v -0.690785 2.267947 -0.394831
v -0.678936 2.265386 -0.371060
v -0.647296 2.259672 -0.353860
v -0.184241 0.765244 -0.394754
v -0.184021 0.771723 -0.370440
v -0.183550 0.789305 -0.351927
v -0.356656 0.771723 -0.394778
v -0.354896 0.777990 -0.370637
v -0.351124 0.794985 -0.352525
v -0.505502 0.789305 -0.394831
v -0.500159 0.794985 -0.371060
v -0.488239 0.810152 -0.353860
v -0.505502 2.076406 -0.330913
v -0.356656 2.076632 -0.326805
v -0.184241 2.076738 -0.325292
v -0.500159 2.183927 -0.332240
v -0.354896 2.185735 -0.328270
v -0.184021 2.186579 -0.326805
v -0.488239 2.259672 -0.335784
v -0.351124 2.265386 -0.332240
v -0.183550 2.267947 -0.330913
v -0.505502 2.358195 -0.394831
v -0.500159 2.352515 -0.371060
v -0.488239 2.337348 -0.353860
v -0.356656 2.375778 -0.394778
v -0.354896 2.369510 -0.370637
v -0.351124 2.352515 -0.352525
v -0.184241 2.382256 -0.394754
v -0.184021 2.375778 -0.370440
v -0.183550 2.358195 -0.351927
v -0.488239 2.337348 -0.789832
v -0.500159 2.352515 -0.736698
v -0.505502 2.358195 -0.674903
v -0.351124 2.352515 -0.794634
v -0.354896 2.369510 -0.738218
v -0.356656 2.375778 -0.675093
v -0.183550 2.358195 -0.796787
v -0.184021 2.375777 -0.738927
v -0.184241 2.382256 -0.675182
v -0.506265 2.359007 -0.555080
v -0.506265 2.359007 -0.505069
v -0.506265 2.359007 -0.461828
v -0.356907 2.376673 -0.555080
v -0.356907 2.376673 -0.505069
v -0.356907 2.376673 -0.461828
v -0.184273 2.383182 -0.555080
v -0.184273 2.383182 -0.505069
v -0.184273 2.383182 -0.461828
v -0.183550 0.789305 -0.796787
v -0.184021 0.771723 -0.738927
v -0.184241 0.765244 -0.675182
v -0.351124 0.794985 -0.794634
v -0.354896 0.777990 -0.738218
v -0.356656 0.771723 -0.675093
v -0.488239 0.810152 -0.789832
v -0.500159 0.794985 -0.736698
v -0.505502 0.789305 -0.674903
v -0.184273 0.764319 -0.555080
v -0.184273 0.764318 -0.505069
v -0.184273 0.764318 -0.461828
v -0.356907 0.770827 -0.555080
v -0.356907 0.770827 -0.505069
v -0.356907 0.770827 -0.461828
v -0.506265 0.788494 -0.555080
v -0.506265 0.788494 -0.505069
v -0.506265 0.788494 -0.461828
v -0.690785 2.076406 -0.796787
v -0.727464 2.076632 -0.738927
v -0.740980 2.076738 -0.675182
v -0.678936 2.183927 -0.794634
v -0.714389 2.185735 -0.738218
v -0.727465 2.186579 -0.675093
v -0.647296 2.259672 -0.789832
v -0.678936 2.265386 -0.736698
v -0.690785 2.267947 -0.674903
v -0.742910 2.076753 -0.555080
v -0.742910 2.076753 -0.505069
v -0.742910 2.076753 -0.461828
v -0.729332 2.186699 -0.555080
v -0.729332 2.186699 -0.505069
v -0.729332 2.186699 -0.461828
v -0.692478 2.268313 -0.555080
v -0.692478 2.268313 -0.505069
v -0.692478 2.268313 -0.461828
v -0.692478 0.879187 -0.555080
v -0.692478 0.879187 -0.505069
v -0.692478 0.879187 -0.461828
v -0.729332 0.960801 -0.555080
v -0.729332 0.960801 -0.505069
v -0.729332 0.960801 -0.461828
v -0.742910 1.070747 -0.555080
v -0.742910 1.070747 -0.505069
v -0.742910 1.070747 -0.461828
v -0.744850 1.384305 -0.555080
v -0.744850 1.384305 -0.505069
v -0.744850 1.384305 -0.461828
v -0.744850 1.573750 -0.555080
v -0.744850 1.573750 -0.505069
v -0.744850 1.573750 -0.461828
v -0.744850 1.763195 -0.555080
v -0.744850 1.763195 -0.505069
v -0.744850 1.763195 -0.461828
v -0.647296 0.887828 -0.789832
v -0.678936 0.882114 -0.736698
v -0.690785 0.879553 -0.674903
v -0.678936 0.963573 -0.794634
v -0.714389 0.961765 -0.738218
v -0.727465 0.960922 -0.675093
v -0.690785 1.071094 -0.796787
v -0.727465 1.070868 -0.738927
v -0.740980 1.070762 -0.675182
v -0.692478 1.384305 -0.797094
v -0.729332 1.384305 -0.739028
v -0.742910 1.384305 -0.675195
v -0.692478 1.573750 -0.797094
v -0.729332 1.573750 -0.739028
v -0.742910 1.573750 -0.675195
v -0.692478 1.763195 -0.797094
v -0.729332 1.763195 -0.739028
v -0.742910 1.763195 -0.675195
v -0.488239 0.887828 -0.335784
v -0.351124 0.882114 -0.332240
v -0.183550 0.879553 -0.330913
v -0.500159 0.963573 -0.332240
v -0.354896 0.961765 -0.328270
v -0.184021 0.960922 -0.326805
v -0.505502 1.071094 -0.330913
v -0.356656 1.070868 -0.326805
v -0.184241 1.070762 -0.325292
v -0.506265 1.384305 -0.330724
v -0.356907 1.384305 -0.326596
v -0.184273 1.384305 -0.325076
v -0.506265 1.573750 -0.330724
v -0.356907 1.573750 -0.326596
v -0.184273 1.573750 -0.325076
v -0.506265 1.763195 -0.330724
v -0.356907 1.763195 -0.326596
v -0.184273 1.763195 -0.325076
v -0.690785 0.879553 -0.394831
v -0.678936 0.882114 -0.371060
v -0.647296 0.887828 -0.353860
v -0.727464 0.960922 -0.394778
v -0.714389 0.961765 -0.370637
v -0.678936 0.963573 -0.352525
v -0.740980 1.070762 -0.394754
v -0.727465 1.070868 -0.370440
v -0.690785 1.071094 -0.351927
v -0.742910 1.384305 -0.394750
v -0.729332 1.384305 -0.370412
v -0.692478 1.384305 -0.351841
v -0.742910 1.573750 -0.394750
v -0.729332 1.573750 -0.370412
v -0.692478 1.573750 -0.351841
v -0.742910 1.763195 -0.394750
v -0.729332 1.763195 -0.370412
v -0.692478 1.763195 -0.351841
v -0.183550 0.879553 -0.871131
v -0.351124 0.882114 -0.866357
v -0.488239 0.887828 -0.853610
v -0.184021 0.960922 -0.885908
v -0.354896 0.961765 -0.880640
v -0.500159 0.963573 -0.866357
v -0.184241 1.070762 -0.891353
v -0.356656 1.070868 -0.885908
v -0.505502 1.071094 -0.871131
v -0.184273 1.384305 -0.892131
v -0.356907 1.384305 -0.886661
v -0.506265 1.384305 -0.871813
v -0.184273 1.573750 -0.892131
v -0.356907 1.573750 -0.886660
v -0.506265 1.573750 -0.871813
v -0.184273 1.763195 -0.892131
v -0.356907 1.763196 -0.886660
v -0.506265 1.763195 -0.871813
vn 0.1088 -0.2452 0.9633
vn 0.1088 0.2452 0.9633
vn 0.2896 -0.6125 -0.7355
vn 0.2896 0.6125 -0.7355
vn -0.0000 -0.6447 -0.7644
vn -0.0000 0.6447 -0.7644
vn -0.0000 -0.2501 0.9682
vn -0.0000 0.2501 0.9682
vn 0.4619 -0.8867 0.0195
vn 0.4612 -0.8872 -0.0094
vn 0.4612 0.8872 -0.0094
vn 0.4619 0.8867 0.0195
vn -0.0000 1.0000 -0.0074
vn -0.0000 0.9999 0.0153
vn -0.0000 -1.0000 -0.0074
vn -0.0000 -0.9999 0.0153
vn 0.3969 0.0036 -0.9179
vn 0.3969 -0.0036 -0.9179
vn 0.1250 0.0011 0.9922
vn 0.1250 -0.0011 0.9922
vn -0.0000 0.0008 1.0000
vn -0.0000 -0.0008 1.0000
vn -0.0000 0.0028 -1.0000
vn -0.0000 -0.0028 -1.0000
vn 0.9999 0.0069 -0.0153
vn 0.9999 -0.0069 -0.0153
vn 0.9995 0.0069 0.0318
vn 0.9995 -0.0069 0.0318
vn -0.1088 -0.2452 0.9633
vn -0.1088 0.2452 0.9633
vn -0.2896 -0.6125 -0.7355
vn -0.2896 0.6125 -0.7355
vn -0.4619 -0.8867 0.0195
vn -0.4612 -0.8872 -0.0094
vn -0.4612 0.8872 -0.0094
vn -0.4619 0.8867 0.0195
vn -0.3969 0.0036 -0.9179
vn -0.3969 -0.0036 -0.9179
vn -0.1250 0.0011 0.9922
vn -0.1250 -0.0011 0.9922
vn -0.9999 0.0069 -0.0153
vn -0.9999 -0.0069 -0.0153
vn -0.9995 0.0069 0.0318
vn -0.9995 -0.0069 0.0318
vn 0.0194 0.6447 -0.7642
vn 0.0698 0.6433 -0.7625
vn 0.1624 0.6357 -0.7547
vn 0.3989 -0.0370 -0.9162
vn 0.3982 -0.1517 -0.9047
vn 0.3723 -0.3744 -0.8492
vn 0.4635 -0.8828 -0.0763
vn 0.4518 -0.8553 -0.2536
vn 0.3960 -0.7633 -0.5104
vn 0.4621 0.8670 0.1863
vn 0.3804 0.7322 0.5649
vn 0.2178 0.4563 0.8628
vn 0.1262 -0.0115 0.9919
vn 0.1283 -0.0487 0.9905
vn 0.1294 -0.1327 0.9827
vn 0.0072 -0.2506 0.9681
vn 0.0261 -0.2512 0.9676
vn 0.0613 -0.2518 0.9658
vn 0.1624 -0.6357 -0.7547
vn 0.0698 -0.6433 -0.7625
vn 0.0194 -0.6447 -0.7642
vn 0.0613 0.2518 0.9658
vn 0.0261 0.2512 0.9676
vn 0.0072 0.2506 0.9681
vn -0.0000 -0.0077 1.0000
vn -0.0000 -0.0321 0.9995
vn -0.0000 -0.0961 0.9954
vn -0.0000 0.9894 0.1451
vn -0.0000 0.8727 0.4883
vn -0.0000 0.5543 0.8323
vn -0.0000 -0.0276 -0.9996
vn -0.0000 -0.1145 -0.9934
vn -0.0000 -0.3214 -0.9469
vn -0.0000 -0.9894 0.1451
vn -0.0000 -0.8727 0.4883
vn -0.0000 -0.5543 0.8323
vn 0.2178 -0.4563 0.8628
vn 0.3804 -0.7322 0.5649
vn 0.4621 -0.8670 0.1863
vn 0.4605 -0.8877 -0.0000
vn 0.3960 0.7633 -0.5104
vn 0.4518 0.8553 -0.2536
vn 0.4635 0.8828 -0.0763
vn 0.4605 0.8877 -0.0000
vn -0.0000 0.8917 -0.4526
vn -0.0000 0.9804 -0.1970
vn -0.0000 0.9983 -0.0580
vn -0.0000 1.0000 -0.0000
vn -0.0000 -0.8917 -0.4526
vn -0.0000 -0.9804 -0.1970
vn -0.0000 -0.9983 -0.0580
vn -0.0000 -1.0000 -0.0000
vn 0.0213 0.9997 -0.0073
vn 0.0776 0.9970 -0.0072
vn 0.2037 0.9790 -0.0076
vn 0.0213 0.9997 0.0152
vn 0.0777 0.9969 0.0150
vn 0.2039 0.9789 0.0157
vn 0.2037 -0.9790 -0.0076
vn 0.0776 -0.9970 -0.0072
vn 0.0213 -0.9997 -0.0073
vn 0.2039 -0.9789 0.0157
vn 0.0777 -0.9969 0.0150
vn 0.0213 -0.9997 0.0152
vn 0.9976 -0.0681 -0.0152
vn 0.9628 -0.2697 -0.0145
vn 0.7875 -0.6162 -0.0125
vn 0.9972 -0.0681 0.0315
vn 0.9626 -0.2693 0.0300
vn 0.7879 -0.6153 0.0258
vn 0.3723 0.3744 -0.8492
vn 0.3982 0.1517 -0.9047
vn 0.3989 0.0370 -0.9162
vn 0.3966 -0.0000 -0.9180
vn 0.1294 0.1327 0.9827
vn 0.1283 0.0487 0.9905
vn 0.1262 0.0115 0.9919
vn 0.1249 -0.0000 0.9922
vn -0.0000 0.0961 0.9954
vn -0.0000 0.0321 0.9995
vn -0.0000 0.0077 1.0000
vn -0.0000 -0.0000 1.0000
vn -0.0000 0.3214 -0.9469
vn -0.0000 0.1145 -0.9934
vn -0.0000 0.0276 -0.9996
vn -0.0000 -0.0000 -1.0000
vn 0.7875 0.6162 -0.0125
vn 0.9628 0.2697 -0.0145
vn 0.9976 0.0681 -0.0152
vn 0.9999 -0.0000 -0.0154
vn 0.7879 0.6153 0.0258
vn 0.9626 0.2693 0.0300
vn 0.9972 0.0681 0.0315
vn 0.9995 -0.0000 0.0319
vn 1.0000 -0.0069 -0.0000
vn 1.0000 0.0069 -0.0000
vn 0.7084 -0.0051 -0.7058
vn 0.9260 -0.0063 -0.3776
vn 0.9928 -0.0068 -0.1197
vn 0.7084 0.0051 -0.7058
vn 0.9260 0.0063 -0.3776
vn 0.9928 0.0068 -0.1197
vn 0.0489 -0.0008 0.9988
vn 0.0182 -0.0008 0.9998
vn 0.0050 -0.0008 1.0000
vn 0.0489 0.0008 0.9988
vn 0.0182 0.0008 0.9998
vn 0.0050 0.0008 1.0000
vn 0.9594 -0.0065 0.2819
vn 0.6929 -0.0047 0.7210
vn 0.3185 -0.0022 0.9479
vn 0.9594 0.0065 0.2819
vn 0.6929 0.0047 0.7210
vn 0.3185 0.0022 0.9479
vn 0.0179 -0.0027 -0.9998
vn 0.0653 -0.0027 -0.9979
vn 0.1725 -0.0029 -0.9850
vn 0.0179 0.0027 -0.9998
vn 0.0653 0.0027 -0.9979
vn 0.1725 0.0029 -0.9850
vn -0.0194 0.6447 -0.7642
vn -0.0698 0.6433 -0.7625
vn -0.1624 0.6357 -0.7547
vn -0.3989 -0.0370 -0.9162
vn -0.3982 -0.1517 -0.9047
vn -0.3723 -0.3744 -0.8492
vn -0.4635 -0.8828 -0.0763
vn -0.4518 -0.8553 -0.2536
vn -0.3960 -0.7633 -0.5104
vn -0.4621 0.8670 0.1863
vn -0.3804 0.7322 0.5649
vn -0.2178 0.4563 0.8628
vn -0.1262 -0.0115 0.9919
vn -0.1283 -0.0487 0.9905
vn -0.1294 -0.1328 0.9827
vn -0.0072 -0.2506 0.9681
vn -0.0261 -0.2512 0.9676
vn -0.0613 -0.2518 0.9658
vn -0.1624 -0.6357 -0.7547
vn -0.0698 -0.6433 -0.7625
vn -0.0194 -0.6447 -0.7642
vn -0.0613 0.2518 0.9658
vn -0.0261 0.2512 0.9676
vn -0.0072 0.2506 0.9681
vn -0.2178 -0.4563 0.8628
vn -0.3804 -0.7322 0.5649
vn -0.4621 -0.8670 0.1863
vn -0.4605 -0.8877 -0.0000
vn -0.3960 0.7633 -0.5104
vn -0.4518 0.8553 -0.2536
vn -0.4635 0.8828 -0.0763
vn -0.4605 0.8877 -0.0000
vn -0.0213 0.9997 -0.0073
vn -0.0776 0.9970 -0.0072
vn -0.2037 0.9790 -0.0076
vn -0.0213 0.9997 0.0152
vn -0.0777 0.9969 0.0150
vn -0.2039 0.9789 0.0157
vn -0.2037 -0.9790 -0.0076
vn -0.0776 -0.9970 -0.0072
vn -0.0213 -0.9997 -0.0073
vn -0.2039 -0.9789 0.0157
vn -0.0777 -0.9969 0.0150
vn -0.0213 -0.9997 0.0152
vn -0.9976 -0.0681 -0.0152
vn -0.9628 -0.2697 -0.0145
vn -0.7875 -0.6162 -0.0125
vn -0.9972 -0.0681 0.0315
vn -0.9626 -0.2693 0.0300
vn -0.7879 -0.6153 0.0258
vn -0.3723 0.3744 -0.8492
vn -0.3982 0.1517 -0.9047
vn -0.3989 0.0370 -0.9162
vn -0.3966 -0.0000 -0.9180
vn -0.1294 0.1327 0.9827
vn -0.1283 0.0487 0.9905
vn -0.1262 0.0115 0.9919
vn -0.1249 -0.0000 0.9922
vn -0.7875 0.6162 -0.0125
vn -0.9628 0.2697 -0.0145
vn -0.9976 0.0681 -0.0152
vn -0.9999 -0.0000 -0.0154
vn -0.7879 0.6153 0.0258
vn -0.9626 0.2693 0.0300
vn -0.9972 0.0681 0.0315
vn -0.9995 -0.0000 0.0319
vn -1.0000 -0.0069 -0.0000
vn -1.0000 0.0069 -0.0000
vn -0.7084 -0.0051 -0.7058
vn -0.9260 -0.0063 -0.3776
vn -0.9928 -0.0068 -0.1197
vn -0.7084 0.0051 -0.7058
vn -0.9260 0.0063 -0.3776
vn -0.9928 0.0068 -0.1197
vn -0.0489 -0.0008 0.9988
vn -0.0182 -0.0008 0.9998
vn -0.0050 -0.0008 1.0000
vn -0.0489 0.0008 0.9988
vn -0.0182 0.0008 0.9998
vn -0.0050 0.0008 1.0000
vn -0.9594 -0.0065 0.2819
vn -0.6929 -0.0047 0.7210
vn -0.3185 -0.0022 0.9479
vn -0.9594 0.0065 0.2819
vn -0.6929 0.0047 0.7210
vn -0.3185 0.0022 0.9479
vn -0.0179 -0.0027 -0.9998
vn -0.0653 -0.0027 -0.9979
vn -0.1725 -0.0029 -0.9850
vn -0.0179 0.0027 -0.9998
vn -0.0653 0.0027 -0.9979
vn -0.1725 0.0029 -0.9850
vn 0.0178 0.0274 -0.9995
vn 0.0177 0.1142 -0.9933
vn 0.0181 0.3214 -0.9468
vn 0.0653 0.0273 -0.9975
vn 0.0652 0.1145 -0.9913
vn 0.0661 0.3218 -0.9445
vn 0.1731 0.0291 -0.9845
vn 0.1735 0.1210 -0.9774
vn 0.1653 0.3206 -0.9327
vn 0.9583 0.0648 0.2782
vn 0.9291 0.2566 0.2662
vn 0.7714 0.5912 0.2356
vn 0.6976 0.0473 0.7150
vn 0.6913 0.1946 0.6959
vn 0.5977 0.4744 0.6462
vn 0.3222 0.0229 0.9464
vn 0.3267 0.0984 0.9400
vn 0.3060 0.2662 0.9141
vn 0.0210 -0.9893 0.1443
vn 0.0772 -0.9866 0.1436
vn 0.2047 -0.9670 0.1517
vn 0.0185 -0.8733 0.4868
vn 0.0682 -0.8714 0.4859
vn 0.1781 -0.8470 0.5009
vn 0.0123 -0.5554 0.8315
vn 0.0445 -0.5552 0.8306
vn 0.1085 -0.5451 0.8313
vn 0.0491 0.0082 0.9988
vn 0.0497 0.0347 0.9982
vn 0.0496 0.0975 0.9940
vn 0.0182 0.0076 0.9998
vn 0.0183 0.0323 0.9993
vn 0.0196 0.0967 0.9951
vn 0.0050 0.0076 1.0000
vn 0.0049 0.0321 0.9995
vn 0.0053 0.0962 0.9954
vn 0.2047 0.9670 0.1517
vn 0.0772 0.9866 0.1436
vn 0.0210 0.9893 0.1443
vn 0.1781 0.8470 0.5009
vn 0.0682 0.8714 0.4859
vn 0.0185 0.8733 0.4868
vn 0.1085 0.5451 0.8313
vn 0.0445 0.5552 0.8306
vn 0.0123 0.5554 0.8315
vn 0.1832 0.8725 -0.4531
vn 0.0742 0.8884 -0.4530
vn 0.0204 0.8915 -0.4525
vn 0.2022 0.9569 -0.2085
vn 0.0769 0.9773 -0.1976
vn 0.0209 0.9802 -0.1967
vn 0.2046 0.9769 -0.0613
vn 0.0776 0.9953 -0.0577
vn 0.0212 0.9981 -0.0578
vn 0.2034 0.9791 -0.0000
vn 0.0776 0.9970 -0.0000
vn 0.0214 0.9998 -0.0000
vn 0.0204 -0.8915 -0.4525
vn 0.0742 -0.8884 -0.4530
vn 0.1832 -0.8725 -0.4531
vn 0.0209 -0.9802 -0.1967
vn 0.0769 -0.9773 -0.1976
vn 0.2022 -0.9569 -0.2085
vn 0.0212 -0.9981 -0.0578
vn 0.0776 -0.9953 -0.0577
vn 0.2046 -0.9769 -0.0613
vn 0.0214 -0.9998 -0.0000
vn 0.0776 -0.9970 -0.0000
vn 0.2034 -0.9791 -0.0000
vn 0.7099 0.0511 -0.7025
vn 0.6979 0.2068 -0.6857
vn 0.6090 0.4931 -0.6212
vn 0.9251 0.0626 -0.3746
vn 0.8979 0.2500 -0.3623
vn 0.7487 0.5797 -0.3216
vn 0.9907 0.0672 -0.1185
vn 0.9572 0.2662 -0.1138
vn 0.7863 0.6097 -0.0994
vn 0.9977 0.0682 -0.0000
vn 0.9628 0.2701 -0.0000
vn 0.7870 0.6170 -0.0000
vn 0.7870 -0.6170 -0.0000
vn 0.9628 -0.2701 -0.0000
vn 0.9977 -0.0682 -0.0000
vn 1.0000 -0.0000 -0.0000
vn 0.6090 -0.4931 -0.6212
vn 0.6979 -0.2068 -0.6857
vn 0.7099 -0.0511 -0.7025
vn 0.7487 -0.5797 -0.3216
vn 0.8979 -0.2500 -0.3623
vn 0.9251 -0.0626 -0.3746
vn 0.7863 -0.6097 -0.0994
vn 0.9572 -0.2662 -0.1138
vn 0.9907 -0.0672 -0.1185
vn 0.7080 -0.0000 -0.7062
vn 0.9258 -0.0000 -0.3779
vn 0.9928 -0.0000 -0.1199
vn 0.0496 -0.0975 0.9940
vn 0.0497 -0.0347 0.9982
vn 0.0491 -0.0082 0.9988
vn 0.0196 -0.0967 0.9951
vn 0.0183 -0.0323 0.9993
vn 0.0182 -0.0076 0.9998
vn 0.0053 -0.0962 0.9954
vn 0.0049 -0.0321 0.9995
vn 0.0050 -0.0076 1.0000
vn 0.0489 -0.0000 0.9988
vn 0.0182 -0.0000 0.9998
vn 0.0050 -0.0000 1.0000
vn 0.7714 -0.5912 0.2356
vn 0.9291 -0.2566 0.2662
vn 0.9583 -0.0648 0.2782
vn 0.5977 -0.4744 0.6462
vn 0.6913 -0.1946 0.6959
vn 0.6976 -0.0473 0.7150
vn 0.3060 -0.2662 0.9141
vn 0.3267 -0.0984 0.9400
vn 0.3222 -0.0229 0.9464
vn 0.9593 -0.0000 0.2824
vn 0.6921 -0.0000 0.7218
vn 0.3179 -0.0000 0.9481
vn 0.0181 -0.3214 -0.9468
vn 0.0177 -0.1142 -0.9933
vn 0.0178 -0.0274 -0.9995
vn 0.0661 -0.3218 -0.9445
vn 0.0652 -0.1145 -0.9913
vn 0.0653 -0.0273 -0.9975
vn 0.1653 -0.3206 -0.9327
vn 0.1735 -0.1210 -0.9774
vn 0.1731 -0.0291 -0.9845
vn 0.0180 -0.0000 -0.9998
vn 0.0653 -0.0000 -0.9979
vn 0.1724 -0.0000 -0.9850
vn -0.0178 0.0274 -0.9995
vn -0.0653 0.0273 -0.9975
vn -0.1731 0.0291 -0.9845
vn -0.0177 0.1142 -0.9933
vn -0.0652 0.1145 -0.9913
vn -0.1735 0.1210 -0.9774
vn -0.0181 0.3214 -0.9468
vn -0.0661 0.3218 -0.9445
vn -0.1653 0.3206 -0.9327
vn -0.9583 0.0648 0.2782
vn -0.6976 0.0473 0.7150
vn -0.3222 0.0229 0.9464
vn -0.9291 0.2566 0.2662
vn -0.6913 0.1946 0.6959
vn -0.3267 0.0984 0.9400
vn -0.7714 0.5912 0.2356
vn -0.5977 0.4744 0.6462
vn -0.3060 0.2662 0.9141
vn -0.0210 -0.9893 0.1443
vn -0.0185 -0.8733 0.4868
vn -0.0123 -0.5554 0.8315
vn -0.0772 -0.9866 0.1436
vn -0.0682 -0.8714 0.4859
vn -0.0445 -0.5552 0.8306
vn -0.2047 -0.9670 0.1517
vn -0.1781 -0.8470 0.5009
vn -0.1085 -0.5451 0.8313
vn -0.0491 0.0082 0.9988
vn -0.0182 0.0076 0.9998
vn -0.0050 0.0076 1.0000
vn -0.0497 0.0347 0.9982
vn -0.0183 0.0323 0.9993
vn -0.0049 0.0321 0.9995
vn -0.0496 0.0975 0.9940
vn -0.0196 0.0967 0.9951
vn -0.0053 0.0962 0.9954
vn -0.2047 0.9670 0.1517
vn -0.1781 0.8470 0.5009
vn -0.1085 0.5451 0.8313
vn -0.0772 0.9866 0.1436
vn -0.0682 0.8714 0.4859
vn -0.0445 0.5552 0.8306
vn -0.0210 0.9893 0.1443
vn -0.0185 0.8733 0.4868
vn -0.0123 0.5554 0.8315
vn -0.1832 0.8725 -0.4531
vn -0.2022 0.9569 -0.2085
vn -0.2046 0.9769 -0.0613
vn -0.0742 0.8884 -0.4530
vn -0.0769 0.9773 -0.1976
vn -0.0776 0.9953 -0.0577
vn -0.0204 0.8915 -0.4525
vn -0.0209 0.9802 -0.1967
vn -0.0212 0.9981 -0.0578
vn -0.2034 0.9791 -0.0000
vn -0.0776 0.9970 -0.0000
vn -0.0214 0.9998 -0.0000
vn -0.0204 -0.8915 -0.4525
vn -0.0209 -0.9802 -0.1967
vn -0.0212 -0.9981 -0.0578
vn -0.0742 -0.8884 -0.4530
vn -0.0769 -0.9773 -0.1976
vn -0.0776 -0.9953 -0.0577
vn -0.1832 -0.8725 -0.4531
vn -0.2022 -0.9569 -0.2085
vn -0.2046 -0.9769 -0.0613
vn -0.0214 -0.9998 -0.0000
vn -0.0776 -0.9970 -0.0000
vn -0.2034 -0.9791 -0.0000
vn -0.7099 0.0511 -0.7025
vn -0.9251 0.0626 -0.3746
vn -0.9907 0.0672 -0.1185
vn -0.6979 0.2068 -0.6857
vn -0.8979 0.2500 -0.3623
vn -0.9572 0.2662 -0.1138
vn -0.6090 0.4931 -0.6212
vn -0.7487 0.5797 -0.3216
vn -0.7863 0.6097 -0.0994
vn -0.9977 0.0682 -0.0000
vn -0.9628 0.2701 -0.0000
vn -0.7870 0.6170 -0.0000
vn -0.7870 -0.6170 -0.0000
vn -0.9628 -0.2701 -0.0000
vn -0.9977 -0.0682 -0.0000
vn -1.0000 -0.0000 -0.0000
vn -0.6090 -0.4931 -0.6212
vn -0.7487 -0.5797 -0.3216
vn -0.7863 -0.6097 -0.0994
vn -0.6979 -0.2068 -0.6857
vn -0.8979 -0.2500 -0.3623
vn -0.9572 -0.2662 -0.1138
vn -0.7099 -0.0511 -0.7025
vn -0.9251 -0.0626 -0.3746
vn -0.9907 -0.0672 -0.1185
vn -0.7080 -0.0000 -0.7062
vn -0.9258 -0.0000 -0.3779
vn -0.9928 -0.0000 -0.1199
vn -0.0496 -0.0975 0.9940
vn -0.0196 -0.0967 0.9951
vn -0.0053 -0.0962 0.9954
vn -0.0497 -0.0347 0.9982
vn -0.0183 -0.0323 0.9993
vn -0.0049 -0.0321 0.9995
vn -0.0491 -0.0082 0.9988
vn -0.0182 -0.0076 0.9998
vn -0.0050 -0.0076 1.0000
vn -0.0489 -0.0000 0.9988
vn -0.0182 -0.0000 0.9998
vn -0.0050 -0.0000 1.0000
vn -0.7714 -0.5912 0.2356
vn -0.5977 -0.4744 0.6462
vn -0.3060 -0.2662 0.9141
vn -0.9291 -0.2566 0.2662
vn -0.6913 -0.1946 0.6959
vn -0.3267 -0.0984 0.9400
vn -0.9583 -0.0648 0.2782
vn -0.6976 -0.0473 0.7150
vn -0.3222 -0.0229 0.9464
vn -0.9593 -0.0000 0.2824
vn -0.6921 -0.0000 0.7218
vn -0.3179 -0.0000 0.9481
vn -0.0181 -0.3214 -0.9468
vn -0.0661 -0.3218 -0.9445
vn -0.1653 -0.3206 -0.9327
vn -0.0177 -0.1142 -0.9933
vn -0.0652 -0.1145 -0.9913
vn -0.1735 -0.1210 -0.9774
vn -0.0178 -0.0274 -0.9995
vn -0.0653 -0.0273 -0.9975
vn -0.1731 -0.0291 -0.9845
vn -0.0180 -0.0000 -0.9998
vn -0.0653 -0.0000 -0.9979
vn -0.1724 -0.0000 -0.9850
vt 0.562500 0.406144
vt 0.583333 0.406160
vt 0.583333 0.436777
vt 0.562500 0.436650
vt 0.604167 0.406198
vt 0.604167 0.437084
vt 0.583351 0.466236
vt 0.562502 0.465872
vt 0.604205 0.467193
vt 0.541667 0.375000
vt 0.562500 0.375000
vt 0.541667 0.406142
vt 0.583333 0.375000
vt 0.604167 0.375000
vt 0.625000 0.375000
vt 0.625000 0.406250
vt 0.625000 0.437500
vt 0.625000 0.468750
vt 0.625000 0.500000
vt 0.604601 0.495144
vt 0.583478 0.493634
vt 0.562518 0.493128
vt 0.541667 0.465820
vt 0.541667 0.493056
vt 0.541667 0.436632
vt 0.562606 0.687606
vt 0.584183 0.687590
vt 0.584057 0.709057
vt 0.562590 0.709183
vt 0.607044 0.687554
vt 0.606681 0.708767
vt 0.583767 0.731680
vt 0.562554 0.732044
vt 0.605763 0.730763
vt 0.541667 0.666667
vt 0.562609 0.666667
vt 0.541667 0.687608
vt 0.584201 0.666667
vt 0.607096 0.666667
vt 0.631944 0.666667
vt 0.631872 0.687518
vt 0.631366 0.708478
vt 0.629856 0.729601
vt 0.625000 0.750000
vt 0.604601 0.754856
vt 0.583478 0.756366
vt 0.562518 0.756872
vt 0.541667 0.732096
vt 0.541667 0.756944
vt 0.541667 0.709202
vt 0.281144 0.687500
vt 0.311650 0.687500
vt 0.311777 0.708333
vt 0.281160 0.708333
vt 0.340872 0.687502
vt 0.341236 0.708351
vt 0.312084 0.729167
vt 0.281198 0.729167
vt 0.342192 0.729205
vt 0.250000 0.666667
vt 0.281142 0.666667
vt 0.250000 0.687500
vt 0.311632 0.666667
vt 0.340820 0.666667
vt 0.368056 0.666667
vt 0.368128 0.687518
vt 0.368634 0.708478
vt 0.370144 0.729601
vt 0.375000 0.750000
vt 0.343750 0.750000
vt 0.312500 0.750000
vt 0.281250 0.750000
vt 0.250000 0.729167
vt 0.250000 0.750000
vt 0.250000 0.708333
vt 0.562502 0.784128
vt 0.583351 0.783764
vt 0.583333 0.813223
vt 0.562500 0.813350
vt 0.604205 0.782808
vt 0.604167 0.812916
vt 0.583333 0.843840
vt 0.562500 0.843856
vt 0.604167 0.843802
vt 0.541667 0.784180
vt 0.625000 0.781250
vt 0.625000 0.812500
vt 0.625000 0.843750
vt 0.625000 0.875000
vt 0.604167 0.875000
vt 0.583333 0.875000
vt 0.562500 0.875000
vt 0.541667 0.843859
vt 0.541667 0.875000
vt 0.541667 0.813368
vt 0.659128 0.687502
vt 0.688350 0.687500
vt 0.688223 0.708333
vt 0.658764 0.708351
vt 0.718856 0.687500
vt 0.718840 0.708333
vt 0.687916 0.729167
vt 0.657808 0.729205
vt 0.718802 0.729167
vt 0.659180 0.666667
vt 0.688368 0.666667
vt 0.718859 0.666667
vt 0.750000 0.666667
vt 0.750000 0.687500
vt 0.750000 0.708333
vt 0.750000 0.729167
vt 0.750000 0.750000
vt 0.718750 0.750000
vt 0.687500 0.750000
vt 0.656250 0.750000
vt 0.657808 0.520795
vt 0.687916 0.520833
vt 0.688223 0.541667
vt 0.658764 0.541649
vt 0.718802 0.520833
vt 0.718840 0.541667
vt 0.688350 0.562500
vt 0.659128 0.562498
vt 0.718856 0.562500
vt 0.656250 0.500000
vt 0.629856 0.520399
vt 0.687500 0.500000
vt 0.718750 0.500000
vt 0.750000 0.500000
vt 0.750000 0.520833
vt 0.750000 0.541667
vt 0.750000 0.562500
vt 0.750000 0.583333
vt 0.718859 0.583333
vt 0.688368 0.583333
vt 0.659180 0.583333
vt 0.631872 0.562482
vt 0.631945 0.583333
vt 0.631366 0.541522
vt 0.659180 0.604167
vt 0.688368 0.604167
vt 0.688368 0.625000
vt 0.659180 0.625000
vt 0.718859 0.604167
vt 0.718859 0.625000
vt 0.688368 0.645833
vt 0.659180 0.645833
vt 0.718859 0.645833
vt 0.631945 0.604167
vt 0.750000 0.604167
vt 0.750000 0.625000
vt 0.750000 0.645833
vt 0.631945 0.645833
vt 0.631945 0.625000
vt 0.281198 0.520833
vt 0.312084 0.520833
vt 0.311777 0.541667
vt 0.281160 0.541667
vt 0.342193 0.520795
vt 0.341236 0.541649
vt 0.311650 0.562500
vt 0.281144 0.562500
vt 0.340872 0.562498
vt 0.250000 0.500000
vt 0.281250 0.500000
vt 0.250000 0.520833
vt 0.312500 0.500000
vt 0.343750 0.500000
vt 0.375000 0.500000
vt 0.370144 0.520399
vt 0.368634 0.541522
vt 0.368128 0.562482
vt 0.368056 0.583333
vt 0.340820 0.583333
vt 0.311632 0.583333
vt 0.281142 0.583333
vt 0.250000 0.562500
vt 0.250000 0.583333
vt 0.250000 0.541667
vt 0.281142 0.604167
vt 0.311632 0.604167
vt 0.311632 0.625000
vt 0.281142 0.625000
vt 0.340820 0.604167
vt 0.340820 0.625000
vt 0.311632 0.645833
vt 0.281142 0.645833
vt 0.340820 0.645833
vt 0.250000 0.604167
vt 0.368056 0.604167
vt 0.368056 0.625000
vt 0.368056 0.645833
vt 0.250000 0.645833
vt 0.250000 0.625000
vt 0.562554 0.517956
vt 0.583767 0.518320
vt 0.584057 0.540943
vt 0.562590 0.540817
vt 0.605763 0.519237
vt 0.606681 0.541233
vt 0.584183 0.562410
vt 0.562606 0.562394
vt 0.607044 0.562446
vt 0.541667 0.517904
vt 0.607096 0.583333
vt 0.584201 0.583333
vt 0.562609 0.583333
vt 0.541667 0.562392
vt 0.541667 0.583333
vt 0.541667 0.540799
vt 0.562608 0.604167
vt 0.584201 0.604167
vt 0.584201 0.625000
vt 0.562609 0.625000
vt 0.607096 0.604167
vt 0.607096 0.625000
vt 0.584201 0.645833
vt 0.562609 0.645833
vt 0.607096 0.645833
vt 0.541667 0.583333
vt 0.541667 0.604167
vt 0.607096 0.583333
vt 0.631944 0.583333
vt 0.631944 0.604167
vt 0.631944 0.625000
vt 0.631944 0.645833
vt 0.631944 0.666667
vt 0.607096 0.666667
vt 0.584201 0.666667
vt 0.562609 0.666667
vt 0.541667 0.645833
vt 0.541667 0.666667
vt 0.541667 0.625000
vt 0.392904 0.604167
vt 0.415799 0.604167
vt 0.415799 0.625000
vt 0.392904 0.625000
vt 0.437392 0.604167
vt 0.437392 0.625000
vt 0.415799 0.645833
vt 0.392904 0.645833
vt 0.437392 0.645833
vt 0.368056 0.583333
vt 0.392904 0.583333
vt 0.368056 0.604167
vt 0.415799 0.583333
vt 0.437391 0.583333
vt 0.458333 0.583333
vt 0.458333 0.604167
vt 0.458333 0.625000
vt 0.458333 0.645833
vt 0.458333 0.666667
vt 0.437391 0.666667
vt 0.415799 0.666667
vt 0.392904 0.666667
vt 0.368056 0.645833
vt 0.368056 0.666667
vt 0.479167 0.604167
vt 0.500000 0.604167
vt 0.500000 0.625000
vt 0.479167 0.625000
vt 0.520833 0.604167
vt 0.520833 0.625000
vt 0.500000 0.645833
vt 0.479167 0.645833
vt 0.520833 0.645833
vt 0.479167 0.583333
vt 0.500000 0.583333
vt 0.520833 0.583333
vt 0.520833 0.666667
vt 0.500000 0.666667
vt 0.479167 0.666667
vt 0.394237 0.519237
vt 0.416233 0.518320
vt 0.415943 0.540943
vt 0.393320 0.541233
vt 0.437446 0.517956
vt 0.437410 0.540817
vt 0.415817 0.562410
vt 0.392956 0.562446
vt 0.437394 0.562394
vt 0.395399 0.495144
vt 0.416522 0.493634
vt 0.437482 0.493128
vt 0.458333 0.493056
vt 0.458333 0.517904
vt 0.458333 0.540799
vt 0.458333 0.562392
vt 0.458333 0.583333
vt 0.437392 0.583333
vt 0.415799 0.583333
vt 0.392904 0.583333
vt 0.479167 0.517904
vt 0.500000 0.517904
vt 0.500000 0.540799
vt 0.479167 0.540799
vt 0.520833 0.517904
vt 0.520833 0.540799
vt 0.500000 0.562392
vt 0.479167 0.562392
vt 0.520833 0.562392
vt 0.458333 0.493056
vt 0.479167 0.493056
vt 0.458333 0.517904
vt 0.500000 0.493056
vt 0.520833 0.493056
vt 0.541667 0.493056
vt 0.541667 0.517904
vt 0.541667 0.540799
vt 0.541667 0.562392
vt 0.458333 0.562392
vt 0.395795 0.782808
vt 0.416649 0.783764
vt 0.416667 0.813223
vt 0.395833 0.812916
vt 0.437498 0.784128
vt 0.437500 0.813350
vt 0.416667 0.843840
vt 0.395833 0.843802
vt 0.437500 0.843856
vt 0.395399 0.754856
vt 0.375000 0.781250
vt 0.416522 0.756366
vt 0.437482 0.756872
vt 0.458333 0.756944
vt 0.458333 0.784180
vt 0.458333 0.813368
vt 0.458333 0.843859
vt 0.458333 0.875000
vt 0.437500 0.875000
vt 0.416667 0.875000
vt 0.395833 0.875000
vt 0.375000 0.843750
vt 0.375000 0.875000
vt 0.375000 0.812500
vt 0.479167 0.784180
vt 0.500000 0.784180
vt 0.500000 0.813368
vt 0.479167 0.813368
vt 0.520833 0.784180
vt 0.520833 0.813368
vt 0.500000 0.843859
vt 0.479167 0.843859
vt 0.520833 0.843859
vt 0.479167 0.756945
vt 0.500000 0.756944
vt 0.520833 0.756945
vt 0.520833 0.875000
vt 0.500000 0.875000
vt 0.479167 0.875000
vt 0.392956 0.687554
vt 0.415817 0.687590
vt 0.415943 0.709057
vt 0.393320 0.708767
vt 0.437394 0.687606
vt 0.437410 0.709183
vt 0.416233 0.731681
vt 0.394237 0.730763
vt 0.437446 0.732044
vt 0.392904 0.666667
vt 0.415799 0.666667
vt 0.437392 0.666667
vt 0.458333 0.666667
vt 0.458333 0.687608
vt 0.458333 0.709202
vt 0.458333 0.732097
vt 0.479167 0.687609
vt 0.500000 0.687609
vt 0.500000 0.709202
vt 0.479167 0.709201
vt 0.520833 0.687609
vt 0.520833 0.709201
vt 0.500000 0.732096
vt 0.479167 0.732096
vt 0.520833 0.732096
vt 0.458333 0.687609
vt 0.541667 0.687609
vt 0.541667 0.709201
vt 0.541667 0.732096
vt 0.541667 0.756945
vt 0.520833 0.756945
vt 0.479167 0.756944
vt 0.458333 0.732096
vt 0.458333 0.756945
vt 0.458333 0.709201
vt 0.395833 0.406198
vt 0.416667 0.406160
vt 0.416667 0.436777
vt 0.395833 0.437084
vt 0.437500 0.406144
vt 0.437500 0.436650
vt 0.416649 0.466236
vt 0.395795 0.467193
vt 0.437498 0.465872
vt 0.375000 0.375000
vt 0.395833 0.375000
vt 0.375000 0.406250
vt 0.416667 0.375000
vt 0.437500 0.375000
vt 0.458333 0.375000
vt 0.458333 0.406142
vt 0.458333 0.436632
vt 0.458333 0.465820
vt 0.375000 0.468750
vt 0.375000 0.437500
vt 0.479167 0.406142
vt 0.500000 0.406142
vt 0.500000 0.436632
vt 0.479167 0.436632
vt 0.520833 0.406142
vt 0.520833 0.436632
vt 0.500000 0.465820
vt 0.479167 0.465820
vt 0.520833 0.465820
vt 0.479167 0.375000
vt 0.500000 0.375000
vt 0.520833 0.375000
vt 0.520833 0.493056
vt 0.500000 0.493056
vt 0.479167 0.493056
vt 0.562500 0.406144
vt 0.562500 0.436650
vt 0.583333 0.436777
vt 0.562502 0.465872
vt 0.583351 0.466236
vt 0.604167 0.437084
vt 0.604167 0.406198
vt 0.604205 0.467193
vt 0.541667 0.406142
vt 0.541667 0.465820
vt 0.562518 0.493128
vt 0.583478 0.493634
vt 0.604601 0.495144
vt 0.562606 0.687606
vt 0.562590 0.709183
vt 0.584057 0.709057
vt 0.562554 0.732044
vt 0.583767 0.731680
vt 0.606680 0.708767
vt 0.607044 0.687554
vt 0.605763 0.730763
vt 0.541667 0.709201
vt 0.541667 0.732096
vt 0.562518 0.756872
vt 0.583478 0.756366
vt 0.604601 0.754856
vt 0.629856 0.729601
vt 0.584201 0.666667
vt 0.281160 0.708333
vt 0.311777 0.708333
vt 0.311650 0.687500
vt 0.281198 0.729167
vt 0.340872 0.687502
vt 0.342192 0.729205
vt 0.370144 0.729601
vt 0.368128 0.687518
vt 0.340820 0.666667
vt 0.368056 0.666667
vt 0.311632 0.666667
vt 0.562502 0.784128
vt 0.583333 0.813223
vt 0.604167 0.812916
vt 0.604205 0.782808
vt 0.659128 0.687502
vt 0.658764 0.708351
vt 0.688350 0.687500
vt 0.687916 0.729167
vt 0.718840 0.708333
vt 0.718856 0.687500
vt 0.718802 0.729167
vt 0.718859 0.666667
vt 0.688223 0.541667
vt 0.687916 0.520833
vt 0.659128 0.562498
vt 0.718840 0.541667
vt 0.629856 0.520399
vt 0.631366 0.541522
vt 0.631872 0.562482
vt 0.631944 0.583333
vt 0.659180 0.583333
vt 0.718859 0.583333
vt 0.659180 0.604167
vt 0.659180 0.625000
vt 0.688368 0.625000
vt 0.688368 0.604167
vt 0.659180 0.645833
vt 0.718859 0.625000
vt 0.718859 0.604167
vt 0.718859 0.645833
vt 0.631945 0.604167
vt 0.631945 0.645833
vt 0.311777 0.541667
vt 0.312084 0.520833
vt 0.281144 0.562500
vt 0.341236 0.541649
vt 0.340872 0.562498
vt 0.340820 0.583333
vt 0.368056 0.583333
vt 0.368128 0.562482
vt 0.368634 0.541522
vt 0.370144 0.520399
vt 0.281142 0.604167
vt 0.311632 0.604167
vt 0.311632 0.645833
vt 0.340820 0.625000
vt 0.340820 0.604167
vt 0.340820 0.645833
vt 0.368056 0.625000
vt 0.368056 0.604167
vt 0.562554 0.517956
vt 0.562590 0.540817
vt 0.584057 0.540943
vt 0.583767 0.518320
vt 0.562606 0.562394
vt 0.605763 0.519237
vt 0.541667 0.540799
vt 0.541667 0.562392
vt 0.562609 0.583333
vt 0.607096 0.583333
vt 0.562608 0.604167
vt 0.562609 0.625000
vt 0.584201 0.625000
vt 0.584201 0.604167
vt 0.562608 0.645833
vt 0.584202 0.645833
vt 0.607096 0.625000
vt 0.607096 0.604167
vt 0.562608 0.583333
vt 0.541667 0.625000
vt 0.562608 0.666667
vt 0.584202 0.666667
vt 0.607096 0.666667
vt 0.631944 0.645833
vt 0.631944 0.604167
vt 0.607096 0.583333
vt 0.584202 0.583333
vt 0.392904 0.604167
vt 0.392904 0.625000
vt 0.415799 0.625000
vt 0.415799 0.604167
vt 0.392904 0.645833
vt 0.415799 0.645833
vt 0.437392 0.604167
vt 0.368056 0.583333
vt 0.368056 0.604167
vt 0.368056 0.645833
vt 0.368056 0.666667
vt 0.392904 0.666667
vt 0.415799 0.666667
vt 0.458333 0.666667
vt 0.458333 0.645833
vt 0.458333 0.604167
vt 0.437392 0.583333
vt 0.458333 0.583333
vt 0.415799 0.583333
vt 0.479167 0.604167
vt 0.479167 0.625000
vt 0.500000 0.604167
vt 0.500000 0.645833
vt 0.520833 0.625000
vt 0.520833 0.604167
vt 0.520833 0.666667
vt 0.500000 0.583333
vt 0.394237 0.519237
vt 0.415943 0.540943
vt 0.416233 0.518320
vt 0.392956 0.562446
vt 0.415817 0.562410
vt 0.437410 0.540817
vt 0.437446 0.517956
vt 0.437394 0.562394
vt 0.395399 0.495144
vt 0.392904 0.583333
vt 0.415799 0.583333
vt 0.458333 0.583333
vt 0.458333 0.562392
vt 0.458333 0.540799
vt 0.437482 0.493128
vt 0.458333 0.493056
vt 0.479167 0.517904
vt 0.479167 0.540799
vt 0.500000 0.517904
vt 0.479167 0.562392
vt 0.500000 0.562391
vt 0.520833 0.540799
vt 0.458333 0.493056
vt 0.458333 0.517904
vt 0.479167 0.493056
vt 0.458333 0.562391
vt 0.541667 0.562391
vt 0.541667 0.517904
vt 0.520833 0.493056
vt 0.395795 0.782808
vt 0.395833 0.812916
vt 0.416667 0.813223
vt 0.416649 0.783764
vt 0.395833 0.843802
vt 0.416667 0.843840
vt 0.437500 0.813350
vt 0.437498 0.784128
vt 0.437500 0.843856
vt 0.395399 0.754856
vt 0.458333 0.784180
vt 0.437482 0.756872
vt 0.416522 0.756366
vt 0.479167 0.784180
vt 0.479167 0.813368
vt 0.500000 0.813368
vt 0.500000 0.784180
vt 0.520833 0.784180
vt 0.520833 0.843859
vt 0.479167 0.756945
vt 0.520833 0.756945
vt 0.392956 0.687554
vt 0.393320 0.708767
vt 0.415943 0.709057
vt 0.415817 0.687590
vt 0.416233 0.731681
vt 0.437410 0.709183
vt 0.437394 0.687606
vt 0.437446 0.732044
vt 0.458333 0.732096
vt 0.437391 0.666667
vt 0.415799 0.666667
vt 0.479167 0.687608
vt 0.500000 0.687608
vt 0.520833 0.709201
vt 0.458333 0.687609
vt 0.458333 0.732096
vt 0.458333 0.756945
vt 0.479167 0.756945
vt 0.500000 0.756944
vt 0.395833 0.406198
vt 0.395833 0.437084
vt 0.416667 0.436777
vt 0.416667 0.406160
vt 0.395795 0.467193
vt 0.416649 0.466236
vt 0.437500 0.436650
vt 0.437500 0.406144
vt 0.437498 0.465872
vt 0.458333 0.465820
vt 0.458333 0.406142
vt 0.479167 0.406142
vt 0.479167 0.436632
vt 0.500000 0.406142
vt 0.479167 0.465820
vt 0.500000 0.465820
vt 0.520833 0.436632
vt 0.520833 0.406142
vt 0.520833 0.465820
vt 0.479167 0.493056
vt 0.520833 0.493056
s 1
usemtl Material.004
f 2061/1692/2021 2062/1693/2022 2065/1694/2025 2064/1695/2024
f 2062/1693/2022 2063/1696/2023 2066/1697/2026 2065/1694/2025
f 2064/1695/2024 2065/1694/2025 2068/1698/2028 2067/1699/2027
f 2065/1694/2025 2066/1697/2026 2069/1700/2029 2068/1698/2028
f 1787/1701/1787 1907/1702/1893 2061/1692/2021 1950/1703/1926
f 1907/1702/1893 1906/1704/1892 2062/1693/2022 2061/1692/2021
f 1906/1704/1892 1905/1705/1891 2063/1696/2023 2062/1693/2022
f 1905/1705/1891 1770/1706/1770 1809/1707/1809 2063/1696/2023
f 2063/1696/2023 1809/1707/1809 1810/1708/1810 2066/1697/2026
f 2066/1697/2026 1810/1708/1810 1811/1709/1811 2069/1700/2029
f 2069/1700/2029 1811/1709/1811 1768/1710/1768 1887/1711/1879
f 2068/1698/2028 2069/1700/2029 1887/1711/1879 1888/1712/1880
f 2067/1699/2027 2068/1698/2028 1888/1712/1880 1889/1713/1881
f 1952/1714/1928 2067/1699/2027 1889/1713/1881 1781/1715/1781
f 1951/1716/1927 2064/1695/2024 2067/1699/2027 1952/1714/1928
f 1950/1703/1926 2061/1692/2021 2064/1695/2024 1951/1716/1927
f 2070/1717/2030 2071/1718/2031 2074/1719/2034 2073/1720/2033
f 2071/1718/2031 2072/1721/2032 2075/1722/2035 2074/1719/2034
f 2073/1720/2033 2074/1719/2034 2077/1723/2037 2076/1724/2036
f 2074/1719/2034 2075/1722/2035 2078/1725/2038 2077/1723/2037
f 1791/1726/1791 1919/1727/1901 2070/1717/2030 1944/1728/1920
f 1919/1727/1901 1918/1729/1900 2071/1718/2031 2070/1717/2030
f 1918/1729/1900 1917/1730/1899 2072/1721/2032 2071/1718/2031
f 1917/1730/1899 1776/1731/1776 1818/1732/1818 2072/1721/2032
f 2072/1721/2032 1818/1732/1818 1819/1733/1819 2075/1722/2035
f 2075/1722/2035 1819/1733/1819 1820/1734/1820 2078/1725/2038
f 2078/1725/2038 1820/1734/1820 1766/1735/1766 1893/1736/1883
f 2077/1723/2037 2078/1725/2038 1893/1736/1883 1894/1737/1884
f 2076/1724/2036 2077/1723/2037 1894/1737/1884 1895/1738/1885
f 1946/1739/1922 2076/1724/2036 1895/1738/1885 1783/1740/1783
f 1945/1741/1921 2073/1720/2033 2076/1724/2036 1946/1739/1922
f 1944/1728/1920 2070/1717/2030 2073/1720/2033 1945/1741/1921
f 2079/1742/2039 2080/1743/2040 2083/1744/2043 2082/1745/2042
f 2080/1743/2040 2081/1746/2041 2084/1747/2044 2083/1744/2043
f 2082/1745/2042 2083/1744/2043 2086/1748/2046 2085/1749/2045
f 2083/1744/2043 2084/1747/2044 2087/1750/2047 2086/1748/2046
f 1780/1751/1780 1880/1752/1872 2079/1742/2039 1842/1753/1842
f 1880/1752/1872 1879/1754/1871 2080/1743/2040 2079/1742/2039
f 1879/1754/1871 1878/1755/1870 2081/1746/2041 2080/1743/2040
f 1878/1755/1870 1773/1756/1773 1847/1757/1847 2081/1746/2041
f 2081/1746/2041 1847/1757/1847 1846/1758/1846 2084/1747/2044
f 2084/1747/2044 1846/1758/1846 1845/1759/1845 2087/1750/2047
f 2087/1750/2047 1845/1759/1845 1765/1760/1765 1826/1761/1826
f 2086/1748/2046 2087/1750/2047 1826/1761/1826 1825/1762/1825
f 2085/1749/2045 2086/1748/2046 1825/1762/1825 1824/1763/1824
f 1844/1764/1844 2085/1749/2045 1824/1763/1824 1771/1765/1771
f 1843/1766/1843 2082/1745/2042 2085/1749/2045 1844/1764/1844
f 1842/1753/1842 2079/1742/2039 2082/1745/2042 1843/1766/1843
f 2088/1767/2048 2089/1768/2049 2092/1769/2052 2091/1770/2051
f 2089/1768/2049 2090/1771/2050 2093/1772/2053 2092/1769/2052
f 2091/1770/2051 2092/1769/2052 2095/1773/2055 2094/1774/2054
f 2092/1769/2052 2093/1772/2053 2096/1775/2056 2095/1773/2055
f 1783/1740/1783 1895/1738/1885 2088/1767/2048 1938/1776/1914
f 1895/1738/1885 1894/1737/1884 2089/1768/2049 2088/1767/2048
f 1894/1737/1884 1893/1736/1883 2090/1771/2050 2089/1768/2049
f 1893/1736/1883 1766/1735/1766 1830/1777/1830 2090/1771/2050
f 2090/1771/2050 1830/1777/1830 1831/1778/1831 2093/1772/2053
f 2093/1772/2053 1831/1778/1831 1832/1779/1832 2096/1775/2056
f 2096/1775/2056 1832/1779/1832 1772/1780/1772 1899/1781/1887
f 2095/1773/2055 2096/1775/2056 1899/1781/1887 1900/1782/1888
f 2094/1774/2054 2095/1773/2055 1900/1782/1888 1901/1783/1889
f 1940/1784/1916 2094/1774/2054 1901/1783/1889 1785/1785/1785
f 1939/1786/1915 2091/1770/2051 2094/1774/2054 1940/1784/1916
f 1938/1776/1914 2088/1767/2048 2091/1770/2051 1939/1786/1915
f 2097/1787/2057 2098/1788/2058 2101/1789/2061 2100/1790/2060
f 2098/1788/2058 2099/1791/2059 2102/1792/2062 2101/1789/2061
f 2100/1790/2060 2101/1789/2061 2104/1793/2064 2103/1794/2063
f 2101/1789/2061 2102/1792/2062 2105/1795/2065 2104/1793/2064
f 1776/1731/1776 1874/1796/1866 2097/1787/2057 1818/1732/1818
f 1874/1796/1866 1873/1797/1865 2098/1788/2058 2097/1787/2057
f 1873/1797/1865 1872/1798/1864 2099/1791/2059 2098/1788/2058
f 1872/1798/1864 1778/1799/1778 1836/1800/1836 2099/1791/2059
f 2099/1791/2059 1836/1800/1836 1837/1801/1837 2102/1792/2062
f 2102/1792/2062 1837/1801/1837 1838/1802/1838 2105/1795/2065
f 2105/1795/2065 1838/1802/1838 1772/1803/1772 1832/1804/1832
f 2104/1793/2064 2105/1795/2065 1832/1804/1832 1831/1805/1831
f 2103/1794/2063 2104/1793/2064 1831/1805/1831 1830/1806/1830
f 1820/1734/1820 2103/1794/2063 1830/1806/1830 1766/1735/1766
f 1819/1733/1819 2100/1790/2060 2103/1794/2063 1820/1734/1820
f 1818/1732/1818 2097/1787/2057 2100/1790/2060 1819/1733/1819
f 2106/1807/2066 2107/1808/2067 2110/1809/2070 2109/1810/2069
f 2107/1808/2067 2108/1811/2068 2111/1812/2071 2110/1809/2070
f 2109/1810/2069 2110/1809/2070 2113/1813/2073 2112/1814/2072
f 2110/1809/2070 2111/1812/2071 2114/1815/2074 2113/1813/2073
f 1768/1710/1768 1811/1816/1811 2106/1807/2066 1851/1817/1849
f 1811/1816/1811 1810/1818/1810 2107/1808/2067 2106/1807/2066
f 1810/1818/1810 1809/1819/1809 2108/1811/2068 2107/1808/2067
f 1809/1819/1809 1770/1820/1770 1857/1821/1853 2108/1811/2068
f 2108/1811/2068 1857/1821/1853 1858/1822/1854 2111/1812/2071
f 2111/1812/2071 1858/1822/1854 1859/1823/1855 2114/1815/2074
f 2114/1815/2074 1859/1823/1855 1777/1824/1777 1869/1825/1861
f 2113/1813/2073 2114/1815/2074 1869/1825/1861 1870/1826/1862
f 2112/1814/2072 2113/1813/2073 1870/1826/1862 1871/1827/1863
f 1853/1828/1851 2112/1814/2072 1871/1827/1863 1775/1829/1775
f 1852/1830/1850 2109/1810/2069 2112/1814/2072 1853/1828/1851
f 1851/1817/1849 2106/1807/2066 2109/1810/2069 1852/1830/1850
f 2115/1831/2075 2116/1832/2076 2119/1833/2076 2118/1834/2075
f 2116/1832/2076 2117/1835/2077 2120/1836/2077 2119/1833/2076
f 2118/1834/2075 2119/1833/2076 2122/1837/2076 2121/1838/2075
f 2119/1833/2076 2120/1836/2077 2123/1839/2077 2122/1837/2076
f 1775/1829/1775 1871/1827/1863 2115/1831/2075 1854/1840/1852
f 1871/1827/1863 1870/1826/1862 2116/1832/2076 2115/1831/2075
f 1870/1826/1862 1869/1825/1861 2117/1835/2077 2116/1832/2076
f 1869/1825/1861 1777/1824/1777 1860/1841/1856 2117/1835/2077
f 2117/1835/2077 1860/1841/1856 1861/1842/1856 2120/1836/2077
f 2120/1836/2077 1861/1842/1856 1862/1843/1856 2123/1839/2077
f 2123/1839/2077 1862/1843/1856 1778/1799/1778 1872/1798/1864
f 2122/1837/2076 2123/1839/2077 1872/1798/1864 1873/1797/1865
f 2121/1838/2075 2122/1837/2076 1873/1797/1865 1874/1796/1866
f 1856/1844/1852 2121/1838/2075 1874/1796/1866 1776/1731/1776
f 1855/1845/1852 2118/1834/2075 2121/1838/2075 1856/1844/1852
f 1854/1840/1852 2115/1831/2075 2118/1834/2075 1855/1845/1852
f 2124/1846/2078 2125/1847/2079 2128/1848/2082 2127/1849/2081
f 2125/1847/2079 2126/1850/2080 2129/1851/2083 2128/1848/2082
f 2127/1849/2081 2128/1848/2082 2131/1852/2085 2130/1853/2084
f 2128/1848/2082 2129/1851/2083 2132/1854/2086 2131/1852/2085
f 1769/1855/1769 1829/1856/1829 2124/1846/2078 1863/1857/1857
f 1829/1856/1829 1828/1858/1828 2125/1847/2079 2124/1846/2078
f 1828/1858/1828 1827/1859/1827 2126/1850/2080 2125/1847/2079
f 1827/1859/1827 1767/1860/1767 1817/1861/1817 2126/1850/2080
f 2126/1850/2080 1817/1861/1817 1816/1862/1816 2129/1851/2083
f 2129/1851/2083 1816/1862/1816 1815/1863/1815 2132/1854/2086
f 2132/1854/2086 1815/1863/1815 1774/1864/1774 1875/1865/1867
f 2131/1852/2085 2132/1854/2086 1875/1865/1867 1876/1866/1868
f 2130/1853/2084 2131/1852/2085 1876/1866/1868 1877/1867/1869
f 1865/1868/1859 2130/1853/2084 1877/1867/1869 1779/1869/1779
f 1864/1870/1858 2127/1849/2081 2130/1853/2084 1865/1868/1859
f 1863/1857/1857 2124/1846/2078 2127/1849/2081 1864/1870/1858
f 2133/1871/2087 2134/1872/2088 2137/1873/2088 2136/1874/2087
f 2134/1872/2088 2135/1875/2089 2138/1876/2089 2137/1873/2088
f 2136/1874/2087 2137/1873/2088 2140/1877/2088 2139/1878/2087
f 2137/1873/2088 2138/1876/2089 2141/1879/2089 2140/1877/2088
f 1779/1869/1779 1877/1867/1869 2133/1871/2087 1866/1880/1860
f 1877/1867/1869 1876/1866/1868 2134/1872/2088 2133/1871/2087
f 1876/1866/1868 1875/1865/1867 2135/1875/2089 2134/1872/2088
f 1875/1865/1867 1774/1864/1774 1850/1881/1848 2135/1875/2089
f 2135/1875/2089 1850/1881/1848 1849/1882/1848 2138/1876/2089
f 2138/1876/2089 1849/1882/1848 1848/1883/1848 2141/1879/2089
f 2141/1879/2089 1848/1883/1848 1773/1756/1773 1878/1755/1870
f 2140/1877/2088 2141/1879/2089 1878/1755/1870 1879/1754/1871
f 2139/1878/2087 2140/1877/2088 1879/1754/1871 1880/1752/1872
f 1868/1884/1860 2139/1878/2087 1880/1752/1872 1780/1751/1780
f 1867/1885/1860 2136/1874/2087 2139/1878/2087 1868/1884/1860
f 1866/1880/1860 2133/1871/2087 2136/1874/2087 1867/1885/1860
f 2142/1886/2090 2143/1887/2091 2146/1888/2094 2145/1889/2093
f 2143/1887/2091 2144/1890/2092 2147/1891/2095 2146/1888/2094
f 2145/1889/2093 2146/1888/2094 2149/1892/2097 2148/1893/2096
f 2146/1888/2094 2147/1891/2095 2150/1894/2098 2149/1892/2097
f 1781/1715/1781 1889/1713/1881 2142/1886/2090 1932/1895/1908
f 1889/1713/1881 1888/1712/1880 2143/1887/2091 2142/1886/2090
f 1888/1712/1880 1887/1711/1879 2144/1890/2092 2143/1887/2091
f 1887/1711/1879 1768/1710/1768 1851/1817/1849 2144/1890/2092
f 2144/1890/2092 1851/1817/1849 1852/1830/1850 2147/1891/2095
f 2147/1891/2095 1852/1830/1850 1853/1828/1851 2150/1894/2098
f 2150/1894/2098 1853/1828/1851 1775/1829/1775 1911/1896/1895
f 2149/1892/2097 2150/1894/2098 1911/1896/1895 1912/1897/1896
f 2148/1893/2096 2149/1892/2097 1912/1897/1896 1913/1898/1897
f 1934/1899/1910 2148/1893/2096 1913/1898/1897 1789/1900/1789
f 1933/1901/1909 2145/1889/2093 2148/1893/2096 1934/1899/1910
f 1932/1895/1908 2142/1886/2090 2145/1889/2093 1933/1901/1909
f 2151/1902/2099 2152/1903/2100 2155/1904/2100 2154/1905/2099
f 2152/1903/2100 2153/1906/2101 2156/1907/2101 2155/1904/2100
f 2154/1905/2099 2155/1904/2100 2158/1908/2100 2157/1909/2099
f 2155/1904/2100 2156/1907/2101 2159/1910/2101 2158/1908/2100
f 1789/1911/1789 1913/1898/1897 2151/1902/2099 1926/1912/1904
f 1913/1898/1897 1912/1897/1896 2152/1903/2100 2151/1902/2099
f 1912/1897/1896 1911/1913/1895 2153/1906/2101 2152/1903/2100
f 1911/1913/1895 1775/1914/1775 1854/1915/1852 2153/1906/2101
f 2153/1906/2101 1854/1915/1852 1855/1916/1852 2156/1907/2101
f 2156/1907/2101 1855/1916/1852 1856/1917/1852 2159/1910/2101
f 2159/1910/2101 1856/1917/1852 1776/1918/1776 1917/1919/1899
f 2158/1908/2100 2159/1910/2101 1917/1919/1899 1918/1920/1900
f 2157/1909/2099 2158/1908/2100 1918/1920/1900 1919/1921/1901
f 1928/1922/1904 2157/1909/2099 1919/1921/1901 1791/1923/1791
f 1927/1924/1904 2154/1905/2099 2157/1909/2099 1928/1922/1904
f 1926/1912/1904 2151/1902/2099 2154/1905/2099 1927/1924/1904
f 2160/1925/2102 2161/1926/2103 2164/1927/2103 2163/1928/2102
f 2161/1926/2103 2162/1929/2104 2165/1930/2104 2164/1927/2103
f 2163/1928/2102 2164/1927/2103 2167/1931/2103 2166/1932/2102
f 2164/1927/2103 2165/1930/2104 2168/1933/2104 2167/1931/2103
f 1774/1934/1774 1883/1935/1875 2160/1925/2102 1850/1936/1848
f 1883/1935/1875 1882/1937/1874 2161/1926/2103 2160/1925/2102
f 1882/1937/1874 1881/1938/1873 2162/1929/2104 2161/1926/2103
f 1881/1938/1873 1790/1939/1790 1923/1940/1903 2162/1929/2104
f 2162/1929/2104 1923/1940/1903 1924/1941/1903 2165/1930/2104
f 2165/1930/2104 1924/1941/1903 1925/1942/1903 2168/1933/2104
f 2168/1933/2104 1925/1942/1903 1792/1943/1792 1884/1944/1876
f 2167/1931/2103 2168/1933/2104 1884/1944/1876 1885/1945/1877
f 2166/1932/2102 2167/1931/2103 1885/1945/1877 1886/1946/1878
f 1848/1947/1848 2166/1932/2102 1886/1946/1878 1773/1948/1773
f 1849/1882/1848 2163/1928/2102 2166/1932/2102 1848/1947/1848
f 1850/1936/1848 2160/1925/2102 2163/1928/2102 1849/1882/1848
f 2169/1949/2105 2170/1950/2105 2173/1951/2105 2172/1952/2105
f 2170/1950/2105 2171/1953/2105 2174/1954/2105 2173/1951/2105
f 2172/1952/2105 2173/1951/2105 2176/1955/2105 2175/1956/2105
f 2173/1951/2105 2174/1954/2105 2177/1957/2105 2176/1955/2105
f 1790/1939/1790 1916/1958/1898 2169/1949/2105 1923/1940/1903
f 1916/1958/1898 1915/1959/1898 2170/1950/2105 2169/1949/2105
f 1915/1959/1898 1914/1960/1898 2171/1953/2105 2170/1950/2105
f 1914/1960/1898 1789/1911/1789 1926/1912/1904 2171/1953/2105
f 2171/1953/2105 1926/1912/1904 1927/1924/1904 2174/1954/2105
f 2174/1954/2105 1927/1924/1904 1928/1922/1904 2177/1957/2105
f 2177/1957/2105 1928/1922/1904 1791/1923/1791 1920/1961/1902
f 2176/1955/2105 2177/1957/2105 1920/1961/1902 1921/1962/1902
f 2175/1956/2105 2176/1955/2105 1921/1962/1902 1922/1963/1902
f 1925/1942/1903 2175/1956/2105 1922/1963/1902 1792/1943/1792
f 1924/1941/1903 2172/1952/2105 2175/1956/2105 1925/1942/1903
f 1923/1940/1903 2169/1949/2105 2172/1952/2105 1924/1941/1903
f 2178/1964/2106 2179/1965/2107 2182/1966/2110 2181/1967/2109
f 2179/1965/2107 2180/1968/2108 2183/1969/2111 2182/1966/2110
f 2181/1967/2109 2182/1966/2110 2185/1970/2113 2184/1971/2112
f 2182/1966/2110 2183/1969/2111 2186/1972/2114 2185/1970/2113
f 1767/1860/1767 1814/1973/1814 2178/1964/2106 1817/1861/1817
f 1814/1973/1814 1813/1974/1813 2179/1965/2107 2178/1964/2106
f 1813/1974/1813 1812/1975/1812 2180/1968/2108 2179/1965/2107
f 1812/1975/1812 1782/1976/1782 1929/1977/1905 2180/1968/2108
f 2180/1968/2108 1929/1977/1905 1930/1978/1906 2183/1969/2111
f 2183/1969/2111 1930/1978/1906 1931/1979/1907 2186/1972/2114
f 2186/1972/2114 1931/1979/1907 1790/1980/1790 1881/1981/1873
f 2185/1970/2113 2186/1972/2114 1881/1981/1873 1882/1982/1874
f 2184/1971/2112 2185/1970/2113 1882/1982/1874 1883/1983/1875
f 1815/1863/1815 2184/1971/2112 1883/1983/1875 1774/1864/1774
f 1816/1862/1816 2181/1967/2109 2184/1971/2112 1815/1863/1815
f 1817/1861/1817 2178/1964/2106 2181/1967/2109 1816/1862/1816
f 2187/1984/2115 2188/1985/2115 2191/1986/2116 2190/1987/2116
f 2188/1985/2115 2189/1988/2115 2192/1989/2116 2191/1986/2116
f 2190/1987/2116 2191/1986/2116 2194/1990/2117 2193/1991/2117
f 2191/1986/2116 2192/1989/2116 2195/1992/2117 2194/1990/2117
f 1782/1993/1782 1892/1994/1882 2187/1984/2115 1929/1995/1905
f 1892/1994/1882 1891/1996/1882 2188/1985/2115 2187/1984/2115
f 1891/1996/1882 1890/1997/1882 2189/1988/2115 2188/1985/2115
f 1890/1997/1882 1781/1998/1781 1932/1999/1908 2189/1988/2115
f 2189/1988/2115 1932/1999/1908 1933/2000/1909 2192/1989/2116
f 2192/1989/2116 1933/2000/1909 1934/2001/1910 2195/1992/2117
f 2195/1992/2117 1934/2001/1910 1789/1911/1789 1914/1960/1898
f 2194/1990/2117 2195/1992/2117 1914/1960/1898 1915/1959/1898
f 2193/1991/2117 2194/1990/2117 1915/1959/1898 1916/1958/1898
f 1931/2002/1907 2193/1991/2117 1916/1958/1898 1790/1939/1790
f 1930/1978/1906 2190/1987/2116 2193/1991/2117 1931/2002/1907
f 1929/1995/1905 2187/1984/2115 2190/1987/2116 1930/1978/1906
f 2196/2003/2118 2197/2004/2119 2200/2005/2122 2199/2006/2121
f 2197/2004/2119 2198/2007/2120 2201/2008/2123 2200/2005/2122
f 2199/2006/2121 2200/2005/2122 2203/2009/2125 2202/2010/2124
f 2200/2005/2122 2201/2008/2123 2204/2011/2126 2203/2009/2125
f 1765/1760/1765 1823/2012/1823 2196/2003/2118 1826/2013/1826
f 1823/2012/1823 1822/2014/1822 2197/2004/2119 2196/2003/2118
f 1822/2014/1822 1821/2015/1821 2198/2007/2120 2197/2004/2119
f 1821/2015/1821 1784/2016/1784 1935/2017/1911 2198/2007/2120
f 2198/2007/2120 1935/2017/1911 1936/2018/1912 2201/2008/2123
f 2201/2008/2123 1936/2018/1912 1937/2019/1913 2204/2011/2126
f 2204/2011/2126 1937/2019/1913 1786/2020/1786 1833/2021/1833
f 2203/2009/2125 2204/2011/2126 1833/2021/1833 1834/2022/1834
f 2202/2010/2124 2203/2009/2125 1834/2022/1834 1835/2023/1835
f 1824/2024/1824 2202/2010/2124 1835/2023/1835 1771/2025/1771
f 1825/2026/1825 2199/2006/2121 2202/2010/2124 1824/2024/1824
f 1826/2013/1826 2196/2003/2118 2199/2006/2121 1825/2026/1825
f 2205/2027/2127 2206/2028/2127 2209/2029/2128 2208/2030/2128
f 2206/2028/2127 2207/2031/2127 2210/2032/2128 2209/2029/2128
f 2208/2030/2128 2209/2029/2128 2212/2033/2129 2211/2034/2129
f 2209/2029/2128 2210/2032/2128 2213/2035/2129 2212/2033/2129
f 1784/2016/1784 1898/2036/1886 2205/2027/2127 1935/2017/1911
f 1898/2036/1886 1897/2037/1886 2206/2028/2127 2205/2027/2127
f 1897/2037/1886 1896/2038/1886 2207/2031/2127 2206/2028/2127
f 1896/2038/1886 1783/1740/1783 1938/1776/1914 2207/2031/2127
f 2207/2031/2127 1938/1776/1914 1939/1786/1915 2210/2032/2128
f 2210/2032/2128 1939/1786/1915 1940/1784/1916 2213/2035/2129
f 2213/2035/2129 1940/1784/1916 1785/1785/1785 1902/2039/1890
f 2212/2033/2129 2213/2035/2129 1902/2039/1890 1903/2040/1890
f 2211/2034/2129 2212/2033/2129 1903/2040/1890 1904/2041/1890
f 1937/2019/1913 2211/2034/2129 1904/2041/1890 1786/2020/1786
f 1936/2018/1912 2208/2030/2128 2211/2034/2129 1937/2019/1913
f 1935/2017/1911 2205/2027/2127 2208/2030/2128 1936/2018/1912
f 2214/2042/2130 2215/2043/2131 2218/2044/2134 2217/2045/2133
f 2215/2043/2131 2216/2046/2132 2219/2047/2135 2218/2044/2134
f 2217/2045/2133 2218/2044/2134 2221/2048/2137 2220/2049/2136
f 2218/2044/2134 2219/2047/2135 2222/2050/2138 2221/2048/2137
f 1773/1756/1773 1886/2051/1878 2214/2042/2130 1847/1757/1847
f 1886/2051/1878 1885/2052/1877 2215/2043/2131 2214/2042/2130
f 1885/2052/1877 1884/2053/1876 2216/2046/2132 2215/2043/2131
f 1884/2053/1876 1792/2054/1792 1941/2055/1917 2216/2046/2132
f 2216/2046/2132 1941/2055/1917 1942/2056/1918 2219/2047/2135
f 2219/2047/2135 1942/2056/1918 1943/2057/1919 2222/2050/2138
f 2222/2050/2138 1943/2057/1919 1784/2016/1784 1821/2015/1821
f 2221/2048/2137 2222/2050/2138 1821/2015/1821 1822/2014/1822
f 2220/2049/2136 2221/2048/2137 1822/2014/1822 1823/2012/1823
f 1845/1759/1845 2220/2049/2136 1823/2012/1823 1765/1760/1765
f 1846/1758/1846 2217/2045/2133 2220/2049/2136 1845/1759/1845
f 1847/1757/1847 2214/2042/2130 2217/2045/2133 1846/1758/1846
f 2223/2058/2139 2224/2059/2139 2227/2060/2140 2226/2061/2140
f 2224/2059/2139 2225/2062/2139 2228/2063/2140 2227/2060/2140
f 2226/2061/2140 2227/2060/2140 2230/2064/2141 2229/2065/2141
f 2227/2060/2140 2228/2063/2140 2231/2066/2141 2230/2064/2141
f 1792/1943/1792 1922/1963/1902 2223/2058/2139 1941/2067/1917
f 1922/1963/1902 1921/1962/1902 2224/2059/2139 2223/2058/2139
f 1921/1962/1902 1920/1961/1902 2225/2062/2139 2224/2059/2139
f 1920/1961/1902 1791/1923/1791 1944/2068/1920 2225/2062/2139
f 2225/2062/2139 1944/2068/1920 1945/2069/1921 2228/2063/2140
f 2228/2063/2140 1945/2069/1921 1946/2070/1922 2231/2066/2141
f 2231/2066/2141 1946/2070/1922 1783/2071/1783 1896/2072/1886
f 2230/2064/2141 2231/2066/2141 1896/2072/1886 1897/2037/1886
f 2229/2065/2141 2230/2064/2141 1897/2037/1886 1898/2073/1886
f 1943/2074/1919 2229/2065/2141 1898/2073/1886 1784/2075/1784
f 1942/2076/1918 2226/2061/2140 2229/2065/2141 1943/2074/1919
f 1941/2067/1917 2223/2058/2139 2226/2061/2140 1942/2076/1918
f 2232/2077/2142 2233/2078/2143 2236/2079/2146 2235/2080/2145
f 2233/2078/2143 2234/2081/2144 2237/2082/2147 2236/2079/2146
f 2235/2080/2145 2236/2079/2146 2239/2083/2149 2238/2084/2148
f 2236/2079/2146 2237/2082/2147 2240/2085/2150 2239/2083/2149
f 1769/2086/1769 1841/2087/1841 2232/2077/2142 1829/2088/1829
f 1841/2087/1841 1840/2089/1840 2233/2078/2143 2232/2077/2142
f 1840/2089/1840 1839/2090/1839 2234/2081/2144 2233/2078/2143
f 1839/2090/1839 1788/2091/1788 1947/2092/1923 2234/2081/2144
f 2234/2081/2144 1947/2092/1923 1948/2093/1924 2237/2082/2147
f 2237/2082/2147 1948/2093/1924 1949/2094/1925 2240/2085/2150
f 2240/2085/2150 1949/2094/1925 1782/1976/1782 1812/1975/1812
f 2239/2083/2149 2240/2085/2150 1812/1975/1812 1813/1974/1813
f 2238/2084/2148 2239/2083/2149 1813/1974/1813 1814/1973/1814
f 1827/2095/1827 2238/2084/2148 1814/1973/1814 1767/1860/1767
f 1828/2096/1828 2235/2080/2145 2238/2084/2148 1827/2095/1827
f 1829/2088/1829 2232/2077/2142 2235/2080/2145 1828/2096/1828
f 2241/2097/2151 2242/2098/2151 2245/2099/2152 2244/2100/2152
f 2242/2098/2151 2243/2101/2151 2246/2102/2152 2245/2099/2152
f 2244/2100/2152 2245/2099/2152 2248/2103/2153 2247/2104/2153
f 2245/2099/2152 2246/2102/2152 2249/2105/2153 2248/2103/2153
f 1788/2091/1788 1910/2106/1894 2241/2097/2151 1947/2092/1923
f 1910/2106/1894 1909/2107/1894 2242/2098/2151 2241/2097/2151
f 1909/2107/1894 1908/2108/1894 2243/2101/2151 2242/2098/2151
f 1908/2108/1894 1787/1701/1787 1950/1703/1926 2243/2101/2151
f 2243/2101/2151 1950/1703/1926 1951/1716/1927 2246/2102/2152
f 2246/2102/2152 1951/1716/1927 1952/1714/1928 2249/2105/2153
f 2249/2105/2153 1952/1714/1928 1781/1715/1781 1890/2109/1882
f 2248/2103/2153 2249/2105/2153 1890/2109/1882 1891/2110/1882
f 2247/2104/2153 2248/2103/2153 1891/2110/1882 1892/2111/1882
f 1949/2094/1925 2247/2104/2153 1892/2111/1882 1782/1976/1782
f 1948/2093/1924 2244/2100/2152 2247/2104/2153 1949/2094/1925
f 1947/2092/1923 2241/2097/2151 2244/2100/2152 1948/2093/1924
f 2250/2112/2154 2251/2113/2155 2254/2114/2158 2253/1693/2157
f 2251/2113/2155 2252/2115/2156 2255/2116/2159 2254/2114/2158
f 2253/1693/2157 2254/2114/2158 2257/2117/2161 2256/2118/2160
f 2254/2114/2158 2255/2116/2159 2258/2119/2162 2257/2117/2161
f 1787/1701/1787 2058/2120/2018 2250/2112/2154 1907/1702/1893
f 2058/2120/2018 2059/1716/2019 2251/2113/2155 2250/2112/2154
f 2059/1716/2019 2060/2121/2020 2252/2115/2156 2251/2113/2155
f 2060/2121/2020 1801/1715/1801 2009/2122/1981 2252/2115/2156
f 2252/2115/2156 2009/2122/1981 2008/2123/1980 2255/2116/2159
f 2255/2116/2159 2008/2123/1980 2007/2124/1979 2258/2119/2162
f 2258/2119/2162 2007/2124/1979 1796/1710/1796 1955/1709/1931
f 2257/2117/2161 2258/2119/2162 1955/1709/1931 1954/1708/1930
f 2256/2118/2160 2257/2117/2161 1954/1708/1930 1953/1707/1929
f 1905/1705/1891 2256/2118/2160 1953/1707/1929 1770/1706/1770
f 1906/1704/1892 2253/1693/2157 2256/2118/2160 1905/1705/1891
f 1907/1702/1893 2250/2112/2154 2253/1693/2157 1906/1704/1892
f 2259/2125/2163 2260/2126/2164 2263/2127/2167 2262/1718/2166
f 2260/2126/2164 2261/2128/2165 2264/2129/2168 2263/2127/2167
f 2262/1718/2166 2263/2127/2167 2266/2130/2170 2265/2131/2169
f 2263/2127/2167 2264/2129/2168 2267/2132/2171 2266/2130/2170
f 1807/1726/1807 2052/1728/2012 2259/2125/2163 2027/1727/1993
f 2052/1728/2012 2053/2133/2013 2260/2126/2164 2259/2125/2163
f 2053/2133/2013 2054/2134/2014 2261/2128/2165 2260/2126/2164
f 2054/2134/2014 1803/2071/1803 2015/2135/1985 2261/2128/2165
f 2261/2128/2165 2015/2135/1985 2014/2136/1984 2264/2129/2168
f 2264/2129/2168 2014/2136/1984 2013/2137/1983 2267/2132/2171
f 2267/2132/2171 2013/2137/1983 1794/1735/1794 1964/2138/1940
f 2266/2130/2170 2267/2132/2171 1964/2138/1940 1963/1733/1939
f 2265/2131/2169 2266/2130/2170 1963/1733/1939 1962/1732/1938
f 2025/1730/1991 2265/2131/2169 1962/1732/1938 1800/1918/1800
f 2026/2139/1992 2262/1718/2166 2265/2131/2169 2025/1730/1991
f 2027/1727/1993 2259/2125/2163 2262/1718/2166 2026/2139/1992
f 2268/1742/2172 2269/2140/2173 2272/2141/2176 2271/2142/2175
f 2269/2140/2173 2270/2143/2174 2273/1748/2177 2272/2141/2176
f 2271/2142/2175 2272/2141/2176 2275/1747/2179 2274/2144/2178
f 2272/2141/2176 2273/1748/2177 2276/2145/2180 2275/1747/2179
f 1780/1751/1780 1842/1753/1842 2268/1742/2172 2000/1752/1972
f 1842/1753/1842 1843/1766/1843 2269/2140/2173 2268/1742/2172
f 1843/1766/1843 1844/1764/1844 2270/2143/2174 2269/2140/2173
f 1844/1764/1844 1771/1765/1771 1968/1763/1944 2270/2143/2174
f 2270/2143/2174 1968/1763/1944 1969/1762/1945 2273/1748/2177
f 2273/1748/2177 1969/1762/1945 1970/1761/1946 2276/2145/2180
f 2276/2145/2180 1970/1761/1946 1793/1760/1793 1977/2146/1953
f 2275/1747/2179 2276/2145/2180 1977/2146/1953 1978/1758/1954
f 2274/2144/2178 2275/1747/2179 1978/1758/1954 1979/2147/1955
f 1998/2148/1970 2274/2144/2178 1979/2147/1955 1797/2149/1797
f 1999/2150/1971 2271/2142/2175 2274/2144/2178 1998/2148/1970
f 2000/1752/1972 2268/1742/2172 2271/2142/2175 1999/2150/1971
f 2277/2151/2181 2278/1770/2182 2281/2152/2185 2280/1768/2184
f 2278/1770/2182 2279/1774/2183 2282/1773/2186 2281/2152/2185
f 2280/1768/2184 2281/2152/2185 2284/2153/2188 2283/2154/2187
f 2281/2152/2185 2282/1773/2186 2285/1775/2189 2284/2153/2188
f 1803/2071/1803 2046/1776/2006 2277/2151/2181 2015/2135/1985
f 2046/1776/2006 2047/1786/2007 2278/1770/2182 2277/2151/2181
f 2047/1786/2007 2048/1784/2008 2279/1774/2183 2278/1770/2182
f 2048/1784/2008 1785/1785/1785 1901/1783/1889 2279/1774/2183
f 2279/1774/2183 1901/1783/1889 1900/1782/1888 2282/1773/2186
f 2282/1773/2186 1900/1782/1888 1899/1781/1887 2285/1775/2189
f 2285/1775/2189 1899/1781/1887 1772/1780/1772 1976/1779/1952
f 2284/2153/2188 2285/1775/2189 1976/1779/1952 1975/1778/1951
f 2283/2154/2187 2284/2153/2188 1975/1778/1951 1974/1777/1950
f 2013/2137/1983 2283/2154/2187 1974/1777/1950 1794/1735/1794
f 2014/2136/1984 2280/1768/2184 2283/2154/2187 2013/2137/1983
f 2015/2135/1985 2277/2151/2181 2280/1768/2184 2014/2136/1984
f 2286/2155/2190 2287/2156/2191 2290/1789/2194 2289/2157/2193
f 2287/2156/2191 2288/1794/2192 2291/2158/2195 2290/1789/2194
f 2289/2157/2193 2290/1789/2194 2293/2159/2197 2292/2160/2196
f 2290/1789/2194 2291/2158/2195 2294/2161/2198 2293/2159/2197
f 1800/1918/1800 1962/1732/1938 2286/2155/2190 1994/1796/1966
f 1962/1732/1938 1963/1733/1939 2287/2156/2191 2286/2155/2190
f 1963/1733/1939 1964/2138/1940 2288/1794/2192 2287/2156/2191
f 1964/2138/1940 1794/1735/1794 1974/1806/1950 2288/1794/2192
f 2288/1794/2192 1974/1806/1950 1975/1805/1951 2291/2158/2195
f 2291/2158/2195 1975/1805/1951 1976/1804/1952 2294/2161/2198
f 2294/2161/2198 1976/1804/1952 1772/1803/1772 1838/1802/1838
f 2293/2159/2197 2294/2161/2198 1838/1802/1838 1837/1801/1837
f 2292/2160/2196 2293/2159/2197 1837/1801/1837 1836/1800/1836
f 1992/2162/1964 2292/2160/2196 1836/1800/1836 1778/1799/1778
f 1993/1797/1965 2289/2157/2193 2292/2160/2196 1992/2162/1964
f 1994/1796/1966 2286/2155/2190 2289/2157/2193 1993/1797/1965
f 2295/1807/2199 2296/1810/2200 2299/2163/2203 2298/2164/2202
f 2296/1810/2200 2297/2165/2201 2300/1813/2204 2299/2163/2203
f 2298/2164/2202 2299/2163/2203 2302/2166/2206 2301/1811/2205
f 2299/2163/2203 2300/1813/2204 2303/1815/2207 2302/2166/2206
f 1796/1710/1796 1983/2167/1957 2295/1807/2199 1955/1816/1931
f 1983/2167/1957 1984/2168/1958 2296/1810/2200 2295/1807/2199
f 1984/2168/1958 1985/2169/1959 2297/2165/2201 2296/1810/2200
f 1985/2169/1959 1799/2170/1799 1991/2171/1963 2297/2165/2201
f 2297/2165/2201 1991/2171/1963 1990/1826/1962 2300/1813/2204
f 2300/1813/2204 1990/1826/1962 1989/2172/1961 2303/1815/2207
f 2303/1815/2207 1989/2172/1961 1777/1824/1777 1859/1823/1855
f 2302/2166/2206 2303/1815/2207 1859/1823/1855 1858/1822/1854
f 2301/1811/2205 2302/2166/2206 1858/1822/1854 1857/1821/1853
f 1953/1819/1929 2301/1811/2205 1857/1821/1853 1770/1820/1770
f 1954/1818/1930 2298/2164/2202 2301/1811/2205 1953/1819/1929
f 1955/1816/1931 2295/1807/2199 2298/2164/2202 1954/1818/1930
f 2304/2173/2208 2305/2174/2208 2308/2175/2209 2307/2176/2209
f 2305/2174/2208 2306/2177/2208 2309/1837/2209 2308/2175/2209
f 2307/2176/2209 2308/2175/2209 2311/2178/2210 2310/2179/2210
f 2308/2175/2209 2309/1837/2209 2312/2180/2210 2311/2178/2210
f 1799/2170/1799 1986/2181/1960 2304/2173/2208 1991/2171/1963
f 1986/2181/1960 1987/1916/1960 2305/2174/2208 2304/2173/2208
f 1987/1916/1960 1988/2182/1960 2306/2177/2208 2305/2174/2208
f 1988/2182/1960 1800/1918/1800 1994/1796/1966 2306/2177/2208
f 2306/2177/2208 1994/1796/1966 1993/1797/1965 2309/1837/2209
f 2309/1837/2209 1993/1797/1965 1992/2162/1964 2312/2180/2210
f 2312/2180/2210 1992/2162/1964 1778/1799/1778 1862/1843/1856
f 2311/2178/2210 2312/2180/2210 1862/1843/1856 1861/1842/1856
f 2310/2179/2210 2311/2178/2210 1861/1842/1856 1860/1841/1856
f 1989/2172/1961 2310/2179/2210 1860/1841/1856 1777/1824/1777
f 1990/1826/1962 2307/2176/2209 2310/2179/2210 1989/2172/1961
f 1991/2171/1963 2304/2173/2208 2307/2176/2209 1990/1826/1962
f 2313/1846/2211 2314/1849/2212 2317/2183/2215 2316/2184/2214
f 2314/1849/2212 2315/2185/2213 2318/1852/2216 2317/2183/2215
f 2316/2184/2214 2317/2183/2215 2320/2186/2218 2319/1850/2217
f 2317/2183/2215 2318/1852/2216 2321/2187/2219 2320/2186/2218
f 1769/1855/1769 1863/1857/1857 2313/1846/2211 1973/1856/1949
f 1863/1857/1857 1864/1870/1858 2314/1849/2212 2313/1846/2211
f 1864/1870/1858 1865/1868/1859 2315/2185/2213 2314/1849/2212
f 1865/1868/1859 1779/1869/1779 1997/1867/1969 2315/2185/2213
f 2315/2185/2213 1997/1867/1969 1996/1866/1968 2318/1852/2216
f 2318/1852/2216 1996/1866/1968 1995/2188/1967 2321/2187/2219
f 2321/2187/2219 1995/2188/1967 1798/2189/1798 1959/2190/1935
f 2320/2186/2218 2321/2187/2219 1959/2190/1935 1960/2191/1936
f 2319/1850/2217 2320/2186/2218 1960/2191/1936 1961/2192/1937
f 1971/1859/1947 2319/1850/2217 1961/2192/1937 1795/1860/1795
f 1972/1858/1948 2316/2184/2214 2319/1850/2217 1971/1859/1947
f 1973/1856/1949 2313/1846/2211 2316/2184/2214 1972/1858/1948
f 2322/2193/2220 2323/1874/2220 2326/1873/2221 2325/2194/2221
f 2323/1874/2220 2324/1878/2220 2327/2195/2221 2326/1873/2221
f 2325/2194/2221 2326/1873/2221 2329/2196/2222 2328/2197/2222
f 2326/1873/2221 2327/2195/2221 2330/2198/2222 2329/2196/2222
f 1779/1869/1779 1866/1880/1860 2322/2193/2220 1997/1867/1969
f 1866/1880/1860 1867/1885/1860 2323/1874/2220 2322/2193/2220
f 1867/1885/1860 1868/1884/1860 2324/1878/2220 2323/1874/2220
f 1868/1884/1860 1780/1751/1780 2000/1752/1972 2324/1878/2220
f 2324/1878/2220 2000/1752/1972 1999/2150/1971 2327/2195/2221
f 2327/2195/2221 1999/2150/1971 1998/2148/1970 2330/2198/2222
f 2330/2198/2222 1998/2148/1970 1797/2149/1797 1980/1947/1956
f 2329/2196/2222 2330/2198/2222 1980/1947/1956 1981/2199/1956
f 2328/2197/2222 2329/2196/2222 1981/2199/1956 1982/2200/1956
f 1995/2188/1967 2328/2197/2222 1982/2200/1956 1798/2189/1798
f 1996/1866/1968 2325/2194/2221 2328/2197/2222 1995/2188/1967
f 1997/1867/1969 2322/2193/2220 2325/2194/2221 1996/1866/1968
f 2331/2201/2223 2332/2202/2224 2335/2203/2227 2334/2204/2226
f 2332/2202/2224 2333/2205/2225 2336/1892/2228 2335/2203/2227
f 2334/2204/2226 2335/2203/2227 2338/1891/2230 2337/2206/2229
f 2335/2203/2227 2336/1892/2228 2339/1894/2231 2338/1891/2230
f 1801/1715/1801 2040/1999/2000 2331/2201/2223 2009/2122/1981
f 2040/1999/2000 2041/2207/2001 2332/2202/2224 2331/2201/2223
f 2041/2207/2001 2042/2208/2002 2333/2205/2225 2332/2202/2224
f 2042/2208/2002 1805/1900/1805 2021/2209/1989 2333/2205/2225
f 2333/2205/2225 2021/2209/1989 2020/1897/1988 2336/1892/2228
f 2336/1892/2228 2020/1897/1988 2019/2210/1987 2339/1894/2231
f 2339/1894/2231 2019/2210/1987 1799/2170/1799 1985/2169/1959
f 2338/1891/2230 2339/1894/2231 1985/2169/1959 1984/2168/1958
f 2337/2206/2229 2338/1891/2230 1984/2168/1958 1983/2167/1957
f 2007/2124/1979 2337/2206/2229 1983/2167/1957 1796/1710/1796
f 2008/2123/1980 2334/2204/2226 2337/2206/2229 2007/2124/1979
f 2009/2122/1981 2331/2201/2223 2334/2204/2226 2008/2123/1980
f 2340/2211/2232 2341/2212/2232 2344/2213/2233 2343/2214/2233
f 2341/2212/2232 2342/2215/2232 2345/2216/2233 2344/2213/2233
f 2343/2214/2233 2344/2213/2233 2347/2217/2234 2346/2218/2234
f 2344/2213/2233 2345/2216/2233 2348/1910/2234 2347/2217/2234
f 1805/1911/1805 2034/1912/1996 2340/2211/2232 2021/2219/1989
f 2034/1912/1996 2035/2220/1996 2341/2212/2232 2340/2211/2232
f 2035/2220/1996 2036/1922/1996 2342/2215/2232 2341/2212/2232
f 2036/1922/1996 1807/1923/1807 2027/2221/1993 2342/2215/2232
f 2342/2215/2232 2027/2221/1993 2026/2222/1992 2345/2216/2233
f 2345/2216/2233 2026/2222/1992 2025/2223/1991 2348/1910/2234
f 2348/1910/2234 2025/2223/1991 1800/1918/1800 1988/2224/1960
f 2347/2217/2234 2348/1910/2234 1988/2224/1960 1987/1916/1960
f 2346/2218/2234 2347/2217/2234 1987/1916/1960 1986/2225/1960
f 2019/2226/1987 2346/2218/2234 1986/2225/1960 1799/1914/1799
f 2020/2227/1988 2343/2214/2233 2346/2218/2234 2019/2226/1987
f 2021/2219/1989 2340/2211/2232 2343/2214/2233 2020/2227/1988
f 2349/2228/2235 2350/2229/2235 2353/2230/2236 2352/2231/2236
f 2350/2229/2235 2351/2232/2235 2354/2233/2236 2353/2230/2236
f 2352/2231/2236 2353/2230/2236 2356/1930/2237 2355/2234/2237
f 2353/2230/2236 2354/2233/2236 2357/1933/2237 2356/1930/2237
f 1798/2235/1798 1982/2236/1956 2349/2228/2235 2003/1983/1975
f 1982/2236/1956 1981/2199/1956 2350/2229/2235 2349/2228/2235
f 1981/2199/1956 1980/2237/1956 2351/2232/2235 2350/2229/2235
f 1980/2237/1956 1797/2238/1797 2006/2239/1978 2351/2232/2235
f 2351/2232/2235 2006/2239/1978 2005/2240/1977 2354/2233/2236
f 2354/2233/2236 2005/2240/1977 2004/2053/1976 2357/1933/2237
f 2357/1933/2237 2004/2053/1976 1808/2241/1808 2033/2242/1995
f 2356/1930/2237 2357/1933/2237 2033/2242/1995 2032/1941/1995
f 2355/2234/2237 2356/1930/2237 2032/1941/1995 2031/2243/1995
f 2001/2244/1973 2355/2234/2237 2031/2243/1995 1806/2245/1806
f 2002/2246/1974 2352/2231/2236 2355/2234/2237 2001/2244/1973
f 2003/1983/1975 2349/2228/2235 2352/2231/2236 2002/2246/1974
f 2358/2247/2238 2359/2248/2238 2362/1951/2238 2361/2249/2238
f 2359/2248/2238 2360/1956/2238 2363/2250/2238 2362/1951/2238
f 2361/2249/2238 2362/1951/2238 2365/2251/2238 2364/2252/2238
f 2362/1951/2238 2363/2250/2238 2366/1957/2238 2365/2251/2238
f 1806/2245/1806 2031/2243/1995 2358/2247/2238 2024/1958/1990
f 2031/2243/1995 2032/1941/1995 2359/2248/2238 2358/2247/2238
f 2032/1941/1995 2033/2242/1995 2360/1956/2238 2359/2248/2238
f 2033/2242/1995 1808/2241/1808 2030/1963/1994 2360/1956/2238
f 2360/1956/2238 2030/1963/1994 2029/1962/1994 2363/2250/2238
f 2363/2250/2238 2029/1962/1994 2028/2253/1994 2366/1957/2238
f 2366/1957/2238 2028/2253/1994 1807/1923/1807 2036/1922/1996
f 2365/2251/2238 2366/1957/2238 2036/1922/1996 2035/2220/1996
f 2364/2252/2238 2365/2251/2238 2035/2220/1996 2034/1912/1996
f 2022/1960/1990 2364/2252/2238 2034/1912/1996 1805/1911/1805
f 2023/2254/1990 2361/2249/2238 2364/2252/2238 2022/1960/1990
f 2024/1958/1990 2358/2247/2238 2361/2249/2238 2023/2254/1990
f 2367/2255/2239 2368/1967/2240 2371/2256/2243 2370/2257/2242
f 2368/1967/2240 2369/2258/2241 2372/2259/2244 2371/2256/2243
f 2370/2257/2242 2371/2256/2243 2374/2260/2246 2373/2261/2245
f 2371/2256/2243 2372/2259/2244 2375/2262/2247 2374/2260/2246
f 1795/1860/1795 1961/2192/1937 2367/2255/2239 1958/2263/1934
f 1961/2192/1937 1960/2191/1936 2368/1967/2240 2367/2255/2239
f 1960/2191/1936 1959/2190/1935 2369/2258/2241 2368/1967/2240
f 1959/2190/1935 1798/2189/1798 2003/2264/1975 2369/2258/2241
f 2369/2258/2241 2003/2264/1975 2002/2265/1974 2372/2259/2244
f 2372/2259/2244 2002/2265/1974 2001/1938/1973 2375/2262/2247
f 2375/2262/2247 2001/1938/1973 1806/2266/1806 2039/2267/1999
f 2374/2260/2246 2375/2262/2247 2039/2267/1999 2038/2268/1998
f 2373/2261/2245 2374/2260/2246 2038/2268/1998 2037/1995/1997
f 1956/2269/1932 2373/2261/2245 2037/1995/1997 1802/2270/1802
f 1957/1974/1933 2370/2257/2242 2373/2261/2245 1956/2269/1932
f 1958/2263/1934 2367/2255/2239 2370/2257/2242 1957/1974/1933
f 2376/2271/2248 2377/2272/2249 2380/1986/2249 2379/2273/2248
f 2377/2272/2249 2378/2274/2250 2381/2275/2250 2380/1986/2249
f 2379/2273/2248 2380/1986/2249 2383/2276/2249 2382/1988/2248
f 2380/1986/2249 2381/2275/2250 2384/1992/2250 2383/2276/2249
f 1802/2277/1802 2037/2278/1997 2376/2271/2248 2012/2279/1982
f 2037/2278/1997 2038/1978/1998 2377/2272/2249 2376/2271/2248
f 2038/1978/1998 2039/2280/1999 2378/2274/2250 2377/2272/2249
f 2039/2280/1999 1806/2245/1806 2024/1958/1990 2378/2274/2250
f 2378/2274/2250 2024/1958/1990 2023/2254/1990 2381/2275/2250
f 2381/2275/2250 2023/2254/1990 2022/1960/1990 2384/1992/2250
f 2384/1992/2250 2022/1960/1990 1805/1911/1805 2042/2281/2002
f 2383/2276/2249 2384/1992/2250 2042/2281/2002 2041/1901/2001
f 2382/1988/2248 2383/2276/2249 2041/1901/2001 2040/2282/2000
f 2010/2283/1982 2382/1988/2248 2040/2282/2000 1801/1998/1801
f 2011/1996/1982 2379/2273/2248 2382/1988/2248 2010/2283/1982
f 2012/2279/1982 2376/2271/2248 2379/2273/2248 2011/1996/1982
f 2385/2284/2251 2386/2285/2252 2389/2286/2255 2388/2287/2254
f 2386/2285/2252 2387/2288/2253 2390/2289/2256 2389/2286/2255
f 2388/2287/2254 2389/2286/2255 2392/2290/2258 2391/2291/2257
f 2389/2286/2255 2390/2289/2256 2393/2292/2259 2392/2290/2258
f 1793/1760/1793 1970/2013/1946 2385/2284/2251 1967/2293/1943
f 1970/2013/1946 1969/2026/1945 2386/2285/2252 2385/2284/2251
f 1969/2026/1945 1968/2024/1944 2387/2288/2253 2386/2285/2252
f 1968/2024/1944 1771/2025/1771 1835/2023/1835 2387/2288/2253
f 2387/2288/2253 1835/2023/1835 1834/2022/1834 2390/2289/2256
f 2390/2289/2256 1834/2022/1834 1833/2021/1833 2393/2292/2259
f 2393/2292/2259 1833/2021/1833 1786/2020/1786 2045/2019/2005
f 2392/2290/2258 2393/2292/2259 2045/2019/2005 2044/2018/2004
f 2391/2291/2257 2392/2290/2258 2044/2018/2004 2043/2294/2003
f 1965/2295/1941 2391/2291/2257 2043/2294/2003 1804/2075/1804
f 1966/2296/1942 2388/2287/2254 2391/2291/2257 1965/2295/1941
f 1967/2293/1943 2385/2284/2251 2388/2287/2254 1966/2296/1942
f 2394/2297/2260 2395/2298/2261 2398/2299/2261 2397/2300/2260
f 2395/2298/2261 2396/2034/2262 2399/2033/2262 2398/2299/2261
f 2397/2300/2260 2398/2299/2261 2401/2032/2261 2400/2301/2260
f 2398/2299/2261 2399/2033/2262 2402/2302/2262 2401/2032/2261
f 1804/2075/1804 2043/2294/2003 2394/2297/2260 2018/2303/1986
f 2043/2294/2003 2044/2018/2004 2395/2298/2261 2394/2297/2260
f 2044/2018/2004 2045/2019/2005 2396/2034/2262 2395/2298/2261
f 2045/2019/2005 1786/2020/1786 1904/2041/1890 2396/2034/2262
f 2396/2034/2262 1904/2041/1890 1903/2040/1890 2399/2033/2262
f 2399/2033/2262 1903/2040/1890 1902/2039/1890 2402/2302/2262
f 2402/2302/2262 1902/2039/1890 1785/1785/1785 2048/1784/2008
f 2401/2032/2261 2402/2302/2262 2048/1784/2008 2047/1786/2007
f 2400/2301/2260 2401/2032/2261 2047/1786/2007 2046/1776/2006
f 2016/2304/1986 2400/2301/2260 2046/1776/2006 1803/2071/1803
f 2017/2037/1986 2397/2300/2260 2400/2301/2260 2016/2304/1986
f 2018/2303/1986 2394/2297/2260 2397/2300/2260 2017/2037/1986
f 2403/2305/2263 2404/2306/2264 2407/2307/2267 2406/2308/2266
f 2404/2306/2264 2405/2049/2265 2408/2309/2268 2407/2307/2267
f 2406/2308/2266 2407/2307/2267 2410/2310/2270 2409/2311/2269
f 2407/2307/2267 2408/2309/2268 2411/2312/2271 2410/2310/2270
f 1797/2149/1797 1979/2147/1955 2403/2305/2263 2006/2051/1978
f 1979/2147/1955 1978/1758/1954 2404/2306/2264 2403/2305/2263
f 1978/1758/1954 1977/2146/1953 2405/2049/2265 2404/2306/2264
f 1977/2146/1953 1793/1760/1793 1967/2293/1943 2405/2049/2265
f 2405/2049/2265 1967/2293/1943 1966/2296/1942 2408/2309/2268
f 2408/2309/2268 1966/2296/1942 1965/2295/1941 2411/2312/2271
f 2411/2312/2271 1965/2295/1941 1804/2075/1804 2051/2313/2011
f 2410/2310/2270 2411/2312/2271 2051/2313/2011 2050/2076/2010
f 2409/2311/2269 2410/2310/2270 2050/2076/2010 2049/2055/2009
f 2004/2314/1976 2409/2311/2269 2049/2055/2009 1808/1943/1808
f 2005/2315/1977 2406/2308/2266 2409/2311/2269 2004/2314/1976
f 2006/2051/1978 2403/2305/2263 2406/2308/2266 2005/2315/1977
f 2412/2316/2272 2413/2061/2273 2416/2060/2273 2415/2317/2272
f 2413/2061/2273 2414/2065/2274 2417/2064/2274 2416/2060/2273
f 2415/2317/2272 2416/2060/2273 2419/2318/2273 2418/2062/2272
f 2416/2060/2273 2417/2064/2274 2420/2066/2274 2419/2318/2273
f 1808/2241/1808 2049/2319/2009 2412/2316/2272 2030/1963/1994
f 2049/2319/2009 2050/2076/2010 2413/2061/2273 2412/2316/2272
f 2050/2076/2010 2051/2320/2011 2414/2065/2274 2413/2061/2273
f 2051/2320/2011 1804/2321/1804 2018/2322/1986 2414/2065/2274
f 2414/2065/2274 2018/2322/1986 2017/2323/1986 2417/2064/2274
f 2417/2064/2274 2017/2323/1986 2016/2072/1986 2420/2066/2274
f 2420/2066/2274 2016/2072/1986 1803/2071/1803 2054/2070/2014
f 2419/2318/2273 2420/2066/2274 2054/2070/2014 2053/2133/2013
f 2418/2062/2272 2419/2318/2273 2053/2133/2013 2052/2068/2012
f 2028/2253/1994 2418/2062/2272 2052/2068/2012 1807/1923/1807
f 2029/1962/1994 2415/2317/2272 2418/2062/2272 2028/2253/1994
f 2030/1963/1994 2412/2316/2272 2415/2317/2272 2029/1962/1994
f 2421/2324/2275 2422/2325/2276 2425/2326/2279 2424/2327/2278
f 2422/2325/2276 2423/2328/2277 2426/2329/2280 2425/2326/2279
f 2424/2327/2278 2425/2326/2279 2428/2330/2282 2427/2331/2281
f 2425/2326/2279 2426/2329/2280 2429/2332/2283 2428/2330/2282
f 1769/2086/1769 1973/2088/1949 2421/2324/2275 1841/2087/1841
f 1973/2088/1949 1972/2096/1948 2422/2325/2276 2421/2324/2275
f 1972/2096/1948 1971/2095/1947 2423/2328/2277 2422/2325/2276
f 1971/2095/1947 1795/1860/1795 1958/2263/1934 2423/2328/2277
f 2423/2328/2277 1958/2263/1934 1957/1974/1933 2426/2329/2280
f 2426/2329/2280 1957/1974/1933 1956/2269/1932 2429/2332/2283
f 2429/2332/2283 1956/2269/1932 1802/2270/1802 2057/2333/2017
f 2428/2330/2282 2429/2332/2283 2057/2333/2017 2056/2093/2016
f 2427/2331/2281 2428/2330/2282 2056/2093/2016 2055/2334/2015
f 1839/2090/1839 2427/2331/2281 2055/2334/2015 1788/2091/1788
f 1840/2089/1840 2424/2327/2278 2427/2331/2281 1839/2090/1839
f 1841/2087/1841 2421/2324/2275 2424/2327/2278 1840/2089/1840
f 2430/2335/2284 2431/2336/2285 2434/2099/2285 2433/2337/2284
f 2431/2336/2285 2432/2338/2286 2435/2339/2286 2434/2099/2285
f 2433/2337/2284 2434/2099/2285 2437/2340/2285 2436/2341/2284
f 2434/2099/2285 2435/2339/2286 2438/2342/2286 2437/2340/2285
f 1788/2091/1788 2055/2334/2015 2430/2335/2284 1910/2106/1894
f 2055/2334/2015 2056/2093/2016 2431/2336/2285 2430/2335/2284
f 2056/2093/2016 2057/2333/2017 2432/2338/2286 2431/2336/2285
f 2057/2333/2017 1802/2270/1802 2012/2343/1982 2432/2338/2286
f 2432/2338/2286 2012/2343/1982 2011/2110/1982 2435/2339/2286
f 2435/2339/2286 2011/2110/1982 2010/2344/1982 2438/2342/2286
f 2438/2342/2286 2010/2344/1982 1801/1715/1801 2060/2121/2020
f 2437/2340/2285 2438/2342/2286 2060/2121/2020 2059/1716/2019
f 2436/2341/2284 2437/2340/2285 2059/1716/2019 2058/2120/2018
f 1908/2108/1894 2436/2341/2284 2058/2120/2018 1787/1701/1787
f 1909/2107/1894 2433/2337/2284 2436/2341/2284 1908/2108/1894
f 1910/2106/1894 2430/2335/2284 2433/2337/2284 1909/2107/1894
o Torus
v 0.736763 3.488039 0.000000
v 0.717022 3.561716 0.000000
v 0.663087 3.615650 0.000000
v 0.589411 3.635392 0.000000
v 0.515734 3.615650 0.000000
v 0.461800 3.561716 0.000000
v 0.442058 3.488039 0.000000
v 0.461800 3.414363 0.000000
v 0.515734 3.360428 0.000000
v 0.589411 3.340687 0.000000
v 0.663087 3.360428 0.000000
v 0.717022 3.414363 0.000000
v 0.730460 3.488039 -0.096167
v 0.710888 3.561716 -0.093590
v 0.657414 3.615650 -0.086550
v 0.584368 3.635392 -0.076934
v 0.511322 3.615650 -0.067317
v 0.457849 3.561716 -0.060277
v 0.438276 3.488039 -0.057700
v 0.457849 3.414363 -0.060277
v 0.511322 3.360428 -0.067317
v 0.584368 3.340687 -0.076934
v 0.657414 3.360428 -0.086550
v 0.710888 3.414363 -0.093590
v 0.711659 3.488039 -0.190688
v 0.692590 3.561716 -0.185579
v 0.640493 3.615650 -0.171620
v 0.569327 3.635392 -0.152551
v 0.498161 3.615650 -0.133482
v 0.446064 3.561716 -0.119522
v 0.426995 3.488039 -0.114413
v 0.446064 3.414363 -0.119522
v 0.498161 3.360428 -0.133482
v 0.569327 3.340687 -0.152551
v 0.640493 3.360428 -0.171620
v 0.692590 3.414363 -0.185579
v 0.680681 3.488039 -0.281947
v 0.662442 3.561716 -0.274392
v 0.612613 3.615650 -0.253752
v 0.544544 3.635392 -0.225558
v 0.476476 3.615650 -0.197363
v 0.426647 3.561716 -0.176723
v 0.408408 3.488039 -0.169168
v 0.426647 3.414363 -0.176723
v 0.476476 3.360428 -0.197363
v 0.544544 3.340687 -0.225558
v 0.612613 3.360428 -0.253752
v 0.662442 3.414363 -0.274392
v 0.638056 3.488039 -0.368382
v 0.620959 3.561716 -0.358511
v 0.574250 3.615650 -0.331544
v 0.510445 3.635392 -0.294705
v 0.446639 3.615650 -0.257867
v 0.399930 3.561716 -0.230900
v 0.382833 3.488039 -0.221029
v 0.399930 3.414363 -0.230900
v 0.446639 3.360428 -0.257867
v 0.510445 3.340687 -0.294705
v 0.574250 3.360428 -0.331544
v 0.620959 3.414363 -0.358511
v 0.584514 3.488039 -0.448513
v 0.568852 3.561716 -0.436495
v 0.526062 3.615650 -0.403662
v 0.467611 3.635392 -0.358810
v 0.409160 3.615650 -0.313959
v 0.366370 3.561716 -0.281126
v 0.350708 3.488039 -0.269108
v 0.366370 3.414363 -0.281126
v 0.409160 3.360428 -0.313959
v 0.467611 3.340687 -0.358810
v 0.526062 3.360428 -0.403662
v 0.568852 3.414363 -0.436495
v 0.520970 3.488039 -0.520970
v 0.507011 3.561716 -0.507011
v 0.468873 3.615650 -0.468873
v 0.416776 3.635392 -0.416776
v 0.364679 3.615650 -0.364679
v 0.326542 3.561716 -0.326542
v 0.312582 3.488039 -0.312582
v 0.326542 3.414363 -0.326542
v 0.364679 3.360428 -0.364679
v 0.416776 3.340687 -0.416776
v 0.468873 3.360428 -0.468873
v 0.507011 3.414363 -0.507011
v 0.448513 3.488039 -0.584514
v 0.436495 3.561716 -0.568852
v 0.403662 3.615650 -0.526062
v 0.358811 3.635392 -0.467611
v 0.313959 3.615650 -0.409160
v 0.281126 3.561716 -0.366370
v 0.269108 3.488039 -0.350708
v 0.281126 3.414363 -0.366370
v 0.313959 3.360428 -0.409160
v 0.358811 3.340687 -0.467611
v 0.403662 3.360428 -0.526062
v 0.436495 3.414363 -0.568852
v 0.368382 3.488039 -0.638056
v 0.358511 3.561716 -0.620959
v 0.331544 3.615650 -0.574250
v 0.294705 3.635392 -0.510445
v 0.257867 3.615650 -0.446639
v 0.230900 3.561716 -0.399930
v 0.221029 3.488039 -0.382834
v 0.230900 3.414363 -0.399930
v 0.257867 3.360428 -0.446639
v 0.294705 3.340687 -0.510445
v 0.331544 3.360428 -0.574250
v 0.358511 3.414363 -0.620959
v 0.281947 3.488039 -0.680681
v 0.274393 3.561716 -0.662442
v 0.253753 3.615650 -0.612612
v 0.225558 3.635392 -0.544544
v 0.197363 3.615650 -0.476476
v 0.176723 3.561716 -0.426647
v 0.169168 3.488039 -0.408408
v 0.176723 3.414363 -0.426647
v 0.197363 3.360428 -0.476476
v 0.225558 3.340687 -0.544544
v 0.253753 3.360428 -0.612612
v 0.274393 3.414363 -0.662442
v 0.190688 3.488039 -0.711659
v 0.185579 3.561716 -0.692590
v 0.171620 3.615650 -0.640493
v 0.152551 3.635392 -0.569327
v 0.133482 3.615650 -0.498161
v 0.119523 3.561716 -0.446064
v 0.114413 3.488039 -0.426995
v 0.119523 3.414363 -0.446064
v 0.133482 3.360428 -0.498161
v 0.152551 3.340687 -0.569327
v 0.171620 3.360428 -0.640493
v 0.185579 3.414363 -0.692590
v 0.096167 3.488039 -0.730460
v 0.093590 3.561716 -0.710888
v 0.086550 3.615650 -0.657414
v 0.076933 3.635392 -0.584368
v 0.067317 3.615650 -0.511322
v 0.060277 3.561716 -0.457849
v 0.057700 3.488039 -0.438276
v 0.060277 3.414363 -0.457849
v 0.067317 3.360428 -0.511322
v 0.076933 3.340687 -0.584368
v 0.086550 3.360428 -0.657414
v 0.093590 3.414363 -0.710888
v 0.000000 3.488039 -0.736763
v 0.000000 3.561716 -0.717022
v 0.000000 3.615650 -0.663087
v 0.000000 3.635392 -0.589411
v 0.000000 3.615650 -0.515734
v 0.000000 3.561716 -0.461800
v 0.000000 3.488039 -0.442058
v 0.000000 3.414363 -0.461800
v 0.000000 3.360428 -0.515734
v 0.000000 3.340687 -0.589411
v 0.000000 3.360428 -0.663087
v 0.000000 3.414363 -0.717022
v -0.096167 3.488039 -0.730460
v -0.093590 3.561716 -0.710888
v -0.086550 3.615650 -0.657414
v -0.076934 3.635392 -0.584368
v -0.067317 3.615650 -0.511322
v -0.060277 3.561716 -0.457849
v -0.057700 3.488039 -0.438276
v -0.060277 3.414363 -0.457849
v -0.067317 3.360428 -0.511322
v -0.076934 3.340687 -0.584368
v -0.086550 3.360428 -0.657414
v -0.093590 3.414363 -0.710888
v -0.190688 3.488039 -0.711659
v -0.185579 3.561716 -0.692590
v -0.171619 3.615650 -0.640493
v -0.152551 3.635392 -0.569327
v -0.133482 3.615650 -0.498161
v -0.119522 3.561716 -0.446064
v -0.114413 3.488039 -0.426995
v -0.119522 3.414363 -0.446064
v -0.133482 3.360428 -0.498161
v -0.152551 3.340687 -0.569327
v -0.171619 3.360428 -0.640493
v -0.185579 3.414363 -0.692590
v -0.281947 3.488039 -0.680681
v -0.274392 3.561716 -0.662442
v -0.253752 3.615650 -0.612613
v -0.225558 3.635392 -0.544544
v -0.197363 3.615650 -0.476476
v -0.176723 3.561716 -0.426647
v -0.169168 3.488039 -0.408408
v -0.176723 3.414363 -0.426647
v -0.197363 3.360428 -0.476476
v -0.225558 3.340687 -0.544544
v -0.253752 3.360428 -0.612613
v -0.274392 3.414363 -0.662442
v -0.368382 3.488039 -0.638056
v -0.358511 3.561716 -0.620959
v -0.331543 3.615650 -0.574250
v -0.294705 3.635392 -0.510445
v -0.257867 3.615650 -0.446639
v -0.230900 3.561716 -0.399930
v -0.221029 3.488039 -0.382834
v -0.230900 3.414363 -0.399930
v -0.257867 3.360428 -0.446639
v -0.294705 3.340687 -0.510445
v -0.331543 3.360428 -0.574250
v -0.358511 3.414363 -0.620959
v -0.448513 3.488039 -0.584514
v -0.436495 3.561716 -0.568852
v -0.403662 3.615650 -0.526062
v -0.358811 3.635392 -0.467611
v -0.313959 3.615650 -0.409160
v -0.281126 3.561716 -0.366370
v -0.269108 3.488039 -0.350708
v -0.281126 3.414363 -0.366370
v -0.313959 3.360428 -0.409160
v -0.358811 3.340687 -0.467611
v -0.403662 3.360428 -0.526062
v -0.436495 3.414363 -0.568852
v -0.520971 3.488039 -0.520970
v -0.507011 3.561716 -0.507011
v -0.468873 3.615650 -0.468873
v -0.416776 3.635392 -0.416776
v -0.364679 3.615650 -0.364679
v -0.326542 3.561716 -0.326541
v -0.312582 3.488039 -0.312582
v -0.326542 3.414363 -0.326541
v -0.364679 3.360428 -0.364679
v -0.416776 3.340687 -0.416776
v -0.468873 3.360428 -0.468873
v -0.507011 3.414363 -0.507011
v -0.584514 3.488039 -0.448513
v -0.568852 3.561716 -0.436495
v -0.526062 3.615650 -0.403662
v -0.467611 3.635392 -0.358811
v -0.409160 3.615650 -0.313959
v -0.366370 3.561716 -0.281126
v -0.350708 3.488039 -0.269108
v -0.366370 3.414363 -0.281126
v -0.409160 3.360428 -0.313959
v -0.467611 3.340687 -0.358811
v -0.526062 3.360428 -0.403662
v -0.568852 3.414363 -0.436495
v -0.638056 3.488039 -0.368382
v -0.620959 3.561716 -0.358511
v -0.574250 3.615650 -0.331544
v -0.510445 3.635392 -0.294706
v -0.446639 3.615650 -0.257867
v -0.399930 3.561716 -0.230900
v -0.382833 3.488039 -0.221029
v -0.399930 3.414363 -0.230900
v -0.446639 3.360428 -0.257867
v -0.510445 3.340687 -0.294706
v -0.574250 3.360428 -0.331544
v -0.620959 3.414363 -0.358511
v -0.680681 3.488039 -0.281947
v -0.662442 3.561716 -0.274392
v -0.612613 3.615650 -0.253752
v -0.544544 3.635392 -0.225558
v -0.476476 3.615650 -0.197363
v -0.426647 3.561716 -0.176723
v -0.408408 3.488039 -0.169168
v -0.426647 3.414363 -0.176723
v -0.476476 3.360428 -0.197363
v -0.544544 3.340687 -0.225558
v -0.612613 3.360428 -0.253752
v -0.662442 3.414363 -0.274392
v -0.711659 3.488039 -0.190688
v -0.692590 3.561716 -0.185579
v -0.640493 3.615650 -0.171619
v -0.569327 3.635392 -0.152551
v -0.498161 3.615650 -0.133482
v -0.446064 3.561716 -0.119522
v -0.426995 3.488039 -0.114413
v -0.446064 3.414363 -0.119522
v -0.498161 3.360428 -0.133482
v -0.569327 3.340687 -0.152551
v -0.640493 3.360428 -0.171619
v -0.692590 3.414363 -0.185579
v -0.730460 3.488039 -0.096167
v -0.710888 3.561716 -0.093590
v -0.657414 3.615650 -0.086550
v -0.584368 3.635392 -0.076934
v -0.511322 3.615650 -0.067317
v -0.457849 3.561716 -0.060277
v -0.438276 3.488039 -0.057700
v -0.457849 3.414363 -0.060277
v -0.511322 3.360428 -0.067317
v -0.584368 3.340687 -0.076934
v -0.657414 3.360428 -0.086550
v -0.710888 3.414363 -0.093590
v -0.736763 3.488039 -0.000000
v -0.717022 3.561716 -0.000000
v -0.663087 3.615650 -0.000000
v -0.589411 3.635392 -0.000000
v -0.515734 3.615650 -0.000000
v -0.461800 3.561716 -0.000000
v -0.442058 3.488039 -0.000000
v -0.461800 3.414363 -0.000000
v -0.515734 3.360428 -0.000000
v -0.589411 3.340687 -0.000000
v -0.663087 3.360428 -0.000000
v -0.717022 3.414363 -0.000000
v -0.730460 3.488039 0.096167
v -0.710888 3.561716 0.093590
v -0.657414 3.615650 0.086550
v -0.584368 3.635392 0.076934
v -0.511322 3.615650 0.067317
v -0.457849 3.561716 0.060277
v -0.438276 3.488039 0.057700
v -0.457849 3.414363 0.060277
v -0.511322 3.360428 0.067317
v -0.584368 3.340687 0.076934
v -0.657414 3.360428 0.086550
v -0.710888 3.414363 0.093590
v -0.711659 3.488039 0.190688
v -0.692590 3.561716 0.185579
v -0.640493 3.615650 0.171619
v -0.569327 3.635392 0.152551
v -0.498161 3.615650 0.133482
v -0.446064 3.561716 0.119522
v -0.426995 3.488039 0.114413
v -0.446064 3.414363 0.119522
v -0.498161 3.360428 0.133482
v -0.569327 3.340687 0.152551
v -0.640493 3.360428 0.171619
v -0.692590 3.414363 0.185579
v -0.680681 3.488039 0.281947
v -0.662442 3.561716 0.274392
v -0.612613 3.615650 0.253752
v -0.544545 3.635392 0.225558
v -0.476477 3.615650 0.197363
v -0.426647 3.561716 0.176723
v -0.408408 3.488039 0.169168
v -0.426647 3.414363 0.176723
v -0.476477 3.360428 0.197363
v -0.544545 3.340687 0.225558
v -0.612613 3.360428 0.253752
v -0.662442 3.414363 0.274392
v -0.638056 3.488039 0.368382
v -0.620959 3.561716 0.358511
v -0.574250 3.615650 0.331543
v -0.510445 3.635392 0.294705
v -0.446639 3.615650 0.257867
v -0.399930 3.561716 0.230900
v -0.382834 3.488039 0.221029
v -0.399930 3.414363 0.230900
v -0.446639 3.360428 0.257867
v -0.510445 3.340687 0.294705
v -0.574250 3.360428 0.331543
v -0.620959 3.414363 0.358511
v -0.584514 3.488039 0.448513
v -0.568852 3.561716 0.436495
v -0.526062 3.615650 0.403662
v -0.467611 3.635392 0.358811
v -0.409160 3.615650 0.313959
v -0.366370 3.561716 0.281126
v -0.350708 3.488039 0.269108
v -0.366370 3.414363 0.281126
v -0.409160 3.360428 0.313959
v -0.467611 3.340687 0.358811
v -0.526062 3.360428 0.403662
v -0.568852 3.414363 0.436495
v -0.520971 3.488039 0.520970
v -0.507011 3.561716 0.507011
v -0.468873 3.615650 0.468873
v -0.416776 3.635392 0.416776
v -0.364679 3.615650 0.364679
v -0.326542 3.561716 0.326541
v -0.312582 3.488039 0.312582
v -0.326542 3.414363 0.326541
v -0.364679 3.360428 0.364679
v -0.416776 3.340687 0.416776
v -0.468873 3.360428 0.468873
v -0.507011 3.414363 0.507011
v -0.448513 3.488039 0.584513
v -0.436496 3.561716 0.568851
v -0.403662 3.615650 0.526062
v -0.358811 3.635392 0.467611
v -0.313959 3.615650 0.409159
v -0.281126 3.561716 0.366370
v -0.269108 3.488039 0.350708
v -0.281126 3.414363 0.366370
v -0.313959 3.360428 0.409159
v -0.358811 3.340687 0.467611
v -0.403662 3.360428 0.526062
v -0.436496 3.414363 0.568851
v -0.368382 3.488039 0.638056
v -0.358511 3.561716 0.620959
v -0.331543 3.615650 0.574250
v -0.294705 3.635392 0.510445
v -0.257867 3.615650 0.446639
v -0.230900 3.561716 0.399930
v -0.221029 3.488039 0.382834
v -0.230900 3.414363 0.399930
v -0.257867 3.360428 0.446639
v -0.294705 3.340687 0.510445
v -0.331543 3.360428 0.574250
v -0.358511 3.414363 0.620959
v -0.281947 3.488039 0.680681
v -0.274392 3.561716 0.662442
v -0.253752 3.615650 0.612613
v -0.225558 3.635392 0.544544
v -0.197363 3.615650 0.476476
v -0.176723 3.561716 0.426647
v -0.169168 3.488039 0.408408
v -0.176723 3.414363 0.426647
v -0.197363 3.360428 0.476476
v -0.225558 3.340687 0.544544
v -0.253752 3.360428 0.612613
v -0.274392 3.414363 0.662442
v -0.190689 3.488039 0.711659
v -0.185579 3.561716 0.692590
v -0.171620 3.615650 0.640493
v -0.152551 3.635392 0.569327
v -0.133482 3.615650 0.498161
v -0.119523 3.561716 0.446064
v -0.114413 3.488039 0.426995
v -0.119523 3.414363 0.446064
v -0.133482 3.360428 0.498161
v -0.152551 3.340687 0.569327
v -0.171620 3.360428 0.640493
v -0.185579 3.414363 0.692590
v -0.096167 3.488039 0.730460
v -0.093591 3.561716 0.710888
v -0.086551 3.615650 0.657414
v -0.076934 3.635392 0.584368
v -0.067317 3.615650 0.511322
v -0.060277 3.561716 0.457849
v -0.057700 3.488039 0.438276
v -0.060277 3.414363 0.457849
v -0.067317 3.360428 0.511322
v -0.076934 3.340687 0.584368
v -0.086551 3.360428 0.657414
v -0.093591 3.414363 0.710888
v 0.000000 3.488039 0.736763
v 0.000000 3.561716 0.717022
v 0.000000 3.615650 0.663087
v 0.000000 3.635392 0.589411
v 0.000000 3.615650 0.515734
v 0.000000 3.561716 0.461800
v 0.000000 3.488039 0.442058
v 0.000000 3.414363 0.461800
v 0.000000 3.360428 0.515734
v 0.000000 3.340687 0.589411
v 0.000000 3.360428 0.663087
v 0.000000 3.414363 0.717022
v 0.096167 3.488039 0.730460
v 0.093590 3.561716 0.710888
v 0.086550 3.615650 0.657414
v 0.076933 3.635392 0.584368
v 0.067317 3.615650 0.511322
v 0.060277 3.561716 0.457849
v 0.057700 3.488039 0.438276
v 0.060277 3.414363 0.457849
v 0.067317 3.360428 0.511322
v 0.076933 3.340687 0.584368
v 0.086550 3.360428 0.657414
v 0.093590 3.414363 0.710888
v 0.190688 3.488039 0.711659
v 0.185579 3.561716 0.692590
v 0.171619 3.615650 0.640493
v 0.152550 3.635392 0.569327
v 0.133482 3.615650 0.498161
v 0.119522 3.561716 0.446064
v 0.114413 3.488039 0.426995
v 0.119522 3.414363 0.446064
v 0.133482 3.360428 0.498161
v 0.152550 3.340687 0.569327
v 0.171619 3.360428 0.640493
v 0.185579 3.414363 0.692590
v 0.281947 3.488039 0.680681
v 0.274393 3.561716 0.662442
v 0.253753 3.615650 0.612612
v 0.225558 3.635392 0.544544
v 0.197363 3.615650 0.476476
v 0.176723 3.561716 0.426647
v 0.169168 3.488039 0.408408
v 0.176723 3.414363 0.426647
v 0.197363 3.360428 0.476476
v 0.225558 3.340687 0.544544
v 0.253753 3.360428 0.612612
v 0.274393 3.414363 0.662442
v 0.368382 3.488039 0.638056
v 0.358511 3.561716 0.620959
v 0.331544 3.615650 0.574250
v 0.294705 3.635392 0.510445
v 0.257867 3.615650 0.446639
v 0.230900 3.561716 0.399930
v 0.221029 3.488039 0.382834
v 0.230900 3.414363 0.399930
v 0.257867 3.360428 0.446639
v 0.294705 3.340687 0.510445
v 0.331544 3.360428 0.574250
v 0.358511 3.414363 0.620959
v 0.448513 3.488039 0.584514
v 0.436495 3.561716 0.568852
v 0.403662 3.615650 0.526062
v 0.358810 3.635392 0.467611
v 0.313959 3.615650 0.409160
v 0.281126 3.561716 0.366370
v 0.269108 3.488039 0.350708
v 0.281126 3.414363 0.366370
v 0.313959 3.360428 0.409160
v 0.358810 3.340687 0.467611
v 0.403662 3.360428 0.526062
v 0.436495 3.414363 0.568852
v 0.520970 3.488039 0.520971
v 0.507011 3.561716 0.507011
v 0.468873 3.615650 0.468874
v 0.416776 3.635392 0.416777
v 0.364679 3.615650 0.364679
v 0.326541 3.561716 0.326542
v 0.312582 3.488039 0.312582
v 0.326541 3.414363 0.326542
v 0.364679 3.360428 0.364679
v 0.416776 3.340687 0.416777
v 0.468873 3.360428 0.468874
v 0.507011 3.414363 0.507011
v 0.584514 3.488039 0.448513
v 0.568852 3.561716 0.436495
v 0.526062 3.615650 0.403662
v 0.467611 3.635392 0.358810
v 0.409160 3.615650 0.313959
v 0.366370 3.561716 0.281126
v 0.350708 3.488039 0.269108
v 0.366370 3.414363 0.281126
v 0.409160 3.360428 0.313959
v 0.467611 3.340687 0.358810
v 0.526062 3.360428 0.403662
v 0.568852 3.414363 0.436495
v 0.638056 3.488039 0.368382
v 0.620959 3.561716 0.358511
v 0.574250 3.615650 0.331544
v 0.510445 3.635392 0.294705
v 0.446639 3.615650 0.257867
v 0.399930 3.561716 0.230900
v 0.382833 3.488039 0.221029
v 0.399930 3.414363 0.230900
v 0.446639 3.360428 0.257867
v 0.510445 3.340687 0.294705
v 0.574250 3.360428 0.331544
v 0.620959 3.414363 0.358511
v 0.680681 3.488039 0.281947
v 0.662442 3.561716 0.274393
v 0.612612 3.615650 0.253753
v 0.544544 3.635392 0.225558
v 0.476476 3.615650 0.197363
v 0.426647 3.561716 0.176723
v 0.408408 3.488039 0.169168
v 0.426647 3.414363 0.176723
v 0.476476 3.360428 0.197363
v 0.544544 3.340687 0.225558
v 0.612612 3.360428 0.253753
v 0.662442 3.414363 0.274393
v 0.711659 3.488039 0.190688
v 0.692590 3.561716 0.185579
v 0.640493 3.615650 0.171619
v 0.569327 3.635392 0.152551
v 0.498161 3.615650 0.133482
v 0.446064 3.561716 0.119522
v 0.426995 3.488039 0.114413
v 0.446064 3.414363 0.119522
v 0.498161 3.360428 0.133482
v 0.569327 3.340687 0.152551
v 0.640493 3.360428 0.171619
v 0.692590 3.414363 0.185579
v 0.730460 3.488039 0.096167
v 0.710888 3.561716 0.093590
v 0.657414 3.615650 0.086550
v 0.584368 3.635392 0.076934
v 0.511322 3.615650 0.067317
v 0.457849 3.561716 0.060277
v 0.438276 3.488039 0.057700
v 0.457849 3.414363 0.060277
v 0.511322 3.360428 0.067317
v 0.584368 3.340687 0.076934
v 0.657414 3.360428 0.086550
v 0.710888 3.414363 0.093590
vn 1.0000 -0.0000 -0.0000
vn 0.8687 0.4954 -0.0000
vn 0.5080 0.8614 -0.0000
vn 0.0108 0.9999 -0.0000
vn -0.4918 0.8707 -0.0000
vn -0.8633 0.5047 -0.0000
vn -1.0000 -0.0000 -0.0000
vn -0.8633 -0.5047 -0.0000
vn -0.4918 -0.8707 -0.0000
vn 0.0108 -0.9999 -0.0000
vn 0.5080 -0.8614 -0.0000
vn 0.8687 -0.4954 -0.0000
vn 0.9914 -0.0000 -0.1305
vn 0.8612 0.4954 -0.1134
vn 0.5037 0.8614 -0.0663
vn 0.0107 0.9999 -0.0014
vn -0.4876 0.8707 0.0642
vn -0.8559 0.5047 0.1127
vn -0.9914 -0.0000 0.1305
vn -0.8559 -0.5047 0.1127
vn -0.4876 -0.8707 0.0642
vn 0.0107 -0.9999 -0.0014
vn 0.5036 -0.8614 -0.0663
vn 0.8612 -0.4954 -0.1134
vn 0.9659 -0.0000 -0.2588
vn 0.8391 0.4954 -0.2248
vn 0.4907 0.8614 -0.1315
vn 0.0104 0.9999 -0.0028
vn -0.4751 0.8707 0.1273
vn -0.8339 0.5047 0.2234
vn -0.9659 -0.0000 0.2588
vn -0.8339 -0.5047 0.2234
vn -0.4751 -0.8707 0.1273
vn 0.0104 -0.9999 -0.0028
vn 0.4907 -0.8614 -0.1315
vn 0.8391 -0.4954 -0.2248
vn 0.9239 -0.0000 -0.3827
vn 0.8025 0.4954 -0.3324
vn 0.4693 0.8614 -0.1944
vn 0.0100 0.9999 -0.0041
vn -0.4544 0.8707 0.1882
vn -0.7976 0.5047 0.3304
vn -0.9239 -0.0000 0.3827
vn -0.7976 -0.5047 0.3304
vn -0.4544 -0.8707 0.1882
vn 0.0100 -0.9999 -0.0041
vn 0.4693 -0.8614 -0.1944
vn 0.8025 -0.4954 -0.3324
vn 0.8660 -0.0000 -0.5000
vn 0.7523 0.4954 -0.4343
vn 0.4399 0.8614 -0.2540
vn 0.0093 0.9999 -0.0054
vn -0.4259 0.8707 0.2459
vn -0.7476 0.5047 0.4316
vn -0.8660 -0.0000 0.5000
vn -0.7476 -0.5047 0.4316
vn -0.4259 -0.8707 0.2459
vn 0.0093 -0.9999 -0.0054
vn 0.4399 -0.8614 -0.2540
vn 0.7523 -0.4954 -0.4343
vn 0.7934 -0.0000 -0.6088
vn 0.6892 0.4954 -0.5288
vn 0.4030 0.8614 -0.3092
vn 0.0085 0.9999 -0.0066
vn -0.3902 0.8707 0.2994
vn -0.6849 0.5047 0.5255
vn -0.7934 -0.0000 0.6088
vn -0.6849 -0.5047 0.5255
vn -0.3902 -0.8707 0.2994
vn 0.0085 -0.9999 -0.0066
vn 0.4030 -0.8614 -0.3092
vn 0.6892 -0.4954 -0.5288
vn 0.7071 -0.0000 -0.7071
vn 0.6142 0.4954 -0.6142
vn 0.3592 0.8614 -0.3592
vn 0.0076 0.9999 -0.0076
vn -0.3478 0.8707 0.3478
vn -0.6104 0.5047 0.6104
vn -0.7071 -0.0000 0.7071
vn -0.6104 -0.5047 0.6104
vn -0.3478 -0.8707 0.3478
vn 0.0076 -0.9999 -0.0076
vn 0.3592 -0.8614 -0.3592
vn 0.6142 -0.4954 -0.6142
vn 0.6088 -0.0000 -0.7934
vn 0.5288 0.4954 -0.6892
vn 0.3092 0.8614 -0.4030
vn 0.0066 0.9999 -0.0085
vn -0.2994 0.8707 0.3902
vn -0.5255 0.5047 0.6849
vn -0.6088 -0.0000 0.7934
vn -0.5255 -0.5047 0.6849
vn -0.2994 -0.8707 0.3902
vn 0.0066 -0.9999 -0.0085
vn 0.3092 -0.8614 -0.4030
vn 0.5288 -0.4954 -0.6892
vn 0.5000 -0.0000 -0.8660
vn 0.4343 0.4954 -0.7523
vn 0.2540 0.8614 -0.4399
vn 0.0054 0.9999 -0.0093
vn -0.2459 0.8707 0.4259
vn -0.4316 0.5047 0.7476
vn -0.5000 -0.0000 0.8660
vn -0.4316 -0.5047 0.7476
vn -0.2459 -0.8707 0.4259
vn 0.0054 -0.9999 -0.0093
vn 0.2540 -0.8614 -0.4399
vn 0.4343 -0.4954 -0.7523
vn 0.3827 -0.0000 -0.9239
vn 0.3324 0.4954 -0.8025
vn 0.1944 0.8614 -0.4693
vn 0.0041 0.9999 -0.0100
vn -0.1882 0.8707 0.4544
vn -0.3304 0.5047 0.7976
vn -0.3827 -0.0000 0.9239
vn -0.3304 -0.5047 0.7976
vn -0.1882 -0.8707 0.4544
vn 0.0041 -0.9999 -0.0100
vn 0.1944 -0.8614 -0.4693
vn 0.3324 -0.4954 -0.8025
vn 0.2588 -0.0000 -0.9659
vn 0.2248 0.4954 -0.8391
vn 0.1315 0.8614 -0.4907
vn 0.0028 0.9999 -0.0104
vn -0.1273 0.8707 0.4751
vn -0.2234 0.5047 0.8339
vn -0.2588 -0.0000 0.9659
vn -0.2234 -0.5047 0.8339
vn -0.1273 -0.8707 0.4751
vn 0.0028 -0.9999 -0.0104
vn 0.1315 -0.8614 -0.4907
vn 0.2248 -0.4954 -0.8391
vn 0.1305 -0.0000 -0.9914
vn 0.1134 0.4954 -0.8612
vn 0.0663 0.8614 -0.5037
vn 0.0014 0.9999 -0.0107
vn -0.0642 0.8707 0.4876
vn -0.1127 0.5047 0.8559
vn -0.1305 -0.0000 0.9914
vn -0.1127 -0.5047 0.8559
vn -0.0642 -0.8707 0.4876
vn 0.0014 -0.9999 -0.0107
vn 0.0663 -0.8614 -0.5036
vn 0.1134 -0.4954 -0.8612
vn -0.0000 -0.0000 -1.0000
vn -0.0000 0.4954 -0.8687
vn -0.0000 0.8614 -0.5080
vn -0.0000 0.9999 -0.0108
vn -0.0000 0.8707 0.4918
vn -0.0000 0.5047 0.8633
vn -0.0000 -0.0000 1.0000
vn -0.0000 -0.5047 0.8633
vn -0.0000 -0.8707 0.4918
vn -0.0000 -0.9999 -0.0108
vn -0.0000 -0.8614 -0.5080
vn -0.0000 -0.4954 -0.8687
vn -0.1305 -0.0000 -0.9914
vn -0.1134 0.4954 -0.8612
vn -0.0663 0.8614 -0.5037
vn -0.0014 0.9999 -0.0107
vn 0.0642 0.8707 0.4876
vn 0.1127 0.5047 0.8559
vn 0.1305 -0.0000 0.9914
vn 0.1127 -0.5047 0.8559
vn 0.0642 -0.8707 0.4876
vn -0.0014 -0.9999 -0.0107
vn -0.0663 -0.8614 -0.5036
vn -0.1134 -0.4954 -0.8612
vn -0.2588 -0.0000 -0.9659
vn -0.2248 0.4954 -0.8391
vn -0.1315 0.8614 -0.4907
vn -0.0028 0.9999 -0.0104
vn 0.1273 0.8707 0.4751
vn 0.2234 0.5047 0.8339
vn 0.2588 -0.0000 0.9659
vn 0.2234 -0.5047 0.8339
vn 0.1273 -0.8707 0.4751
vn -0.0028 -0.9999 -0.0104
vn -0.1315 -0.8614 -0.4907
vn -0.2248 -0.4954 -0.8391
vn -0.3827 -0.0000 -0.9239
vn -0.3324 0.4954 -0.8025
vn -0.1944 0.8614 -0.4693
vn -0.0041 0.9999 -0.0100
vn 0.1882 0.8707 0.4544
vn 0.3304 0.5047 0.7976
vn 0.3827 -0.0000 0.9239
vn 0.3304 -0.5047 0.7976
vn 0.1882 -0.8707 0.4544
vn -0.0041 -0.9999 -0.0100
vn -0.1944 -0.8614 -0.4693
vn -0.3324 -0.4954 -0.8025
vn -0.5000 -0.0000 -0.8660
vn -0.4343 0.4954 -0.7523
vn -0.2540 0.8614 -0.4399
vn -0.0054 0.9999 -0.0093
vn 0.2459 0.8707 0.4259
vn 0.4316 0.5047 0.7476
vn 0.5000 -0.0000 0.8660
vn 0.4316 -0.5047 0.7476
vn 0.2459 -0.8707 0.4259
vn -0.0054 -0.9999 -0.0093
vn -0.2540 -0.8614 -0.4399
vn -0.4343 -0.4954 -0.7523
vn -0.6088 -0.0000 -0.7934
vn -0.5288 0.4954 -0.6892
vn -0.3092 0.8614 -0.4030
vn -0.0066 0.9999 -0.0085
vn 0.2994 0.8707 0.3902
vn 0.5255 0.5047 0.6849
vn 0.6088 -0.0000 0.7934
vn 0.5255 -0.5047 0.6849
vn 0.2994 -0.8707 0.3902
vn -0.0066 -0.9999 -0.0085
vn -0.3092 -0.8614 -0.4030
vn -0.5288 -0.4954 -0.6892
vn -0.7071 -0.0000 -0.7071
vn -0.6142 0.4954 -0.6142
vn -0.3592 0.8614 -0.3592
vn -0.0076 0.9999 -0.0076
vn 0.3478 0.8707 0.3478
vn 0.6104 0.5047 0.6104
vn 0.7071 -0.0000 0.7071
vn 0.6104 -0.5047 0.6104
vn 0.3478 -0.8707 0.3478
vn -0.0076 -0.9999 -0.0076
vn -0.3592 -0.8614 -0.3592
vn -0.6142 -0.4954 -0.6142
vn -0.7934 -0.0000 -0.6088
vn -0.6892 0.4954 -0.5288
vn -0.4030 0.8614 -0.3092
vn -0.0085 0.9999 -0.0066
vn 0.3902 0.8707 0.2994
vn 0.6849 0.5047 0.5255
vn 0.7934 -0.0000 0.6088
vn 0.6849 -0.5047 0.5255
vn 0.3902 -0.8707 0.2994
vn -0.0085 -0.9999 -0.0066
vn -0.4030 -0.8614 -0.3092
vn -0.6892 -0.4954 -0.5288
vn -0.8660 -0.0000 -0.5000
vn -0.7523 0.4954 -0.4343
vn -0.4399 0.8614 -0.2540
vn -0.0093 0.9999 -0.0054
vn 0.4259 0.8707 0.2459
vn 0.7476 0.5047 0.4316
vn 0.8660 -0.0000 0.5000
vn 0.7476 -0.5047 0.4316
vn 0.4259 -0.8707 0.2459
vn -0.0093 -0.9999 -0.0054
vn -0.4399 -0.8614 -0.2540
vn -0.7523 -0.4954 -0.4343
vn -0.9239 -0.0000 -0.3827
vn -0.8025 0.4954 -0.3324
vn -0.4693 0.8614 -0.1944
vn -0.0100 0.9999 -0.0041
vn 0.4544 0.8707 0.1882
vn 0.7976 0.5047 0.3304
vn 0.9239 -0.0000 0.3827
vn 0.7976 -0.5047 0.3304
vn 0.4544 -0.8707 0.1882
vn -0.0100 -0.9999 -0.0041
vn -0.4693 -0.8614 -0.1944
vn -0.8025 -0.4954 -0.3324
vn -0.9659 -0.0000 -0.2588
vn -0.8391 0.4954 -0.2248
vn -0.4907 0.8614 -0.1315
vn -0.0104 0.9999 -0.0028
vn 0.4751 0.8707 0.1273
vn 0.8339 0.5047 0.2234
vn 0.9659 -0.0000 0.2588
vn 0.8339 -0.5047 0.2234
vn 0.4751 -0.8707 0.1273
vn -0.0104 -0.9999 -0.0028
vn -0.4907 -0.8614 -0.1315
vn -0.8391 -0.4954 -0.2248
vn -0.9914 -0.0000 -0.1305
vn -0.8612 0.4954 -0.1134
vn -0.5037 0.8614 -0.0663
vn -0.0107 0.9999 -0.0014
vn 0.4876 0.8707 0.0642
vn 0.8559 0.5047 0.1127
vn 0.9914 -0.0000 0.1305
vn 0.8559 -0.5047 0.1127
vn 0.4876 -0.8707 0.0642
vn -0.0107 -0.9999 -0.0014
vn -0.5036 -0.8614 -0.0663
vn -0.8612 -0.4954 -0.1134
vn -0.8687 0.4954 -0.0000
vn -0.5080 0.8614 -0.0000
vn -0.0108 0.9999 -0.0000
vn 0.4918 0.8707 -0.0000
vn 0.8633 0.5047 -0.0000
vn 0.8633 -0.5047 -0.0000
vn 0.4918 -0.8707 -0.0000
vn -0.0108 -0.9999 -0.0000
vn -0.5080 -0.8614 -0.0000
vn -0.8687 -0.4954 -0.0000
vn -0.8612 0.4954 0.1134
vn -0.5037 0.8614 0.0663
vn -0.0107 0.9999 0.0014
vn 0.4876 0.8707 -0.0642
vn 0.8559 0.5047 -0.1127
vn 0.8559 -0.5047 -0.1127
vn 0.4876 -0.8707 -0.0642
vn -0.0107 -0.9999 0.0014
vn -0.5036 -0.8614 0.0663
vn -0.8612 -0.4954 0.1134
vn -0.8391 0.4954 0.2248
vn -0.4907 0.8614 0.1315
vn -0.0104 0.9999 0.0028
vn 0.4751 0.8707 -0.1273
vn 0.8339 0.5047 -0.2234
vn 0.8339 -0.5047 -0.2234
vn 0.4751 -0.8707 -0.1273
vn -0.0104 -0.9999 0.0028
vn -0.4907 -0.8614 0.1315
vn -0.8391 -0.4954 0.2248
vn -0.8025 0.4954 0.3324
vn -0.4693 0.8614 0.1944
vn -0.0100 0.9999 0.0041
vn 0.4544 0.8707 -0.1882
vn 0.7976 0.5047 -0.3304
vn 0.7976 -0.5047 -0.3304
vn 0.4544 -0.8707 -0.1882
vn -0.0100 -0.9999 0.0041
vn -0.4693 -0.8614 0.1944
vn -0.8025 -0.4954 0.3324
vn -0.7523 0.4954 0.4343
vn -0.4399 0.8614 0.2540
vn -0.0093 0.9999 0.0054
vn 0.4259 0.8707 -0.2459
vn 0.7476 0.5047 -0.4316
vn 0.7476 -0.5047 -0.4316
vn 0.4259 -0.8707 -0.2459
vn -0.0093 -0.9999 0.0054
vn -0.4399 -0.8614 0.2540
vn -0.7523 -0.4954 0.4343
vn -0.6892 0.4954 0.5288
vn -0.4030 0.8614 0.3092
vn -0.0085 0.9999 0.0066
vn 0.3902 0.8707 -0.2994
vn 0.6849 0.5047 -0.5255
vn 0.6849 -0.5047 -0.5255
vn 0.3902 -0.8707 -0.2994
vn -0.0085 -0.9999 0.0066
vn -0.4030 -0.8614 0.3092
vn -0.6892 -0.4954 0.5288
vn -0.6142 0.4954 0.6142
vn -0.3592 0.8614 0.3592
vn -0.0076 0.9999 0.0076
vn 0.3478 0.8707 -0.3478
vn 0.6104 0.5047 -0.6104
vn 0.6104 -0.5047 -0.6104
vn 0.3478 -0.8707 -0.3478
vn -0.0076 -0.9999 0.0076
vn -0.3592 -0.8614 0.3592
vn -0.6142 -0.4954 0.6142
vn -0.5288 0.4954 0.6892
vn -0.3092 0.8614 0.4030
vn -0.0066 0.9999 0.0085
vn 0.2994 0.8707 -0.3902
vn 0.5255 0.5047 -0.6849
vn 0.5255 -0.5047 -0.6849
vn 0.2994 -0.8707 -0.3902
vn -0.0066 -0.9999 0.0085
vn -0.3092 -0.8614 0.4030
vn -0.5288 -0.4954 0.6892
vn -0.4343 0.4954 0.7523
vn -0.2540 0.8614 0.4399
vn -0.0054 0.9999 0.0093
vn 0.2459 0.8707 -0.4259
vn 0.4316 0.5047 -0.7476
vn 0.4316 -0.5047 -0.7476
vn 0.2459 -0.8707 -0.4259
vn -0.0054 -0.9999 0.0093
vn -0.2540 -0.8614 0.4399
vn -0.4343 -0.4954 0.7523
vn -0.3324 0.4954 0.8025
vn -0.1944 0.8614 0.4693
vn -0.0041 0.9999 0.0100
vn 0.1882 0.8707 -0.4544
vn 0.3304 0.5047 -0.7976
vn 0.3304 -0.5047 -0.7976
vn 0.1882 -0.8707 -0.4544
vn -0.0041 -0.9999 0.0100
vn -0.1944 -0.8614 0.4693
vn -0.3324 -0.4954 0.8025
vn -0.2248 0.4954 0.8391
vn -0.1315 0.8614 0.4907
vn -0.0028 0.9999 0.0104
vn 0.1273 0.8707 -0.4751
vn 0.2234 0.5047 -0.8339
vn 0.2234 -0.5047 -0.8339
vn 0.1273 -0.8707 -0.4751
vn -0.0028 -0.9999 0.0104
vn -0.1315 -0.8614 0.4907
vn -0.2248 -0.4954 0.8391
vn -0.1134 0.4954 0.8612
vn -0.0663 0.8614 0.5037
vn -0.0014 0.9999 0.0107
vn 0.0642 0.8707 -0.4876
vn 0.1127 0.5047 -0.8559
vn 0.1127 -0.5047 -0.8559
vn 0.0642 -0.8707 -0.4876
vn -0.0014 -0.9999 0.0107
vn -0.0663 -0.8614 0.5036
vn -0.1134 -0.4954 0.8612
vn -0.0000 0.4954 0.8687
vn -0.0000 0.8614 0.5080
vn -0.0000 0.9999 0.0108
vn -0.0000 0.8707 -0.4918
vn -0.0000 0.5047 -0.8633
vn -0.0000 -0.5047 -0.8633
vn -0.0000 -0.8707 -0.4918
vn -0.0000 -0.9999 0.0108
vn -0.0000 -0.8614 0.5080
vn -0.0000 -0.4954 0.8687
vn 0.1134 0.4954 0.8612
vn 0.0663 0.8614 0.5037
vn 0.0014 0.9999 0.0107
vn -0.0642 0.8707 -0.4876
vn -0.1127 0.5047 -0.8559
vn -0.1127 -0.5047 -0.8559
vn -0.0642 -0.8707 -0.4876
vn 0.0014 -0.9999 0.0107
vn 0.0663 -0.8614 0.5036
vn 0.1134 -0.4954 0.8612
vn 0.2248 0.4954 0.8391
vn 0.1315 0.8614 0.4907
vn 0.0028 0.9999 0.0104
vn -0.1273 0.8707 -0.4751
vn -0.2234 0.5047 -0.8339
vn -0.2234 -0.5047 -0.8339
vn -0.1273 -0.8707 -0.4751
vn 0.0028 -0.9999 0.0104
vn 0.1315 -0.8614 0.4907
vn 0.2248 -0.4954 0.8391
vn 0.3324 0.4954 0.8025
vn 0.1944 0.8614 0.4693
vn 0.0041 0.9999 0.0100
vn -0.1882 0.8707 -0.4544
vn -0.3304 0.5047 -0.7976
vn -0.3304 -0.5047 -0.7976
vn -0.1882 -0.8707 -0.4544
vn 0.0041 -0.9999 0.0100
vn 0.1944 -0.8614 0.4693
vn 0.3324 -0.4954 0.8025
vn 0.4343 0.4954 0.7523
vn 0.2540 0.8614 0.4399
vn 0.0054 0.9999 0.0093
vn -0.2459 0.8707 -0.4259
vn -0.4316 0.5047 -0.7476
vn -0.4316 -0.5047 -0.7476
vn -0.2459 -0.8707 -0.4259
vn 0.0054 -0.9999 0.0093
vn 0.2540 -0.8614 0.4399
vn 0.4343 -0.4954 0.7523
vn 0.5288 0.4954 0.6892
vn 0.3092 0.8614 0.4030
vn 0.0066 0.9999 0.0085
vn -0.2994 0.8707 -0.3902
vn -0.5255 0.5047 -0.6849
vn -0.5255 -0.5047 -0.6849
vn -0.2994 -0.8707 -0.3902
vn 0.0066 -0.9999 0.0085
vn 0.3092 -0.8614 0.4030
vn 0.5288 -0.4954 0.6892
vn 0.6142 0.4954 0.6142
vn 0.3592 0.8614 0.3592
vn 0.0076 0.9999 0.0076
vn -0.3478 0.8707 -0.3478
vn -0.6104 0.5047 -0.6104
vn -0.6104 -0.5047 -0.6104
vn -0.3478 -0.8707 -0.3478
vn 0.0076 -0.9999 0.0076
vn 0.3592 -0.8614 0.3592
vn 0.6142 -0.4954 0.6142
vn 0.6892 0.4954 0.5288
vn 0.4030 0.8614 0.3092
vn 0.0085 0.9999 0.0066
vn -0.3902 0.8707 -0.2994
vn -0.6849 0.5047 -0.5255
vn -0.6849 -0.5047 -0.5255
vn -0.3902 -0.8707 -0.2994
vn 0.0085 -0.9999 0.0066
vn 0.4030 -0.8614 0.3092
vn 0.6892 -0.4954 0.5288
vn 0.7523 0.4954 0.4343
vn 0.4399 0.8614 0.2540
vn 0.0093 0.9999 0.0054
vn -0.4259 0.8707 -0.2459
vn -0.7476 0.5047 -0.4316
vn -0.7476 -0.5047 -0.4316
vn -0.4259 -0.8707 -0.2459
vn 0.0093 -0.9999 0.0054
vn 0.4399 -0.8614 0.2540
vn 0.7523 -0.4954 0.4343
vn 0.8025 0.4954 0.3324
vn 0.4693 0.8614 0.1944
vn 0.0100 0.9999 0.0041
vn -0.4544 0.8707 -0.1882
vn -0.7976 0.5047 -0.3304
vn -0.7976 -0.5047 -0.3304
vn -0.4544 -0.8707 -0.1882
vn 0.0100 -0.9999 0.0041
vn 0.4693 -0.8614 0.1944
vn 0.8025 -0.4954 0.3324
vn 0.8391 0.4954 0.2248
vn 0.4907 0.8614 0.1315
vn 0.0104 0.9999 0.0028
vn -0.4751 0.8707 -0.1273
vn -0.8339 0.5047 -0.2234
vn -0.8339 -0.5047 -0.2234
vn -0.4751 -0.8707 -0.1273
vn 0.0104 -0.9999 0.0028
vn 0.4907 -0.8614 0.1315
vn 0.8391 -0.4954 0.2248
vn 0.8612 0.4954 0.1134
vn 0.5037 0.8614 0.0663
vn 0.0107 0.9999 0.0014
vn -0.4876 0.8707 -0.0642
vn -0.8559 0.5047 -0.1127
vn -0.8559 -0.5047 -0.1127
vn -0.4876 -0.8707 -0.0642
vn 0.0107 -0.9999 0.0014
vn 0.5036 -0.8614 0.0663
vn 0.8612 -0.4954 0.1134
vt 0.500000 0.500000
vt 0.520833 0.500000
vt 0.520833 0.583333
vt 0.500000 0.583333
vt 0.520833 0.666667
vt 0.500000 0.666667
vt 0.520833 0.750000
vt 0.500000 0.750000
vt 0.520833 0.833333
vt 0.500000 0.833333
vt 0.520833 0.916667
vt 0.500000 0.916667
vt 0.520833 1.000000
vt 0.500000 1.000000
vt 0.500000 0.000000
vt 0.520833 0.000000
vt 0.520833 0.083333
vt 0.500000 0.083333
vt 0.520833 0.166667
vt 0.500000 0.166667
vt 0.520833 0.250000
vt 0.500000 0.250000
vt 0.520833 0.333333
vt 0.500000 0.333333
vt 0.520833 0.416667
vt 0.500000 0.416667
vt 0.541667 0.500000
vt 0.541667 0.583333
vt 0.541667 0.666667
vt 0.541667 0.750000
vt 0.541667 0.833333
vt 0.541667 0.916667
vt 0.541667 1.000000
vt 0.541667 0.000000
vt 0.541667 0.083333
vt 0.541667 0.166667
vt 0.541667 0.250000
vt 0.541667 0.333333
vt 0.541667 0.416667
vt 0.562500 0.500000
vt 0.562500 0.583333
vt 0.562500 0.666667
vt 0.562500 0.750000
vt 0.562500 0.833333
vt 0.562500 0.916667
vt 0.562500 1.000000
vt 0.562500 0.000000
vt 0.562500 0.083333
vt 0.562500 0.166667
vt 0.562500 0.250000
vt 0.562500 0.333333
vt 0.562500 0.416667
vt 0.583333 0.500000
vt 0.583333 0.583333
vt 0.583333 0.666667
vt 0.583333 0.750000
vt 0.583333 0.833333
vt 0.583333 0.916667
vt 0.583333 1.000000
vt 0.583333 0.000000
vt 0.583333 0.083333
vt 0.583333 0.166667
vt 0.583333 0.250000
vt 0.583333 0.333333
vt 0.583333 0.416667
vt 0.604167 0.500000
vt 0.604167 0.583333
vt 0.604167 0.666667
vt 0.604167 0.750000
vt 0.604167 0.833333
vt 0.604167 0.916667
vt 0.604167 1.000000
vt 0.604167 0.000000
vt 0.604167 0.083333
vt 0.604167 0.166667
vt 0.604167 0.250000
vt 0.604167 0.333333
vt 0.604167 0.416667
vt 0.625000 0.500000
vt 0.625000 0.583333
vt 0.625000 0.666667
vt 0.625000 0.750000
vt 0.625000 0.833333
vt 0.625000 0.916667
vt 0.625000 1.000000
vt 0.625000 0.000000
vt 0.625000 0.083333
vt 0.625000 0.166667
vt 0.625000 0.250000
vt 0.625000 0.333333
vt 0.625000 0.416667
vt 0.645833 0.500000
vt 0.645833 0.583333
vt 0.645833 0.666667
vt 0.645833 0.750000
vt 0.645833 0.833333
vt 0.645833 0.916667
vt 0.645833 1.000000
vt 0.645833 0.000000
vt 0.645833 0.083333
vt 0.645833 0.166667
vt 0.645833 0.250000
vt 0.645833 0.333333
vt 0.645833 0.416667
vt 0.666667 0.500000
vt 0.666667 0.583333
vt 0.666667 0.666667
vt 0.666667 0.750000
vt 0.666667 0.833333
vt 0.666667 0.916667
vt 0.666667 1.000000
vt 0.666667 0.000000
vt 0.666667 0.083333
vt 0.666667 0.166667
vt 0.666667 0.250000
vt 0.666667 0.333333
vt 0.666667 0.416667
vt 0.687500 0.500000
vt 0.687500 0.583333
vt 0.687500 0.666667
vt 0.687500 0.750000
vt 0.687500 0.833333
vt 0.687500 0.916667
vt 0.687500 1.000000
vt 0.687500 0.000000
vt 0.687500 0.083333
vt 0.687500 0.166667
vt 0.687500 0.250000
vt 0.687500 0.333333
vt 0.687500 0.416667
vt 0.708333 0.500000
vt 0.708333 0.583333
vt 0.708333 0.666667
vt 0.708333 0.750000
vt 0.708333 0.833333
vt 0.708333 0.916667
vt 0.708333 1.000000
vt 0.708333 0.000000
vt 0.708333 0.083333
vt 0.708333 0.166667
vt 0.708333 0.250000
vt 0.708333 0.333333
vt 0.708333 0.416667
vt 0.729167 0.500000
vt 0.729167 0.583333
vt 0.729167 0.666667
vt 0.729167 0.750000
vt 0.729167 0.833333
vt 0.729167 0.916667
vt 0.729167 1.000000
vt 0.729167 0.000000
vt 0.729167 0.083333
vt 0.729167 0.166667
vt 0.729167 0.250000
vt 0.729167 0.333333
vt 0.729167 0.416667
vt 0.750000 0.500000
vt 0.750000 0.583333
vt 0.750000 0.666667
vt 0.750000 0.750000
vt 0.750000 0.833333
vt 0.750000 0.916667
vt 0.750000 1.000000
vt 0.750000 0.000000
vt 0.750000 0.083333
vt 0.750000 0.166667
vt 0.750000 0.250000
vt 0.750000 0.333333
vt 0.750000 0.416667
vt 0.770833 0.500000
vt 0.770833 0.583333
vt 0.770833 0.666667
vt 0.770833 0.750000
vt 0.770833 0.833333
vt 0.770833 0.916667
vt 0.770833 1.000000
vt 0.770833 0.000000
vt 0.770833 0.083333
vt 0.770833 0.166667
vt 0.770833 0.250000
vt 0.770833 0.333333
vt 0.770833 0.416667
vt 0.791667 0.500000
vt 0.791667 0.583333
vt 0.791667 0.666667
vt 0.791667 0.750000
vt 0.791667 0.833333
vt 0.791667 0.916667
vt 0.791667 1.000000
vt 0.791667 0.000000
vt 0.791667 0.083333
vt 0.791667 0.166667
vt 0.791667 0.250000
vt 0.791667 0.333333
vt 0.791667 0.416667
vt 0.812500 0.500000
vt 0.812500 0.583333
vt 0.812500 0.666667
vt 0.812500 0.750000
vt 0.812500 0.833333
vt 0.812500 0.916667
vt 0.812500 1.000000
vt 0.812500 0.000000
vt 0.812500 0.083333
vt 0.812500 0.166667
vt 0.812500 0.250000
vt 0.812500 0.333333
vt 0.812500 0.416667
vt 0.833333 0.500000
vt 0.833333 0.583333
vt 0.833333 0.666667
vt 0.833333 0.750000
vt 0.833333 0.833333
vt 0.833333 0.916667
vt 0.833333 1.000000
vt 0.833333 0.000000
vt 0.833333 0.083333
vt 0.833333 0.166667
vt 0.833333 0.250000
vt 0.833333 0.333333
vt 0.833333 0.416667
vt 0.854167 0.500000
vt 0.854167 0.583333
vt 0.854167 0.666667
vt 0.854167 0.750000
vt 0.854167 0.833333
vt 0.854167 0.916667
vt 0.854167 1.000000
vt 0.854167 0.000000
vt 0.854167 0.083333
vt 0.854167 0.166667
vt 0.854167 0.250000
vt 0.854167 0.333333
vt 0.854167 0.416667
vt 0.875000 0.500000
vt 0.875000 0.583333
vt 0.875000 0.666667
vt 0.875000 0.750000
vt 0.875000 0.833333
vt 0.875000 0.916667
vt 0.875000 1.000000
vt 0.875000 0.000000
vt 0.875000 0.083333
vt 0.875000 0.166667
vt 0.875000 0.250000
vt 0.875000 0.333333
vt 0.875000 0.416667
vt 0.895833 0.500000
vt 0.895833 0.583333
vt 0.895833 0.666667
vt 0.895833 0.750000
vt 0.895833 0.833333
vt 0.895833 0.916667
vt 0.895833 1.000000
vt 0.895833 0.000000
vt 0.895833 0.083333
vt 0.895833 0.166667
vt 0.895833 0.250000
vt 0.895833 0.333333
vt 0.895833 0.416667
vt 0.916667 0.500000
vt 0.916667 0.583333
vt 0.916667 0.666667
vt 0.916667 0.750000
vt 0.916667 0.833333
vt 0.916667 0.916667
vt 0.916667 1.000000
vt 0.916667 0.000000
vt 0.916667 0.083333
vt 0.916667 0.166667
vt 0.916667 0.250000
vt 0.916667 0.333333
vt 0.916667 0.416667
vt 0.937500 0.500000
vt 0.937500 0.583333
vt 0.937500 0.666667
vt 0.937500 0.750000
vt 0.937500 0.833333
vt 0.937500 0.916667
vt 0.937500 1.000000
vt 0.937500 0.000000
vt 0.937500 0.083333
vt 0.937500 0.166667
vt 0.937500 0.250000
vt 0.937500 0.333333
vt 0.937500 0.416667
vt 0.958333 0.500000
vt 0.958333 0.583333
vt 0.958333 0.666667
vt 0.958333 0.750000
vt 0.958333 0.833333
vt 0.958333 0.916667
vt 0.958333 1.000000
vt 0.958333 0.000000
vt 0.958333 0.083333
vt 0.958333 0.166667
vt 0.958333 0.250000
vt 0.958333 0.333333
vt 0.958333 0.416667
vt 0.979167 0.500000
vt 0.979167 0.583333
vt 0.979167 0.666667
vt 0.979167 0.750000
vt 0.979167 0.833333
vt 0.979167 0.916667
vt 0.979167 1.000000
vt 0.979167 0.000000
vt 0.979167 0.083333
vt 0.979167 0.166667
vt 0.979167 0.250000
vt 0.979167 0.333333
vt 0.979167 0.416667
vt 1.000000 0.500000
vt 1.000000 0.583333
vt 1.000000 0.666667
vt 1.000000 0.750000
vt 1.000000 0.833333
vt 1.000000 0.916667
vt 1.000000 1.000000
vt 1.000000 0.000000
vt 1.000000 0.083333
vt 1.000000 0.166667
vt 1.000000 0.250000
vt 1.000000 0.333333
vt 1.000000 0.416667
vt 0.000000 0.500000
vt 0.020833 0.500000
vt 0.020833 0.583333
vt 0.000000 0.583333
vt 0.020833 0.666667
vt 0.000000 0.666667
vt 0.020833 0.750000
vt 0.000000 0.750000
vt 0.020833 0.833333
vt 0.000000 0.833333
vt 0.020833 0.916667
vt 0.000000 0.916667
vt 0.020833 1.000000
vt 0.000000 1.000000
vt 0.000000 0.000000
vt 0.020833 0.000000
vt 0.020833 0.083333
vt 0.000000 0.083333
vt 0.020833 0.166667
vt 0.000000 0.166667
vt 0.020833 0.250000
vt 0.000000 0.250000
vt 0.020833 0.333333
vt 0.000000 0.333333
vt 0.020833 0.416667
vt 0.000000 0.416667
vt 0.041667 0.500000
vt 0.041667 0.583333
vt 0.041667 0.666667
vt 0.041667 0.750000
vt 0.041667 0.833333
vt 0.041667 0.916667
vt 0.041667 1.000000
vt 0.041667 0.000000
vt 0.041667 0.083333
vt 0.041667 0.166667
vt 0.041667 0.250000
vt 0.041667 0.333333
vt 0.041667 0.416667
vt 0.062500 0.500000
vt 0.062500 0.583333
vt 0.062500 0.666667
vt 0.062500 0.750000
vt 0.062500 0.833333
vt 0.062500 0.916667
vt 0.062500 1.000000
vt 0.062500 0.000000
vt 0.062500 0.083333
vt 0.062500 0.166667
vt 0.062500 0.250000
vt 0.062500 0.333333
vt 0.062500 0.416667
vt 0.083333 0.500000
vt 0.083333 0.583333
vt 0.083333 0.666667
vt 0.083333 0.750000
vt 0.083333 0.833333
vt 0.083333 0.916667
vt 0.083333 1.000000
vt 0.083333 0.000000
vt 0.083333 0.083333
vt 0.083333 0.166667
vt 0.083333 0.250000
vt 0.083333 0.333333
vt 0.083333 0.416667
vt 0.104167 0.500000
vt 0.104167 0.583333
vt 0.104167 0.666667
vt 0.104167 0.750000
vt 0.104167 0.833333
vt 0.104167 0.916667
vt 0.104167 1.000000
vt 0.104167 0.000000
vt 0.104167 0.083333
vt 0.104167 0.166667
vt 0.104167 0.250000
vt 0.104167 0.333333
vt 0.104167 0.416667
vt 0.125000 0.500000
vt 0.125000 0.583333
vt 0.125000 0.666667
vt 0.125000 0.750000
vt 0.125000 0.833333
vt 0.125000 0.916667
vt 0.125000 1.000000
vt 0.125000 0.000000
vt 0.125000 0.083333
vt 0.125000 0.166667
vt 0.125000 0.250000
vt 0.125000 0.333333
vt 0.125000 0.416667
vt 0.145833 0.500000
vt 0.145833 0.583333
vt 0.145833 0.666667
vt 0.145833 0.750000
vt 0.145833 0.833333
vt 0.145833 0.916667
vt 0.145833 1.000000
vt 0.145833 0.000000
vt 0.145833 0.083333
vt 0.145833 0.166667
vt 0.145833 0.250000
vt 0.145833 0.333333
vt 0.145833 0.416667
vt 0.166667 0.500000
vt 0.166667 0.583333
vt 0.166667 0.666667
vt 0.166667 0.750000
vt 0.166667 0.833333
vt 0.166667 0.916667
vt 0.166667 1.000000
vt 0.166667 0.000000
vt 0.166667 0.083333
vt 0.166667 0.166667
vt 0.166667 0.250000
vt 0.166667 0.333333
vt 0.166667 0.416667
vt 0.187500 0.500000
vt 0.187500 0.583333
vt 0.187500 0.666667
vt 0.187500 0.750000
vt 0.187500 0.833333
vt 0.187500 0.916667
vt 0.187500 1.000000
vt 0.187500 0.000000
vt 0.187500 0.083333
vt 0.187500 0.166667
vt 0.187500 0.250000
vt 0.187500 0.333333
vt 0.187500 0.416667
vt 0.208333 0.500000
vt 0.208333 0.583333
vt 0.208333 0.666667
vt 0.208333 0.750000
vt 0.208333 0.833333
vt 0.208333 0.916667
vt 0.208333 1.000000
vt 0.208333 0.000000
vt 0.208333 0.083333
vt 0.208333 0.166667
vt 0.208333 0.250000
vt 0.208333 0.333333
vt 0.208333 0.416667
vt 0.229167 0.500000
vt 0.229167 0.583333
vt 0.229167 0.666667
vt 0.229167 0.750000
vt 0.229167 0.833333
vt 0.229167 0.916667
vt 0.229167 1.000000
vt 0.229167 0.000000
vt 0.229167 0.083333
vt 0.229167 0.166667
vt 0.229167 0.250000
vt 0.229167 0.333333
vt 0.229167 0.416667
vt 0.250000 0.500000
vt 0.250000 0.583333
vt 0.250000 0.666667
vt 0.250000 0.750000
vt 0.250000 0.833333
vt 0.250000 0.916667
vt 0.250000 1.000000
vt 0.250000 0.000000
vt 0.250000 0.083333
vt 0.250000 0.166667
vt 0.250000 0.250000
vt 0.250000 0.333333
vt 0.250000 0.416667
vt 0.270833 0.500000
vt 0.270833 0.583333
vt 0.270833 0.666667
vt 0.270833 0.750000
vt 0.270833 0.833333
vt 0.270833 0.916667
vt 0.270833 1.000000
vt 0.270833 0.000000
vt 0.270833 0.083333
vt 0.270833 0.166667
vt 0.270833 0.250000
vt 0.270833 0.333333
vt 0.270833 0.416667
vt 0.291667 0.500000
vt 0.291667 0.583333
vt 0.291667 0.666667
vt 0.291667 0.750000
vt 0.291667 0.833333
vt 0.291667 0.916667
vt 0.291667 1.000000
vt 0.291667 0.000000
vt 0.291667 0.083333
vt 0.291667 0.166667
vt 0.291667 0.250000
vt 0.291667 0.333333
vt 0.291667 0.416667
vt 0.312500 0.500000
vt 0.312500 0.583333
vt 0.312500 0.666667
vt 0.312500 0.750000
vt 0.312500 0.833333
vt 0.312500 0.916667
vt 0.312500 1.000000
vt 0.312500 0.000000
vt 0.312500 0.083333
vt 0.312500 0.166667
vt 0.312500 0.250000
vt 0.312500 0.333333
vt 0.312500 0.416667
vt 0.333333 0.500000
vt 0.333333 0.583333
vt 0.333333 0.666667
vt 0.333333 0.750000
vt 0.333333 0.833333
vt 0.333333 0.916667
vt 0.333333 1.000000
vt 0.333333 0.000000
vt 0.333333 0.083333
vt 0.333333 0.166667
vt 0.333333 0.250000
vt 0.333333 0.333333
vt 0.333333 0.416667
vt 0.354167 0.500000
vt 0.354167 0.583333
vt 0.354167 0.666667
vt 0.354167 0.750000
vt 0.354167 0.833333
vt 0.354167 0.916667
vt 0.354167 1.000000
vt 0.354167 0.000000
vt 0.354167 0.083333
vt 0.354167 0.166667
vt 0.354167 0.250000
vt 0.354167 0.333333
vt 0.354167 0.416667
vt 0.375000 0.500000
vt 0.375000 0.583333
vt 0.375000 0.666667
vt 0.375000 0.750000
vt 0.375000 0.833333
vt 0.375000 0.916667
vt 0.375000 1.000000
vt 0.375000 0.000000
vt 0.375000 0.083333
vt 0.375000 0.166667
vt 0.375000 0.250000
vt 0.375000 0.333333
vt 0.375000 0.416667
vt 0.395833 0.500000
vt 0.395833 0.583333
vt 0.395833 0.666667
vt 0.395833 0.750000
vt 0.395833 0.833333
vt 0.395833 0.916667
vt 0.395833 1.000000
vt 0.395833 0.000000
vt 0.395833 0.083333
vt 0.395833 0.166667
vt 0.395833 0.250000
vt 0.395833 0.333333
vt 0.395833 0.416667
vt 0.416667 0.500000
vt 0.416667 0.583333
vt 0.416667 0.666667
vt 0.416667 0.750000
vt 0.416667 0.833333
vt 0.416667 0.916667
vt 0.416667 1.000000
vt 0.416667 0.000000
vt 0.416667 0.083333
vt 0.416667 0.166667
vt 0.416667 0.250000
vt 0.416667 0.333333
vt 0.416667 0.416667
vt 0.437500 0.500000
vt 0.437500 0.583333
vt 0.437500 0.666667
vt 0.437500 0.750000
vt 0.437500 0.833333
vt 0.437500 0.916667
vt 0.437500 1.000000
vt 0.437500 0.000000
vt 0.437500 0.083333
vt 0.437500 0.166667
vt 0.437500 0.250000
vt 0.437500 0.333333
vt 0.437500 0.416667
vt 0.458333 0.500000
vt 0.458333 0.583333
vt 0.458333 0.666667
vt 0.458333 0.750000
vt 0.458333 0.833333
vt 0.458333 0.916667
vt 0.458333 1.000000
vt 0.458333 0.000000
vt 0.458333 0.083333
vt 0.458333 0.166667
vt 0.458333 0.250000
vt 0.458333 0.333333
vt 0.458333 0.416667
vt 0.479167 0.500000
vt 0.479167 0.583333
vt 0.479167 0.666667
vt 0.479167 0.750000
vt 0.479167 0.833333
vt 0.479167 0.916667
vt 0.479167 1.000000
vt 0.479167 0.000000
vt 0.479167 0.083333
vt 0.479167 0.166667
vt 0.479167 0.250000
vt 0.479167 0.333333
vt 0.479167 0.416667
s 1
usemtl Material.005
f 2439/2345/2287 2451/2346/2299 2452/2347/2300 2440/2348/2288
f 2440/2348/2288 2452/2347/2300 2453/2349/2301 2441/2350/2289
f 2441/2350/2289 2453/2349/2301 2454/2351/2302 2442/2352/2290
f 2442/2352/2290 2454/2351/2302 2455/2353/2303 2443/2354/2291
f 2443/2354/2291 2455/2353/2303 2456/2355/2304 2444/2356/2292
f 2444/2356/2292 2456/2355/2304 2457/2357/2305 2445/2358/2293
f 2445/2359/2293 2457/2360/2305 2458/2361/2306 2446/2362/2294
f 2446/2362/2294 2458/2361/2306 2459/2363/2307 2447/2364/2295
f 2447/2364/2295 2459/2363/2307 2460/2365/2308 2448/2366/2296
f 2448/2366/2296 2460/2365/2308 2461/2367/2309 2449/2368/2297
f 2449/2368/2297 2461/2367/2309 2462/2369/2310 2450/2370/2298
f 2450/2370/2298 2462/2369/2310 2451/2346/2299 2439/2345/2287
f 2451/2346/2299 2463/2371/2311 2464/2372/2312 2452/2347/2300
f 2452/2347/2300 2464/2372/2312 2465/2373/2313 2453/2349/2301
f 2453/2349/2301 2465/2373/2313 2466/2374/2314 2454/2351/2302
f 2454/2351/2302 2466/2374/2314 2467/2375/2315 2455/2353/2303
f 2455/2353/2303 2467/2375/2315 2468/2376/2316 2456/2355/2304
f 2456/2355/2304 2468/2376/2316 2469/2377/2317 2457/2357/2305
f 2457/2360/2305 2469/2378/2317 2470/2379/2318 2458/2361/2306
f 2458/2361/2306 2470/2379/2318 2471/2380/2319 2459/2363/2307
f 2459/2363/2307 2471/2380/2319 2472/2381/2320 2460/2365/2308
f 2460/2365/2308 2472/2381/2320 2473/2382/2321 2461/2367/2309
f 2461/2367/2309 2473/2382/2321 2474/2383/2322 2462/2369/2310
f 2462/2369/2310 2474/2383/2322 2463/2371/2311 2451/2346/2299
f 2463/2371/2311 2475/2384/2323 2476/2385/2324 2464/2372/2312
f 2464/2372/2312 2476/2385/2324 2477/2386/2325 2465/2373/2313
f 2465/2373/2313 2477/2386/2325 2478/2387/2326 2466/2374/2314
f 2466/2374/2314 2478/2387/2326 2479/2388/2327 2467/2375/2315
f 2467/2375/2315 2479/2388/2327 2480/2389/2328 2468/2376/2316
f 2468/2376/2316 2480/2389/2328 2481/2390/2329 2469/2377/2317
f 2469/2378/2317 2481/2391/2329 2482/2392/2330 2470/2379/2318
f 2470/2379/2318 2482/2392/2330 2483/2393/2331 2471/2380/2319
f 2471/2380/2319 2483/2393/2331 2484/2394/2332 2472/2381/2320
f 2472/2381/2320 2484/2394/2332 2485/2395/2333 2473/2382/2321
f 2473/2382/2321 2485/2395/2333 2486/2396/2334 2474/2383/2322
f 2474/2383/2322 2486/2396/2334 2475/2384/2323 2463/2371/2311
f 2475/2384/2323 2487/2397/2335 2488/2398/2336 2476/2385/2324
f 2476/2385/2324 2488/2398/2336 2489/2399/2337 2477/2386/2325
f 2477/2386/2325 2489/2399/2337 2490/2400/2338 2478/2387/2326
f 2478/2387/2326 2490/2400/2338 2491/2401/2339 2479/2388/2327
f 2479/2388/2327 2491/2401/2339 2492/2402/2340 2480/2389/2328
f 2480/2389/2328 2492/2402/2340 2493/2403/2341 2481/2390/2329
f 2481/2391/2329 2493/2404/2341 2494/2405/2342 2482/2392/2330
f 2482/2392/2330 2494/2405/2342 2495/2406/2343 2483/2393/2331
f 2483/2393/2331 2495/2406/2343 2496/2407/2344 2484/2394/2332
f 2484/2394/2332 2496/2407/2344 2497/2408/2345 2485/2395/2333
f 2485/2395/2333 2497/2408/2345 2498/2409/2346 2486/2396/2334
f 2486/2396/2334 2498/2409/2346 2487/2397/2335 2475/2384/2323
f 2487/2397/2335 2499/2410/2347 2500/2411/2348 2488/2398/2336
f 2488/2398/2336 2500/2411/2348 2501/2412/2349 2489/2399/2337
f 2489/2399/2337 2501/2412/2349 2502/2413/2350 2490/2400/2338
f 2490/2400/2338 2502/2413/2350 2503/2414/2351 2491/2401/2339
f 2491/2401/2339 2503/2414/2351 2504/2415/2352 2492/2402/2340
f 2492/2402/2340 2504/2415/2352 2505/2416/2353 2493/2403/2341
f 2493/2404/2341 2505/2417/2353 2506/2418/2354 2494/2405/2342
f 2494/2405/2342 2506/2418/2354 2507/2419/2355 2495/2406/2343
f 2495/2406/2343 2507/2419/2355 2508/2420/2356 2496/2407/2344
f 2496/2407/2344 2508/2420/2356 2509/2421/2357 2497/2408/2345
f 2497/2408/2345 2509/2421/2357 2510/2422/2358 2498/2409/2346
f 2498/2409/2346 2510/2422/2358 2499/2410/2347 2487/2397/2335
f 2499/2410/2347 2511/2423/2359 2512/2424/2360 2500/2411/2348
f 2500/2411/2348 2512/2424/2360 2513/2425/2361 2501/2412/2349
f 2501/2412/2349 2513/2425/2361 2514/2426/2362 2502/2413/2350
f 2502/2413/2350 2514/2426/2362 2515/2427/2363 2503/2414/2351
f 2503/2414/2351 2515/2427/2363 2516/2428/2364 2504/2415/2352
f 2504/2415/2352 2516/2428/2364 2517/2429/2365 2505/2416/2353
f 2505/2417/2353 2517/2430/2365 2518/2431/2366 2506/2418/2354
f 2506/2418/2354 2518/2431/2366 2519/2432/2367 2507/2419/2355
f 2507/2419/2355 2519/2432/2367 2520/2433/2368 2508/2420/2356
f 2508/2420/2356 2520/2433/2368 2521/2434/2369 2509/2421/2357
f 2509/2421/2357 2521/2434/2369 2522/2435/2370 2510/2422/2358
f 2510/2422/2358 2522/2435/2370 2511/2423/2359 2499/2410/2347
f 2511/2423/2359 2523/2436/2371 2524/2437/2372 2512/2424/2360
f 2512/2424/2360 2524/2437/2372 2525/2438/2373 2513/2425/2361
f 2513/2425/2361 2525/2438/2373 2526/2439/2374 2514/2426/2362
f 2514/2426/2362 2526/2439/2374 2527/2440/2375 2515/2427/2363
f 2515/2427/2363 2527/2440/2375 2528/2441/2376 2516/2428/2364
f 2516/2428/2364 2528/2441/2376 2529/2442/2377 2517/2429/2365
f 2517/2430/2365 2529/2443/2377 2530/2444/2378 2518/2431/2366
f 2518/2431/2366 2530/2444/2378 2531/2445/2379 2519/2432/2367
f 2519/2432/2367 2531/2445/2379 2532/2446/2380 2520/2433/2368
f 2520/2433/2368 2532/2446/2380 2533/2447/2381 2521/2434/2369
f 2521/2434/2369 2533/2447/2381 2534/2448/2382 2522/2435/2370
f 2522/2435/2370 2534/2448/2382 2523/2436/2371 2511/2423/2359
f 2523/2436/2371 2535/2449/2383 2536/2450/2384 2524/2437/2372
f 2524/2437/2372 2536/2450/2384 2537/2451/2385 2525/2438/2373
f 2525/2438/2373 2537/2451/2385 2538/2452/2386 2526/2439/2374
f 2526/2439/2374 2538/2452/2386 2539/2453/2387 2527/2440/2375
f 2527/2440/2375 2539/2453/2387 2540/2454/2388 2528/2441/2376
f 2528/2441/2376 2540/2454/2388 2541/2455/2389 2529/2442/2377
f 2529/2443/2377 2541/2456/2389 2542/2457/2390 2530/2444/2378
f 2530/2444/2378 2542/2457/2390 2543/2458/2391 2531/2445/2379
f 2531/2445/2379 2543/2458/2391 2544/2459/2392 2532/2446/2380
f 2532/2446/2380 2544/2459/2392 2545/2460/2393 2533/2447/2381
f 2533/2447/2381 2545/2460/2393 2546/2461/2394 2534/2448/2382
f 2534/2448/2382 2546/2461/2394 2535/2449/2383 2523/2436/2371
f 2535/2449/2383 2547/2462/2395 2548/2463/2396 2536/2450/2384
f 2536/2450/2384 2548/2463/2396 2549/2464/2397 2537/2451/2385
f 2537/2451/2385 2549/2464/2397 2550/2465/2398 2538/2452/2386
f 2538/2452/2386 2550/2465/2398 2551/2466/2399 2539/2453/2387
f 2539/2453/2387 2551/2466/2399 2552/2467/2400 2540/2454/2388
f 2540/2454/2388 2552/2467/2400 2553/2468/2401 2541/2455/2389
f 2541/2456/2389 2553/2469/2401 2554/2470/2402 2542/2457/2390
f 2542/2457/2390 2554/2470/2402 2555/2471/2403 2543/2458/2391
f 2543/2458/2391 2555/2471/2403 2556/2472/2404 2544/2459/2392
f 2544/2459/2392 2556/2472/2404 2557/2473/2405 2545/2460/2393
f 2545/2460/2393 2557/2473/2405 2558/2474/2406 2546/2461/2394
f 2546/2461/2394 2558/2474/2406 2547/2462/2395 2535/2449/2383
f 2547/2462/2395 2559/2475/2407 2560/2476/2408 2548/2463/2396
f 2548/2463/2396 2560/2476/2408 2561/2477/2409 2549/2464/2397
f 2549/2464/2397 2561/2477/2409 2562/2478/2410 2550/2465/2398
f 2550/2465/2398 2562/2478/2410 2563/2479/2411 2551/2466/2399
f 2551/2466/2399 2563/2479/2411 2564/2480/2412 2552/2467/2400
f 2552/2467/2400 2564/2480/2412 2565/2481/2413 2553/2468/2401
f 2553/2469/2401 2565/2482/2413 2566/2483/2414 2554/2470/2402
f 2554/2470/2402 2566/2483/2414 2567/2484/2415 2555/2471/2403
f 2555/2471/2403 2567/2484/2415 2568/2485/2416 2556/2472/2404
f 2556/2472/2404 2568/2485/2416 2569/2486/2417 2557/2473/2405
f 2557/2473/2405 2569/2486/2417 2570/2487/2418 2558/2474/2406
f 2558/2474/2406 2570/2487/2418 2559/2475/2407 2547/2462/2395
f 2559/2475/2407 2571/2488/2419 2572/2489/2420 2560/2476/2408
f 2560/2476/2408 2572/2489/2420 2573/2490/2421 2561/2477/2409
f 2561/2477/2409 2573/2490/2421 2574/2491/2422 2562/2478/2410
f 2562/2478/2410 2574/2491/2422 2575/2492/2423 2563/2479/2411
f 2563/2479/2411 2575/2492/2423 2576/2493/2424 2564/2480/2412
f 2564/2480/2412 2576/2493/2424 2577/2494/2425 2565/2481/2413
f 2565/2482/2413 2577/2495/2425 2578/2496/2426 2566/2483/2414
f 2566/2483/2414 2578/2496/2426 2579/2497/2427 2567/2484/2415
f 2567/2484/2415 2579/2497/2427 2580/2498/2428 2568/2485/2416
f 2568/2485/2416 2580/2498/2428 2581/2499/2429 2569/2486/2417
f 2569/2486/2417 2581/2499/2429 2582/2500/2430 2570/2487/2418
f 2570/2487/2418 2582/2500/2430 2571/2488/2419 2559/2475/2407
f 2571/2488/2419 2583/2501/2431 2584/2502/2432 2572/2489/2420
f 2572/2489/2420 2584/2502/2432 2585/2503/2433 2573/2490/2421
f 2573/2490/2421 2585/2503/2433 2586/2504/2434 2574/2491/2422
f 2574/2491/2422 2586/2504/2434 2587/2505/2435 2575/2492/2423
f 2575/2492/2423 2587/2505/2435 2588/2506/2436 2576/2493/2424
f 2576/2493/2424 2588/2506/2436 2589/2507/2437 2577/2494/2425
f 2577/2495/2425 2589/2508/2437 2590/2509/2438 2578/2496/2426
f 2578/2496/2426 2590/2509/2438 2591/2510/2439 2579/2497/2427
f 2579/2497/2427 2591/2510/2439 2592/2511/2440 2580/2498/2428
f 2580/2498/2428 2592/2511/2440 2593/2512/2441 2581/2499/2429
f 2581/2499/2429 2593/2512/2441 2594/2513/2442 2582/2500/2430
f 2582/2500/2430 2594/2513/2442 2583/2501/2431 2571/2488/2419
f 2583/2501/2431 2595/2514/2443 2596/2515/2444 2584/2502/2432
f 2584/2502/2432 2596/2515/2444 2597/2516/2445 2585/2503/2433
f 2585/2503/2433 2597/2516/2445 2598/2517/2446 2586/2504/2434
f 2586/2504/2434 2598/2517/2446 2599/2518/2447 2587/2505/2435
f 2587/2505/2435 2599/2518/2447 2600/2519/2448 2588/2506/2436
f 2588/2506/2436 2600/2519/2448 2601/2520/2449 2589/2507/2437
f 2589/2508/2437 2601/2521/2449 2602/2522/2450 2590/2509/2438
f 2590/2509/2438 2602/2522/2450 2603/2523/2451 2591/2510/2439
f 2591/2510/2439 2603/2523/2451 2604/2524/2452 2592/2511/2440
f 2592/2511/2440 2604/2524/2452 2605/2525/2453 2593/2512/2441
f 2593/2512/2441 2605/2525/2453 2606/2526/2454 2594/2513/2442
f 2594/2513/2442 2606/2526/2454 2595/2514/2443 2583/2501/2431
f 2595/2514/2443 2607/2527/2455 2608/2528/2456 2596/2515/2444
f 2596/2515/2444 2608/2528/2456 2609/2529/2457 2597/2516/2445
f 2597/2516/2445 2609/2529/2457 2610/2530/2458 2598/2517/2446
f 2598/2517/2446 2610/2530/2458 2611/2531/2459 2599/2518/2447
f 2599/2518/2447 2611/2531/2459 2612/2532/2460 2600/2519/2448
f 2600/2519/2448 2612/2532/2460 2613/2533/2461 2601/2520/2449
f 2601/2521/2449 2613/2534/2461 2614/2535/2462 2602/2522/2450
f 2602/2522/2450 2614/2535/2462 2615/2536/2463 2603/2523/2451
f 2603/2523/2451 2615/2536/2463 2616/2537/2464 2604/2524/2452
f 2604/2524/2452 2616/2537/2464 2617/2538/2465 2605/2525/2453
f 2605/2525/2453 2617/2538/2465 2618/2539/2466 2606/2526/2454
f 2606/2526/2454 2618/2539/2466 2607/2527/2455 2595/2514/2443
f 2607/2527/2455 2619/2540/2467 2620/2541/2468 2608/2528/2456
f 2608/2528/2456 2620/2541/2468 2621/2542/2469 2609/2529/2457
f 2609/2529/2457 2621/2542/2469 2622/2543/2470 2610/2530/2458
f 2610/2530/2458 2622/2543/2470 2623/2544/2471 2611/2531/2459
f 2611/2531/2459 2623/2544/2471 2624/2545/2472 2612/2532/2460
f 2612/2532/2460 2624/2545/2472 2625/2546/2473 2613/2533/2461
f 2613/2534/2461 2625/2547/2473 2626/2548/2474 2614/2535/2462
f 2614/2535/2462 2626/2548/2474 2627/2549/2475 2615/2536/2463
f 2615/2536/2463 2627/2549/2475 2628/2550/2476 2616/2537/2464
f 2616/2537/2464 2628/2550/2476 2629/2551/2477 2617/2538/2465
f 2617/2538/2465 2629/2551/2477 2630/2552/2478 2618/2539/2466
f 2618/2539/2466 2630/2552/2478 2619/2540/2467 2607/2527/2455
f 2619/2540/2467 2631/2553/2479 2632/2554/2480 2620/2541/2468
f 2620/2541/2468 2632/2554/2480 2633/2555/2481 2621/2542/2469
f 2621/2542/2469 2633/2555/2481 2634/2556/2482 2622/2543/2470
f 2622/2543/2470 2634/2556/2482 2635/2557/2483 2623/2544/2471
f 2623/2544/2471 2635/2557/2483 2636/2558/2484 2624/2545/2472
f 2624/2545/2472 2636/2558/2484 2637/2559/2485 2625/2546/2473
f 2625/2547/2473 2637/2560/2485 2638/2561/2486 2626/2548/2474
f 2626/2548/2474 2638/2561/2486 2639/2562/2487 2627/2549/2475
f 2627/2549/2475 2639/2562/2487 2640/2563/2488 2628/2550/2476
f 2628/2550/2476 2640/2563/2488 2641/2564/2489 2629/2551/2477
f 2629/2551/2477 2641/2564/2489 2642/2565/2490 2630/2552/2478
f 2630/2552/2478 2642/2565/2490 2631/2553/2479 2619/2540/2467
f 2631/2553/2479 2643/2566/2491 2644/2567/2492 2632/2554/2480
f 2632/2554/2480 2644/2567/2492 2645/2568/2493 2633/2555/2481
f 2633/2555/2481 2645/2568/2493 2646/2569/2494 2634/2556/2482
f 2634/2556/2482 2646/2569/2494 2647/2570/2495 2635/2557/2483
f 2635/2557/2483 2647/2570/2495 2648/2571/2496 2636/2558/2484
f 2636/2558/2484 2648/2571/2496 2649/2572/2497 2637/2559/2485
f 2637/2560/2485 2649/2573/2497 2650/2574/2498 2638/2561/2486
f 2638/2561/2486 2650/2574/2498 2651/2575/2499 2639/2562/2487
f 2639/2562/2487 2651/2575/2499 2652/2576/2500 2640/2563/2488
f 2640/2563/2488 2652/2576/2500 2653/2577/2501 2641/2564/2489
f 2641/2564/2489 2653/2577/2501 2654/2578/2502 2642/2565/2490
f 2642/2565/2490 2654/2578/2502 2643/2566/2491 2631/2553/2479
f 2643/2566/2491 2655/2579/2503 2656/2580/2504 2644/2567/2492
f 2644/2567/2492 2656/2580/2504 2657/2581/2505 2645/2568/2493
f 2645/2568/2493 2657/2581/2505 2658/2582/2506 2646/2569/2494
f 2646/2569/2494 2658/2582/2506 2659/2583/2507 2647/2570/2495
f 2647/2570/2495 2659/2583/2507 2660/2584/2508 2648/2571/2496
f 2648/2571/2496 2660/2584/2508 2661/2585/2509 2649/2572/2497
f 2649/2573/2497 2661/2586/2509 2662/2587/2510 2650/2574/2498
f 2650/2574/2498 2662/2587/2510 2663/2588/2511 2651/2575/2499
f 2651/2575/2499 2663/2588/2511 2664/2589/2512 2652/2576/2500
f 2652/2576/2500 2664/2589/2512 2665/2590/2513 2653/2577/2501
f 2653/2577/2501 2665/2590/2513 2666/2591/2514 2654/2578/2502
f 2654/2578/2502 2666/2591/2514 2655/2579/2503 2643/2566/2491
f 2655/2579/2503 2667/2592/2515 2668/2593/2516 2656/2580/2504
f 2656/2580/2504 2668/2593/2516 2669/2594/2517 2657/2581/2505
f 2657/2581/2505 2669/2594/2517 2670/2595/2518 2658/2582/2506
f 2658/2582/2506 2670/2595/2518 2671/2596/2519 2659/2583/2507
f 2659/2583/2507 2671/2596/2519 2672/2597/2520 2660/2584/2508
f 2660/2584/2508 2672/2597/2520 2673/2598/2521 2661/2585/2509
f 2661/2586/2509 2673/2599/2521 2674/2600/2522 2662/2587/2510
f 2662/2587/2510 2674/2600/2522 2675/2601/2523 2663/2588/2511
f 2663/2588/2511 2675/2601/2523 2676/2602/2524 2664/2589/2512
f 2664/2589/2512 2676/2602/2524 2677/2603/2525 2665/2590/2513
f 2665/2590/2513 2677/2603/2525 2678/2604/2526 2666/2591/2514
f 2666/2591/2514 2678/2604/2526 2667/2592/2515 2655/2579/2503
f 2667/2592/2515 2679/2605/2527 2680/2606/2528 2668/2593/2516
f 2668/2593/2516 2680/2606/2528 2681/2607/2529 2669/2594/2517
f 2669/2594/2517 2681/2607/2529 2682/2608/2530 2670/2595/2518
f 2670/2595/2518 2682/2608/2530 2683/2609/2531 2671/2596/2519
f 2671/2596/2519 2683/2609/2531 2684/2610/2532 2672/2597/2520
f 2672/2597/2520 2684/2610/2532 2685/2611/2533 2673/2598/2521
f 2673/2599/2521 2685/2612/2533 2686/2613/2534 2674/2600/2522
f 2674/2600/2522 2686/2613/2534 2687/2614/2535 2675/2601/2523
f 2675/2601/2523 2687/2614/2535 2688/2615/2536 2676/2602/2524
f 2676/2602/2524 2688/2615/2536 2689/2616/2537 2677/2603/2525
f 2677/2603/2525 2689/2616/2537 2690/2617/2538 2678/2604/2526
f 2678/2604/2526 2690/2617/2538 2679/2605/2527 2667/2592/2515
f 2679/2605/2527 2691/2618/2539 2692/2619/2540 2680/2606/2528
f 2680/2606/2528 2692/2619/2540 2693/2620/2541 2681/2607/2529
f 2681/2607/2529 2693/2620/2541 2694/2621/2542 2682/2608/2530
f 2682/2608/2530 2694/2621/2542 2695/2622/2543 2683/2609/2531
f 2683/2609/2531 2695/2622/2543 2696/2623/2544 2684/2610/2532
f 2684/2610/2532 2696/2623/2544 2697/2624/2545 2685/2611/2533
f 2685/2612/2533 2697/2625/2545 2698/2626/2546 2686/2613/2534
f 2686/2613/2534 2698/2626/2546 2699/2627/2547 2687/2614/2535
f 2687/2614/2535 2699/2627/2547 2700/2628/2548 2688/2615/2536
f 2688/2615/2536 2700/2628/2548 2701/2629/2549 2689/2616/2537
f 2689/2616/2537 2701/2629/2549 2702/2630/2550 2690/2617/2538
f 2690/2617/2538 2702/2630/2550 2691/2618/2539 2679/2605/2527
f 2691/2618/2539 2703/2631/2551 2704/2632/2552 2692/2619/2540
f 2692/2619/2540 2704/2632/2552 2705/2633/2553 2693/2620/2541
f 2693/2620/2541 2705/2633/2553 2706/2634/2554 2694/2621/2542
f 2694/2621/2542 2706/2634/2554 2707/2635/2555 2695/2622/2543
f 2695/2622/2543 2707/2635/2555 2708/2636/2556 2696/2623/2544
f 2696/2623/2544 2708/2636/2556 2709/2637/2557 2697/2624/2545
f 2697/2625/2545 2709/2638/2557 2710/2639/2558 2698/2626/2546
f 2698/2626/2546 2710/2639/2558 2711/2640/2559 2699/2627/2547
f 2699/2627/2547 2711/2640/2559 2712/2641/2560 2700/2628/2548
f 2700/2628/2548 2712/2641/2560 2713/2642/2561 2701/2629/2549
f 2701/2629/2549 2713/2642/2561 2714/2643/2562 2702/2630/2550
f 2702/2630/2550 2714/2643/2562 2703/2631/2551 2691/2618/2539
f 2703/2631/2551 2715/2644/2563 2716/2645/2564 2704/2632/2552
f 2704/2632/2552 2716/2645/2564 2717/2646/2565 2705/2633/2553
f 2705/2633/2553 2717/2646/2565 2718/2647/2566 2706/2634/2554
f 2706/2634/2554 2718/2647/2566 2719/2648/2567 2707/2635/2555
f 2707/2635/2555 2719/2648/2567 2720/2649/2568 2708/2636/2556
f 2708/2636/2556 2720/2649/2568 2721/2650/2569 2709/2637/2557
f 2709/2638/2557 2721/2651/2569 2722/2652/2570 2710/2639/2558
f 2710/2639/2558 2722/2652/2570 2723/2653/2571 2711/2640/2559
f 2711/2640/2559 2723/2653/2571 2724/2654/2572 2712/2641/2560
f 2712/2641/2560 2724/2654/2572 2725/2655/2573 2713/2642/2561
f 2713/2642/2561 2725/2655/2573 2726/2656/2574 2714/2643/2562
f 2714/2643/2562 2726/2656/2574 2715/2644/2563 2703/2631/2551
f 2715/2644/2563 2727/2657/2293 2728/2658/2575 2716/2645/2564
f 2716/2645/2564 2728/2658/2575 2729/2659/2576 2717/2646/2565
f 2717/2646/2565 2729/2659/2576 2730/2660/2577 2718/2647/2566
f 2718/2647/2566 2730/2660/2577 2731/2661/2578 2719/2648/2567
f 2719/2648/2567 2731/2661/2578 2732/2662/2579 2720/2649/2568
f 2720/2649/2568 2732/2662/2579 2733/2663/2287 2721/2650/2569
f 2721/2651/2569 2733/2664/2287 2734/2665/2580 2722/2652/2570
f 2722/2652/2570 2734/2665/2580 2735/2666/2581 2723/2653/2571
f 2723/2653/2571 2735/2666/2581 2736/2667/2582 2724/2654/2572
f 2724/2654/2572 2736/2667/2582 2737/2668/2583 2725/2655/2573
f 2725/2655/2573 2737/2668/2583 2738/2669/2584 2726/2656/2574
f 2726/2656/2574 2738/2669/2584 2727/2657/2293 2715/2644/2563
f 2727/2670/2293 2739/2671/2305 2740/2672/2585 2728/2673/2575
f 2728/2673/2575 2740/2672/2585 2741/2674/2586 2729/2675/2576
f 2729/2675/2576 2741/2674/2586 2742/2676/2587 2730/2677/2577
f 2730/2677/2577 2742/2676/2587 2743/2678/2588 2731/2679/2578
f 2731/2679/2578 2743/2678/2588 2744/2680/2589 2732/2681/2579
f 2732/2681/2579 2744/2680/2589 2745/2682/2299 2733/2683/2287
f 2733/2684/2287 2745/2685/2299 2746/2686/2590 2734/2687/2580
f 2734/2687/2580 2746/2686/2590 2747/2688/2591 2735/2689/2581
f 2735/2689/2581 2747/2688/2591 2748/2690/2592 2736/2691/2582
f 2736/2691/2582 2748/2690/2592 2749/2692/2593 2737/2693/2583
f 2737/2693/2583 2749/2692/2593 2750/2694/2594 2738/2695/2584
f 2738/2695/2584 2750/2694/2594 2739/2671/2305 2727/2670/2293
f 2739/2671/2305 2751/2696/2317 2752/2697/2595 2740/2672/2585
f 2740/2672/2585 2752/2697/2595 2753/2698/2596 2741/2674/2586
f 2741/2674/2586 2753/2698/2596 2754/2699/2597 2742/2676/2587
f 2742/2676/2587 2754/2699/2597 2755/2700/2598 2743/2678/2588
f 2743/2678/2588 2755/2700/2598 2756/2701/2599 2744/2680/2589
f 2744/2680/2589 2756/2701/2599 2757/2702/2311 2745/2682/2299
f 2745/2685/2299 2757/2703/2311 2758/2704/2600 2746/2686/2590
f 2746/2686/2590 2758/2704/2600 2759/2705/2601 2747/2688/2591
f 2747/2688/2591 2759/2705/2601 2760/2706/2602 2748/2690/2592
f 2748/2690/2592 2760/2706/2602 2761/2707/2603 2749/2692/2593
f 2749/2692/2593 2761/2707/2603 2762/2708/2604 2750/2694/2594
f 2750/2694/2594 2762/2708/2604 2751/2696/2317 2739/2671/2305
f 2751/2696/2317 2763/2709/2329 2764/2710/2605 2752/2697/2595
f 2752/2697/2595 2764/2710/2605 2765/2711/2606 2753/2698/2596
f 2753/2698/2596 2765/2711/2606 2766/2712/2607 2754/2699/2597
f 2754/2699/2597 2766/2712/2607 2767/2713/2608 2755/2700/2598
f 2755/2700/2598 2767/2713/2608 2768/2714/2609 2756/2701/2599
f 2756/2701/2599 2768/2714/2609 2769/2715/2323 2757/2702/2311
f 2757/2703/2311 2769/2716/2323 2770/2717/2610 2758/2704/2600
f 2758/2704/2600 2770/2717/2610 2771/2718/2611 2759/2705/2601
f 2759/2705/2601 2771/2718/2611 2772/2719/2612 2760/2706/2602
f 2760/2706/2602 2772/2719/2612 2773/2720/2613 2761/2707/2603
f 2761/2707/2603 2773/2720/2613 2774/2721/2614 2762/2708/2604
f 2762/2708/2604 2774/2721/2614 2763/2709/2329 2751/2696/2317
f 2763/2709/2329 2775/2722/2341 2776/2723/2615 2764/2710/2605
f 2764/2710/2605 2776/2723/2615 2777/2724/2616 2765/2711/2606
f 2765/2711/2606 2777/2724/2616 2778/2725/2617 2766/2712/2607
f 2766/2712/2607 2778/2725/2617 2779/2726/2618 2767/2713/2608
f 2767/2713/2608 2779/2726/2618 2780/2727/2619 2768/2714/2609
f 2768/2714/2609 2780/2727/2619 2781/2728/2335 2769/2715/2323
f 2769/2716/2323 2781/2729/2335 2782/2730/2620 2770/2717/2610
f 2770/2717/2610 2782/2730/2620 2783/2731/2621 2771/2718/2611
f 2771/2718/2611 2783/2731/2621 2784/2732/2622 2772/2719/2612
f 2772/2719/2612 2784/2732/2622 2785/2733/2623 2773/2720/2613
f 2773/2720/2613 2785/2733/2623 2786/2734/2624 2774/2721/2614
f 2774/2721/2614 2786/2734/2624 2775/2722/2341 2763/2709/2329
f 2775/2722/2341 2787/2735/2353 2788/2736/2625 2776/2723/2615
f 2776/2723/2615 2788/2736/2625 2789/2737/2626 2777/2724/2616
f 2777/2724/2616 2789/2737/2626 2790/2738/2627 2778/2725/2617
f 2778/2725/2617 2790/2738/2627 2791/2739/2628 2779/2726/2618
f 2779/2726/2618 2791/2739/2628 2792/2740/2629 2780/2727/2619
f 2780/2727/2619 2792/2740/2629 2793/2741/2347 2781/2728/2335
f 2781/2729/2335 2793/2742/2347 2794/2743/2630 2782/2730/2620
f 2782/2730/2620 2794/2743/2630 2795/2744/2631 2783/2731/2621
f 2783/2731/2621 2795/2744/2631 2796/2745/2632 2784/2732/2622
f 2784/2732/2622 2796/2745/2632 2797/2746/2633 2785/2733/2623
f 2785/2733/2623 2797/2746/2633 2798/2747/2634 2786/2734/2624
f 2786/2734/2624 2798/2747/2634 2787/2735/2353 2775/2722/2341
f 2787/2735/2353 2799/2748/2365 2800/2749/2635 2788/2736/2625
f 2788/2736/2625 2800/2749/2635 2801/2750/2636 2789/2737/2626
f 2789/2737/2626 2801/2750/2636 2802/2751/2637 2790/2738/2627
f 2790/2738/2627 2802/2751/2637 2803/2752/2638 2791/2739/2628
f 2791/2739/2628 2803/2752/2638 2804/2753/2639 2792/2740/2629
f 2792/2740/2629 2804/2753/2639 2805/2754/2359 2793/2741/2347
f 2793/2742/2347 2805/2755/2359 2806/2756/2640 2794/2743/2630
f 2794/2743/2630 2806/2756/2640 2807/2757/2641 2795/2744/2631
f 2795/2744/2631 2807/2757/2641 2808/2758/2642 2796/2745/2632
f 2796/2745/2632 2808/2758/2642 2809/2759/2643 2797/2746/2633
f 2797/2746/2633 2809/2759/2643 2810/2760/2644 2798/2747/2634
f 2798/2747/2634 2810/2760/2644 2799/2748/2365 2787/2735/2353
f 2799/2748/2365 2811/2761/2377 2812/2762/2645 2800/2749/2635
f 2800/2749/2635 2812/2762/2645 2813/2763/2646 2801/2750/2636
f 2801/2750/2636 2813/2763/2646 2814/2764/2647 2802/2751/2637
f 2802/2751/2637 2814/2764/2647 2815/2765/2648 2803/2752/2638
f 2803/2752/2638 2815/2765/2648 2816/2766/2649 2804/2753/2639
f 2804/2753/2639 2816/2766/2649 2817/2767/2371 2805/2754/2359
f 2805/2755/2359 2817/2768/2371 2818/2769/2650 2806/2756/2640
f 2806/2756/2640 2818/2769/2650 2819/2770/2651 2807/2757/2641
f 2807/2757/2641 2819/2770/2651 2820/2771/2652 2808/2758/2642
f 2808/2758/2642 2820/2771/2652 2821/2772/2653 2809/2759/2643
f 2809/2759/2643 2821/2772/2653 2822/2773/2654 2810/2760/2644
f 2810/2760/2644 2822/2773/2654 2811/2761/2377 2799/2748/2365
f 2811/2761/2377 2823/2774/2389 2824/2775/2655 2812/2762/2645
f 2812/2762/2645 2824/2775/2655 2825/2776/2656 2813/2763/2646
f 2813/2763/2646 2825/2776/2656 2826/2777/2657 2814/2764/2647
f 2814/2764/2647 2826/2777/2657 2827/2778/2658 2815/2765/2648
f 2815/2765/2648 2827/2778/2658 2828/2779/2659 2816/2766/2649
f 2816/2766/2649 2828/2779/2659 2829/2780/2383 2817/2767/2371
f 2817/2768/2371 2829/2781/2383 2830/2782/2660 2818/2769/2650
f 2818/2769/2650 2830/2782/2660 2831/2783/2661 2819/2770/2651
f 2819/2770/2651 2831/2783/2661 2832/2784/2662 2820/2771/2652
f 2820/2771/2652 2832/2784/2662 2833/2785/2663 2821/2772/2653
f 2821/2772/2653 2833/2785/2663 2834/2786/2664 2822/2773/2654
f 2822/2773/2654 2834/2786/2664 2823/2774/2389 2811/2761/2377
f 2823/2774/2389 2835/2787/2401 2836/2788/2665 2824/2775/2655
f 2824/2775/2655 2836/2788/2665 2837/2789/2666 2825/2776/2656
f 2825/2776/2656 2837/2789/2666 2838/2790/2667 2826/2777/2657
f 2826/2777/2657 2838/2790/2667 2839/2791/2668 2827/2778/2658
f 2827/2778/2658 2839/2791/2668 2840/2792/2669 2828/2779/2659
f 2828/2779/2659 2840/2792/2669 2841/2793/2395 2829/2780/2383
f 2829/2781/2383 2841/2794/2395 2842/2795/2670 2830/2782/2660
f 2830/2782/2660 2842/2795/2670 2843/2796/2671 2831/2783/2661
f 2831/2783/2661 2843/2796/2671 2844/2797/2672 2832/2784/2662
f 2832/2784/2662 2844/2797/2672 2845/2798/2673 2833/2785/2663
f 2833/2785/2663 2845/2798/2673 2846/2799/2674 2834/2786/2664
f 2834/2786/2664 2846/2799/2674 2835/2787/2401 2823/2774/2389
f 2835/2787/2401 2847/2800/2413 2848/2801/2675 2836/2788/2665
f 2836/2788/2665 2848/2801/2675 2849/2802/2676 2837/2789/2666
f 2837/2789/2666 2849/2802/2676 2850/2803/2677 2838/2790/2667
f 2838/2790/2667 2850/2803/2677 2851/2804/2678 2839/2791/2668
f 2839/2791/2668 2851/2804/2678 2852/2805/2679 2840/2792/2669
f 2840/2792/2669 2852/2805/2679 2853/2806/2407 2841/2793/2395
f 2841/2794/2395 2853/2807/2407 2854/2808/2680 2842/2795/2670
f 2842/2795/2670 2854/2808/2680 2855/2809/2681 2843/2796/2671
f 2843/2796/2671 2855/2809/2681 2856/2810/2682 2844/2797/2672
f 2844/2797/2672 2856/2810/2682 2857/2811/2683 2845/2798/2673
f 2845/2798/2673 2857/2811/2683 2858/2812/2684 2846/2799/2674
f 2846/2799/2674 2858/2812/2684 2847/2800/2413 2835/2787/2401
f 2847/2800/2413 2859/2813/2425 2860/2814/2685 2848/2801/2675
f 2848/2801/2675 2860/2814/2685 2861/2815/2686 2849/2802/2676
f 2849/2802/2676 2861/2815/2686 2862/2816/2687 2850/2803/2677
f 2850/2803/2677 2862/2816/2687 2863/2817/2688 2851/2804/2678
f 2851/2804/2678 2863/2817/2688 2864/2818/2689 2852/2805/2679
f 2852/2805/2679 2864/2818/2689 2865/2819/2419 2853/2806/2407
f 2853/2807/2407 2865/2820/2419 2866/2821/2690 2854/2808/2680
f 2854/2808/2680 2866/2821/2690 2867/2822/2691 2855/2809/2681
f 2855/2809/2681 2867/2822/2691 2868/2823/2692 2856/2810/2682
f 2856/2810/2682 2868/2823/2692 2869/2824/2693 2857/2811/2683
f 2857/2811/2683 2869/2824/2693 2870/2825/2694 2858/2812/2684
f 2858/2812/2684 2870/2825/2694 2859/2813/2425 2847/2800/2413
f 2859/2813/2425 2871/2826/2437 2872/2827/2695 2860/2814/2685
f 2860/2814/2685 2872/2827/2695 2873/2828/2696 2861/2815/2686
f 2861/2815/2686 2873/2828/2696 2874/2829/2697 2862/2816/2687
f 2862/2816/2687 2874/2829/2697 2875/2830/2698 2863/2817/2688
f 2863/2817/2688 2875/2830/2698 2876/2831/2699 2864/2818/2689
f 2864/2818/2689 2876/2831/2699 2877/2832/2431 2865/2819/2419
f 2865/2820/2419 2877/2833/2431 2878/2834/2700 2866/2821/2690
f 2866/2821/2690 2878/2834/2700 2879/2835/2701 2867/2822/2691
f 2867/2822/2691 2879/2835/2701 2880/2836/2702 2868/2823/2692
f 2868/2823/2692 2880/2836/2702 2881/2837/2703 2869/2824/2693
f 2869/2824/2693 2881/2837/2703 2882/2838/2704 2870/2825/2694
f 2870/2825/2694 2882/2838/2704 2871/2826/2437 2859/2813/2425
f 2871/2826/2437 2883/2839/2449 2884/2840/2705 2872/2827/2695
f 2872/2827/2695 2884/2840/2705 2885/2841/2706 2873/2828/2696
f 2873/2828/2696 2885/2841/2706 2886/2842/2707 2874/2829/2697
f 2874/2829/2697 2886/2842/2707 2887/2843/2708 2875/2830/2698
f 2875/2830/2698 2887/2843/2708 2888/2844/2709 2876/2831/2699
f 2876/2831/2699 2888/2844/2709 2889/2845/2443 2877/2832/2431
f 2877/2833/2431 2889/2846/2443 2890/2847/2710 2878/2834/2700
f 2878/2834/2700 2890/2847/2710 2891/2848/2711 2879/2835/2701
f 2879/2835/2701 2891/2848/2711 2892/2849/2712 2880/2836/2702
f 2880/2836/2702 2892/2849/2712 2893/2850/2713 2881/2837/2703
f 2881/2837/2703 2893/2850/2713 2894/2851/2714 2882/2838/2704
f 2882/2838/2704 2894/2851/2714 2883/2839/2449 2871/2826/2437
f 2883/2839/2449 2895/2852/2461 2896/2853/2715 2884/2840/2705
f 2884/2840/2705 2896/2853/2715 2897/2854/2716 2885/2841/2706
f 2885/2841/2706 2897/2854/2716 2898/2855/2717 2886/2842/2707
f 2886/2842/2707 2898/2855/2717 2899/2856/2718 2887/2843/2708
f 2887/2843/2708 2899/2856/2718 2900/2857/2719 2888/2844/2709
f 2888/2844/2709 2900/2857/2719 2901/2858/2455 2889/2845/2443
f 2889/2846/2443 2901/2859/2455 2902/2860/2720 2890/2847/2710
f 2890/2847/2710 2902/2860/2720 2903/2861/2721 2891/2848/2711
f 2891/2848/2711 2903/2861/2721 2904/2862/2722 2892/2849/2712
f 2892/2849/2712 2904/2862/2722 2905/2863/2723 2893/2850/2713
f 2893/2850/2713 2905/2863/2723 2906/2864/2724 2894/2851/2714
f 2894/2851/2714 2906/2864/2724 2895/2852/2461 2883/2839/2449
f 2895/2852/2461 2907/2865/2473 2908/2866/2725 2896/2853/2715
f 2896/2853/2715 2908/2866/2725 2909/2867/2726 2897/2854/2716
f 2897/2854/2716 2909/2867/2726 2910/2868/2727 2898/2855/2717
f 2898/2855/2717 2910/2868/2727 2911/2869/2728 2899/2856/2718
f 2899/2856/2718 2911/2869/2728 2912/2870/2729 2900/2857/2719
f 2900/2857/2719 2912/2870/2729 2913/2871/2467 2901/2858/2455
f 2901/2859/2455 2913/2872/2467 2914/2873/2730 2902/2860/2720
f 2902/2860/2720 2914/2873/2730 2915/2874/2731 2903/2861/2721
f 2903/2861/2721 2915/2874/2731 2916/2875/2732 2904/2862/2722
f 2904/2862/2722 2916/2875/2732 2917/2876/2733 2905/2863/2723
f 2905/2863/2723 2917/2876/2733 2918/2877/2734 2906/2864/2724
f 2906/2864/2724 2918/2877/2734 2907/2865/2473 2895/2852/2461
f 2907/2865/2473 2919/2878/2485 2920/2879/2735 2908/2866/2725
f 2908/2866/2725 2920/2879/2735 2921/2880/2736 2909/2867/2726
f 2909/2867/2726 2921/2880/2736 2922/2881/2737 2910/2868/2727
f 2910/2868/2727 2922/2881/2737 2923/2882/2738 2911/2869/2728
f 2911/2869/2728 2923/2882/2738 2924/2883/2739 2912/2870/2729
f 2912/2870/2729 2924/2883/2739 2925/2884/2479 2913/2871/2467
f 2913/2872/2467 2925/2885/2479 2926/2886/2740 2914/2873/2730
f 2914/2873/2730 2926/2886/2740 2927/2887/2741 2915/2874/2731
f 2915/2874/2731 2927/2887/2741 2928/2888/2742 2916/2875/2732
f 2916/2875/2732 2928/2888/2742 2929/2889/2743 2917/2876/2733
f 2917/2876/2733 2929/2889/2743 2930/2890/2744 2918/2877/2734
f 2918/2877/2734 2930/2890/2744 2919/2878/2485 2907/2865/2473
f 2919/2878/2485 2931/2891/2497 2932/2892/2745 2920/2879/2735
f 2920/2879/2735 2932/2892/2745 2933/2893/2746 2921/2880/2736
f 2921/2880/2736 2933/2893/2746 2934/2894/2747 2922/2881/2737
f 2922/2881/2737 2934/2894/2747 2935/2895/2748 2923/2882/2738
f 2923/2882/2738 2935/2895/2748 2936/2896/2749 2924/2883/2739
f 2924/2883/2739 2936/2896/2749 2937/2897/2491 2925/2884/2479
f 2925/2885/2479 2937/2898/2491 2938/2899/2750 2926/2886/2740
f 2926/2886/2740 2938/2899/2750 2939/2900/2751 2927/2887/2741
f 2927/2887/2741 2939/2900/2751 2940/2901/2752 2928/2888/2742
f 2928/2888/2742 2940/2901/2752 2941/2902/2753 2929/2889/2743
f 2929/2889/2743 2941/2902/2753 2942/2903/2754 2930/2890/2744
f 2930/2890/2744 2942/2903/2754 2931/2891/2497 2919/2878/2485
f 2931/2891/2497 2943/2904/2509 2944/2905/2755 2932/2892/2745
f 2932/2892/2745 2944/2905/2755 2945/2906/2756 2933/2893/2746
f 2933/2893/2746 2945/2906/2756 2946/2907/2757 2934/2894/2747
f 2934/2894/2747 2946/2907/2757 2947/2908/2758 2935/2895/2748
f 2935/2895/2748 2947/2908/2758 2948/2909/2759 2936/2896/2749
f 2936/2896/2749 2948/2909/2759 2949/2910/2503 2937/2897/2491
f 2937/2898/2491 2949/2911/2503 2950/2912/2760 2938/2899/2750
f 2938/2899/2750 2950/2912/2760 2951/2913/2761 2939/2900/2751
f 2939/2900/2751 2951/2913/2761 2952/2914/2762 2940/2901/2752
f 2940/2901/2752 2952/2914/2762 2953/2915/2763 2941/2902/2753
f 2941/2902/2753 2953/2915/2763 2954/2916/2764 2942/2903/2754
f 2942/2903/2754 2954/2916/2764 2943/2904/2509 2931/2891/2497
f 2943/2904/2509 2955/2917/2521 2956/2918/2765 2944/2905/2755
f 2944/2905/2755 2956/2918/2765 2957/2919/2766 2945/2906/2756
f 2945/2906/2756 2957/2919/2766 2958/2920/2767 2946/2907/2757
f 2946/2907/2757 2958/2920/2767 2959/2921/2768 2947/2908/2758
f 2947/2908/2758 2959/2921/2768 2960/2922/2769 2948/2909/2759
f 2948/2909/2759 2960/2922/2769 2961/2923/2515 2949/2910/2503
f 2949/2911/2503 2961/2924/2515 2962/2925/2770 2950/2912/2760
f 2950/2912/2760 2962/2925/2770 2963/2926/2771 2951/2913/2761
f 2951/2913/2761 2963/2926/2771 2964/2927/2772 2952/2914/2762
f 2952/2914/2762 2964/2927/2772 2965/2928/2773 2953/2915/2763
f 2953/2915/2763 2965/2928/2773 2966/2929/2774 2954/2916/2764
f 2954/2916/2764 2966/2929/2774 2955/2917/2521 2943/2904/2509
f 2955/2917/2521 2967/2930/2533 2968/2931/2775 2956/2918/2765
f 2956/2918/2765 2968/2931/2775 2969/2932/2776 2957/2919/2766
f 2957/2919/2766 2969/2932/2776 2970/2933/2777 2958/2920/2767
f 2958/2920/2767 2970/2933/2777 2971/2934/2778 2959/2921/2768
f 2959/2921/2768 2971/2934/2778 2972/2935/2779 2960/2922/2769
f 2960/2922/2769 2972/2935/2779 2973/2936/2527 2961/2923/2515
f 2961/2924/2515 2973/2937/2527 2974/2938/2780 2962/2925/2770
f 2962/2925/2770 2974/2938/2780 2975/2939/2781 2963/2926/2771
f 2963/2926/2771 2975/2939/2781 2976/2940/2782 2964/2927/2772
f 2964/2927/2772 2976/2940/2782 2977/2941/2783 2965/2928/2773
f 2965/2928/2773 2977/2941/2783 2978/2942/2784 2966/2929/2774
f 2966/2929/2774 2978/2942/2784 2967/2930/2533 2955/2917/2521
f 2967/2930/2533 2979/2943/2545 2980/2944/2785 2968/2931/2775
f 2968/2931/2775 2980/2944/2785 2981/2945/2786 2969/2932/2776
f 2969/2932/2776 2981/2945/2786 2982/2946/2787 2970/2933/2777
f 2970/2933/2777 2982/2946/2787 2983/2947/2788 2971/2934/2778
f 2971/2934/2778 2983/2947/2788 2984/2948/2789 2972/2935/2779
f 2972/2935/2779 2984/2948/2789 2985/2949/2539 2973/2936/2527
f 2973/2937/2527 2985/2950/2539 2986/2951/2790 2974/2938/2780
f 2974/2938/2780 2986/2951/2790 2987/2952/2791 2975/2939/2781
f 2975/2939/2781 2987/2952/2791 2988/2953/2792 2976/2940/2782
f 2976/2940/2782 2988/2953/2792 2989/2954/2793 2977/2941/2783
f 2977/2941/2783 2989/2954/2793 2990/2955/2794 2978/2942/2784
f 2978/2942/2784 2990/2955/2794 2979/2943/2545 2967/2930/2533
f 2979/2943/2545 2991/2956/2557 2992/2957/2795 2980/2944/2785
f 2980/2944/2785 2992/2957/2795 2993/2958/2796 2981/2945/2786
f 2981/2945/2786 2993/2958/2796 2994/2959/2797 2982/2946/2787
f 2982/2946/2787 2994/2959/2797 2995/2960/2798 2983/2947/2788
f 2983/2947/2788 2995/2960/2798 2996/2961/2799 2984/2948/2789
f 2984/2948/2789 2996/2961/2799 2997/2962/2551 2985/2949/2539
f 2985/2950/2539 2997/2963/2551 2998/2964/2800 2986/2951/2790
f 2986/2951/2790 2998/2964/2800 2999/2965/2801 2987/2952/2791
f 2987/2952/2791 2999/2965/2801 3000/2966/2802 2988/2953/2792
f 2988/2953/2792 3000/2966/2802 3001/2967/2803 2989/2954/2793
f 2989/2954/2793 3001/2967/2803 3002/2968/2804 2990/2955/2794
f 2990/2955/2794 3002/2968/2804 2991/2956/2557 2979/2943/2545
f 2991/2956/2557 3003/2969/2569 3004/2970/2805 2992/2957/2795
f 2992/2957/2795 3004/2970/2805 3005/2971/2806 2993/2958/2796
f 2993/2958/2796 3005/2971/2806 3006/2972/2807 2994/2959/2797
f 2994/2959/2797 3006/2972/2807 3007/2973/2808 2995/2960/2798
f 2995/2960/2798 3007/2973/2808 3008/2974/2809 2996/2961/2799
f 2996/2961/2799 3008/2974/2809 3009/2975/2563 2997/2962/2551
f 2997/2963/2551 3009/2976/2563 3010/2977/2810 2998/2964/2800
f 2998/2964/2800 3010/2977/2810 3011/2978/2811 2999/2965/2801
f 2999/2965/2801 3011/2978/2811 3012/2979/2812 3000/2966/2802
f 3000/2966/2802 3012/2979/2812 3013/2980/2813 3001/2967/2803
f 3001/2967/2803 3013/2980/2813 3014/2981/2814 3002/2968/2804
f 3002/2968/2804 3014/2981/2814 3003/2969/2569 2991/2956/2557
f 3003/2969/2569 2439/2345/2287 2440/2348/2288 3004/2970/2805
f 3004/2970/2805 2440/2348/2288 2441/2350/2289 3005/2971/2806
f 3005/2971/2806 2441/2350/2289 2442/2352/2290 3006/2972/2807
f 3006/2972/2807 2442/2352/2290 2443/2354/2291 3007/2973/2808
f 3007/2973/2808 2443/2354/2291 2444/2356/2292 3008/2974/2809
f 3008/2974/2809 2444/2356/2292 2445/2358/2293 3009/2975/2563
f 3009/2976/2563 2445/2359/2293 2446/2362/2294 3010/2977/2810
f 3010/2977/2810 2446/2362/2294 2447/2364/2295 3011/2978/2811
f 3011/2978/2811 2447/2364/2295 2448/2366/2296 3012/2979/2812
f 3012/2979/2812 2448/2366/2296 2449/2368/2297 3013/2980/2813
f 3013/2980/2813 2449/2368/2297 2450/2370/2298 3014/2981/2814
f 3014/2981/2814 2450/2370/2298 2439/2345/2287 3003/2969/2569
