# Blender 4.5.3 LTS
# www.blender.org
mtllib tears.mtl
o Tears
v -0.257126 -0.416049 0.791362
v -0.229018 -0.424246 -0.796173
v 0.673174 -0.416049 -0.489085
v -0.000175 1.954054 0.000190
v -0.150250 -0.786741 0.462429
v 0.393367 -0.786741 0.285795
v 0.243117 -0.486235 0.748227
v 0.786735 -0.486234 -0.000000
v 0.393367 -0.786741 -0.285795
v -0.486229 -0.786739 0.000000
v -0.636482 -0.486234 0.462430
v -0.150250 -0.786741 -0.462429
v -0.636482 -0.486234 -0.462430
v 0.243117 -0.486235 -0.748227
v 0.879599 0.011083 0.285796
v 0.879599 0.011083 -0.285796
v 0.000000 0.011083 0.924864
v 0.543622 0.011083 0.748230
v -0.879599 0.011084 0.285796
v -0.543622 0.011084 0.748230
v -0.543622 0.011084 -0.748230
v -0.879599 0.011084 -0.285796
v 0.543622 0.011083 -0.748230
v 0.000000 0.011083 -0.924864
v 0.636482 0.636468 0.462430
v -0.243117 0.636470 0.748227
v -0.786735 0.636468 -0.000000
v -0.243117 0.636470 -0.748227
v 0.636482 0.636468 -0.462430
v 0.473162 1.245824 0.001916
v -0.125572 -0.831422 0.386474
v -0.133769 -0.858039 0.324864
v -0.098282 -0.897755 0.222074
v -0.104492 -0.910829 0.163917
v -0.012750 -0.921330 0.131809
v -0.049386 -0.927572 0.058061
v 0.454594 -0.735291 0.330279
v 0.478366 -0.697052 0.380718
v 0.542105 -0.669405 0.346945
v 0.576822 -0.617566 0.388366
v 0.619636 -0.575658 0.389957
v 0.603084 -0.527684 0.473521
v 0.662758 -0.477868 0.445636
v 0.155120 -0.484144 0.773261
v 0.099020 -0.457727 0.800213
v 0.040344 -0.453585 0.809501
v -0.015266 -0.447125 0.815343
v -0.065574 -0.417903 0.829730
v -0.136819 -0.472105 0.790430
v -0.184893 -0.409615 0.815001
v 0.783351 -0.484143 0.091425
v 0.763433 -0.503379 0.153107
v 0.791671 -0.444669 0.194619
v 0.770720 -0.447125 0.266474
v 0.768858 -0.417901 0.318766
v 0.709464 -0.472107 0.374379
v 0.717978 -0.409615 0.427693
v 0.454594 -0.735291 -0.330278
v 0.478366 -0.697052 -0.380718
v 0.515258 -0.657623 -0.405834
v 0.547610 -0.617567 -0.428573
v 0.562353 -0.575658 -0.468800
v 0.636713 -0.527685 -0.427234
v 0.662758 -0.477867 -0.445638
v -0.406365 -0.831420 -0.000000
v -0.350302 -0.858039 -0.026835
v -0.295087 -0.880305 -0.025468
v -0.241577 -0.897754 -0.024846
v -0.188184 -0.910829 -0.048725
v -0.129298 -0.921330 0.028604
v -0.070481 -0.927572 -0.029026
v -0.687484 -0.484142 0.386475
v -0.730453 -0.457724 0.341449
v -0.780157 -0.447124 0.237431
v -0.809386 -0.417901 0.194031
v -0.794024 -0.472106 0.114131
v -0.827978 -0.424243 0.028217
v -0.125572 -0.831422 -0.386474
v -0.133769 -0.858039 -0.324864
v -0.060130 -0.874041 -0.307877
v -0.051020 -0.897755 -0.237431
v -0.011811 -0.910830 -0.194030
v -0.067160 -0.921330 -0.114130
v -0.009168 -0.930295 -0.028218
v -0.580005 -0.484143 -0.534406
v -0.527633 -0.503379 -0.572601
v -0.526078 -0.444669 -0.622784
v -0.466892 -0.447125 -0.668602
v -0.434647 -0.417902 -0.709812
v -0.353908 -0.472109 -0.719892
v -0.304765 -0.459002 -0.750088
v 0.329023 -0.484144 -0.716756
v 0.381532 -0.503379 -0.678751
v 0.434906 -0.496913 -0.653142
v 0.491602 -0.447126 -0.650649
v 0.540759 -0.417904 -0.632717
v 0.575297 -0.472106 -0.559046
v 0.619201 -0.459000 -0.521639
v 0.860962 -0.073195 0.330280
v 0.851432 -0.143672 0.337293
v 0.832037 -0.193367 0.364585
v 0.810351 -0.239773 0.388322
v 0.791977 -0.297766 0.389334
v 0.756718 -0.333511 0.427236
v 0.692102 -0.394574 0.481281
v 0.890669 0.098498 -0.238854
v 0.887060 0.181166 -0.225540
v 0.880873 0.321914 -0.145710
v 0.878152 0.373749 -0.055620
v 0.845641 0.489485 -0.018086
v -0.048065 -0.073195 0.920885
v -0.057679 -0.143673 0.913988
v -0.089628 -0.193371 0.903977
v -0.118907 -0.239772 0.890687
v -0.125545 -0.297767 0.873525
v -0.172487 -0.333512 0.851704
v -0.249544 -0.348565 0.826091
v 0.502397 0.098499 0.773264
v 0.488619 0.181168 0.773946
v 0.410782 0.321918 0.792731
v 0.324260 0.373749 0.817984
v 0.278516 0.489489 0.798662
v -0.890669 -0.073194 0.238854
v -0.887080 -0.143671 0.227580
v -0.887431 -0.193368 0.194100
v -0.883839 -0.239772 0.162149
v -0.869569 -0.297766 0.150530
v -0.863322 -0.333510 0.099143
v -0.847514 -0.379084 0.064911
v -0.580170 0.098499 0.716758
v -0.585078 0.181167 0.703865
v -0.626994 0.321918 0.635644
v -0.677748 0.373750 0.561159
v -0.673507 0.489490 0.511683
v -0.502397 -0.073195 -0.773264
v -0.490563 -0.143672 -0.773336
v -0.458831 -0.193369 -0.784016
v -0.427334 -0.239774 -0.790473
v -0.411874 -0.297766 -0.780492
v -0.361068 -0.333512 -0.790431
v -0.323628 -0.379087 -0.785974
v -0.860962 0.098499 -0.330280
v -0.850216 0.181167 -0.338931
v -0.798288 0.321916 -0.399878
v -0.743134 0.373748 -0.471164
v -0.694769 0.489489 -0.482418
v 0.580170 -0.073195 -0.716758
v 0.583894 -0.143674 -0.705527
v 0.603857 -0.193370 -0.678648
v 0.619732 -0.239774 -0.650687
v 0.615016 -0.297768 -0.632900
v 0.640169 -0.333512 -0.587652
v 0.647500 -0.379086 -0.550667
v 0.048065 0.098499 -0.920885
v 0.059612 0.181168 -0.913339
v 0.133624 0.321916 -0.882786
v 0.218463 0.373749 -0.852359
v 0.244113 0.489489 -0.809840
v 0.586643 0.593465 0.550235
v 0.547152 0.586362 0.595086
v 0.506416 0.579957 0.635133
v 0.475415 0.534891 0.680730
v 0.411207 0.665054 0.664256
v 0.356092 0.611585 0.718668
v 0.308447 0.596504 0.746549
v -0.342025 0.593466 0.727961
v -0.396884 0.586364 0.704262
v -0.447559 0.579958 0.677895
v -0.500504 0.534891 0.662503
v -0.504677 0.665052 0.596346
v -0.573458 0.611581 0.560745
v -0.614698 0.596500 0.524046
v -0.798025 0.593466 -0.100329
v -0.792439 0.586363 -0.159826
v -0.783022 0.579958 -0.216168
v -0.784744 0.534892 -0.271277
v -0.723115 0.665053 -0.295690
v -0.710512 0.611582 -0.372105
v -0.688354 0.596499 -0.422667
v -0.151187 0.593468 -0.789968
v -0.092876 0.586366 -0.803041
v -0.036381 0.579957 -0.811497
v 0.015501 0.534892 -0.830165
v 0.057763 0.665053 -0.779096
v 0.134333 0.611581 -0.790723
v 0.189267 0.596500 -0.785274
v 0.704589 0.593464 -0.387897
v 0.735042 0.586359 -0.336480
v 0.760540 0.579954 -0.285363
v 0.794327 0.534887 -0.241789
v 0.758818 0.665048 -0.185815
v 0.793536 0.611580 -0.116586
v 0.805330 0.596494 -0.062656
v 0.186323 1.026234 0.573452
v 0.201167 0.822287 0.681826
v 0.242831 0.652450 0.747364
v 0.315146 1.498319 -0.000197
v 0.191892 1.682460 0.000286
v 0.130805 1.770250 -0.000000
v 0.068620 1.848822 0.001083
v -0.487808 1.026234 0.354410
v -0.586293 0.822285 0.402016
v -0.635748 0.652451 0.461893
v -0.487809 1.026232 -0.354411
v -0.563519 0.822285 -0.433362
v -0.635747 0.652452 -0.461893
v 0.186323 1.026233 -0.573452
v 0.238017 0.822287 -0.669853
v 0.242830 0.652454 -0.747363
v -0.219022 -0.477869 0.768029
v -0.263982 -0.527685 0.719892
v -0.179393 -0.575658 0.709811
v -0.191110 -0.617567 0.668600
v -0.163219 -0.697052 0.589186
v -0.173636 -0.735291 0.534405
v 0.074083 -0.927573 0.017943
v 0.121419 -0.921330 0.052857
v 0.123604 -0.910830 0.150031
v 0.180835 -0.897756 0.162097
v 0.253700 -0.880306 0.152843
v 0.299174 -0.858040 0.184190
v 0.328756 -0.831422 0.238853
v 0.628633 -0.409615 0.550667
v 0.584591 -0.423440 0.587651
v 0.524927 -0.500803 0.583989
v 0.483528 -0.489400 0.625800
v 0.434905 -0.496914 0.653141
v 0.381532 -0.503381 0.678750
v 0.329023 -0.484144 0.716756
v 0.717978 -0.409615 -0.427693
v 0.739543 -0.423439 -0.374379
v 0.717622 -0.500802 -0.318766
v 0.744593 -0.489400 -0.266475
v 0.755571 -0.496912 -0.211781
v 0.763433 -0.503378 -0.153108
v 0.783351 -0.484143 -0.091425
v 0.039960 -0.927573 -0.064910
v 0.087792 -0.921330 -0.099142
v 0.180885 -0.910830 -0.071191
v 0.210045 -0.897756 -0.121893
v 0.223762 -0.880306 -0.194050
v 0.267628 -0.858040 -0.227610
v 0.328756 -0.831422 -0.238853
v -0.798124 -0.477866 0.029026
v -0.766236 -0.527682 -0.028605
v -0.730508 -0.575656 0.048726
v -0.694937 -0.617564 0.024850
v -0.610789 -0.697050 0.026835
v -0.561909 -0.735289 0.000000
v -0.304765 -0.459001 0.750089
v -0.378245 -0.423438 0.737572
v -0.393198 -0.500802 0.679696
v -0.445754 -0.489401 0.653244
v -0.486784 -0.496913 0.615449
v -0.527634 -0.503379 0.572601
v -0.580005 -0.484143 0.534406
v -0.219022 -0.477868 -0.768029
v -0.209571 -0.527684 -0.737572
v -0.272077 -0.575658 -0.679696
v -0.238378 -0.617567 -0.653242
v -0.178304 -0.657624 -0.631188
v -0.163219 -0.697052 -0.589185
v -0.173636 -0.735291 -0.534405
v -0.807557 -0.458998 -0.058061
v -0.818359 -0.423437 -0.131810
v -0.767937 -0.500800 -0.163916
v -0.759020 -0.489399 -0.222075
v -0.722586 -0.509237 -0.284423
v -0.730453 -0.457723 -0.341449
v -0.687484 -0.484142 -0.386475
v -0.127524 -0.423440 -0.819035
v -0.081407 -0.500803 -0.781002
v -0.023340 -0.489402 -0.790493
v 0.040343 -0.453584 -0.809502
v 0.099021 -0.457726 -0.800214
v 0.155120 -0.484144 -0.773261
v 0.873068 0.397695 0.036786
v 0.895432 0.288165 0.093220
v 0.883345 0.295448 0.161084
v 0.887133 0.238677 0.192757
v 0.893840 0.124519 0.222374
v 0.708548 -0.348565 -0.492605
v 0.741679 -0.303433 -0.473522
v 0.792004 -0.296740 -0.389962
v 0.810366 -0.239480 -0.388445
v 0.832037 -0.193367 -0.364586
v 0.851432 -0.143672 -0.337292
v 0.860962 -0.073195 -0.330280
v 0.234803 0.397697 0.841704
v 0.188042 0.288169 0.880412
v 0.119767 0.295448 0.889888
v 0.090812 0.238678 0.903278
v 0.064718 0.124522 0.918808
v 0.687453 -0.348566 0.521639
v 0.679541 -0.303434 0.559047
v 0.615623 -0.296741 0.632730
v 0.619854 -0.239481 0.650663
v 0.603858 -0.193369 0.678647
v 0.583894 -0.143673 0.705527
v 0.580170 -0.073195 0.716758
v -0.712024 0.424677 0.492464
v -0.743324 0.370733 0.472301
v -0.779214 0.288169 0.450899
v -0.809325 0.295449 0.388894
v -0.831006 0.238675 0.365496
v -0.853841 0.124521 0.345476
v -0.323627 -0.379086 0.785974
v -0.321695 -0.303433 0.819037
v -0.411526 -0.296741 0.781015
v -0.427273 -0.239480 0.790582
v -0.458832 -0.193370 0.784015
v -0.490565 -0.143672 0.773335
v -0.502397 -0.073195 0.773264
v -0.684704 0.397699 -0.542934
v -0.669626 0.288169 -0.601735
v -0.619958 0.295450 -0.649535
v -0.604405 0.238679 -0.677386
v -0.592422 0.124519 -0.705289
v -0.847514 -0.379084 -0.064911
v -0.878361 -0.303433 -0.052858
v -0.869960 -0.296739 -0.150038
v -0.883924 -0.239479 -0.162059
v -0.887432 -0.193367 -0.194100
v -0.887080 -0.143672 -0.227579
v -0.890669 -0.073194 -0.238854
v 0.304776 0.397697 -0.818968
v 0.365359 0.288168 -0.822799
v 0.426168 0.295448 -0.790332
v 0.457461 0.238677 -0.784147
v 0.487703 0.124521 -0.781372
v -0.200158 -0.379087 -0.826092
v -0.221156 -0.303433 -0.851704
v -0.126135 -0.296740 -0.873745
v -0.119018 -0.239482 -0.890740
v -0.089625 -0.193372 -0.903977
v -0.057678 -0.143673 -0.913988
v -0.048065 -0.073195 -0.920885
v 0.807937 0.589975 0.061494
v 0.777130 0.646445 0.136824
v 0.759477 0.582568 0.285427
v 0.710796 0.659851 0.320215
v 0.681117 0.666136 0.371445
v 0.191178 0.589982 0.787394
v 0.110014 0.646448 0.781374
v -0.036771 0.582575 0.810504
v -0.084899 0.659853 0.774957
v -0.142793 0.666137 0.762562
v -0.689780 0.589982 0.425139
v -0.709135 0.646450 0.346087
v -0.782198 0.582576 0.215490
v -0.763266 0.659848 0.158734
v -0.769365 0.666137 0.099843
v -0.617489 0.589981 -0.524640
v -0.548289 0.646448 -0.567475
v -0.446661 0.582573 -0.677321
v -0.386830 0.659853 -0.676852
v -0.332706 0.666138 -0.700854
v 0.308148 0.589981 -0.749389
v 0.370272 0.646450 -0.696811
v 0.506147 0.582575 -0.634100
v 0.524189 0.659855 -0.577053
v 0.563743 0.666138 -0.532995
v 0.040421 1.770252 0.124401
v 0.059025 1.682465 0.182585
v 0.097571 1.498323 0.299658
v 0.144390 1.245832 0.450591
v 0.785827 0.652446 -0.000001
v 0.602964 1.026231 0.000000
v -0.124534 1.736952 0.090181
v -0.254841 1.498323 0.185395
v -0.383921 1.245829 0.276564
v -0.124470 1.736616 -0.090726
v -0.255072 1.498322 -0.185077
v -0.381668 1.245829 -0.279664
v 0.040421 1.770252 -0.124402
v 0.059569 1.682464 -0.182409
v 0.097198 1.498321 -0.299781
v 0.148035 1.245830 -0.449409
v 0.344307 1.446491 -0.056440
v 0.346681 1.420021 -0.113693
v 0.315420 1.436651 -0.161496
v 0.273845 1.462220 -0.199041
v 0.246800 1.447022 -0.245591
v 0.245155 1.342920 -0.331619
v 0.203007 1.303793 -0.387170
v 0.534627 1.133591 -0.073368
v 0.519518 1.124970 -0.158507
v 0.540297 1.060729 -0.209362
v 0.602566 0.939523 -0.234039
v 0.622572 0.866156 -0.282440
v 0.612929 0.791413 -0.375656
v 0.244570 1.076569 -0.518128
v 0.304263 1.031253 -0.514747
v 0.358620 0.980946 -0.511950
v 0.424978 0.879729 -0.529130
v 0.454628 0.969961 -0.434590
v 0.521166 0.855674 -0.447905
v 0.573521 0.777538 -0.443302
v 0.052718 1.446487 -0.344899
v -0.000999 1.420025 -0.364844
v -0.056122 1.436667 -0.349878
v -0.104676 1.462229 -0.321944
v -0.157305 1.447026 -0.310609
v -0.239635 1.342913 -0.335636
v -0.305489 1.303795 -0.312712
v 0.095429 1.133596 -0.531129
v 0.009787 1.124979 -0.543067
v -0.032159 1.060737 -0.578544
v -0.036383 0.939523 -0.645396
v -0.076235 0.866159 -0.679378
v -0.167868 0.791417 -0.699012
v -0.417194 1.076570 -0.392708
v -0.395532 1.031252 -0.448437
v -0.376074 0.980950 -0.499267
v -0.371909 0.879728 -0.567688
v -0.272834 0.969959 -0.566673
v -0.264939 0.855675 -0.634066
v -0.244382 0.777538 -0.682437
v -0.311727 1.446487 -0.156717
v -0.347296 1.420025 -0.111793
v -0.350103 1.436655 -0.054745
v -0.338539 1.462220 0.000065
v -0.344019 1.447023 0.053621
v -0.393263 1.342909 0.124188
v -0.391811 1.303791 0.193902
v -0.475644 1.133599 -0.254885
v -0.513464 1.124977 -0.177126
v -0.560166 1.060738 -0.148196
v -0.625052 0.939522 -0.164838
v -0.669686 0.866155 -0.137438
v -0.716674 0.791417 -0.056357
v -0.502411 1.076569 0.275417
v -0.548717 1.031251 0.237595
v -0.591047 0.980948 0.203382
v -0.654832 0.879727 0.178277
v -0.623248 0.969960 0.084367
v -0.684905 0.855674 0.056030
v -0.724556 0.777536 0.021533
v -0.245376 1.446490 0.248039
v -0.213642 1.420028 0.295749
v -0.160252 1.436663 0.316046
v -0.104552 1.462226 0.321986
v -0.055311 1.447023 0.343752
v -0.003415 1.342917 0.412386
v 0.063336 1.303795 0.432551
v -0.389397 1.133597 0.373598
v -0.327129 1.124978 0.433595
v -0.314049 1.060734 0.486953
v -0.349923 0.939526 0.543518
v -0.337657 0.866160 0.594435
v -0.275067 0.791418 0.664179
v 0.106684 1.076569 0.562929
v 0.056403 1.031252 0.595281
v 0.010783 0.980949 0.624967
v -0.032804 0.879730 0.677871
v -0.112359 0.969961 0.618814
v -0.158361 0.855673 0.668697
v -0.203423 0.777538 0.695745
v 0.160075 1.446489 0.310015
v 0.215258 1.420022 0.294579
v 0.251060 1.436657 0.250074
v 0.273922 1.462222 0.198934
v 0.309838 1.447020 0.158829
v 0.391149 1.342915 0.130681
v 0.430957 1.303788 0.073429
v 0.234984 1.133597 0.485785
v 0.311287 1.124979 0.445103
v 0.366075 1.060738 0.449150
v 0.408787 0.939523 0.500753
v 0.461002 0.866156 0.504821
v 0.546676 0.791415 0.466844
v 0.568348 1.076564 0.072490
v 0.583579 1.031248 0.130307
v 0.597715 0.980944 0.182868
v 0.634559 0.879727 0.240669
v 0.553810 0.969957 0.298081
v 0.587036 0.855670 0.357246
v 0.598835 0.777536 0.408461
v 0.867906 0.127606 -0.302522
v 0.831553 0.158429 -0.379144
v 0.826470 0.261195 -0.354611
v 0.772513 0.324896 -0.430888
v 0.725843 0.428337 -0.455840
v 0.688163 0.506394 -0.470138
v 0.843970 0.047915 -0.374076
v 0.813744 0.047026 -0.434352
v 0.781673 0.046726 -0.489343
v 0.747707 -0.011354 -0.543238
v 0.706946 0.046724 -0.592196
v 0.664557 0.047027 -0.639691
v 0.616571 0.047916 -0.687064
v 0.649651 0.475936 -0.538233
v 0.648464 0.324429 -0.601812
v 0.631004 0.228002 -0.646849
v 0.578624 0.191824 -0.703596
v 0.555916 0.127606 -0.731940
v -0.019521 0.127610 -0.918911
v -0.103628 0.158430 -0.908015
v -0.081867 0.261194 -0.895599
v -0.171081 0.324897 -0.867854
v -0.209235 0.428341 -0.831178
v -0.234478 0.506397 -0.799760
v -0.094969 0.047914 -0.918259
v -0.161636 0.047027 -0.908138
v -0.223845 0.046726 -0.894630
v -0.285598 -0.011356 -0.878981
v -0.344756 0.046722 -0.855343
v -0.403025 0.047027 -0.829706
v -0.462908 0.047915 -0.798707
v -0.311141 0.475941 -0.784175
v -0.371973 0.324430 -0.802695
v -0.420200 0.228000 -0.800008
v -0.490356 0.191823 -0.767726
v -0.524330 0.127606 -0.754889
v -0.879970 0.127607 -0.265392
v -0.895598 0.158429 -0.182035
v -0.877065 0.261195 -0.198894
v -0.878246 0.324896 -0.105476
v -0.855157 0.428337 -0.057854
v -0.833077 0.506392 -0.024139
v -0.902664 0.047916 -0.193434
v -0.913640 0.047025 -0.126905
v -0.920017 0.046724 -0.063567
v -0.924217 -0.011358 -0.000000
v -0.920017 0.046723 0.063567
v -0.913640 0.047026 0.126904
v -0.902664 0.047917 0.193435
v -0.841945 0.475937 0.053584
v -0.878357 0.324428 0.105717
v -0.890702 0.228002 0.152416
v -0.881681 0.191824 0.229113
v -0.879970 0.127607 0.265392
v -0.524331 0.127607 0.754888
v -0.449884 0.158429 0.795509
v -0.460192 0.261194 0.772673
v -0.371709 0.324897 0.802666
v -0.319287 0.428340 0.795420
v -0.280395 0.506398 0.784840
v -0.462908 0.047914 0.798708
v -0.403025 0.047026 0.829706
v -0.344757 0.046723 0.855343
v -0.285598 -0.011355 0.878981
v -0.223846 0.046726 0.894630
v -0.161635 0.047025 0.908138
v -0.094969 0.047913 0.918259
v -0.209216 0.475939 0.817293
v -0.170884 0.324430 0.868033
v -0.130291 0.227997 0.894206
v -0.054554 0.191823 0.909327
v -0.019522 0.127608 0.918911
v 0.555917 0.127604 0.731939
v 0.617554 0.158430 0.673690
v 0.592652 0.261193 0.676435
v 0.648519 0.324896 0.601551
v 0.657829 0.428338 0.549454
v 0.659784 0.506395 0.509198
v 0.616571 0.047917 0.687065
v 0.664557 0.047027 0.639691
v 0.706946 0.046725 0.592196
v 0.747707 -0.011353 0.543238
v 0.781673 0.046726 0.489343
v 0.813744 0.047026 0.434352
v 0.843971 0.047914 0.374075
v 0.712644 0.475937 0.451529
v 0.772744 0.324428 0.430757
v 0.810183 0.228001 0.400230
v 0.847965 0.191820 0.332880
v 0.867906 0.127604 0.302524
v 0.457885 0.037017 -0.802958
v 0.419021 -0.040149 -0.821166
v 0.344935 -0.024946 -0.855210
v 0.284967 -0.024796 -0.877039
v 0.223623 -0.024948 -0.894627
v 0.101519 0.037079 -0.918747
v 0.524524 -0.100258 -0.754728
v 0.451604 -0.128003 -0.794366
v 0.421459 -0.185309 -0.799599
v 0.447935 -0.276549 -0.762002
v 0.354400 -0.293835 -0.799707
v 0.317834 -0.345895 -0.794478
v 0.326779 -0.422949 -0.754802
v 0.019271 -0.100259 -0.918895
v 0.101566 -0.128002 -0.908101
v 0.129033 -0.185309 -0.894615
v 0.110053 -0.264130 -0.879014
v 0.183346 -0.293833 -0.855287
v 0.179300 -0.422950 -0.802722
v -0.622166 0.037019 -0.683600
v -0.651492 -0.040150 -0.652265
v -0.706765 -0.024950 -0.592324
v -0.746055 -0.024797 -0.542038
v -0.781739 -0.024949 -0.489131
v -0.842411 0.037077 -0.380455
v -0.555704 -0.100257 -0.732075
v -0.615936 -0.128003 -0.674971
v -0.630228 -0.185309 -0.647919
v -0.605705 -0.264129 -0.646452
v -0.651056 -0.293831 -0.584173
v -0.667924 -0.353889 -0.529860
v -0.616882 -0.422948 -0.544029
v -0.867968 -0.100259 -0.302278
v -0.832272 -0.128002 -0.377209
v -0.810960 -0.185309 -0.399162
v -0.810281 -0.276549 -0.353182
v -0.756771 -0.293832 -0.438668
v -0.724114 -0.345894 -0.455931
v -0.708029 -0.422948 -0.418576
v -0.842405 0.037017 0.380467
v -0.821665 -0.040148 0.418042
v -0.781739 -0.024949 0.489131
v -0.746055 -0.024796 0.542037
v -0.706764 -0.024949 0.592324
v -0.622158 0.037081 0.683609
v -0.867968 -0.100257 0.302279
v -0.832272 -0.128002 0.377209
v -0.810960 -0.185308 0.399163
v -0.810281 -0.276548 0.353182
v -0.756770 -0.293831 0.438670
v -0.710328 -0.353889 0.471496
v -0.708030 -0.422949 0.418575
v -0.555703 -0.100257 0.732075
v -0.615936 -0.128002 0.674971
v -0.630229 -0.185308 0.647918
v -0.586290 -0.276548 0.661481
v -0.651057 -0.293831 0.584172
v -0.657382 -0.345894 0.547781
v -0.616883 -0.422948 0.544028
v 0.101531 0.037015 0.918745
v 0.143674 -0.040148 0.910631
v 0.223624 -0.024949 0.894626
v 0.284968 -0.024797 0.877039
v 0.344934 -0.024945 0.855210
v 0.457896 0.037078 0.802953
v 0.019271 -0.100259 0.918895
v 0.101566 -0.128002 0.908101
v 0.129033 -0.185309 0.894615
v 0.110052 -0.264130 0.879015
v 0.183347 -0.293833 0.855287
v 0.228920 -0.353891 0.821260
v 0.179301 -0.422949 0.802721
v 0.524525 -0.100258 0.754728
v 0.451604 -0.128002 0.794366
v 0.421458 -0.185309 0.799599
v 0.447936 -0.276550 0.762001
v 0.354398 -0.293832 0.799708
v 0.317832 -0.345895 0.794479
v 0.326778 -0.422949 0.754803
v 0.905154 0.037018 0.187344
v 0.910461 -0.040150 0.144755
v 0.919945 -0.024946 0.063777
v 0.922174 -0.024798 -0.000000
v 0.919945 -0.024947 -0.063777
v 0.905153 0.037079 -0.187356
v 0.879877 -0.100260 0.265627
v 0.895043 -0.128002 0.184021
v 0.890704 -0.185309 0.153736
v 0.870002 -0.264128 0.166963
v 0.870085 -0.293831 0.089925
v 0.851807 -0.353890 0.036070
v 0.818841 -0.422949 0.077534
v 0.879877 -0.100258 -0.265627
v 0.895043 -0.128003 -0.184021
v 0.890703 -0.185310 -0.153739
v 0.863128 -0.276549 -0.190535
v 0.870084 -0.293832 -0.089926
v 0.853812 -0.345893 -0.056763
v 0.818842 -0.422949 -0.077532
v 0.402626 -0.740910 -0.379927
v 0.334423 -0.742673 -0.434119
v 0.320512 -0.713726 -0.489224
v 0.304622 -0.681826 -0.542047
v 0.287033 -0.646767 -0.592263
v 0.267585 -0.608991 -0.639834
v 0.303802 -0.543254 -0.684089
v 0.295911 -0.822432 -0.302394
v 0.196689 -0.808317 -0.399261
v 0.136415 -0.810325 -0.419836
v 0.075560 -0.808317 -0.438620
v 0.014463 -0.802358 -0.455931
v -0.061649 -0.822433 -0.418573
v 0.156323 -0.543254 -0.732008
v 0.181225 -0.603623 -0.674471
v 0.115915 -0.646766 -0.647866
v 0.072166 -0.681824 -0.617579
v 0.028264 -0.713725 -0.584183
v -0.102411 -0.740909 -0.544026
v -0.236915 -0.740910 -0.500322
v -0.309530 -0.742673 -0.452204
v -0.366238 -0.713726 -0.456001
v -0.421386 -0.681824 -0.457215
v -0.474581 -0.646765 -0.456003
v -0.525833 -0.608991 -0.452204
v -0.556730 -0.543252 -0.500326
v -0.196153 -0.822432 -0.374871
v -0.318942 -0.808317 -0.310440
v -0.357136 -0.810323 -0.259474
v -0.393805 -0.808316 -0.207400
v -0.448067 -0.793602 -0.146786
v -0.417140 -0.822431 -0.070712
v -0.647878 -0.543252 -0.374872
v -0.585463 -0.603620 -0.380776
v -0.580341 -0.646764 -0.310439
v -0.565056 -0.681823 -0.259473
v -0.546860 -0.713724 -0.207401
v -0.525724 -0.742670 -0.154644
v -0.549050 -0.740907 -0.070712
v -0.549049 -0.740907 0.070712
v -0.525724 -0.742671 0.154643
v -0.546860 -0.713723 0.207402
v -0.565054 -0.681823 0.259475
v -0.580340 -0.646765 0.310440
v -0.592565 -0.608990 0.360357
v -0.647878 -0.543252 0.374872
v -0.417141 -0.822431 0.070712
v -0.393806 -0.808316 0.207401
v -0.357136 -0.810323 0.259475
v -0.318941 -0.808317 0.310439
v -0.278062 -0.793603 0.380776
v -0.196153 -0.822433 0.374871
v -0.556730 -0.543253 0.500326
v -0.543058 -0.603621 0.439139
v -0.474581 -0.646766 0.456002
v -0.421385 -0.681824 0.457214
v -0.366238 -0.713725 0.456002
v -0.309530 -0.742673 0.452202
v -0.236915 -0.740909 0.500323
v 0.744489 -0.543253 -0.077534
v 0.697462 -0.603623 -0.036069
v 0.651977 -0.646766 -0.089961
v 0.609654 -0.681824 -0.122210
v 0.564326 -0.713726 -0.153641
v 0.516216 -0.742673 -0.183901
v 0.485753 -0.740910 -0.265512
v 0.744489 -0.543253 0.077534
v 0.691208 -0.608992 0.056763
v 0.651976 -0.646767 0.089959
v 0.609653 -0.681825 0.122208
v 0.564325 -0.713726 0.153640
v 0.498419 -0.755677 0.180682
v 0.485753 -0.740910 0.265512
v 0.379037 -0.822433 -0.187979
v 0.448773 -0.793603 -0.144611
v 0.440504 -0.808316 -0.063681
v 0.441446 -0.810323 -0.000000
v 0.440503 -0.808317 0.063682
v 0.438086 -0.802358 0.127137
v 0.379039 -0.822432 0.187980
v -0.102411 -0.740910 0.544025
v -0.017818 -0.755678 0.529857
v 0.028265 -0.713726 0.584182
v 0.072167 -0.681825 0.617578
v 0.115915 -0.646766 0.647865
v 0.156323 -0.543254 0.732008
v -0.061650 -0.822433 0.418573
v 0.014464 -0.802358 0.455932
v 0.075559 -0.808318 0.438619
v 0.136415 -0.810325 0.419836
v 0.196690 -0.808317 0.399262
v 0.276215 -0.793604 0.382117
v 0.295911 -0.822433 0.302394
v 0.303802 -0.543255 0.684088
v 0.267585 -0.608991 0.639834
v 0.287035 -0.646766 0.592263
v 0.304627 -0.681824 0.542047
v 0.320514 -0.713725 0.489224
v 0.334423 -0.742673 0.434119
v 0.402627 -0.740909 0.379928
v 0.103859 -0.884287 0.270123
v 0.051982 -0.920803 0.129686
v 0.120974 -0.894608 0.226888
v 0.212091 -0.853320 0.292175
v 0.161485 -0.855626 0.317130
v 0.081389 -0.859801 0.338454
v 0.205089 -0.875011 0.234870
v -0.060128 -0.874041 0.307878
v 0.003220 -0.904733 0.220533
v 0.000156 -0.853321 0.361036
v 0.031411 -0.881012 0.295261
v 0.049244 -0.898082 0.242232
v 0.665409 -0.596987 0.257884
v 0.658646 -0.535540 0.382446
v 0.622151 -0.621414 0.305125
v 0.558913 -0.688696 0.267986
v 0.621763 -0.649933 0.226782
v 0.725153 -0.537276 0.221309
v 0.710586 -0.522883 0.298070
v 0.712271 -0.571541 0.156565
v 0.682104 -0.564619 0.289118
v 0.675939 -0.607787 0.180124
v -0.243210 -0.884055 0.157994
v -0.117243 -0.917167 0.109281
v -0.193970 -0.890070 0.191719
v -0.212336 -0.853320 0.291995
v -0.251708 -0.855625 0.251580
v -0.296740 -0.859800 0.181990
v -0.160010 -0.881354 0.247189
v -0.303973 -0.875010 0.069467
v -0.208746 -0.904732 0.071207
v -0.343321 -0.853319 0.111713
v -0.215159 -0.898081 0.121686
v -0.225416 -0.884056 -0.182481
v -0.140162 -0.917167 -0.077735
v -0.250498 -0.888515 -0.118837
v -0.343322 -0.853318 -0.111712
v -0.317051 -0.855624 -0.161647
v -0.264782 -0.859800 -0.225979
v -0.160011 -0.881354 -0.247188
v -0.132229 -0.904732 -0.176525
v -0.212336 -0.853320 -0.291994
v -0.182219 -0.898081 -0.167026
v 0.089021 -0.884512 -0.274248
v 0.030617 -0.917167 -0.157323
v 0.035614 -0.888516 -0.274957
v 0.000155 -0.853321 -0.361036
v 0.081389 -0.859802 -0.338453
v 0.127025 -0.904733 -0.180305
v 0.212089 -0.853320 -0.292174
v 0.148143 -0.881012 -0.257333
v 0.102543 -0.898082 -0.224913
v 0.161486 -0.855626 -0.317130
v 0.767219 -0.382787 0.362947
v 0.817436 -0.365509 0.254026
v 0.829735 -0.381481 0.156567
v 0.845906 -0.332775 0.180126
v 0.839140 -0.309800 0.254562
v 0.865882 -0.191750 0.268165
v 0.842372 -0.261463 0.293922
v 0.819158 -0.309919 0.317141
v 0.864030 -0.238008 0.235654
v -0.108099 -0.382787 0.841825
v 0.011008 -0.365508 0.855926
v 0.107502 -0.381482 0.837505
v 0.090091 -0.332776 0.860165
v 0.017206 -0.309801 0.876732
v 0.012531 -0.191751 0.906369
v -0.019230 -0.261466 0.891969
v -0.048484 -0.309919 0.877067
v 0.042884 -0.238005 0.894562
v -0.824358 -0.328604 0.279583
v -0.834030 -0.382787 0.157323
v -0.816031 -0.368339 0.254664
v -0.763297 -0.381481 0.361039
v -0.790229 -0.332774 0.351483
v -0.781220 -0.408325 0.294031
v -0.858138 -0.191752 0.291997
v -0.854258 -0.261462 0.257341
v -0.849125 -0.309917 0.224914
v -0.837530 -0.238004 0.317215
v -0.407352 -0.382790 -0.744592
v -0.512002 -0.365507 -0.685992
v -0.579242 -0.381481 -0.614369
v -0.578477 -0.332774 -0.642935
v -0.529247 -0.309800 -0.699180
v -0.542887 -0.191750 -0.725904
v -0.508726 -0.261466 -0.732922
v -0.476301 -0.309918 -0.738061
v -0.560500 -0.238008 -0.698512
v 0.502586 -0.328605 -0.710731
v 0.582272 -0.382789 -0.617504
v 0.510496 -0.368341 -0.685676
v 0.405312 -0.381482 -0.740739
v 0.432714 -0.332776 -0.748839
v 0.440537 -0.416244 -0.703942
v 0.522616 -0.191752 -0.740631
v 0.539847 -0.261466 -0.710312
v 0.554756 -0.309920 -0.681060
v 0.491123 -0.238007 -0.748918
v 0.735589 -0.134900 0.553161
v 0.732709 -0.267714 0.508286
v 0.769847 -0.215975 0.477274
v 0.765374 -0.173289 0.500459
v 0.832773 -0.081037 0.397104
v 0.807111 -0.070440 0.448874
v 0.778917 -0.063737 0.497343
v 0.799532 -0.147524 0.449614
v 0.756251 -0.114992 0.527956
v 0.635012 -0.081035 0.669300
v 0.674680 -0.147525 0.621458
v 0.692519 -0.215815 0.583962
v 0.676319 -0.070439 0.628895
v 0.722095 -0.181709 0.559552
v 0.713703 -0.063737 0.587103
v -0.298780 -0.134901 0.870522
v -0.256990 -0.267714 0.853916
v -0.216019 -0.215977 0.879653
v -0.239456 -0.173288 0.882563
v -0.120329 -0.081036 0.914726
v -0.177496 -0.070440 0.906318
v -0.232305 -0.063735 0.894481
v -0.180540 -0.147524 0.899338
v -0.268423 -0.114991 0.882384
v -0.440314 -0.081037 0.810757
v -0.382556 -0.147524 0.833699
v -0.341383 -0.215816 0.839078
v -0.389121 -0.070441 0.837557
v -0.309027 -0.181708 0.859664
v -0.337822 -0.063738 0.860197
v -0.920246 -0.134899 -0.015151
v -0.885990 -0.286951 0.009275
v -0.903356 -0.215973 0.066379
v -0.913365 -0.173288 0.044993
v -0.907142 -0.081035 0.168224
v -0.916810 -0.070441 0.111255
v -0.922490 -0.063737 0.055472
v -0.911113 -0.147524 0.106206
v -0.922146 -0.114990 0.017384
v -0.907141 -0.081036 -0.168224
v -0.911113 -0.147524 -0.106204
v -0.903506 -0.215812 -0.065386
v -0.916810 -0.070441 -0.111256
v -0.913086 -0.181708 -0.028254
v -0.922490 -0.063736 -0.055473
v -0.269960 -0.134899 -0.879887
v -0.282605 -0.286954 -0.839759
v -0.342281 -0.215978 -0.838628
v -0.325034 -0.173288 -0.854757
v -0.440314 -0.081036 -0.810757
v -0.389122 -0.070439 -0.837556
v -0.337823 -0.063736 -0.860197
v -0.382555 -0.147524 -0.833700
v -0.301491 -0.114993 -0.871640
v -0.120330 -0.081038 -0.914726
v -0.180539 -0.147524 -0.899339
v -0.217010 -0.215816 -0.879490
v -0.177496 -0.070440 -0.906318
v -0.255288 -0.181709 -0.877125
v -0.232305 -0.063735 -0.894482
v 0.753400 -0.134900 -0.528646
v 0.709833 -0.267714 -0.539773
v 0.691813 -0.215977 -0.584677
v 0.712483 -0.173288 -0.573258
v 0.635012 -0.081035 -0.669300
v 0.676319 -0.070439 -0.628895
v 0.713703 -0.063735 -0.587103
v 0.674680 -0.147524 -0.621458
v 0.735814 -0.114993 -0.556085
v 0.832773 -0.081038 -0.397104
v 0.799531 -0.147524 -0.449615
v 0.769385 -0.215815 -0.478165
v 0.807112 -0.070440 -0.448873
v 0.755309 -0.181709 -0.513837
v 0.778917 -0.063738 -0.497344
v 0.362547 0.822484 0.611923
v 0.282026 0.739916 0.693796
v 0.346521 0.743604 0.662966
v 0.525899 0.741049 0.525479
v 0.475409 0.716384 0.589462
v 0.402151 0.839173 0.574576
v 0.248369 0.955064 0.591890
v 0.294590 1.001580 0.540182
v 0.288100 0.867403 0.625598
v 0.347112 0.954254 0.538431
v -0.469941 0.822483 0.533897
v -0.572691 0.739912 0.482618
v -0.523438 0.743605 0.534428
v -0.337252 0.741049 0.662540
v -0.413704 0.716387 0.634293
v -0.422185 0.839173 0.560021
v -0.486170 0.955069 0.419114
v -0.422715 1.001574 0.447097
v -0.505952 0.867399 0.467323
v -0.404820 0.954248 0.496508
v -0.652989 0.822483 -0.281952
v -0.635972 0.739912 -0.395518
v -0.670028 0.743600 -0.332667
v -0.734331 0.741048 -0.116005
v -0.731093 0.716383 -0.197444
v -0.663077 0.839172 -0.228461
v -0.548841 0.955065 -0.332858
v -0.555844 1.001573 -0.263861
v -0.600798 0.867404 -0.336773
v -0.597306 0.954249 -0.231572
v 0.066367 0.822482 -0.708157
v 0.179634 0.739915 -0.727065
v 0.109336 0.743604 -0.740032
v -0.116595 0.741050 -0.734236
v -0.038141 0.716385 -0.756323
v 0.012375 0.839174 -0.701220
v 0.146965 0.955068 -0.624836
v 0.079181 1.001577 -0.610174
v 0.134634 0.867400 -0.675463
v 0.035660 0.954249 -0.639631
v 0.694010 0.822478 -0.155711
v 0.746993 0.739910 -0.053831
v 0.737602 0.743600 -0.124694
v 0.662275 0.741044 -0.337777
v 0.707523 0.716382 -0.269987
v 0.670725 0.839174 -0.204916
v 0.639672 0.955064 -0.053310
v 0.604785 1.001567 -0.113246
v 0.684010 0.867397 -0.080682
v 0.619350 0.954240 -0.163740
v 0.211067 1.564335 -0.173884
v 0.130764 1.565950 -0.237989
v 0.168220 1.568758 -0.211499
v 0.055817 1.851750 -0.040604
v 0.133219 1.753407 -0.051259
v 0.193214 1.673114 -0.045927
v 0.089917 1.753407 -0.110858
v 0.139391 1.711409 -0.101273
v 0.187483 1.656786 -0.094964
v 0.241009 1.585738 -0.093075
v 0.103529 1.681929 -0.162250
v 0.148252 1.656787 -0.148961
v 0.190239 1.620580 -0.138216
v 0.232661 1.571373 -0.133884
v 0.480630 1.204106 -0.124709
v 0.527273 1.026053 -0.283147
v 0.452887 1.213772 -0.187954
v 0.450729 1.170765 -0.251849
v 0.500134 0.973888 -0.377527
v 0.541847 0.959889 -0.328953
v 0.435409 1.087885 -0.359015
v 0.289914 1.170983 -0.427543
v 0.325434 1.197610 -0.379664
v 0.358357 1.217046 -0.331708
v 0.442531 1.125345 -0.315610
v 0.381861 1.089893 -0.413612
v 0.448707 0.682709 -0.629666
v 0.486436 0.776159 -0.542125
v 0.375701 0.787473 -0.623659
v 0.305560 0.741228 -0.683739
v 0.274276 0.908463 -0.608671
v 0.322537 0.929922 -0.570330
v 0.393361 0.841438 -0.579505
v -0.100150 1.564335 -0.254469
v -0.185932 1.565953 -0.197904
v -0.149166 1.568756 -0.225343
v -0.022076 1.849790 -0.067101
v -0.007583 1.753408 -0.142537
v 0.016027 1.673116 -0.197948
v -0.077646 1.753408 -0.119772
v -0.053242 1.711411 -0.163862
v -0.032381 1.656788 -0.207651
v -0.014045 1.585745 -0.257970
v -0.122317 1.681930 -0.148599
v -0.095858 1.656788 -0.187026
v -0.072664 1.620582 -0.223637
v -0.055435 1.571378 -0.262643
v 0.029915 1.204111 -0.495641
v -0.106354 1.026055 -0.588962
v -0.038807 1.213777 -0.488798
v -0.100243 1.170772 -0.506489
v -0.204502 0.973897 -0.592312
v -0.145416 0.959889 -0.616978
v -0.206897 1.087887 -0.525038
v -0.317030 1.170983 -0.407842
v -0.260518 1.197616 -0.426825
v -0.204736 1.217051 -0.443317
v -0.163415 1.125347 -0.518399
v -0.275369 1.089893 -0.490983
v -0.460193 0.682709 -0.621321
v -0.365278 0.776160 -0.630152
v -0.477039 0.787472 -0.550033
v -0.555850 0.741229 -0.501892
v -0.494124 0.908462 -0.448943
v -0.442748 0.929927 -0.482989
v -0.429589 0.841437 -0.553185
v -0.272961 1.564336 0.016613
v -0.245677 1.565949 0.115676
v -0.260409 1.568756 0.072229
v -0.066091 1.855335 -0.000047
v -0.137904 1.753407 -0.036834
v -0.183281 1.673151 -0.076411
v -0.137904 1.753407 0.036834
v -0.172295 1.711410 -0.000000
v -0.207494 1.656787 -0.033372
v -0.249686 1.585741 -0.066361
v -0.179124 1.681929 0.070410
v -0.207494 1.656787 0.033371
v -0.235146 1.620580 -0.000000
v -0.266920 1.571375 -0.028439
v -0.462139 1.204109 -0.181613
v -0.593003 1.026052 -0.080854
v -0.476869 1.213774 -0.114141
v -0.512678 1.170771 -0.061180
v -0.626518 0.973896 0.011455
v -0.631719 0.959885 -0.052360
v -0.563279 1.087883 0.034522
v -0.485852 1.170978 0.175481
v -0.486445 1.197607 0.115869
v -0.484886 1.217053 0.057720
v -0.543526 1.125345 -0.004779
v -0.552048 1.089893 0.110166
v -0.733122 0.682707 0.245665
v -0.712190 0.776157 0.152667
v -0.670528 0.787473 0.283716
v -0.649098 0.741229 0.373547
v -0.579665 0.908463 0.331204
v -0.596172 0.929922 0.271821
v -0.658863 0.841436 0.237615
v -0.068550 1.564336 0.264735
v 0.034096 1.565955 0.269395
v -0.011777 1.568759 0.269982
v -0.020240 1.856329 0.062063
v -0.077646 1.753408 0.119772
v -0.129318 1.673114 0.150724
v -0.007583 1.753408 0.142537
v -0.053242 1.711411 0.163862
v -0.095858 1.656788 0.187026
v -0.140271 1.585741 0.216959
v 0.011613 1.681930 0.192115
v -0.032381 1.656788 0.207651
v -0.072664 1.620582 0.223637
v -0.109531 1.571374 0.245068
v -0.315535 1.204111 0.383396
v -0.260147 1.026055 0.538991
v -0.255917 1.213777 0.418254
v -0.216615 1.170766 0.468681
v -0.182713 0.973892 0.599395
v -0.245012 0.959888 0.584617
v -0.141231 1.087888 0.546374
v 0.016755 1.170984 0.516296
v -0.040122 1.197614 0.498438
v -0.094946 1.217045 0.478994
v -0.172506 1.125345 0.515446
v -0.065820 1.089896 0.559069
v 0.007094 0.682707 0.773155
v -0.074885 0.776158 0.724509
v 0.062625 0.787476 0.725381
v 0.154682 0.741230 0.732761
v 0.135868 0.908463 0.653641
v 0.074289 0.929926 0.650988
v 0.022384 0.841438 0.700042
v 0.230597 1.564333 0.147003
v 0.266750 1.565949 0.050820
v 0.253130 1.568758 0.094629
v 0.055866 1.851750 0.040537
v 0.089917 1.753407 0.110857
v 0.103385 1.673118 0.169562
v 0.133219 1.753406 0.051259
v 0.139391 1.711409 0.101272
v 0.148252 1.656787 0.148960
v 0.162995 1.585741 0.200448
v 0.186302 1.681928 0.048323
v 0.187483 1.656786 0.094964
v 0.190239 1.620580 0.138216
v 0.199228 1.571374 0.179900
v 0.267127 1.204110 0.418567
v 0.432224 1.026054 0.413969
v 0.318703 1.213776 0.372637
v 0.378807 1.170765 0.350842
v 0.513599 0.973892 0.358990
v 0.480294 0.959887 0.413674
v 0.475994 1.087883 0.303156
v 0.496209 1.170977 0.143607
v 0.461649 1.197606 0.192184
v 0.426210 1.217050 0.238311
v 0.436912 1.125347 0.323341
v 0.511371 1.089891 0.235358
v 0.737509 0.682705 0.232168
v 0.665912 0.776155 0.295102
v 0.709235 0.787469 0.164593
v 0.744699 0.741226 0.079321
v 0.710623 0.822280 0.019374
v 0.663639 0.908458 0.072766
v 0.642088 0.929919 0.130509
v 0.672701 0.841433 0.195032
v 0.818881 0.427073 -0.279528
v 0.858041 0.232774 -0.292583
v 0.803538 0.381753 -0.344690
v 0.844091 0.322355 -0.284396
v 0.871590 0.276707 -0.228233
v 0.761730 0.485971 -0.361104
v 0.850192 0.456188 -0.103574
v 0.827280 0.490644 -0.177749
v 0.850967 0.381714 -0.218673
v 0.750320 0.174755 -0.518203
v 0.743081 0.103159 -0.540066
v 0.793228 0.180416 -0.447422
v 0.660631 0.140289 -0.633445
v 0.701757 0.166119 -0.583517
v 0.708968 0.260095 -0.551115
v 0.724318 0.330090 -0.504255
v 0.753817 0.240082 -0.494172
v 0.518844 0.427957 -0.692129
v 0.517224 0.227129 -0.746810
v 0.494834 0.341277 -0.737490
v 0.560936 0.290411 -0.698215
v 0.361474 0.451617 -0.777980
v 0.417869 0.510099 -0.728423
v 0.475807 0.472037 -0.707164
v 0.426767 0.383186 -0.766998
v 0.575581 0.518608 -0.601447
v 0.576213 0.381414 -0.657711
v -0.012805 0.427077 -0.865179
v -0.013119 0.232773 -0.906458
v -0.079516 0.381755 -0.870723
v -0.009643 0.322358 -0.890661
v 0.052270 0.276706 -0.899459
v -0.108045 0.485972 -0.836035
v 0.164215 0.456193 -0.840585
v 0.086588 0.490643 -0.841718
v 0.054988 0.381718 -0.876890
v -0.260981 0.174758 -0.873729
v -0.284011 0.103163 -0.873600
v -0.180404 0.180416 -0.892665
v -0.398295 0.140289 -0.824043
v -0.338108 0.166119 -0.847726
v -0.319548 0.241558 -0.842502
v -0.289593 0.330092 -0.833694
v -0.249798 0.259299 -0.862710
v -0.497923 0.427956 -0.707329
v -0.550429 0.227131 -0.722684
v -0.548486 0.341276 -0.698510
v -0.490706 0.290411 -0.749241
v -0.628203 0.451615 -0.584191
v -0.563645 0.510100 -0.622511
v -0.525523 0.472040 -0.671043
v -0.597580 0.383188 -0.642895
v -0.394152 0.518607 -0.733265
v -0.447463 0.381414 -0.751253
v -0.826792 0.427075 -0.255180
v -0.866147 0.232774 -0.267635
v -0.852680 0.381755 -0.193443
v -0.850049 0.322359 -0.266059
v -0.839285 0.276709 -0.327657
v -0.828505 0.485971 -0.155593
v -0.748700 0.456193 -0.415932
v -0.773764 0.490644 -0.342456
v -0.816981 0.381714 -0.323271
v -0.911615 0.174756 -0.021787
v -0.918609 0.103159 0.000152
v -0.904725 0.180414 -0.104273
v -0.906793 0.140288 0.124157
v -0.910718 0.166120 0.059595
v -0.897506 0.260096 0.029142
v -0.882382 0.330085 -0.017790
v -0.900319 0.240084 -0.043287
v -0.826580 0.427955 0.254970
v -0.857408 0.227131 0.300162
v -0.833818 0.341273 0.305784
v -0.864208 0.290412 0.235158
v -0.749728 0.451613 0.416926
v -0.766223 0.510098 0.343685
v -0.800598 0.472039 0.292434
v -0.796095 0.383188 0.369661
v -0.819179 0.518605 0.148264
v -0.852760 0.381414 0.193409
v -0.498188 0.427076 0.707466
v -0.522192 0.232773 0.741049
v -0.447474 0.381755 0.751165
v -0.515720 0.322357 0.726225
v -0.570979 0.276707 0.696951
v -0.404005 0.485972 0.739871
v -0.626940 0.456192 0.583520
v -0.564805 0.490646 0.630064
v -0.559913 0.381716 0.677094
v -0.302429 0.174757 0.860262
v -0.283721 0.103159 0.873694
v -0.378747 0.180416 0.828220
v -0.162134 0.140289 0.900777
v -0.224751 0.166119 0.884558
v -0.249628 0.260096 0.862583
v -0.289593 0.330091 0.833694
v -0.319385 0.240084 0.842876
v -0.012935 0.427958 0.864913
v 0.020520 0.227130 0.908199
v 0.033154 0.341277 0.887499
v -0.043410 0.290408 0.894578
v 0.164842 0.451613 0.841871
v 0.090088 0.510099 0.834925
v 0.030722 0.472039 0.851780
v 0.105563 0.383188 0.871363
v -0.112135 0.518606 0.824900
v -0.079576 0.381414 0.870789
v 0.518894 0.427076 0.692422
v 0.543414 0.232773 0.725630
v 0.576128 0.381754 0.657692
v 0.531316 0.322358 0.714893
v 0.486399 0.276704 0.758403
v 0.578818 0.485972 0.612860
v 0.361226 0.456192 0.776573
v 0.424692 0.490647 0.731861
v 0.470934 0.381715 0.741742
v 0.724704 0.174755 0.553460
v 0.743259 0.103161 0.539819
v 0.670647 0.180417 0.616141
v 0.806589 0.140289 0.432552
v 0.771816 0.166121 0.487088
v 0.753730 0.241554 0.493774
v 0.724318 0.330090 0.504255
v 0.709180 0.259297 0.551119
v 0.818587 0.427953 0.279571
v 0.870092 0.227127 0.261129
v 0.854309 0.341274 0.242718
v 0.837383 0.290409 0.317719
v 0.851608 0.451610 0.103375
v 0.821902 0.510098 0.172323
v 0.819587 0.472036 0.233993
v 0.861339 0.383183 0.168863
v 0.749877 0.518606 0.361550
v 0.803582 0.381416 0.344764
v 0.284565 0.164892 -0.875266
v 0.360552 0.089457 -0.851184
v 0.259184 0.087730 -0.887571
v 0.414364 0.162317 -0.820032
v 0.134586 0.175212 -0.907561
v 0.219888 0.219341 -0.886361
v 0.179852 0.092850 -0.905936
v 0.221797 0.161971 -0.892872
v 0.288175 0.266274 -0.858410
v 0.335961 0.184761 -0.854391
v 0.230688 0.282732 -0.871538
v 0.279994 -0.180693 -0.860653
v 0.349542 -0.217207 -0.825328
v 0.345599 -0.133254 -0.844849
v 0.228920 -0.353892 -0.821260
v 0.202684 -0.216678 -0.873217
v 0.274525 -0.248474 -0.845175
v 0.143676 -0.040149 -0.910631
v 0.192897 -0.139443 -0.890908
v 0.261693 -0.125603 -0.875606
v -0.040760 -0.401738 -0.839123
v 0.107502 -0.381482 -0.837505
v 0.032970 -0.365910 -0.854030
v -0.024647 -0.357596 -0.859747
v 0.090092 -0.332775 -0.860165
v -0.124686 -0.349617 -0.853875
v -0.032463 -0.278525 -0.887522
v 0.012532 -0.191749 -0.906370
v 0.042882 -0.238007 -0.894562
v 0.017275 -0.309938 -0.876683
v -0.744492 0.164892 -0.541108
v -0.698108 0.089455 -0.605935
v -0.764039 0.087732 -0.520772
v -0.651853 0.162318 -0.647486
v -0.821554 0.175216 -0.408446
v -0.775031 0.219341 -0.483026
v -0.806021 0.092849 -0.450997
v -0.780634 0.161973 -0.486851
v -0.727346 0.266276 -0.539332
v -0.708758 0.184759 -0.583537
v -0.757596 0.282731 -0.488717
v -0.732009 -0.180695 -0.532243
v -0.676920 -0.217208 -0.587473
v -0.696706 -0.133255 -0.589753
v -0.767849 -0.216677 -0.462599
v -0.718981 -0.248470 -0.522258
v -0.821665 -0.040148 -0.418042
v -0.787696 -0.139444 -0.458759
v -0.751884 -0.125605 -0.519461
v -0.824309 -0.328186 -0.280129
v -0.781220 -0.408324 -0.294032
v -0.810653 -0.401733 -0.220534
v -0.763298 -0.381481 -0.361039
v -0.825287 -0.357593 -0.242232
v -0.790229 -0.332774 -0.351484
v -0.850616 -0.349615 -0.145274
v -0.854119 -0.278522 -0.243380
v -0.858138 -0.191750 -0.291997
v -0.837530 -0.238005 -0.317215
v -0.744689 0.164893 0.540838
v -0.792009 0.089457 0.476691
v -0.731387 0.087731 0.565713
v -0.817233 0.162315 0.419859
v -0.642335 0.175215 0.655122
v -0.698887 0.219341 0.587830
v -0.678001 0.092848 0.627202
v -0.704256 0.161972 0.591977
v -0.737702 0.266279 0.525078
v -0.773999 0.184760 0.493741
v -0.698912 0.282732 0.569490
v -0.732399 -0.180695 0.531706
v -0.767903 -0.217208 0.462245
v -0.776185 -0.133255 0.480360
v -0.677237 -0.216678 0.587314
v -0.718876 -0.248471 0.522402
v -0.651492 -0.040150 0.652265
v -0.679721 -0.139443 0.607375
v -0.726382 -0.125606 0.554560
v -0.521144 -0.328189 0.697398
v -0.533357 -0.416243 0.636504
v -0.460246 -0.401734 0.702826
v -0.579242 -0.381481 0.614370
v -0.485404 -0.357595 0.710039
v -0.578477 -0.332775 0.642935
v -0.401017 -0.349617 0.764089
v -0.495407 -0.278526 0.737103
v -0.542887 -0.191751 0.725904
v -0.560501 -0.238007 0.698512
v 0.284249 0.164892 0.875369
v 0.208618 0.089456 0.900550
v 0.312015 0.087733 0.870405
v 0.146774 0.162316 0.906977
v 0.424566 0.175214 0.813341
v 0.343094 0.219341 0.846330
v 0.386992 0.092850 0.838633
v 0.345377 0.161971 0.852718
v 0.271419 0.266273 0.863854
v 0.230397 0.184761 0.888691
v 0.325643 0.282732 0.840686
v 0.279362 -0.180693 0.860858
v 0.202333 -0.217208 0.873159
v 0.216998 -0.133253 0.886634
v 0.349292 -0.216677 0.825581
v 0.274694 -0.248475 0.845120
v 0.419021 -0.040148 0.821166
v 0.367607 -0.139443 0.834141
v 0.302957 -0.125602 0.862199
v 0.502225 -0.328187 0.711144
v 0.440538 -0.416243 0.703942
v 0.526207 -0.401735 0.654903
v 0.405309 -0.381482 0.740740
v 0.525292 -0.357595 0.681059
v 0.432713 -0.332775 0.748840
v 0.602773 -0.349617 0.617505
v 0.547941 -0.278525 0.698935
v 0.522617 -0.191752 0.740631
v 0.491122 -0.238006 0.748919
v 0.920365 0.164891 0.000166
v 0.920943 0.089457 0.079874
v 0.924224 0.087730 -0.027773
v 0.907944 0.162316 0.140679
v 0.904733 0.175213 -0.152451
v 0.910931 0.219341 -0.064773
v 0.917176 0.092851 -0.108897
v 0.917713 0.161967 -0.064970
v 0.905449 0.266273 0.008809
v 0.916394 0.184759 0.055496
v 0.900171 0.282727 -0.049920
v 0.905053 -0.180697 0.000332
v 0.892949 -0.217208 0.077394
v 0.910297 -0.133254 0.067607
v 0.893113 -0.216676 -0.077075
v 0.888645 -0.248470 -0.000090
v 0.910461 -0.040148 -0.144756
v 0.906913 -0.139443 -0.091849
v 0.913620 -0.125603 -0.021694
v 0.831538 -0.328186 -0.257884
v 0.805625 -0.416243 -0.201441
v 0.785460 -0.401735 -0.298069
v 0.829735 -0.381481 -0.156565
v 0.810053 -0.357595 -0.289119
v 0.845907 -0.332775 -0.180124
v 0.773553 -0.349616 -0.382446
v 0.834053 -0.278523 -0.305135
v 0.865881 -0.191753 -0.268167
v 0.864031 -0.238008 -0.235653
v 0.456040 -0.604259 -0.540735
v 0.427587 -0.688696 -0.448742
v 0.407821 -0.649933 -0.521249
v 0.503068 -0.522883 -0.583694
v 0.369010 -0.571542 -0.629025
v 0.435966 -0.571963 -0.589185
v 0.485752 -0.564622 -0.559372
v 0.380190 -0.607788 -0.587190
v 0.567264 -0.535541 -0.508222
v 0.482453 -0.621414 -0.497407
v 0.276215 -0.793604 -0.382117
v 0.227096 -0.754350 -0.480397
v 0.165880 -0.750513 -0.510867
v -0.017817 -0.755678 -0.529857
v 0.084340 -0.768172 -0.503491
v 0.127068 -0.731251 -0.548380
v 0.178267 -0.669271 -0.609099
v 0.207546 -0.707278 -0.555227
v -0.040006 -0.596546 -0.712914
v -0.153486 -0.591322 -0.702826
v -0.082155 -0.688697 -0.614368
v -0.090847 -0.636489 -0.671547
v -0.102754 -0.594086 -0.710038
v -0.038933 -0.666231 -0.642933
v -0.133357 -0.515041 -0.764088
v -0.046501 -0.559654 -0.742333
v 0.071203 -0.571542 -0.725790
v 0.013874 -0.621347 -0.688597
v 0.034801 -0.534430 -0.758973
v -0.386744 -0.596986 -0.599750
v -0.294648 -0.688698 -0.545325
v -0.346405 -0.666231 -0.543030
v -0.415968 -0.621347 -0.548935
v -0.265900 -0.663204 -0.593569
v -0.456576 -0.537276 -0.605277
v -0.399671 -0.522883 -0.658817
v -0.484209 -0.571541 -0.545328
v -0.381890 -0.564620 -0.634833
v -0.308052 -0.535540 -0.696549
v -0.331628 -0.614755 -0.615388
v -0.278061 -0.793603 -0.380776
v -0.373998 -0.748527 -0.387991
v -0.411560 -0.758390 -0.327197
v -0.466262 -0.754246 -0.255166
v -0.476968 -0.724252 -0.315800
v -0.524204 -0.669269 -0.357761
v -0.463918 -0.707277 -0.368962
v -0.686827 -0.604168 -0.169549
v -0.642503 -0.669403 -0.037953
v -0.715859 -0.591320 -0.071210
v -0.609692 -0.688693 -0.111713
v -0.666755 -0.636487 -0.121114
v -0.707043 -0.594082 -0.121685
v -0.767904 -0.515037 -0.109282
v -0.709547 -0.567683 -0.201515
v -0.668268 -0.571540 -0.291995
v -0.652723 -0.607786 -0.251581
v -0.636320 -0.649930 -0.181991
v -0.682342 -0.612634 0.157490
v -0.609691 -0.688693 0.111713
v -0.623502 -0.666227 0.161646
v -0.650612 -0.621345 0.225977
v -0.661055 -0.648654 0.075794
v -0.722587 -0.509236 0.284423
v -0.750078 -0.522883 0.176525
v -0.668269 -0.571540 0.291993
v -0.699019 -0.571960 0.220410
v -0.721775 -0.564618 0.167028
v -0.757653 -0.535538 0.077736
v -0.696747 -0.606905 0.112449
v -0.448067 -0.793602 0.146786
v -0.484575 -0.748526 0.235795
v -0.438362 -0.758390 0.290306
v -0.364173 -0.768172 0.357762
v -0.425130 -0.731250 0.368961
v -0.501764 -0.683242 0.364431
v -0.476911 -0.724366 0.315625
v -0.373491 -0.604170 0.600815
v -0.234637 -0.669404 0.599328
v -0.288933 -0.591322 0.658816
v -0.294648 -0.688697 0.545325
v -0.321223 -0.636489 0.596693
v -0.334216 -0.594084 0.634832
v -0.346406 -0.666230 0.543031
v -0.341226 -0.515040 0.696548
v -0.410913 -0.567686 0.612545
v -0.484210 -0.571541 0.545327
v -0.415967 -0.621348 0.548934
v 0.644578 -0.612900 -0.273018
v 0.712271 -0.571541 -0.156564
v 0.675939 -0.607787 -0.180123
v 0.621764 -0.649933 -0.226781
v 0.564014 -0.663203 -0.323911
v 0.620997 -0.591322 -0.363160
v 0.558913 -0.688697 -0.267985
v 0.643535 -0.594084 -0.317139
v 0.685482 -0.515040 -0.362948
v 0.692484 -0.567685 -0.254027
v 0.634376 -0.669271 -0.018683
v 0.592189 -0.707278 0.025810
v 0.527061 -0.754350 0.067530
v 0.537124 -0.750513 -0.000109
v 0.504912 -0.768172 -0.075379
v 0.560808 -0.731250 -0.048609
v 0.288999 -0.884286 -0.015302
v 0.210735 -0.904733 0.065088
v 0.343415 -0.853320 0.111420
v 0.290518 -0.881012 0.061367
v 0.245593 -0.898082 0.028021
v 0.351513 -0.855625 0.055581
v 0.159086 -0.917167 -0.019498
v 0.253168 -0.894608 -0.044938
v 0.343415 -0.853320 -0.111420
v 0.347041 -0.859801 -0.027185
v 0.286753 -0.875011 -0.122470
v -0.039637 -0.596986 0.712532
v -0.082155 -0.688697 0.614368
v -0.038933 -0.666232 0.642933
v 0.013873 -0.621347 0.688597
v -0.132190 -0.648657 0.652119
v 0.034800 -0.534431 0.758973
v -0.063896 -0.522883 0.767916
v 0.071203 -0.571542 0.725790
v -0.064184 -0.564621 0.738060
v -0.160195 -0.535542 0.744590
v -0.093419 -0.614756 0.692786
v 0.098652 -0.754350 0.522132
v 0.166086 -0.750514 0.510799
v 0.227717 -0.768172 0.456905
v 0.219534 -0.731251 0.518335
v 0.181224 -0.603622 0.674472
v 0.213804 -0.669270 0.597553
v 0.158452 -0.707276 0.571181
v 0.458845 -0.612901 0.528658
v 0.490254 -0.648656 0.449873
v 0.537287 -0.591323 0.478376
v 0.427587 -0.688697 0.448741
v 0.500485 -0.594085 0.514031
v 0.574871 -0.507752 0.528306
v 0.455589 -0.567686 0.580086
v 0.369012 -0.571542 0.629024
v 0.380190 -0.607788 0.587190
v 0.407822 -0.649933 0.521248
v 0.020175 1.848822 0.065595
v -0.051809 1.856555 0.037980
v -0.051027 1.858727 -0.036664
v 0.022236 1.848822 -0.064926
vn -0.2764 -0.4472 0.8506
vn -0.2483 -0.4517 -0.8569
vn 0.7236 -0.4472 -0.5257
vn -0.0005 1.0000 0.0024
vn -0.1625 -0.8507 0.5000
vn 0.4253 -0.8507 0.3090
vn 0.2629 -0.5257 0.8090
vn 0.8506 -0.5257 -0.0000
vn 0.4253 -0.8507 -0.3090
vn -0.5257 -0.8507 -0.0000
vn -0.6882 -0.5257 0.5000
vn -0.1625 -0.8507 -0.5000
vn -0.6882 -0.5257 -0.5000
vn 0.2629 -0.5257 -0.8090
vn 0.9521 -0.0048 0.3058
vn 0.9518 -0.0061 -0.3065
vn 0.0034 -0.0048 1.0000
vn 0.5857 -0.0061 0.8105
vn -0.9500 -0.0048 0.3122
vn -0.5899 -0.0061 0.8075
vn -0.5905 -0.0048 -0.8070
vn -0.9502 -0.0061 -0.3115
vn 0.5851 -0.0048 -0.8110
vn 0.0026 -0.0061 -1.0000
vn 0.7527 0.3693 0.5451
vn -0.2858 0.3693 0.8843
vn -0.9293 0.3693 0.0014
vn -0.2886 0.3693 -0.8834
vn 0.7510 0.3693 -0.5474
vn 0.8534 0.5213 0.0032
vn -0.1371 -0.8895 0.4360
vn -0.1511 -0.9147 0.3748
vn -0.1043 -0.9589 0.2637
vn -0.1102 -0.9776 0.1792
vn -0.0187 -0.9903 0.1374
vn -0.0429 -0.9972 0.0616
vn 0.4808 -0.8065 0.3440
vn 0.4996 -0.7697 0.3975
vn 0.5670 -0.7400 0.3617
vn 0.6025 -0.6807 0.4168
vn 0.6628 -0.6199 0.4201
vn 0.6527 -0.5650 0.5047
vn 0.7084 -0.5102 0.4878
vn 0.1841 -0.5290 0.8284
vn 0.1336 -0.4964 0.8577
vn 0.0674 -0.4911 0.8685
vn 0.0018 -0.4918 0.8707
vn -0.0692 -0.4511 0.8898
vn -0.1451 -0.5049 0.8509
vn -0.1996 -0.4408 0.8751
vn 0.8503 -0.5204 0.0789
vn 0.8275 -0.5443 0.1379
vn 0.8571 -0.4820 0.1820
vn 0.8290 -0.4924 0.2652
vn 0.8249 -0.4511 0.3407
vn 0.7644 -0.5049 0.4010
vn 0.7719 -0.4412 0.4577
vn 0.4830 -0.8053 -0.3437
vn 0.4994 -0.7696 -0.3978
vn 0.5407 -0.7250 -0.4267
vn 0.5836 -0.6790 -0.4454
vn 0.6043 -0.6199 -0.5005
vn 0.6792 -0.5691 -0.4636
vn 0.7130 -0.5110 -0.4802
vn -0.4552 -0.8904 0.0059
vn -0.4031 -0.9147 -0.0283
vn -0.3406 -0.9398 -0.0274
vn -0.2790 -0.9601 -0.0173
vn -0.2042 -0.9777 -0.0497
vn -0.1403 -0.9897 0.0277
vn -0.0778 -0.9965 -0.0305
vn -0.7306 -0.5277 0.4333
vn -0.7743 -0.4968 0.3921
vn -0.8254 -0.4933 0.2746
vn -0.8674 -0.4524 0.2074
vn -0.8563 -0.5016 0.1233
vn -0.8940 -0.4470 0.0303
vn -0.1371 -0.8895 -0.4360
vn -0.1511 -0.9147 -0.3748
vn -0.0732 -0.9314 -0.3565
vn -0.0708 -0.9595 -0.2727
vn -0.0158 -0.9777 -0.2096
vn -0.0657 -0.9902 -0.1233
vn -0.0053 -0.9997 -0.0252
vn -0.6415 -0.5204 -0.5636
vn -0.5884 -0.5443 -0.5980
vn -0.5864 -0.4820 -0.6510
vn -0.5148 -0.4924 -0.7018
vn -0.4671 -0.4511 -0.7605
vn -0.3851 -0.5022 -0.7742
vn -0.3245 -0.4905 -0.8088
vn 0.3399 -0.5190 -0.7843
vn 0.3859 -0.5440 -0.7451
vn 0.4474 -0.5416 -0.7117
vn 0.5098 -0.4897 -0.7073
vn 0.5799 -0.4524 -0.6776
vn 0.6173 -0.5022 -0.6055
vn 0.6675 -0.4919 -0.5589
vn 0.9355 -0.0535 0.3492
vn 0.9269 -0.1334 0.3508
vn 0.9043 -0.1858 0.3843
vn 0.8780 -0.2382 0.4151
vn 0.8511 -0.3152 0.4198
vn 0.8071 -0.3562 0.4708
vn 0.7390 -0.4271 0.5210
vn 0.9627 0.0567 -0.2646
vn 0.9591 0.1130 -0.2596
vn 0.9631 0.2153 -0.1618
vn 0.9652 0.2540 -0.0623
vn 0.9495 0.3134 -0.0143
vn -0.0430 -0.0535 0.9976
vn -0.0472 -0.1334 0.9899
vn -0.0860 -0.1858 0.9788
vn -0.1234 -0.2382 0.9633
vn -0.1362 -0.3152 0.9392
vn -0.1942 -0.3557 0.9142
vn -0.2676 -0.3756 0.8873
vn 0.5492 0.0567 0.8338
vn 0.5433 0.1130 0.8319
vn 0.4515 0.2153 0.8659
vn 0.3575 0.2540 0.8987
vn 0.3070 0.3134 0.8987
vn -0.9621 -0.0535 0.2674
vn -0.9561 -0.1334 0.2611
vn -0.9575 -0.1858 0.2207
vn -0.9543 -0.2382 0.1803
vn -0.9354 -0.3154 0.1599
vn -0.9305 -0.3531 0.0980
vn -0.9105 -0.4086 0.0633
vn -0.6233 0.0567 0.7799
vn -0.6233 0.1130 0.7738
vn -0.6840 0.2153 0.6970
vn -0.7456 0.2533 0.6164
vn -0.7591 0.3144 0.5700
vn -0.5516 -0.0535 -0.8324
vn -0.5437 -0.1334 -0.8286
vn -0.5058 -0.1858 -0.8424
vn -0.4664 -0.2382 -0.8519
vn -0.4411 -0.3154 -0.8402
vn -0.3807 -0.3531 -0.8546
vn -0.3383 -0.4118 -0.8462
vn -0.9344 0.0567 -0.3518
vn -0.9285 0.1130 -0.3537
vn -0.8742 0.2153 -0.4352
vn -0.8175 0.2540 -0.5169
vn -0.7766 0.3134 -0.5466
vn 0.6212 -0.0535 -0.7818
vn 0.6200 -0.1334 -0.7732
vn 0.6449 -0.1858 -0.7413
vn 0.6661 -0.2382 -0.7068
vn 0.6623 -0.3152 -0.6798
vn 0.6968 -0.3530 -0.6244
vn 0.6965 -0.4092 -0.5895
vn 0.0458 0.0567 -0.9973
vn 0.0494 0.1130 -0.9924
vn 0.1437 0.2153 -0.9659
vn 0.2390 0.2540 -0.9372
vn 0.2799 0.3134 -0.9075
vn 0.6988 0.3543 0.6214
vn 0.6489 0.3519 0.6746
vn 0.5999 0.3516 0.7187
vn 0.5519 0.3344 0.7639
vn 0.5015 0.3786 0.7779
vn 0.4191 0.3585 0.8341
vn 0.3571 0.3515 0.8654
vn -0.3750 0.3543 0.8566
vn -0.4411 0.3519 0.8256
vn -0.4981 0.3516 0.7926
vn -0.5560 0.3344 0.7610
vn -0.5849 0.3786 0.7173
vn -0.6638 0.3585 0.6564
vn -0.7127 0.3515 0.6070
vn -0.9306 0.3543 -0.0920
vn -0.9215 0.3519 -0.1644
vn -0.9078 0.3516 -0.2288
vn -0.8955 0.3344 -0.2936
vn -0.8630 0.3786 -0.3346
vn -0.8294 0.3585 -0.4285
vn -0.7976 0.3515 -0.4902
vn -0.2001 0.3543 -0.9135
vn -0.1284 0.3519 -0.9272
vn -0.0629 0.3516 -0.9340
vn 0.0025 0.3344 -0.9424
vn 0.0515 0.3786 -0.9241
vn 0.1512 0.3585 -0.9212
vn 0.2198 0.3515 -0.9100
vn 0.8069 0.3543 -0.4726
vn 0.8421 0.3519 -0.4087
vn 0.8689 0.3516 -0.3485
vn 0.8971 0.3344 -0.2888
vn 0.8948 0.3786 -0.2366
vn 0.9228 0.3585 -0.1409
vn 0.9334 0.3515 -0.0722
vn 0.2692 0.4943 0.8266
vn 0.2600 0.4375 0.8608
vn 0.2848 0.3758 0.8818
vn 0.8391 0.5440 -0.0016
vn 0.8198 0.5726 0.0007
vn 0.7940 0.6079 0.0009
vn 0.8049 0.5933 0.0043
vn -0.7029 0.4943 0.5114
vn -0.7383 0.4375 0.5133
vn -0.7507 0.3758 0.5434
vn -0.7036 0.4943 -0.5105
vn -0.7163 0.4375 -0.5435
vn -0.7488 0.3758 -0.5460
vn 0.2681 0.4943 -0.8269
vn 0.2956 0.4375 -0.8492
vn 0.2879 0.3758 -0.8809
vn -0.2364 -0.5128 0.8253
vn -0.2805 -0.5681 0.7737
vn -0.1950 -0.6201 0.7599
vn -0.2091 -0.6820 0.7008
vn -0.1705 -0.7697 0.6152
vn -0.1868 -0.8065 0.5609
vn 0.0695 -0.9974 0.0189
vn 0.1315 -0.9894 0.0620
vn 0.1352 -0.9779 0.1598
vn 0.2149 -0.9598 0.1808
vn 0.2935 -0.9401 0.1734
vn 0.3432 -0.9142 0.2154
vn 0.3648 -0.8904 0.2723
vn 0.6807 -0.4429 0.5835
vn 0.6246 -0.4588 0.6320
vn 0.5616 -0.5376 0.6289
vn 0.5047 -0.5212 0.6881
vn 0.4471 -0.5378 0.7148
vn 0.3869 -0.5446 0.7442
vn 0.3399 -0.5190 0.7843
vn 0.7700 -0.4400 -0.4621
vn 0.7921 -0.4611 -0.4000
vn 0.7726 -0.5359 -0.3403
vn 0.8104 -0.5212 -0.2674
vn 0.8180 -0.5378 -0.2043
vn 0.8273 -0.5446 -0.1380
vn 0.8509 -0.5190 -0.0809
vn 0.0426 -0.9966 -0.0700
vn 0.1002 -0.9897 -0.1027
vn 0.1923 -0.9780 -0.0804
vn 0.2383 -0.9598 -0.1485
vn 0.2556 -0.9401 -0.2255
vn 0.3109 -0.9142 -0.2599
vn 0.3717 -0.8904 -0.2628
vn -0.8565 -0.5153 0.0305
vn -0.8225 -0.5681 -0.0277
vn -0.7841 -0.6188 0.0479
vn -0.7309 -0.6823 0.0163
vn -0.6378 -0.7697 0.0279
vn -0.5912 -0.8065 -0.0043
vn -0.3273 -0.4921 0.8067
vn -0.4062 -0.4579 0.7908
vn -0.4251 -0.5359 0.7294
vn -0.4985 -0.5212 0.6927
vn -0.5417 -0.5378 0.6461
vn -0.5882 -0.5446 0.5979
vn -0.6409 -0.5190 0.5656
vn -0.2350 -0.5134 -0.8254
vn -0.2310 -0.5691 -0.7892
vn -0.2889 -0.6201 -0.7294
vn -0.2468 -0.6795 -0.6910
vn -0.1823 -0.7240 -0.6653
vn -0.1706 -0.7705 -0.6142
vn -0.1888 -0.8053 -0.5620
vn -0.8692 -0.4907 -0.0608
vn -0.8776 -0.4579 -0.1420
vn -0.8251 -0.5359 -0.1789
vn -0.8121 -0.5213 -0.2623
vn -0.7658 -0.5511 -0.3314
vn -0.7743 -0.4968 -0.3921
vn -0.7306 -0.5277 -0.4333
vn -0.1394 -0.4601 -0.8769
vn -0.0860 -0.5342 -0.8410
vn -0.0032 -0.5236 -0.8520
vn 0.0668 -0.4868 -0.8709
vn 0.1347 -0.4972 -0.8571
vn 0.1841 -0.5290 -0.8284
vn 0.9629 0.2663 0.0445
vn 0.9736 0.1996 0.1111
vn 0.9636 0.1956 0.1823
vn 0.9637 0.1535 0.2186
vn 0.9649 0.0728 0.2524
vn 0.7598 -0.3770 -0.5297
vn 0.8000 -0.3275 -0.5027
vn 0.8509 -0.3155 -0.4201
vn 0.8775 -0.2367 -0.4172
vn 0.9051 -0.1836 -0.3835
vn 0.9267 -0.1349 -0.3507
vn 0.9355 -0.0535 -0.3492
vn 0.2552 0.2663 0.9295
vn 0.1952 0.1996 0.9602
vn 0.1244 0.1956 0.9728
vn 0.0899 0.1535 0.9840
vn 0.0581 0.0728 0.9957
vn 0.7389 -0.3744 0.5602
vn 0.7253 -0.3275 0.6055
vn 0.6625 -0.3155 0.6794
vn 0.6679 -0.2367 0.7056
vn 0.6444 -0.1836 0.7423
vn 0.6199 -0.1349 0.7730
vn 0.6212 -0.0535 0.7818
vn -0.7889 0.2821 0.5460
vn -0.8179 0.2503 0.5181
vn -0.8539 0.1978 0.4813
vn -0.8867 0.1956 0.4189
vn -0.9081 0.1535 0.3896
vn -0.9290 0.0728 0.3630
vn -0.3465 -0.4074 0.8450
vn -0.3486 -0.3265 0.8786
vn -0.4414 -0.3155 0.8400
vn -0.4647 -0.2367 0.8533
vn -0.5068 -0.1836 0.8423
vn -0.5436 -0.1349 0.8284
vn -0.5516 -0.0535 0.8324
vn -0.7528 0.2663 -0.6020
vn -0.7224 0.1996 -0.6621
vn -0.6724 0.1956 -0.7138
vn -0.6511 0.1535 -0.7433
vn -0.6323 0.0728 -0.7713
vn -0.9117 -0.4065 -0.0598
vn -0.9417 -0.3311 -0.0603
vn -0.9353 -0.3155 -0.1603
vn -0.9551 -0.2367 -0.1783
vn -0.9577 -0.1836 -0.2218
vn -0.9559 -0.1349 -0.2610
vn -0.9621 -0.0535 -0.2674
vn 0.3399 0.2663 -0.9020
vn 0.4065 0.1996 -0.8916
vn 0.4711 0.1956 -0.8601
vn 0.5057 0.1535 -0.8490
vn 0.5382 0.0728 -0.8397
vn -0.2228 -0.4031 -0.8876
vn -0.2337 -0.3311 -0.9142
vn -0.1366 -0.3155 -0.9390
vn -0.1256 -0.2367 -0.9634
vn -0.0850 -0.1836 -0.9793
vn -0.0471 -0.1349 -0.9897
vn -0.0430 -0.0535 -0.9976
vn 0.9357 0.3459 0.0691
vn 0.9143 0.3687 0.1678
vn 0.8704 0.3482 0.3481
vn 0.8348 0.3809 0.3974
vn 0.7979 0.3816 0.4666
vn 0.2234 0.3459 0.9113
vn 0.1229 0.3687 0.9214
vn -0.0621 0.3482 0.9354
vn -0.1200 0.3809 0.9168
vn -0.1972 0.3816 0.9031
vn -0.7976 0.3462 0.4939
vn -0.8383 0.3687 0.4016
vn -0.9088 0.3482 0.2300
vn -0.9090 0.3809 0.1692
vn -0.9198 0.3816 0.0915
vn -0.7164 0.3459 -0.6059
vn -0.6410 0.3687 -0.6731
vn -0.4995 0.3482 -0.7932
vn -0.4418 0.3809 -0.8122
vn -0.3712 0.3816 -0.8465
vn 0.3549 0.3459 -0.8686
vn 0.4421 0.3687 -0.8177
vn 0.6000 0.3482 -0.7202
vn 0.6359 0.3809 -0.6712
vn 0.6904 0.3816 -0.6146
vn 0.2447 0.6079 0.7554
vn 0.2527 0.5726 0.7799
vn 0.2608 0.5440 0.7975
vn 0.2607 0.5213 0.8126
vn 0.9267 0.3758 0.0016
vn 0.8693 0.4943 -0.0006
vn -0.6505 0.5945 0.4727
vn -0.6792 0.5450 0.4915
vn -0.6923 0.5213 0.4990
vn -0.6509 0.5942 -0.4726
vn -0.6774 0.5450 -0.4940
vn -0.6885 0.5213 -0.5042
vn 0.2459 0.6081 -0.7548
vn 0.2540 0.5726 -0.7795
vn 0.2578 0.5440 -0.7985
vn 0.2667 0.5213 -0.8106
vn 0.8316 0.5371 -0.1412
vn 0.7984 0.5288 -0.2879
vn 0.7512 0.5294 -0.3944
vn 0.6887 0.5298 -0.4951
vn 0.6010 0.5295 -0.5987
vn 0.5177 0.5261 -0.6747
vn 0.4106 0.5256 -0.7451
vn 0.8520 0.5082 -0.1260
vn 0.8221 0.5036 -0.2656
vn 0.8086 0.4936 -0.3203
vn 0.8098 0.4730 -0.3472
vn 0.8001 0.4496 -0.3971
vn 0.7621 0.4294 -0.4847
vn 0.3746 0.5049 -0.7777
vn 0.4636 0.4961 -0.7341
vn 0.5352 0.4841 -0.6923
vn 0.5830 0.4581 -0.6710
vn 0.6349 0.4716 -0.6120
vn 0.6845 0.4453 -0.5772
vn 0.7152 0.4226 -0.5567
vn 0.1227 0.5371 -0.8346
vn -0.0271 0.5288 -0.8483
vn -0.1429 0.5294 -0.8363
vn -0.2580 0.5298 -0.8079
vn -0.3836 0.5295 -0.7566
vn -0.4817 0.5261 -0.7009
vn -0.5818 0.5256 -0.6207
vn 0.1435 0.5082 -0.8492
vn 0.0014 0.5036 -0.8639
vn -0.0548 0.4936 -0.8680
vn -0.0800 0.4730 -0.8774
vn -0.1305 0.4496 -0.8836
vn -0.2254 0.4294 -0.8745
vn -0.6238 0.5049 -0.5966
vn -0.5549 0.4961 -0.6678
vn -0.4930 0.4841 -0.7229
vn -0.4580 0.4581 -0.7618
vn -0.3858 0.4716 -0.7930
vn -0.3374 0.4453 -0.8294
vn -0.3084 0.4226 -0.8522
vn -0.7552 0.5373 -0.3755
vn -0.8152 0.5288 -0.2364
vn -0.8395 0.5294 -0.1225
vn -0.8481 0.5298 -0.0043
vn -0.8381 0.5295 0.1310
vn -0.8154 0.5261 0.2415
vn -0.7701 0.5256 0.3615
vn -0.7633 0.5082 -0.3989
vn -0.8212 0.5036 -0.2683
vn -0.8424 0.4936 -0.2161
vn -0.8592 0.4730 -0.1951
vn -0.8807 0.4496 -0.1490
vn -0.9014 0.4294 -0.0558
vn -0.7602 0.5049 0.4089
vn -0.8066 0.4961 0.3214
vn -0.8399 0.4841 0.2455
vn -0.8660 0.4581 0.2002
vn -0.8734 0.4716 0.1219
vn -0.8931 0.4453 0.0646
vn -0.9058 0.4226 0.0300
vn -0.5905 0.5374 0.6021
vn -0.4768 0.5288 0.7022
vn -0.3759 0.5294 0.7606
vn -0.2662 0.5298 0.8053
vn -0.1344 0.5295 0.8376
vn -0.0223 0.5261 0.8502
vn 0.1058 0.5256 0.8441
vn -0.6152 0.5082 0.6027
vn -0.5090 0.5036 0.6981
vn -0.4659 0.4936 0.7344
vn -0.4510 0.4730 0.7568
vn -0.4138 0.4496 0.7916
vn -0.3317 0.4294 0.8400
vn 0.1540 0.5049 0.8493
vn 0.0564 0.4961 0.8664
vn -0.0261 0.4841 0.8746
vn -0.0772 0.4581 0.8855
vn -0.1540 0.4716 0.8683
vn -0.2146 0.4453 0.8693
vn -0.2514 0.4226 0.8708
vn 0.3913 0.5371 0.7473
vn 0.5205 0.5288 0.6704
vn 0.6072 0.5294 0.5925
vn 0.6837 0.5298 0.5020
vn 0.7551 0.5295 0.3866
vn 0.8017 0.5261 0.2839
vn 0.8355 0.5256 0.1602
vn 0.3831 0.5082 0.7714
vn 0.5066 0.5036 0.6998
vn 0.5545 0.4936 0.6700
vn 0.5804 0.4730 0.6628
vn 0.6249 0.4496 0.6382
vn 0.6964 0.4294 0.5750
vn 0.8554 0.5049 0.1160
vn 0.8415 0.4961 0.2141
vn 0.8237 0.4841 0.2951
vn 0.8183 0.4581 0.3471
vn 0.7782 0.4716 0.4147
vn 0.7605 0.4453 0.4727
vn 0.7505 0.4226 0.5082
vn 0.9330 0.0861 -0.3495
vn 0.8975 0.1126 -0.4264
vn 0.8896 0.1734 -0.4225
vn 0.8458 0.2183 -0.4868
vn 0.8095 0.2730 -0.5197
vn 0.7842 0.3099 -0.5376
vn 0.9101 0.0384 -0.4126
vn 0.8771 0.0471 -0.4779
vn 0.8459 0.0503 -0.5309
vn 0.8090 0.0167 -0.5876
vn 0.7662 0.0475 -0.6408
vn 0.7232 0.0428 -0.6893
vn 0.6714 0.0393 -0.7401
vn 0.7420 0.2914 -0.6037
vn 0.7265 0.2216 -0.6505
vn 0.7036 0.1610 -0.6921
vn 0.6557 0.1283 -0.7441
vn 0.6235 0.0837 -0.7774
vn -0.0441 0.0861 -0.9953
vn -0.1281 0.1126 -0.9853
vn -0.1269 0.1734 -0.9766
vn -0.2059 0.2192 -0.9537
vn -0.2448 0.2707 -0.9310
vn -0.2690 0.3098 -0.9119
vn -0.1111 0.0384 -0.9931
vn -0.1835 0.0471 -0.9819
vn -0.2435 0.0503 -0.9686
vn -0.3088 0.0167 -0.9510
vn -0.3727 0.0475 -0.9267
vn -0.4321 0.0428 -0.9008
vn -0.4964 0.0393 -0.8672
vn -0.3449 0.2930 -0.8918
vn -0.3987 0.2202 -0.8902
vn -0.4424 0.1605 -0.8823
vn -0.5050 0.1283 -0.8535
vn -0.5467 0.0837 -0.8332
vn -0.9602 0.0861 -0.2657
vn -0.9767 0.1126 -0.1826
vn -0.9680 0.1734 -0.1811
vn -0.9704 0.2183 -0.1034
vn -0.9604 0.2730 -0.0553
vn -0.9504 0.3099 -0.0260
vn -0.9788 0.0384 -0.2012
vn -0.9905 0.0471 -0.1289
vn -0.9964 0.0503 -0.0677
vn -0.9999 0.0167 -0.0002
vn -0.9965 0.0475 0.0681
vn -0.9902 0.0428 0.1326
vn -0.9782 0.0393 0.2041
vn -0.9552 0.2914 0.0523
vn -0.9701 0.2216 0.0992
vn -0.9760 0.1610 0.1464
vn -0.9678 0.1283 0.2166
vn -0.9613 0.0837 0.2624
vn -0.5494 0.0861 0.8311
vn -0.4755 0.1126 0.8725
vn -0.4714 0.1734 0.8647
vn -0.3982 0.2183 0.8910
vn -0.3494 0.2730 0.8963
vn -0.3184 0.3099 0.8959
vn -0.4938 0.0384 0.8687
vn -0.4287 0.0471 0.9022
vn -0.3723 0.0503 0.9267
vn -0.3091 0.0167 0.9509
vn -0.2432 0.0475 0.9688
vn -0.1799 0.0428 0.9827
vn -0.1081 0.0393 0.9934
vn -0.2454 0.2914 0.9246
vn -0.2054 0.2216 0.9533
vn -0.1624 0.1610 0.9735
vn -0.0931 0.1283 0.9874
vn -0.0475 0.0837 0.9954
vn 0.6207 0.0861 0.7793
vn 0.6828 0.1126 0.7218
vn 0.6767 0.1734 0.7155
vn 0.7272 0.2192 0.6505
vn 0.7453 0.2707 0.6093
vn 0.7537 0.3098 0.5796
vn 0.6736 0.0384 0.7381
vn 0.7256 0.0471 0.6865
vn 0.7663 0.0503 0.6405
vn 0.8088 0.0167 0.5878
vn 0.8462 0.0475 0.5307
vn 0.8791 0.0428 0.4748
vn 0.9113 0.0393 0.4098
vn 0.8032 0.2930 0.5187
vn 0.8459 0.2202 0.4859
vn 0.8765 0.1605 0.4538
vn 0.9103 0.1283 0.3936
vn 0.9320 0.0837 0.3527
vn 0.4950 -0.0005 -0.8689
vn 0.4544 -0.0597 -0.8888
vn 0.3718 -0.0506 -0.9269
vn 0.3118 -0.0511 -0.9488
vn 0.2396 -0.0506 -0.9695
vn 0.1079 0.0012 -0.9942
vn 0.5449 -0.0926 -0.8334
vn 0.4752 -0.1281 -0.8705
vn 0.4421 -0.1916 -0.8762
vn 0.4501 -0.2757 -0.8494
vn 0.3711 -0.3085 -0.8758
vn 0.3306 -0.3658 -0.8700
vn 0.3346 -0.4474 -0.8294
vn 0.0490 -0.0926 -0.9945
vn 0.1245 -0.1278 -0.9839
vn 0.1545 -0.1926 -0.9690
vn 0.1550 -0.2674 -0.9510
vn 0.2158 -0.3123 -0.9252
vn 0.2217 -0.4448 -0.8677
vn -0.6734 -0.0005 -0.7393
vn -0.7048 -0.0597 -0.7068
vn -0.7667 -0.0506 -0.6400
vn -0.8060 -0.0511 -0.5898
vn -0.8480 -0.0506 -0.5275
vn -0.9121 0.0012 -0.4099
vn -0.6242 -0.0926 -0.7758
vn -0.6811 -0.1281 -0.7209
vn -0.6966 -0.1898 -0.6919
vn -0.6844 -0.2675 -0.6783
vn -0.7184 -0.3123 -0.6216
vn -0.7320 -0.3771 -0.5674
vn -0.6852 -0.4482 -0.5742
vn -0.9307 -0.0926 -0.3539
vn -0.8973 -0.1278 -0.4225
vn -0.8733 -0.1944 -0.4467
vn -0.8637 -0.2754 -0.4220
vn -0.8151 -0.3084 -0.4904
vn -0.7788 -0.3658 -0.5095
vn -0.7566 -0.4438 -0.4801
vn -0.9112 -0.0005 0.4120
vn -0.8901 -0.0597 0.4519
vn -0.8456 -0.0506 0.5314
vn -0.8099 -0.0511 0.5843
vn -0.7637 -0.0506 0.6435
vn -0.6717 0.0012 0.7408
vn -0.9307 -0.0926 0.3539
vn -0.8961 -0.1281 0.4250
vn -0.8727 -0.1916 0.4490
vn -0.8633 -0.2757 0.4226
vn -0.8142 -0.3109 0.4903
vn -0.7658 -0.3771 0.5209
vn -0.7568 -0.4448 0.4790
vn -0.6242 -0.0926 0.7758
vn -0.6791 -0.1278 0.7228
vn -0.6947 -0.1944 0.6925
vn -0.6683 -0.2754 0.6910
vn -0.7183 -0.3084 0.6237
vn -0.7252 -0.3658 0.5833
vn -0.6854 -0.4474 0.5745
vn 0.1102 -0.0005 0.9939
vn 0.1548 -0.0597 0.9861
vn 0.2440 -0.0506 0.9684
vn 0.3054 -0.0511 0.9509
vn 0.3760 -0.0506 0.9252
vn 0.4970 0.0012 0.8677
vn 0.0490 -0.0926 0.9945
vn 0.1273 -0.1281 0.9836
vn 0.1569 -0.1898 0.9692
vn 0.1550 -0.2675 0.9510
vn 0.2158 -0.3123 0.9251
vn 0.2587 -0.3771 0.8893
vn 0.2217 -0.4448 0.8677
vn 0.5449 -0.0926 0.8334
vn 0.4776 -0.1278 0.8692
vn 0.4440 -0.1944 0.8747
vn 0.4507 -0.2754 0.8491
vn 0.3712 -0.3084 0.8758
vn 0.3306 -0.3658 0.8700
vn 0.3346 -0.4474 0.8294
vn 0.9793 -0.0005 0.2023
vn 0.9857 -0.0597 0.1576
vn 0.9965 -0.0506 0.0672
vn 0.9987 -0.0511 0.0034
vn 0.9961 -0.0506 -0.0717
vn 0.9789 0.0012 -0.2046
vn 0.9610 -0.0926 0.2607
vn 0.9748 -0.1281 0.1829
vn 0.9703 -0.1898 0.1503
vn 0.9524 -0.2675 0.1465
vn 0.9465 -0.3123 0.0806
vn 0.9257 -0.3771 0.0288
vn 0.8918 -0.4482 0.0618
vn 0.9610 -0.0926 -0.2607
vn 0.9743 -0.1278 -0.1856
vn 0.9691 -0.1944 -0.1519
vn 0.9468 -0.2754 -0.1663
vn 0.9477 -0.3084 -0.0824
vn 0.9296 -0.3658 -0.0456
vn 0.8922 -0.4474 -0.0619
vn 0.4071 -0.8160 -0.4103
vn 0.3456 -0.8111 -0.4719
vn 0.3286 -0.7809 -0.5313
vn 0.3115 -0.7480 -0.5860
vn 0.2945 -0.7100 -0.6397
vn 0.2733 -0.6698 -0.6904
vn 0.2998 -0.6014 -0.7405
vn 0.3296 -0.8758 -0.3526
vn 0.2170 -0.8673 -0.4480
vn 0.1547 -0.8672 -0.4732
vn 0.0895 -0.8680 -0.4885
vn 0.0204 -0.8620 -0.5066
vn -0.0611 -0.8777 -0.4753
vn 0.1873 -0.5970 -0.7801
vn 0.2033 -0.6582 -0.7248
vn 0.1370 -0.7082 -0.6926
vn 0.0933 -0.7470 -0.6582
vn 0.0428 -0.7811 -0.6229
vn -0.0895 -0.8156 -0.5717
vn -0.2620 -0.8131 -0.5198
vn -0.3384 -0.8119 -0.4757
vn -0.4061 -0.7776 -0.4801
vn -0.4609 -0.7479 -0.4777
vn -0.5193 -0.7091 -0.4770
vn -0.5704 -0.6707 -0.4742
vn -0.6116 -0.6014 -0.5140
vn -0.2335 -0.8758 -0.4225
vn -0.3569 -0.8668 -0.3481
vn -0.4026 -0.8680 -0.2905
vn -0.4388 -0.8672 -0.2355
vn -0.4937 -0.8537 -0.1658
vn -0.4739 -0.8758 -0.0915
vn -0.6833 -0.5973 -0.4201
vn -0.6262 -0.6575 -0.4189
vn -0.6169 -0.7087 -0.3423
vn -0.5955 -0.7483 -0.2924
vn -0.5782 -0.7810 -0.2360
vn -0.5569 -0.8111 -0.1786
vn -0.5744 -0.8138 -0.0888
vn -0.5705 -0.8160 0.0926
vn -0.5570 -0.8119 0.1748
vn -0.5822 -0.7776 0.2373
vn -0.5956 -0.7480 0.2929
vn -0.6138 -0.7099 0.3455
vn -0.6282 -0.6686 0.3979
vn -0.6822 -0.5982 0.4205
vn -0.4692 -0.8788 0.0874
vn -0.4414 -0.8668 0.2319
vn -0.4007 -0.8682 0.2926
vn -0.3585 -0.8686 0.3422
vn -0.3081 -0.8542 0.4189
vn -0.2335 -0.8758 0.4225
vn -0.6116 -0.6005 0.5151
vn -0.5896 -0.6600 0.4657
vn -0.5197 -0.7086 0.4774
vn -0.4628 -0.7469 0.4774
vn -0.4036 -0.7802 0.4778
vn -0.3433 -0.8113 0.4733
vn -0.2619 -0.8138 0.5188
vn 0.7976 -0.6005 -0.0573
vn 0.7528 -0.6575 -0.0292
vn 0.6999 -0.7091 -0.0855
vn 0.6553 -0.7467 -0.1144
vn 0.6056 -0.7816 -0.1496
vn 0.5576 -0.8101 -0.1810
vn 0.5175 -0.8131 -0.2666
vn 0.7969 -0.6014 0.0563
vn 0.7410 -0.6698 0.0466
vn 0.6994 -0.7100 0.0825
vn 0.6536 -0.7480 0.1152
vn 0.6053 -0.7817 0.1503
vn 0.5380 -0.8225 0.1847
vn 0.5169 -0.8133 0.2672
vn 0.4309 -0.8788 -0.2051
vn 0.4950 -0.8547 -0.1563
vn 0.4915 -0.8682 -0.0687
vn 0.4979 -0.8672 0.0009
vn 0.4940 -0.8670 0.0655
vn 0.4910 -0.8602 0.1374
vn 0.4385 -0.8752 0.2041
vn -0.0895 -0.8156 0.5717
vn -0.0100 -0.8234 0.5674
vn 0.0449 -0.7803 0.6238
vn 0.0920 -0.7483 0.6569
vn 0.1409 -0.7069 0.6931
vn 0.1873 -0.5970 0.7801
vn -0.0611 -0.8777 0.4753
vn 0.0226 -0.8609 0.5083
vn 0.0885 -0.8664 0.4914
vn 0.1536 -0.8672 0.4736
vn 0.2149 -0.8687 0.4462
vn 0.3032 -0.8542 0.4224
vn 0.3282 -0.8788 0.3465
vn 0.2998 -0.6014 0.7405
vn 0.2748 -0.6657 0.6937
vn 0.2978 -0.7110 0.6371
vn 0.3113 -0.7467 0.5878
vn 0.3294 -0.7816 0.5297
vn 0.3444 -0.8101 0.4744
vn 0.4071 -0.8160 0.4103
vn 0.1324 -0.9368 0.3237
vn 0.0514 -0.9902 0.1297
vn 0.1480 -0.9574 0.2480
vn 0.2515 -0.9027 0.3492
vn 0.1949 -0.9030 0.3829
vn 0.1003 -0.9044 0.4147
vn 0.2465 -0.9300 0.2725
vn -0.0709 -0.9317 0.3562
vn -0.0092 -0.9700 0.2430
vn 0.0012 -0.9028 0.4302
vn 0.0224 -0.9360 0.3514
vn 0.0503 -0.9624 0.2671
vn 0.7141 -0.6583 0.2381
vn 0.7127 -0.5684 0.4112
vn 0.6528 -0.6873 0.3184
vn 0.5854 -0.7682 0.2593
vn 0.6522 -0.7307 0.2017
vn 0.7883 -0.5793 0.2075
vn 0.7721 -0.5542 0.3109
vn 0.7644 -0.6313 0.1310
vn 0.7300 -0.6118 0.3046
vn 0.7210 -0.6763 0.1508
vn -0.2996 -0.9357 0.1860
vn -0.1260 -0.9860 0.1088
vn -0.2189 -0.9485 0.2291
vn -0.2540 -0.9032 0.3460
vn -0.3040 -0.9035 0.3022
vn -0.3614 -0.9063 0.2190
vn -0.1803 -0.9378 0.2966
vn -0.3559 -0.9316 0.0741
vn -0.2347 -0.9697 0.0672
vn -0.4083 -0.9024 0.1376
vn -0.2399 -0.9616 0.1331
vn -0.2702 -0.9362 -0.2246
vn -0.1424 -0.9860 -0.0862
vn -0.2980 -0.9459 -0.1286
vn -0.4050 -0.9049 -0.1310
vn -0.3822 -0.9027 -0.1979
vn -0.3199 -0.9064 -0.2760
vn -0.1791 -0.9384 -0.2955
vn -0.1346 -0.9700 -0.2023
vn -0.2567 -0.9034 -0.3435
vn -0.2030 -0.9620 -0.1827
vn 0.1095 -0.9374 -0.3306
vn 0.0357 -0.9868 -0.1580
vn 0.0270 -0.9473 -0.3191
vn 0.0023 -0.9041 -0.4273
vn 0.0996 -0.9055 -0.4125
vn 0.1491 -0.9701 -0.1917
vn 0.2533 -0.9036 -0.3455
vn 0.1905 -0.9346 -0.3004
vn 0.1138 -0.9624 -0.2468
vn 0.1931 -0.9008 -0.3890
vn 0.8221 -0.4085 0.3966
vn 0.8828 -0.3991 0.2477
vn 0.9052 -0.4053 0.1279
vn 0.9274 -0.3432 0.1487
vn 0.9199 -0.3146 0.2344
vn 0.9485 -0.1764 0.2631
vn 0.9207 -0.2448 0.3040
vn 0.8829 -0.3261 0.3378
vn 0.9500 -0.2297 0.2114
vn -0.1232 -0.4085 0.9044
vn 0.0392 -0.4009 0.9153
vn 0.1548 -0.4051 0.9010
vn 0.1452 -0.3432 0.9280
vn 0.0614 -0.3146 0.9473
vn 0.0429 -0.1764 0.9834
vn -0.0046 -0.2448 0.9696
vn -0.0484 -0.3261 0.9441
vn 0.0925 -0.2297 0.9689
vn -0.8760 -0.3409 0.3414
vn -0.8979 -0.4108 0.1583
vn -0.8694 -0.4035 0.2850
vn -0.8095 -0.4015 0.4283
vn -0.8362 -0.3499 0.4223
vn -0.8266 -0.4433 0.3468
vn -0.9220 -0.1764 0.3447
vn -0.9206 -0.2491 0.3006
vn -0.9139 -0.3234 0.2454
vn -0.8948 -0.2295 0.3830
vn -0.4291 -0.4103 -0.8047
vn -0.5686 -0.3991 -0.7193
vn -0.6572 -0.4053 -0.6355
vn -0.6629 -0.3433 -0.6654
vn -0.6064 -0.3146 -0.7303
vn -0.6127 -0.1764 -0.7704
vn -0.5662 -0.2448 -0.7871
vn -0.5157 -0.3261 -0.7922
vn -0.6443 -0.2297 -0.7295
vn 0.5079 -0.3413 -0.7909
vn 0.6327 -0.4103 -0.6568
vn 0.5331 -0.4049 -0.7428
vn 0.4025 -0.4020 -0.8224
vn 0.4298 -0.3486 -0.8329
vn 0.4440 -0.4511 -0.7742
vn 0.5433 -0.1764 -0.8208
vn 0.5681 -0.2491 -0.7844
vn 0.5951 -0.3234 -0.7357
vn 0.4988 -0.2295 -0.8358
vn 0.7854 -0.1067 0.6098
vn 0.7868 -0.2962 0.5414
vn 0.8335 -0.2339 0.5006
vn 0.8305 -0.1660 0.5318
vn 0.9068 -0.0571 0.4178
vn 0.8769 -0.0350 0.4794
vn 0.8469 -0.0245 0.5312
vn 0.8750 -0.1316 0.4658
vn 0.8243 -0.0754 0.5611
vn 0.6775 -0.0571 0.7333
vn 0.7147 -0.1320 0.6869
vn 0.7351 -0.2301 0.6377
vn 0.7276 -0.0356 0.6850
vn 0.7756 -0.1847 0.6035
vn 0.7685 -0.0271 0.6392
vn -0.3372 -0.1067 0.9354
vn -0.2731 -0.2918 0.9167
vn -0.2185 -0.2339 0.9474
vn -0.2491 -0.1660 0.9541
vn -0.1171 -0.0571 0.9915
vn -0.1850 -0.0350 0.9821
vn -0.2434 -0.0245 0.9696
vn -0.1726 -0.1317 0.9762
vn -0.2789 -0.0754 0.9574
vn -0.4880 -0.0571 0.8710
vn -0.4324 -0.1320 0.8919
vn -0.3794 -0.2301 0.8962
vn -0.4267 -0.0356 0.9037
vn -0.3343 -0.1847 0.9242
vn -0.3705 -0.0271 0.9285
vn -0.9938 -0.1067 -0.0317
vn -0.9490 -0.3149 0.0155
vn -0.9684 -0.2349 0.0833
vn -0.9844 -0.1660 0.0579
vn -0.9791 -0.0571 0.1950
vn -0.9912 -0.0350 0.1275
vn -0.9974 -0.0245 0.0681
vn -0.9817 -0.1317 0.1375
vn -0.9967 -0.0754 0.0306
vn -0.9791 -0.0571 -0.1950
vn -0.9819 -0.1320 -0.1357
vn -0.9695 -0.2305 -0.0833
vn -0.9913 -0.0356 -0.1265
vn -0.9819 -0.1868 -0.0324
vn -0.9975 -0.0271 -0.0654
vn -0.2770 -0.1067 -0.9549
vn -0.3080 -0.3149 -0.8977
vn -0.3785 -0.2349 -0.8953
vn -0.3593 -0.1660 -0.9183
vn -0.4880 -0.0571 -0.8710
vn -0.4276 -0.0350 -0.9033
vn -0.3730 -0.0245 -0.9275
vn -0.4341 -0.1317 -0.8912
vn -0.3371 -0.0754 -0.9385
vn -0.1171 -0.0571 -0.9915
vn -0.1744 -0.1320 -0.9758
vn -0.2204 -0.2305 -0.9478
vn -0.1860 -0.0356 -0.9819
vn -0.2726 -0.1868 -0.9438
vn -0.2460 -0.0271 -0.9689
vn 0.8226 -0.1067 -0.5585
vn 0.7585 -0.2950 -0.5811
vn 0.7336 -0.2339 -0.6380
vn 0.7624 -0.1660 -0.6255
vn 0.6775 -0.0571 -0.7333
vn 0.7269 -0.0350 -0.6858
vn 0.7669 -0.0245 -0.6413
vn 0.7134 -0.1316 -0.6883
vn 0.7884 -0.0754 -0.6106
vn 0.9068 -0.0571 -0.4178
vn 0.8741 -0.1320 -0.4674
vn 0.8337 -0.2301 -0.5020
vn 0.8764 -0.0356 -0.4803
vn 0.8137 -0.1847 -0.5512
vn 0.8454 -0.0271 -0.5334
vn 0.4711 0.4379 0.7657
vn 0.3355 0.4052 0.8505
vn 0.4216 0.4049 0.8113
vn 0.6615 0.4095 0.6283
vn 0.5925 0.4015 0.6984
vn 0.5495 0.4440 0.7078
vn 0.3410 0.4765 0.8103
vn 0.4352 0.4910 0.7547
vn 0.3681 0.4578 0.8092
vn 0.4919 0.4797 0.7265
vn -0.5826 0.4379 0.6847
vn -0.7052 0.4052 0.5818
vn -0.6414 0.4049 0.6517
vn -0.3931 0.4095 0.8233
vn -0.4811 0.4015 0.7793
vn -0.5034 0.4440 0.7413
vn -0.6653 0.4765 0.5747
vn -0.5832 0.4910 0.6471
vn -0.6559 0.4578 0.6002
vn -0.5390 0.4797 0.6924
vn -0.8312 0.4379 -0.3425
vn -0.7713 0.4052 -0.4909
vn -0.8180 0.4049 -0.4086
vn -0.9045 0.4095 -0.1195
vn -0.8898 0.4015 -0.2168
vn -0.8606 0.4440 -0.2497
vn -0.7522 0.4765 -0.4551
vn -0.7957 0.4910 -0.3547
vn -0.7735 0.4578 -0.4383
vn -0.8250 0.4797 -0.2986
vn 0.0689 0.4379 -0.8964
vn 0.2285 0.4052 -0.8852
vn 0.1358 0.4049 -0.9042
vn -0.1659 0.4095 -0.8971
vn -0.0688 0.4015 -0.9133
vn -0.0285 0.4440 -0.8956
vn 0.2004 0.4765 -0.8560
vn 0.0915 0.4910 -0.8664
vn 0.1779 0.4578 -0.8711
vn 0.0291 0.4797 -0.8769
vn 0.8738 0.4379 -0.2115
vn 0.9125 0.4052 -0.0562
vn 0.9019 0.4049 -0.1502
vn 0.8020 0.4095 -0.4350
vn 0.8473 0.4015 -0.3477
vn 0.8429 0.4440 -0.3038
vn 0.8760 0.4765 -0.0739
vn 0.8522 0.4910 -0.1807
vn 0.8834 0.4578 -0.1000
vn 0.8430 0.4797 -0.2433
vn 0.6407 0.5507 -0.5350
vn 0.3905 0.5520 -0.7367
vn 0.5251 0.5526 -0.6472
vn 0.6472 0.6029 -0.4665
vn 0.7445 0.5977 -0.2975
vn 0.7969 0.5704 -0.1988
vn 0.5149 0.5973 -0.6150
vn 0.6602 0.5811 -0.4760
vn 0.7280 0.5721 -0.3777
vn 0.7816 0.5548 -0.2850
vn 0.4442 0.5747 -0.6873
vn 0.5766 0.5707 -0.5847
vn 0.6673 0.5646 -0.4857
vn 0.7298 0.5493 -0.4071
vn 0.8319 0.5176 -0.2002
vn 0.7688 0.4829 -0.4192
vn 0.7973 0.5165 -0.3124
vn 0.7593 0.5102 -0.4040
vn 0.7087 0.4676 -0.5283
vn 0.7586 0.4646 -0.4569
vn 0.6601 0.4920 -0.5676
vn 0.4691 0.5092 -0.7216
vn 0.5573 0.5113 -0.6542
vn 0.6273 0.5167 -0.5827
vn 0.7063 0.5021 -0.4990
vn 0.5825 0.4956 -0.6443
vn 0.5505 0.3872 -0.7396
vn 0.6274 0.4253 -0.6523
vn 0.4728 0.4248 -0.7720
vn 0.3678 0.4071 -0.8361
vn 0.3619 0.4657 -0.8075
vn 0.4565 0.4757 -0.7518
vn 0.5280 0.4467 -0.7223
vn -0.3108 0.5507 -0.7747
vn -0.5820 0.5535 -0.5958
vn -0.4532 0.5526 -0.6994
vn -0.2473 0.6059 -0.7561
vn -0.0528 0.5975 -0.8001
vn 0.0571 0.5704 -0.8194
vn -0.4211 0.5994 -0.6807
vn -0.2487 0.5809 -0.7750
vn -0.1343 0.5722 -0.8091
vn -0.0295 0.5548 -0.8315
vn -0.5197 0.5750 -0.6319
vn -0.3779 0.5707 -0.7290
vn -0.2557 0.5646 -0.7848
vn -0.1616 0.5493 -0.8198
vn 0.0667 0.5176 -0.8530
vn -0.1612 0.4829 -0.8607
vn -0.0507 0.5165 -0.8548
vn -0.1496 0.5102 -0.8469
vn -0.2835 0.4676 -0.8373
vn -0.2001 0.4646 -0.8626
vn -0.3358 0.4920 -0.8032
vn -0.5413 0.5092 -0.6691
vn -0.4500 0.5113 -0.7322
vn -0.3603 0.5167 -0.7767
vn -0.2563 0.5021 -0.8259
vn -0.4328 0.4956 -0.7531
vn -0.5333 0.3872 -0.7521
vn -0.4265 0.4253 -0.7983
vn -0.5882 0.4248 -0.6882
vn -0.6815 0.4071 -0.6081
vn -0.6562 0.4657 -0.5937
vn -0.5740 0.4757 -0.6665
vn -0.5238 0.4467 -0.7253
vn -0.8328 0.5507 0.0562
vn -0.7464 0.5536 0.3694
vn -0.8052 0.5526 0.2149
vn -0.8002 0.5997 0.0007
vn -0.7773 0.5997 -0.1902
vn -0.7586 0.5699 -0.3158
vn -0.7769 0.6004 0.1899
vn -0.8137 0.5813 -0.0030
vn -0.8110 0.5722 -0.1223
vn -0.7999 0.5548 -0.2289
vn -0.7614 0.5750 0.2993
vn -0.8102 0.5707 0.1342
vn -0.8254 0.5646 0.0007
vn -0.8297 0.5493 -0.0996
vn -0.7907 0.5176 -0.3270
vn -0.8684 0.4829 -0.1127
vn -0.8286 0.5165 -0.2159
vn -0.8517 0.5102 -0.1195
vn -0.8839 0.4676 0.0109
vn -0.8822 0.4646 -0.0762
vn -0.8677 0.4920 0.0712
vn -0.8036 0.5092 0.3081
vn -0.8354 0.5113 0.2017
vn -0.8500 0.5167 0.1026
vn -0.8647 0.5021 -0.0114
vn -0.8499 0.4956 0.1789
vn -0.8801 0.3872 0.2748
vn -0.8910 0.4253 0.1589
vn -0.8363 0.4248 0.3467
vn -0.7890 0.4071 0.4602
vn -0.7674 0.4657 0.4406
vn -0.8113 0.4757 0.3399
vn -0.8517 0.4467 0.2740
vn -0.2039 0.5507 0.8094
vn 0.1171 0.5520 0.8256
vn -0.0444 0.5526 0.8323
vn -0.2510 0.5966 0.7623
vn -0.4216 0.6001 0.6798
vn -0.5349 0.5699 0.6238
vn -0.0554 0.5977 0.7998
vn -0.2543 0.5813 0.7729
vn -0.3669 0.5722 0.7335
vn -0.4648 0.5548 0.6900
vn 0.0446 0.5747 0.8171
vn -0.1228 0.5707 0.8120
vn -0.2544 0.5646 0.7852
vn -0.3511 0.5493 0.7583
vn -0.5554 0.5176 0.6509
vn -0.3755 0.4829 0.7911
vn -0.4614 0.5165 0.7213
vn -0.3768 0.5102 0.7731
vn -0.2628 0.4676 0.8440
vn -0.3451 0.4646 0.8155
vn -0.2005 0.4920 0.8472
vn 0.0446 0.5092 0.8595
vn -0.0663 0.5113 0.8568
vn -0.1650 0.5167 0.8401
vn -0.2781 0.5021 0.8189
vn -0.0925 0.4956 0.8636
vn -0.0107 0.3872 0.9219
vn -0.1242 0.4253 0.8965
vn 0.0713 0.4248 0.9025
vn 0.1939 0.4071 0.8926
vn 0.1819 0.4657 0.8660
vn 0.0726 0.4757 0.8766
vn -0.0026 0.4467 0.8947
vn 0.7068 0.5507 0.4441
vn 0.8214 0.5520 0.1437
vn 0.7778 0.5526 0.2994
vn 0.6441 0.6024 0.4715
vn 0.5130 0.5977 0.6161
vn 0.4354 0.5704 0.6965
vn 0.7440 0.5973 0.2996
vn 0.6567 0.5811 0.4808
vn 0.5842 0.5721 0.5756
vn 0.5126 0.5548 0.6553
vn 0.7909 0.5747 0.2101
vn 0.7343 0.5707 0.3677
vn 0.6682 0.5646 0.4846
vn 0.6126 0.5493 0.5683
vn 0.4474 0.5176 0.7293
vn 0.6363 0.4829 0.6016
vn 0.5434 0.5165 0.6617
vn 0.6188 0.5102 0.5973
vn 0.7215 0.4676 0.5107
vn 0.6689 0.4646 0.5802
vn 0.7438 0.4920 0.4524
vn 0.8312 0.5092 0.2231
vn 0.7944 0.5113 0.3279
vn 0.7480 0.5167 0.4166
vn 0.6929 0.5021 0.5175
vn 0.7928 0.4956 0.3549
vn 0.8735 0.3872 0.2950
vn 0.8142 0.4253 0.3951
vn 0.8804 0.4248 0.2111
vn 0.9088 0.4071 0.0914
vn 0.8990 0.4375 0.0187
vn 0.8799 0.4657 0.0946
vn 0.8561 0.4757 0.2019
vn 0.8501 0.4467 0.2789
vn 0.8988 0.2815 -0.3360
vn 0.9257 0.1471 -0.3484
vn 0.8714 0.2434 -0.4259
vn 0.9161 0.2052 -0.3445
vn 0.9500 0.1761 -0.2580
vn 0.8457 0.3015 -0.4403
vn 0.9490 0.2936 -0.1146
vn 0.9298 0.3116 -0.1956
vn 0.9373 0.2518 -0.2408
vn 0.8196 0.1230 -0.5596
vn 0.8070 0.0760 -0.5857
vn 0.8648 0.1287 -0.4853
vn 0.7153 0.1030 -0.6912
vn 0.7595 0.1241 -0.6385
vn 0.7700 0.1906 -0.6089
vn 0.7931 0.2352 -0.5619
vn 0.8268 0.1786 -0.5334
vn 0.6043 0.2754 -0.7477
vn 0.5826 0.1460 -0.7996
vn 0.5603 0.2196 -0.7986
vn 0.6459 0.1887 -0.7398
vn 0.3955 0.2958 -0.8695
vn 0.4668 0.3285 -0.8211
vn 0.5396 0.3085 -0.7833
vn 0.4643 0.2543 -0.8484
vn 0.6800 0.3173 -0.6610
vn 0.6718 0.2441 -0.6994
vn -0.0418 0.2815 -0.9586
vn -0.0453 0.1471 -0.9881
vn -0.1357 0.2434 -0.9604
vn -0.0445 0.2052 -0.9777
vn 0.0482 0.1761 -0.9832
vn -0.1574 0.3015 -0.9404
vn 0.1843 0.2936 -0.9380
vn 0.1013 0.3116 -0.9448
vn 0.0606 0.2518 -0.9659
vn -0.2776 0.1242 -0.9526
vn -0.3077 0.0761 -0.9485
vn -0.1955 0.1299 -0.9721
vn -0.4363 0.1030 -0.8939
vn -0.3726 0.1230 -0.9198
vn -0.3563 0.1763 -0.9176
vn -0.3137 0.2352 -0.9199
vn -0.2674 0.1903 -0.9446
vn -0.5243 0.2754 -0.8057
vn -0.5804 0.1460 -0.8011
vn -0.5864 0.2196 -0.7797
vn -0.5040 0.1887 -0.8429
vn -0.7048 0.2958 -0.6448
vn -0.6367 0.3285 -0.6977
vn -0.5782 0.3085 -0.7553
vn -0.6634 0.2543 -0.7037
vn -0.4185 0.3173 -0.8510
vn -0.4575 0.2441 -0.8550
vn -0.9247 0.2815 -0.2565
vn -0.9537 0.1471 -0.2623
vn -0.9553 0.2434 -0.1677
vn -0.9436 0.2052 -0.2598
vn -0.9202 0.1761 -0.3497
vn -0.9430 0.3015 -0.1409
vn -0.8351 0.2936 -0.4651
vn -0.8673 0.3116 -0.3883
vn -0.8999 0.2518 -0.3561
vn -0.9920 0.1230 -0.0291
vn -0.9971 0.0761 -0.0005
vn -0.9849 0.1287 -0.1157
vn -0.9850 0.1030 0.1387
vn -0.9898 0.1241 0.0701
vn -0.9809 0.1906 0.0400
vn -0.9719 0.2352 -0.0116
vn -0.9824 0.1786 -0.0544
vn -0.9283 0.2754 0.2497
vn -0.9413 0.1460 0.3044
vn -0.9227 0.2196 0.3167
vn -0.9573 0.1887 0.2188
vn -0.8312 0.2961 0.4706
vn -0.8603 0.3285 0.3899
vn -0.8970 0.3085 0.3166
vn -0.8753 0.2540 0.4114
vn -0.9387 0.3173 0.1350
vn -0.9546 0.2441 0.1709
vn -0.5296 0.2815 0.8001
vn -0.5441 0.1471 0.8260
vn -0.4547 0.2434 0.8568
vn -0.5387 0.2052 0.8172
vn -0.6169 0.1761 0.7671
vn -0.4254 0.3015 0.8533
vn -0.7004 0.2936 0.6505
vn -0.6373 0.3116 0.7048
vn -0.6168 0.2518 0.7458
vn -0.3342 0.1230 0.9345
vn -0.3086 0.0761 0.9482
vn -0.4144 0.1287 0.9009
vn -0.1724 0.1030 0.9796
vn -0.2392 0.1241 0.9630
vn -0.2651 0.1906 0.9452
vn -0.3113 0.2352 0.9207
vn -0.3553 0.1786 0.9175
vn -0.0494 0.2754 0.9600
vn -0.0013 0.1460 0.9893
vn 0.0161 0.2196 0.9755
vn -0.0877 0.1887 0.9781
vn 0.1912 0.2958 0.9359
vn 0.1050 0.3285 0.9386
vn 0.0239 0.3085 0.9509
vn 0.1231 0.2543 0.9593
vn -0.1616 0.3173 0.9344
vn -0.1324 0.2441 0.9607
vn 0.5973 0.2815 0.7510
vn 0.6174 0.1471 0.7727
vn 0.6743 0.2434 0.6972
vn 0.6107 0.2052 0.7648
vn 0.5389 0.1761 0.8238
vn 0.6801 0.3015 0.6683
vn 0.4022 0.2936 0.8672
vn 0.4734 0.3116 0.8239
vn 0.5187 0.2518 0.8170
vn 0.7845 0.1242 0.6075
vn 0.8064 0.0760 0.5865
vn 0.7296 0.1299 0.6715
vn 0.8784 0.1030 0.4667
vn 0.8421 0.1230 0.5252
vn 0.8276 0.1763 0.5329
vn 0.7945 0.2352 0.5598
vn 0.7716 0.1903 0.6070
vn 0.8978 0.2754 0.3436
vn 0.9404 0.1460 0.3070
vn 0.9327 0.2196 0.2861
vn 0.9031 0.1887 0.3857
vn 0.9492 0.2958 0.1074
vn 0.9251 0.3285 0.1902
vn 0.9117 0.3085 0.2711
vn 0.9504 0.2543 0.1794
vn 0.8388 0.3173 0.4425
vn 0.8727 0.2441 0.4228
vn 0.3069 0.0922 -0.9473
vn 0.3963 0.0241 -0.9178
vn 0.2807 0.0172 -0.9596
vn 0.4619 0.0986 -0.8814
vn 0.1308 0.1097 -0.9853
vn 0.2243 0.1517 -0.9627
vn 0.1814 0.0288 -0.9830
vn 0.2242 0.0888 -0.9705
vn 0.3177 0.1919 -0.9286
vn 0.3731 0.1159 -0.9205
vn 0.2381 0.2077 -0.9488
vn 0.3026 -0.1957 -0.9328
vn 0.3796 -0.2336 -0.8952
vn 0.3796 -0.1358 -0.9151
vn 0.2587 -0.3771 -0.8893
vn 0.2223 -0.2313 -0.9472
vn 0.2969 -0.2776 -0.9137
vn 0.1598 -0.0587 -0.9854
vn 0.2085 -0.1430 -0.9675
vn 0.2794 -0.1244 -0.9521
vn -0.0361 -0.4410 -0.8968
vn 0.1579 -0.4058 -0.9002
vn 0.0749 -0.4030 -0.9121
vn -0.0191 -0.3818 -0.9240
vn 0.1481 -0.3403 -0.9286
vn -0.1355 -0.3832 -0.9137
vn -0.0245 -0.2732 -0.9616
vn 0.0416 -0.1795 -0.9829
vn 0.0883 -0.2301 -0.9691
vn 0.0605 -0.3129 -0.9479
vn -0.8061 0.0921 -0.5846
vn -0.7504 0.0241 -0.6605
vn -0.8259 0.0172 -0.5635
vn -0.6956 0.0986 -0.7116
vn -0.8967 0.1097 -0.4289
vn -0.8462 0.1517 -0.5108
vn -0.8788 0.0288 -0.4763
vn -0.8537 0.0888 -0.5131
vn -0.7849 0.1919 -0.5891
vn -0.7602 0.1159 -0.6393
vn -0.8287 0.2077 -0.5197
vn -0.7937 -0.1957 -0.5760
vn -0.7352 -0.2328 -0.6367
vn -0.7531 -0.1358 -0.6438
vn -0.8327 -0.2321 -0.5027
vn -0.7773 -0.2776 -0.5646
vn -0.8878 -0.0587 -0.4565
vn -0.8557 -0.1430 -0.4973
vn -0.8192 -0.1244 -0.5599
vn -0.8755 -0.3405 -0.3430
vn -0.8263 -0.4460 -0.3439
vn -0.8631 -0.4428 -0.2428
vn -0.8104 -0.4014 -0.4268
vn -0.8859 -0.3794 -0.2671
vn -0.8372 -0.3488 -0.4212
vn -0.9108 -0.3832 -0.1535
vn -0.9200 -0.2747 -0.2795
vn -0.9219 -0.1795 -0.3433
vn -0.8965 -0.2294 -0.3790
vn -0.8051 0.0921 0.5860
vn -0.8601 0.0241 0.5096
vn -0.7912 0.0172 0.6114
vn -0.8918 0.0986 0.4416
vn -0.6850 0.1097 0.7203
vn -0.7473 0.1517 0.6470
vn -0.7245 0.0288 0.6886
vn -0.7518 0.0888 0.6533
vn -0.8025 0.1920 0.5649
vn -0.8429 0.1159 0.5255
vn -0.7503 0.2077 0.6276
vn -0.7931 -0.1957 0.5768
vn -0.8333 -0.2336 0.5011
vn -0.8450 -0.1358 0.5173
vn -0.7354 -0.2321 0.6366
vn -0.7771 -0.2776 0.5648
vn -0.7085 -0.0587 0.7033
vn -0.7374 -0.1430 0.6601
vn -0.7856 -0.1244 0.6060
vn -0.5964 -0.3418 0.7263
vn -0.5952 -0.4525 0.6640
vn -0.4989 -0.4414 0.7458
vn -0.6578 -0.4020 0.6369
vn -0.5295 -0.3813 0.7578
vn -0.6594 -0.3487 0.6661
vn -0.4274 -0.3832 0.8188
vn -0.5501 -0.2747 0.7886
vn -0.6114 -0.1795 0.7707
vn -0.6375 -0.2294 0.7355
vn 0.3085 0.0922 0.9467
vn 0.2189 0.0241 0.9755
vn 0.3370 0.0172 0.9414
vn 0.1444 0.0986 0.9846
vn 0.4733 0.1097 0.8740
vn 0.3844 0.1517 0.9106
vn 0.4310 0.0288 0.9019
vn 0.3890 0.0888 0.9169
vn 0.2888 0.1919 0.9380
vn 0.2393 0.1159 0.9640
vn 0.3650 0.2077 0.9076
vn 0.3035 -0.1957 0.9325
vn 0.2206 -0.2328 0.9472
vn 0.2308 -0.1358 0.9635
vn 0.3782 -0.2321 0.8962
vn 0.2970 -0.2776 0.9136
vn 0.4499 -0.0587 0.8911
vn 0.4000 -0.1430 0.9053
vn 0.3336 -0.1244 0.9345
vn 0.5065 -0.3418 0.7916
vn 0.4476 -0.4525 0.7713
vn 0.5552 -0.4414 0.7049
vn 0.4025 -0.4020 0.8224
vn 0.5571 -0.3813 0.7377
vn 0.4297 -0.3487 0.8329
vn 0.6489 -0.3837 0.6570
vn 0.5800 -0.2747 0.7669
vn 0.5441 -0.1795 0.8196
vn 0.5025 -0.2294 0.8336
vn 0.9957 0.0922 -0.0009
vn 0.9953 0.0241 0.0933
vn 0.9994 0.0172 -0.0296
vn 0.9810 0.0986 0.1669
vn 0.9775 0.1097 -0.1801
vn 0.9848 0.1517 -0.0842
vn 0.9909 0.0288 -0.1312
vn 0.9923 0.0888 -0.0866
vn 0.9813 0.1919 0.0152
vn 0.9908 0.1159 0.0703
vn 0.9759 0.2077 -0.0667
vn 0.9807 -0.1957 -0.0005
vn 0.9690 -0.2328 0.0829
vn 0.9876 -0.1358 0.0782
vn 0.9692 -0.2321 -0.0828
vn 0.9607 -0.2776 -0.0001
vn 0.9866 -0.0587 -0.1525
vn 0.9846 -0.1430 -0.1006
vn 0.9918 -0.1244 -0.0285
vn 0.9094 -0.3418 -0.2370
vn 0.8719 -0.4525 -0.1873
vn 0.8420 -0.4414 -0.3101
vn 0.9066 -0.4020 -0.1286
vn 0.8738 -0.3813 -0.3019
vn 0.9250 -0.3487 -0.1513
vn 0.8254 -0.3837 -0.4141
vn 0.9086 -0.2747 -0.3147
vn 0.9476 -0.1795 -0.2642
vn 0.9481 -0.2294 -0.2203
vn 0.4555 -0.6702 -0.5860
vn 0.4307 -0.7651 -0.4787
vn 0.3938 -0.7283 -0.5607
vn 0.5345 -0.5557 -0.6369
vn 0.3605 -0.6278 -0.6898
vn 0.4332 -0.6208 -0.6534
vn 0.5158 -0.6088 -0.6027
vn 0.3623 -0.6811 -0.6363
vn 0.6140 -0.5666 -0.5495
vn 0.5055 -0.6894 -0.5189
vn 0.3020 -0.8537 -0.4244
vn 0.2521 -0.8188 -0.5157
vn 0.1784 -0.8203 -0.5434
vn -0.0084 -0.8223 -0.5690
vn 0.0877 -0.8327 -0.5467
vn 0.1273 -0.7883 -0.6020
vn 0.1952 -0.7249 -0.6606
vn 0.2325 -0.7614 -0.6052
vn -0.0089 -0.6593 -0.7518
vn -0.1717 -0.6425 -0.7468
vn -0.0692 -0.7690 -0.6354
vn -0.0869 -0.7128 -0.6960
vn -0.1070 -0.6446 -0.7570
vn -0.0046 -0.7463 -0.6655
vn -0.1543 -0.5503 -0.8206
vn -0.0316 -0.5982 -0.8007
vn 0.1149 -0.6335 -0.7652
vn 0.0570 -0.6915 -0.7202
vn 0.0715 -0.5801 -0.8114
vn -0.4369 -0.6606 -0.6105
vn -0.3209 -0.7690 -0.5528
vn -0.3849 -0.7438 -0.5465
vn -0.4674 -0.6919 -0.5502
vn -0.2778 -0.7382 -0.6148
vn -0.5157 -0.5799 -0.6307
vn -0.4419 -0.5542 -0.7054
vn -0.5398 -0.6334 -0.5544
vn -0.4128 -0.6104 -0.6760
vn -0.3329 -0.5666 -0.7537
vn -0.3520 -0.6801 -0.6430
vn -0.3122 -0.8546 -0.4149
vn -0.4041 -0.8127 -0.4198
vn -0.4376 -0.8269 -0.3532
vn -0.5057 -0.8197 -0.2691
vn -0.5263 -0.7816 -0.3348
vn -0.5693 -0.7233 -0.3909
vn -0.5005 -0.7613 -0.4121
vn -0.7128 -0.6700 -0.2074
vn -0.6720 -0.7393 -0.0426
vn -0.7626 -0.6435 -0.0665
vn -0.6247 -0.7693 -0.1341
vn -0.6900 -0.7125 -0.1278
vn -0.7547 -0.6426 -0.1326
vn -0.8256 -0.5537 -0.1088
vn -0.7509 -0.6148 -0.2412
vn -0.6959 -0.6284 -0.3475
vn -0.6700 -0.6776 -0.3033
vn -0.6479 -0.7277 -0.2252
vn -0.7050 -0.6848 0.1845
vn -0.6278 -0.7666 0.1351
vn -0.6377 -0.7449 0.1962
vn -0.6636 -0.6951 0.2765
vn -0.6874 -0.7217 0.0816
vn -0.7654 -0.5526 0.3299
vn -0.8067 -0.5551 0.2025
vn -0.6939 -0.6308 0.3473
vn -0.7367 -0.6195 0.2711
vn -0.7709 -0.6087 0.1874
vn -0.8182 -0.5684 0.0862
vn -0.7396 -0.6632 0.1146
vn -0.4910 -0.8546 0.1687
vn -0.5244 -0.8132 0.2523
vn -0.4666 -0.8294 0.3071
vn -0.3944 -0.8322 0.3898
vn -0.4557 -0.7911 0.4081
vn -0.5479 -0.7352 0.3990
vn -0.5272 -0.7798 0.3376
vn -0.4131 -0.6723 0.6143
vn -0.2482 -0.7393 0.6260
vn -0.2989 -0.6435 0.7047
vn -0.3174 -0.7701 0.5533
vn -0.3397 -0.7119 0.6146
vn -0.3593 -0.6426 0.6768
vn -0.3886 -0.7458 0.5412
vn -0.3586 -0.5537 0.7516
vn -0.4658 -0.6100 0.6411
vn -0.5413 -0.6305 0.5563
vn -0.4687 -0.6934 0.5473
vn 0.6795 -0.6847 -0.2635
vn 0.7670 -0.6281 -0.1312
vn 0.7200 -0.6776 -0.1495
vn 0.6550 -0.7275 -0.2041
vn 0.5889 -0.7349 -0.3363
vn 0.6563 -0.6436 -0.3938
vn 0.5872 -0.7677 -0.2566
vn 0.6885 -0.6441 -0.3334
vn 0.7326 -0.5512 -0.3994
vn 0.7501 -0.6147 -0.2438
vn 0.6886 -0.7249 -0.0185
vn 0.6474 -0.7614 0.0341
vn 0.5683 -0.8189 0.0803
vn 0.5719 -0.8203 0.0017
vn 0.5471 -0.8327 -0.0856
vn 0.6120 -0.7882 -0.0648
vn 0.3490 -0.9368 -0.0232
vn 0.2284 -0.9701 0.0826
vn 0.4055 -0.9043 0.1333
vn 0.3444 -0.9348 0.0866
vn 0.2717 -0.9618 0.0340
vn 0.4281 -0.9017 0.0609
vn 0.1626 -0.9866 -0.0147
vn 0.2816 -0.9574 -0.0641
vn 0.4112 -0.9024 -0.1286
vn 0.4216 -0.9061 -0.0358
vn 0.3359 -0.9299 -0.1499
vn -0.0050 -0.6595 0.7517
vn -0.0653 -0.7684 0.6366
vn -0.0109 -0.7451 0.6668
vn 0.0562 -0.6915 0.7202
vn -0.1366 -0.7216 0.6787
vn 0.0676 -0.5780 0.8132
vn -0.0566 -0.5557 0.8295
vn 0.1149 -0.6335 0.7652
vn -0.0602 -0.6096 0.7904
vn -0.1709 -0.5684 0.8048
vn -0.0920 -0.6796 0.7278
vn 0.0993 -0.8189 0.5653
vn 0.1751 -0.8203 0.5445
vn 0.2505 -0.8327 0.4939
vn 0.2507 -0.7882 0.5621
vn 0.2015 -0.6615 0.7224
vn 0.2305 -0.7249 0.6492
vn 0.1678 -0.7612 0.6264
vn 0.4597 -0.6844 0.5659
vn 0.5109 -0.7206 0.4688
vn 0.5792 -0.6427 0.5015
vn 0.4268 -0.7661 0.4806
vn 0.5322 -0.6407 0.5534
vn 0.6254 -0.5390 0.5643
vn 0.4637 -0.6147 0.6380
vn 0.3634 -0.6279 0.6882
vn 0.3659 -0.6783 0.6371
vn 0.3967 -0.7275 0.5598
vn 0.2429 0.5944 0.7666
vn -0.6557 0.5846 0.4778
vn -0.6605 0.5817 -0.4748
vn 0.2532 0.5929 -0.7644
vt 0.192794 0.034755
vt 0.188932 0.048380
vt 0.177335 0.047087
vt 0.199298 0.065699
vt 0.201496 0.055745
vt 0.211481 0.073930
vt 0.177637 0.066241
vt 0.184093 0.055123
vt 0.190408 0.066367
vt 0.156986 0.054360
vt 0.164340 0.065699
vt 0.152157 0.073929
vt 0.172120 0.055452
vt 0.193183 0.019683
vt 0.183540 0.025948
vt 0.187501 0.009841
vt 0.173657 0.023363
vt 0.176137 0.009841
vt 0.164774 0.029524
vt 0.171184 0.039734
vt 0.159092 0.039365
vt 0.221592 0.068889
vt 0.227273 0.078731
vt 0.210228 0.049207
vt 0.215910 0.059048
vt 0.201121 0.041343
vt 0.142046 0.068889
vt 0.136365 0.078731
vt 0.181819 0.082763
vt 0.172468 0.082800
vt 0.297604 0.140270
vt 0.299103 0.152883
vt 0.283874 0.148037
vt 0.297361 0.130578
vt 0.313497 0.124289
vt 0.315758 0.137802
vt 0.320885 0.109474
vt 0.307388 0.108775
vt 0.321921 0.094808
vt 0.328003 0.120718
vt 0.337245 0.153352
vt 0.338086 0.139749
vt 0.350954 0.146184
vt 0.326805 0.145453
vt 0.321605 0.131881
vt 0.298881 0.120074
vt 0.334462 0.131716
vt 0.288683 0.162523
vt 0.275821 0.162821
vt 0.284092 0.137778
vt 0.309254 0.165356
vt 0.312724 0.146804
vt 0.318183 0.161417
vt 0.312501 0.088572
vt 0.318182 0.078731
vt 0.344402 0.116080
vt 0.339759 0.107962
vt 0.348619 0.157461
vt 0.363637 0.157461
vt 0.911675 0.029905
vt 0.900929 0.023363
vt 0.911916 0.013973
vt 0.920067 0.034755
vt 0.916028 0.051304
vt 0.904607 0.047086
vt 0.926570 0.065699
vt 0.938906 0.059860
vt 0.938753 0.073930
vt 0.925957 0.053228
vt 0.889415 0.055744
vt 0.891612 0.065699
vt 0.879429 0.073930
vt 0.906801 0.055127
vt 0.903409 0.009841
vt 0.909091 0.000000
vt 0.920455 0.019683
vt 0.892046 0.029524
vt 0.898456 0.039734
vt 0.886364 0.039365
vt 0.948864 0.068889
vt 0.954545 0.078731
vt 0.928393 0.041343
vt 0.937500 0.049207
vt 0.869318 0.068889
vt 0.863636 0.078731
vt 0.880682 0.049207
vt 0.875000 0.059048
vt 0.904908 0.066242
vt 0.909091 0.082763
vt 0.899740 0.082800
vt 0.729857 0.029905
vt 0.719111 0.023364
vt 0.730098 0.013972
vt 0.738248 0.034755
vt 0.735616 0.051893
vt 0.722789 0.047087
vt 0.744752 0.065699
vt 0.757088 0.059860
vt 0.756935 0.073930
vt 0.735862 0.066367
vt 0.697458 0.059860
vt 0.709794 0.065699
vt 0.697611 0.073930
vt 0.710407 0.053228
vt 0.724983 0.055127
vt 0.746575 0.041343
vt 0.751861 0.050561
vt 0.738637 0.019683
vt 0.724932 0.004054
vt 0.710228 0.029524
vt 0.716638 0.039734
vt 0.704546 0.039365
vt 0.767046 0.068889
vt 0.772727 0.078731
vt 0.687500 0.068889
vt 0.681818 0.078731
vt 0.723090 0.066242
vt 0.727273 0.082763
vt 0.717922 0.082800
vt 0.548039 0.029905
vt 0.537293 0.023364
vt 0.542630 0.013972
vt 0.556431 0.034755
vt 0.553798 0.051893
vt 0.540971 0.047086
vt 0.562934 0.065699
vt 0.570288 0.054359
vt 0.575117 0.073930
vt 0.549637 0.066241
vt 0.515640 0.059860
vt 0.527976 0.065699
vt 0.515793 0.073930
vt 0.535756 0.055452
vt 0.536866 0.066367
vt 0.564757 0.041343
vt 0.556819 0.019683
vt 0.528410 0.029524
vt 0.534820 0.039734
vt 0.522728 0.039365
vt 0.585228 0.068889
vt 0.590909 0.078731
vt 0.545455 0.082763
vt 0.554806 0.082800
vt 0.505682 0.068889
vt 0.500000 0.078731
vt 0.300754 0.170414
vt 0.290041 0.178013
vt 0.321787 0.176182
vt 0.311278 0.184896
vt 0.338086 0.175173
vt 0.330991 0.163135
vt 0.350954 0.168737
vt 0.334462 0.183206
vt 0.322069 0.185949
vt 0.308574 0.211260
vt 0.320720 0.205182
vt 0.321571 0.219537
vt 0.315842 0.193493
vt 0.325914 0.198070
vt 0.297974 0.185085
vt 0.298889 0.194844
vt 0.337089 0.194620
vt 0.349115 0.190769
vt 0.310673 0.223185
vt 0.318183 0.236191
vt 0.339740 0.206946
vt 0.118936 0.170414
vt 0.108243 0.177978
vt 0.106871 0.162512
vt 0.127436 0.165356
vt 0.139969 0.176182
vt 0.129460 0.184897
vt 0.156268 0.175173
vt 0.155427 0.161570
vt 0.169136 0.168738
vt 0.152644 0.183206
vt 0.140252 0.185949
vt 0.126756 0.211260
vt 0.138902 0.205182
vt 0.139754 0.219538
vt 0.134024 0.193493
vt 0.144096 0.198070
vt 0.136365 0.161417
vt 0.145717 0.161447
vt 0.116158 0.185081
vt 0.117070 0.194844
vt 0.094944 0.173289
vt 0.090910 0.157461
vt 0.117285 0.152883
vt 0.166801 0.157461
vt 0.181819 0.157461
vt 0.155271 0.194620
vt 0.167296 0.190769
vt 0.128855 0.223185
vt 0.136364 0.236191
vt 0.157922 0.206947
vt 0.846208 0.170413
vt 0.835495 0.178013
vt 0.830467 0.168880
vt 0.854708 0.165356
vt 0.863637 0.175491
vt 0.856732 0.184896
vt 0.883540 0.175173
vt 0.882699 0.161570
vt 0.896408 0.168737
vt 0.872259 0.169469
vt 0.878594 0.192340
vt 0.867047 0.183053
vt 0.879916 0.183206
vt 0.854028 0.211260
vt 0.866174 0.205181
vt 0.867026 0.219538
vt 0.861296 0.193493
vt 0.871368 0.198070
vt 0.843428 0.185085
vt 0.844343 0.194844
vt 0.844557 0.152883
vt 0.894073 0.157461
vt 0.909091 0.157461
vt 0.894569 0.190769
vt 0.863636 0.161417
vt 0.876445 0.151787
vt 0.856128 0.223185
vt 0.863637 0.236191
vt 0.885194 0.206946
vt 0.664390 0.170413
vt 0.653677 0.178013
vt 0.648649 0.168880
vt 0.672890 0.165356
vt 0.685422 0.176182
vt 0.674914 0.184897
vt 0.701722 0.175173
vt 0.694627 0.163135
vt 0.714590 0.168737
vt 0.698098 0.183206
vt 0.685706 0.185949
vt 0.672210 0.211260
vt 0.684356 0.205182
vt 0.685208 0.219538
vt 0.679478 0.193493
vt 0.689550 0.198070
vt 0.681819 0.161417
vt 0.661610 0.185085
vt 0.662525 0.194844
vt 0.652087 0.153043
vt 0.630231 0.157554
vt 0.662739 0.152883
vt 0.712255 0.157461
vt 0.727273 0.157461
vt 0.700725 0.194620
vt 0.712751 0.190769
vt 0.674309 0.223185
vt 0.681819 0.236191
vt 0.703376 0.206946
vt 0.482572 0.170413
vt 0.471859 0.178013
vt 0.466831 0.168880
vt 0.491072 0.165356
vt 0.500000 0.175490
vt 0.493096 0.184896
vt 0.519903 0.175173
vt 0.511972 0.168293
vt 0.532772 0.168737
vt 0.514958 0.192340
vt 0.503411 0.183053
vt 0.516280 0.183206
vt 0.490392 0.211260
vt 0.502538 0.205181
vt 0.503390 0.219538
vt 0.497660 0.193493
vt 0.507732 0.198070
vt 0.479792 0.185084
vt 0.480707 0.194844
vt 0.470269 0.153043
vt 0.454546 0.157461
vt 0.480921 0.152883
vt 0.530437 0.157461
vt 0.545455 0.157461
vt 0.530932 0.190769
vt 0.509353 0.153475
vt 0.519063 0.153352
vt 0.500001 0.161417
vt 0.492491 0.223185
vt 0.500001 0.236191
vt 0.521558 0.206946
vt 0.275511 0.188227
vt 0.263586 0.182731
vt 0.268996 0.173811
vt 0.283632 0.197484
vt 0.279857 0.205832
vt 0.268207 0.204548
vt 0.290032 0.222782
vt 0.289417 0.210276
vt 0.299126 0.221407
vt 0.256038 0.210276
vt 0.255424 0.222782
vt 0.246330 0.221408
vt 0.270446 0.212549
vt 0.276762 0.216711
vt 0.264172 0.223677
vt 0.247633 0.185151
vt 0.261932 0.197488
vt 0.246602 0.194864
vt 0.272728 0.231627
vt 0.281284 0.223677
vt 0.282083 0.240126
vt 0.236882 0.211260
vt 0.234783 0.223185
vt 0.263373 0.240126
vt 0.093830 0.187988
vt 0.082808 0.180929
vt 0.101825 0.197465
vt 0.098038 0.205832
vt 0.086394 0.204539
vt 0.108214 0.222782
vt 0.107599 0.210276
vt 0.117308 0.221407
vt 0.073992 0.210671
vt 0.073466 0.223023
vt 0.063983 0.222322
vt 0.088623 0.212557
vt 0.094943 0.216711
vt 0.082337 0.223707
vt 0.085228 0.167302
vt 0.073864 0.186985
vt 0.080246 0.197258
vt 0.068183 0.196826
vt 0.090910 0.231627
vt 0.099465 0.223677
vt 0.100264 0.240126
vt 0.056819 0.216509
vt 0.051137 0.226350
vt 0.081552 0.240130
vt 0.829087 0.197484
vt 0.825311 0.205832
vt 0.813661 0.204548
vt 0.835486 0.222781
vt 0.834872 0.210276
vt 0.844580 0.221407
vt 0.801493 0.210276
vt 0.800878 0.222781
vt 0.791784 0.221407
vt 0.815900 0.212549
vt 0.822215 0.216711
vt 0.809627 0.223677
vt 0.820037 0.184521
vt 0.809040 0.182731
vt 0.805897 0.168880
vt 0.793087 0.185151
vt 0.807386 0.197488
vt 0.792056 0.194864
vt 0.818182 0.231626
vt 0.826738 0.223677
vt 0.827537 0.240126
vt 0.782337 0.211260
vt 0.780237 0.223185
vt 0.808828 0.240126
vt 0.647269 0.197484
vt 0.643493 0.205832
vt 0.631843 0.204548
vt 0.653668 0.222782
vt 0.653054 0.210276
vt 0.662762 0.221407
vt 0.619674 0.210276
vt 0.619060 0.222782
vt 0.609966 0.221407
vt 0.634082 0.212550
vt 0.640398 0.216711
vt 0.627808 0.223677
vt 0.638219 0.184521
vt 0.627222 0.182731
vt 0.624079 0.168880
vt 0.611269 0.185151
vt 0.625568 0.197488
vt 0.610238 0.194864
vt 0.636364 0.231627
vt 0.644920 0.223677
vt 0.645719 0.240126
vt 0.600518 0.211260
vt 0.598419 0.223185
vt 0.627010 0.240126
vt 0.457329 0.188227
vt 0.445404 0.182731
vt 0.450814 0.173811
vt 0.465450 0.197484
vt 0.461675 0.205832
vt 0.450025 0.204548
vt 0.471850 0.222782
vt 0.471236 0.210276
vt 0.480944 0.221407
vt 0.437857 0.210276
vt 0.437242 0.222782
vt 0.428148 0.221407
vt 0.452264 0.212549
vt 0.458580 0.216711
vt 0.445991 0.223677
vt 0.429451 0.185151
vt 0.443750 0.197488
vt 0.428420 0.194864
vt 0.454546 0.231627
vt 0.463102 0.223677
vt 0.463901 0.240126
vt 0.418701 0.211260
vt 0.416601 0.223185
vt 0.445191 0.240126
vt 0.222908 0.322940
vt 0.216288 0.334461
vt 0.208183 0.319390
vt 0.218891 0.362840
vt 0.230732 0.363656
vt 0.233169 0.379396
vt 0.226008 0.342190
vt 0.235099 0.342368
vt 0.235762 0.356128
vt 0.217178 0.350211
vt 0.197617 0.319758
vt 0.189652 0.328489
vt 0.185623 0.308329
vt 0.204223 0.337406
vt 0.201646 0.349263
vt 0.264043 0.333454
vt 0.250037 0.343580
vt 0.254339 0.328081
vt 0.246265 0.310126
vt 0.240165 0.326750
vt 0.236600 0.310388
vt 0.216998 0.375854
vt 0.228206 0.395267
vt 0.246482 0.352255
vt 0.250347 0.365192
vt 0.041088 0.322941
vt 0.034469 0.334461
vt 0.026344 0.319425
vt 0.037073 0.362841
vt 0.048913 0.363656
vt 0.051351 0.379396
vt 0.044190 0.342190
vt 0.053280 0.342368
vt 0.053943 0.356127
vt 0.035359 0.350211
vt 0.015734 0.319870
vt 0.007833 0.328489
vt 0.002879 0.309935
vt 0.022404 0.337406
vt 0.019827 0.349263
vt 0.082224 0.333454
vt 0.068219 0.343581
vt 0.072520 0.328080
vt 0.064446 0.310126
vt 0.058346 0.326750
vt 0.054781 0.310388
vt 0.035179 0.375854
vt 0.046388 0.395267
vt 0.064664 0.352255
vt 0.068528 0.365192
vt 0.768362 0.322939
vt 0.761742 0.334461
vt 0.753637 0.319389
vt 0.764345 0.362840
vt 0.776186 0.363656
vt 0.778624 0.379396
vt 0.771462 0.342190
vt 0.780553 0.342368
vt 0.781216 0.356127
vt 0.762632 0.350211
vt 0.743071 0.319758
vt 0.735106 0.328489
vt 0.731077 0.308329
vt 0.749677 0.337406
vt 0.747100 0.349263
vt 0.809497 0.333455
vt 0.795491 0.343580
vt 0.799793 0.328080
vt 0.791719 0.310126
vt 0.785619 0.326750
vt 0.782054 0.310388
vt 0.762452 0.375853
vt 0.773660 0.395267
vt 0.791936 0.352255
vt 0.795801 0.365192
vt 0.586544 0.322939
vt 0.579924 0.334461
vt 0.571819 0.319389
vt 0.582527 0.362841
vt 0.594368 0.363656
vt 0.596805 0.379396
vt 0.589644 0.342190
vt 0.598735 0.342368
vt 0.599398 0.356127
vt 0.580814 0.350211
vt 0.561253 0.319758
vt 0.553289 0.328489
vt 0.549259 0.308329
vt 0.567859 0.337406
vt 0.565282 0.349263
vt 0.627679 0.333454
vt 0.613673 0.343581
vt 0.617975 0.328081
vt 0.609901 0.310127
vt 0.603801 0.326750
vt 0.600236 0.310388
vt 0.580634 0.375853
vt 0.591842 0.395267
vt 0.610118 0.352255
vt 0.613983 0.365192
vt 0.404726 0.322939
vt 0.398105 0.334461
vt 0.390001 0.319389
vt 0.400709 0.362841
vt 0.412550 0.363656
vt 0.414987 0.379396
vt 0.407826 0.342190
vt 0.416918 0.342368
vt 0.417579 0.356127
vt 0.398996 0.350211
vt 0.379435 0.319758
vt 0.371470 0.328489
vt 0.367441 0.308329
vt 0.386041 0.337406
vt 0.383464 0.349263
vt 0.445861 0.333454
vt 0.431856 0.343581
vt 0.436157 0.328080
vt 0.428083 0.310126
vt 0.421983 0.326750
vt 0.418418 0.310388
vt 0.398816 0.375854
vt 0.410024 0.395267
vt 0.428300 0.352255
vt 0.432164 0.365192
vt 0.445965 0.406279
vt 0.454546 0.408676
vt 0.450214 0.421725
vt 0.465762 0.422538
vt 0.462684 0.407453
vt 0.473706 0.397403
vt 0.456655 0.421112
vt 0.429424 0.411187
vt 0.444180 0.424490
vt 0.442899 0.436656
vt 0.454546 0.427589
vt 0.423789 0.419109
vt 0.442131 0.360240
vt 0.445915 0.375356
vt 0.467545 0.353818
vt 0.455998 0.353895
vt 0.463140 0.340589
vt 0.446274 0.352628
vt 0.463135 0.381390
vt 0.453597 0.370689
vt 0.459370 0.366795
vt 0.471249 0.367731
vt 0.427595 0.373649
vt 0.426112 0.383825
vt 0.457966 0.331548
vt 0.454546 0.314921
vt 0.499123 0.375157
vt 0.481263 0.379652
vt 0.493291 0.366725
vt 0.480931 0.318965
vt 0.495234 0.323319
vt 0.479467 0.332804
vt 0.501972 0.337853
vt 0.493064 0.342645
vt 0.518756 0.336367
vt 0.514008 0.322774
vt 0.529799 0.318967
vt 0.487727 0.358915
vt 0.498443 0.355113
vt 0.470385 0.318948
vt 0.537622 0.328489
vt 0.522253 0.349698
vt 0.513843 0.305499
vt 0.510276 0.375853
vt 0.499068 0.395267
vt 0.508000 0.356124
vt 0.627783 0.406281
vt 0.636364 0.408676
vt 0.632032 0.421725
vt 0.647581 0.422538
vt 0.644502 0.407454
vt 0.655524 0.397402
vt 0.638473 0.421112
vt 0.611242 0.411186
vt 0.625999 0.424491
vt 0.624717 0.436656
vt 0.636364 0.427589
vt 0.605607 0.419109
vt 0.623949 0.360240
vt 0.627733 0.375356
vt 0.649363 0.353817
vt 0.637816 0.353896
vt 0.644958 0.340589
vt 0.628092 0.352628
vt 0.644953 0.381390
vt 0.635415 0.370689
vt 0.641188 0.366795
vt 0.653067 0.367731
vt 0.609413 0.373650
vt 0.607930 0.383825
vt 0.639784 0.331547
vt 0.636364 0.314921
vt 0.680941 0.375158
vt 0.663081 0.379652
vt 0.675109 0.366725
vt 0.662749 0.318965
vt 0.677052 0.323319
vt 0.661285 0.332804
vt 0.683790 0.337853
vt 0.674882 0.342645
vt 0.700574 0.336367
vt 0.695826 0.322774
vt 0.711617 0.318967
vt 0.669545 0.358915
vt 0.680261 0.355114
vt 0.652203 0.318948
vt 0.719440 0.328489
vt 0.704072 0.349698
vt 0.695660 0.305498
vt 0.692094 0.375853
vt 0.680886 0.395267
vt 0.689818 0.356124
vt 0.809601 0.406279
vt 0.818182 0.408676
vt 0.813851 0.421725
vt 0.829398 0.422538
vt 0.826320 0.407454
vt 0.837342 0.397402
vt 0.820291 0.421113
vt 0.793059 0.411186
vt 0.807817 0.424490
vt 0.806537 0.436660
vt 0.818182 0.427589
vt 0.787425 0.419109
vt 0.805767 0.360240
vt 0.809551 0.375356
vt 0.831181 0.353818
vt 0.819634 0.353896
vt 0.826776 0.340589
vt 0.809910 0.352628
vt 0.826771 0.381391
vt 0.817232 0.370689
vt 0.823006 0.366795
vt 0.834885 0.367731
vt 0.791231 0.373650
vt 0.789748 0.383825
vt 0.821602 0.331547
vt 0.818182 0.314921
vt 0.862759 0.375158
vt 0.844899 0.379652
vt 0.856927 0.366725
vt 0.844567 0.318964
vt 0.858870 0.323319
vt 0.843103 0.332804
vt 0.865608 0.337853
vt 0.856700 0.342645
vt 0.882392 0.336368
vt 0.877644 0.322774
vt 0.893434 0.318970
vt 0.851363 0.358915
vt 0.862079 0.355113
vt 0.834021 0.318948
vt 0.901258 0.328489
vt 0.911970 0.309935
vt 0.885890 0.349698
vt 0.877479 0.305498
vt 0.873912 0.375854
vt 0.862704 0.395267
vt 0.871636 0.356124
vt 0.082328 0.406280
vt 0.090910 0.408676
vt 0.086578 0.421725
vt 0.102126 0.422538
vt 0.099048 0.407453
vt 0.110070 0.397403
vt 0.093018 0.421112
vt 0.065787 0.411186
vt 0.080544 0.424490
vt 0.079263 0.436656
vt 0.090910 0.427589
vt 0.060153 0.419109
vt 0.078495 0.360240
vt 0.082279 0.375356
vt 0.103909 0.353817
vt 0.092362 0.353895
vt 0.099504 0.340589
vt 0.082638 0.352628
vt 0.099499 0.381390
vt 0.089960 0.370688
vt 0.095734 0.366795
vt 0.107612 0.367732
vt 0.063959 0.373650
vt 0.062475 0.383825
vt 0.094329 0.331547
vt 0.090910 0.314921
vt 0.135487 0.375157
vt 0.117627 0.379652
vt 0.129655 0.366725
vt 0.117295 0.318965
vt 0.131598 0.323318
vt 0.115831 0.332804
vt 0.138336 0.337854
vt 0.129427 0.342645
vt 0.155120 0.336368
vt 0.150372 0.322774
vt 0.166163 0.318967
vt 0.124091 0.358915
vt 0.134807 0.355114
vt 0.106748 0.318948
vt 0.173986 0.328489
vt 0.158617 0.349698
vt 0.150206 0.305498
vt 0.146640 0.375854
vt 0.135432 0.395267
vt 0.144364 0.356124
vt 0.264147 0.406280
vt 0.272728 0.408676
vt 0.268396 0.421725
vt 0.283944 0.422538
vt 0.280866 0.407453
vt 0.291888 0.397403
vt 0.274837 0.421112
vt 0.247606 0.411186
vt 0.262363 0.424491
vt 0.261081 0.436656
vt 0.272728 0.427589
vt 0.241971 0.419109
vt 0.260313 0.360240
vt 0.264097 0.375356
vt 0.285727 0.353817
vt 0.274180 0.353896
vt 0.281322 0.340589
vt 0.264456 0.352628
vt 0.281317 0.381390
vt 0.271779 0.370689
vt 0.277552 0.366795
vt 0.289431 0.367732
vt 0.245777 0.373650
vt 0.244294 0.383825
vt 0.276148 0.331547
vt 0.272728 0.314921
vt 0.317305 0.375158
vt 0.299445 0.379652
vt 0.311473 0.366725
vt 0.299113 0.318965
vt 0.313416 0.323319
vt 0.297649 0.332804
vt 0.320154 0.337853
vt 0.311246 0.342645
vt 0.336938 0.336368
vt 0.332191 0.322774
vt 0.347981 0.318967
vt 0.305909 0.358915
vt 0.316625 0.355113
vt 0.288567 0.318948
vt 0.355804 0.328489
vt 0.340435 0.349698
vt 0.332024 0.305499
vt 0.328458 0.375854
vt 0.317250 0.395267
vt 0.326182 0.356124
vt 0.411759 0.267071
vt 0.399550 0.261171
vt 0.412577 0.252759
vt 0.423391 0.285109
vt 0.411453 0.278870
vt 0.422989 0.269900
vt 0.400939 0.273989
vt 0.428903 0.297234
vt 0.438559 0.310165
vt 0.409092 0.306062
vt 0.412734 0.291949
vt 0.400823 0.287694
vt 0.401582 0.249197
vt 0.409092 0.236191
vt 0.426366 0.256760
vt 0.387757 0.281390
vt 0.387899 0.260989
vt 0.450236 0.299083
vt 0.382515 0.300551
vt 0.373111 0.289892
vt 0.396410 0.302372
vt 0.454546 0.247987
vt 0.450948 0.257688
vt 0.473749 0.253713
vt 0.473610 0.240288
vt 0.484074 0.240649
vt 0.437653 0.277291
vt 0.451510 0.277705
vt 0.445187 0.289809
vt 0.447898 0.266273
vt 0.459431 0.268864
vt 0.463623 0.256926
vt 0.437937 0.258676
vt 0.425018 0.240649
vt 0.496515 0.252759
vt 0.490596 0.261270
vt 0.478301 0.265362
vt 0.463116 0.295559
vt 0.502982 0.266760
vt 0.519202 0.277592
vt 0.504903 0.282001
vt 0.514535 0.269491
vt 0.492173 0.274239
vt 0.503993 0.299019
vt 0.516713 0.288997
vt 0.496318 0.292043
vt 0.490659 0.310702
vt 0.509808 0.253178
vt 0.478258 0.301254
vt 0.593577 0.267071
vt 0.581368 0.261171
vt 0.594395 0.252759
vt 0.605208 0.285109
vt 0.593271 0.278870
vt 0.604807 0.269900
vt 0.582757 0.273989
vt 0.610721 0.297234
vt 0.620377 0.310165
vt 0.590910 0.306062
vt 0.594553 0.291949
vt 0.582642 0.287694
vt 0.583400 0.249197
vt 0.590910 0.236191
vt 0.608184 0.256760
vt 0.569575 0.281390
vt 0.569716 0.260989
vt 0.632054 0.299083
vt 0.564332 0.300551
vt 0.554929 0.289892
vt 0.578228 0.302371
vt 0.636364 0.247988
vt 0.632765 0.257688
vt 0.655567 0.253713
vt 0.655428 0.240288
vt 0.665892 0.240649
vt 0.639400 0.277705
vt 0.653454 0.277256
vt 0.644934 0.295560
vt 0.645441 0.256926
vt 0.631556 0.268815
vt 0.643151 0.266353
vt 0.619754 0.258676
vt 0.619471 0.277291
vt 0.606836 0.240649
vt 0.678333 0.252759
vt 0.672413 0.261270
vt 0.660118 0.265362
vt 0.684800 0.266760
vt 0.701020 0.277592
vt 0.686722 0.282001
vt 0.696353 0.269491
vt 0.673991 0.274239
vt 0.685811 0.299019
vt 0.698531 0.288997
vt 0.678136 0.292043
vt 0.672477 0.310702
vt 0.691626 0.253178
vt 0.660076 0.301254
vt 0.775395 0.267071
vt 0.763186 0.261171
vt 0.776213 0.252759
vt 0.787027 0.285109
vt 0.775088 0.278870
vt 0.786625 0.269900
vt 0.764575 0.273989
vt 0.792539 0.297234
vt 0.802195 0.310165
vt 0.772728 0.306062
vt 0.776370 0.291948
vt 0.764459 0.287693
vt 0.765218 0.249197
vt 0.772728 0.236191
vt 0.790003 0.256760
vt 0.751393 0.281390
vt 0.751535 0.260989
vt 0.813873 0.299082
vt 0.746151 0.300551
vt 0.736747 0.289892
vt 0.760046 0.302371
vt 0.818182 0.247987
vt 0.814584 0.257688
vt 0.837385 0.253713
vt 0.837246 0.240288
vt 0.847710 0.240649
vt 0.801288 0.277291
vt 0.815146 0.277704
vt 0.808823 0.289809
vt 0.811534 0.266273
vt 0.823067 0.268864
vt 0.827259 0.256926
vt 0.801573 0.258676
vt 0.788654 0.240649
vt 0.860151 0.252759
vt 0.854232 0.261270
vt 0.841937 0.265362
vt 0.826752 0.295559
vt 0.866618 0.266760
vt 0.882838 0.277591
vt 0.868539 0.282001
vt 0.878171 0.269491
vt 0.855810 0.274239
vt 0.867629 0.299019
vt 0.880349 0.288997
vt 0.859954 0.292043
vt 0.854295 0.310702
vt 0.873444 0.253178
vt 0.905584 0.298648
vt 0.889975 0.300004
vt 0.899875 0.289786
vt 0.841894 0.301254
vt 0.048261 0.266832
vt 0.037014 0.259265
vt 0.049253 0.252219
vt 0.059753 0.285109
vt 0.047832 0.278841
vt 0.059363 0.269882
vt 0.037534 0.273587
vt 0.065266 0.297234
vt 0.074922 0.310165
vt 0.045455 0.306062
vt 0.049098 0.291948
vt 0.037161 0.287739
vt 0.039773 0.246032
vt 0.045455 0.236191
vt 0.062750 0.256725
vt 0.023832 0.281890
vt 0.028409 0.265715
vt 0.086600 0.299083
vt 0.018354 0.301457
vt 0.011364 0.295239
vt 0.032700 0.302498
vt 0.090910 0.247987
vt 0.087311 0.257688
vt 0.110113 0.253713
vt 0.109974 0.240288
vt 0.120438 0.240649
vt 0.074016 0.277291
vt 0.087873 0.277705
vt 0.081550 0.289809
vt 0.084261 0.266273
vt 0.095795 0.268864
vt 0.099987 0.256926
vt 0.074300 0.258676
vt 0.061312 0.240770
vt 0.132879 0.252759
vt 0.126959 0.261270
vt 0.114663 0.265362
vt 0.099480 0.295559
vt 0.139345 0.266759
vt 0.155566 0.277591
vt 0.141267 0.282001
vt 0.150899 0.269491
vt 0.128537 0.274238
vt 0.140357 0.299019
vt 0.153077 0.288997
vt 0.132682 0.292043
vt 0.127023 0.310702
vt 0.146172 0.253178
vt 0.114622 0.301254
vt 0.229941 0.267071
vt 0.217732 0.261171
vt 0.230760 0.252759
vt 0.241572 0.285109
vt 0.229634 0.278870
vt 0.241171 0.269900
vt 0.219121 0.273989
vt 0.247085 0.297234
vt 0.256741 0.310165
vt 0.227274 0.306062
vt 0.230916 0.291949
vt 0.219005 0.287693
vt 0.219764 0.249197
vt 0.227274 0.236191
vt 0.244548 0.256760
vt 0.205939 0.281390
vt 0.206080 0.260989
vt 0.268418 0.299083
vt 0.200696 0.300551
vt 0.191293 0.289892
vt 0.214592 0.302372
vt 0.272728 0.247987
vt 0.269130 0.257688
vt 0.291931 0.253713
vt 0.291792 0.240288
vt 0.302256 0.240649
vt 0.275764 0.277705
vt 0.289817 0.277256
vt 0.281298 0.295559
vt 0.281805 0.256926
vt 0.267921 0.268815
vt 0.279515 0.266353
vt 0.256119 0.258676
vt 0.255835 0.277291
vt 0.243200 0.240649
vt 0.314697 0.252759
vt 0.308777 0.261270
vt 0.296483 0.265362
vt 0.321164 0.266759
vt 0.337384 0.277592
vt 0.323085 0.282001
vt 0.332717 0.269491
vt 0.310355 0.274239
vt 0.322175 0.299019
vt 0.334896 0.288997
vt 0.314500 0.292043
vt 0.308841 0.310702
vt 0.327990 0.253178
vt 0.296440 0.301254
vt 0.532660 0.248721
vt 0.522791 0.259317
vt 0.515930 0.240665
vt 0.562840 0.249295
vt 0.574978 0.240673
vt 0.555537 0.259704
vt 0.555402 0.268177
vt 0.549895 0.248301
vt 0.530364 0.277478
vt 0.543839 0.274973
vt 0.539314 0.293887
vt 0.553499 0.277040
vt 0.536958 0.263169
vt 0.536112 0.232008
vt 0.523158 0.229900
vt 0.545455 0.232058
vt 0.554798 0.232008
vt 0.535006 0.215992
vt 0.516863 0.215438
vt 0.533290 0.202924
vt 0.559978 0.190769
vt 0.545316 0.197886
vt 0.551710 0.180624
vt 0.557545 0.202967
vt 0.535935 0.182456
vt 0.549068 0.217264
vt 0.560096 0.214682
vt 0.569352 0.206947
vt 0.574047 0.215438
vt 0.545386 0.208456
vt 0.567752 0.229900
vt 0.587521 0.219538
vt 0.571847 0.161570
vt 0.571006 0.175173
vt 0.558138 0.168737
vt 0.583603 0.176787
vt 0.574630 0.183206
vt 0.611136 0.175260
vt 0.609929 0.162213
vt 0.595621 0.190590
vt 0.593329 0.177129
vt 0.588372 0.205182
vt 0.583178 0.198070
vt 0.587022 0.185949
vt 0.605506 0.202931
vt 0.560473 0.157461
vt 0.572003 0.194620
vt 0.599849 0.149592
vt 0.596357 0.168137
vt 0.590910 0.153505
vt 0.714478 0.248721
vt 0.704609 0.259317
vt 0.697748 0.240665
vt 0.744658 0.249295
vt 0.756796 0.240673
vt 0.737356 0.259704
vt 0.737220 0.268177
vt 0.731713 0.248301
vt 0.712182 0.277478
vt 0.725657 0.274974
vt 0.721131 0.293887
vt 0.735317 0.277040
vt 0.718776 0.263169
vt 0.717930 0.232008
vt 0.704976 0.229900
vt 0.727273 0.232058
vt 0.736616 0.232008
vt 0.716825 0.215991
vt 0.698681 0.215438
vt 0.715107 0.202924
vt 0.741796 0.190769
vt 0.727135 0.197887
vt 0.736794 0.182456
vt 0.739363 0.202967
vt 0.721018 0.180625
vt 0.730886 0.217264
vt 0.741914 0.214682
vt 0.751170 0.206946
vt 0.755865 0.215438
vt 0.727204 0.208456
vt 0.739956 0.168738
vt 0.749570 0.229900
vt 0.769339 0.219538
vt 0.753665 0.161570
vt 0.752824 0.175173
vt 0.764105 0.169469
vt 0.775147 0.177129
vt 0.769305 0.183041
vt 0.792954 0.175260
vt 0.791747 0.162214
vt 0.777440 0.190590
vt 0.770190 0.205182
vt 0.764996 0.198070
vt 0.787325 0.202931
vt 0.757771 0.192340
vt 0.756448 0.183206
vt 0.742292 0.157461
vt 0.802459 0.153043
vt 0.824315 0.157554
vt 0.781667 0.149592
vt 0.778175 0.168137
vt 0.772728 0.153505
vt 0.896296 0.248721
vt 0.886427 0.259317
vt 0.879566 0.240665
vt 0.933963 0.259931
vt 0.926614 0.249056
vt 0.938899 0.240181
vt 0.919235 0.259598
vt 0.919038 0.268177
vt 0.913540 0.248285
vt 0.893994 0.277488
vt 0.907416 0.275076
vt 0.916908 0.277433
vt 0.917475 0.291780
vt 0.900594 0.263169
vt 0.899748 0.232008
vt 0.886794 0.229900
vt 0.948864 0.246032
vt 0.954545 0.236191
vt 0.909091 0.232058
vt 0.918437 0.232003
vt 0.898642 0.215991
vt 0.880499 0.215438
vt 0.896925 0.202924
vt 0.923613 0.190769
vt 0.908953 0.197887
vt 0.918611 0.182456
vt 0.921182 0.202967
vt 0.902836 0.180624
vt 0.912704 0.217264
vt 0.923732 0.214682
vt 0.932985 0.206951
vt 0.937661 0.215476
vt 0.909022 0.208456
vt 0.921775 0.168738
vt 0.931403 0.229876
vt 0.950840 0.220086
vt 0.942574 0.168293
vt 0.934642 0.175173
vt 0.956970 0.177120
vt 0.951123 0.183041
vt 0.975124 0.174652
vt 0.973646 0.162074
vt 0.988860 0.166894
vt 0.975370 0.184345
vt 0.959231 0.190636
vt 0.951869 0.205423
vt 0.963044 0.213183
vt 0.946797 0.198100
vt 0.973875 0.194864
vt 0.968506 0.204034
vt 0.939588 0.192340
vt 0.938266 0.183206
vt 0.924110 0.157461
vt 0.945193 0.153475
vt 0.935483 0.153352
vt 0.984347 0.152921
vt 1.000000 0.157461
vt 0.988636 0.177144
vt 0.963487 0.149589
vt 0.960004 0.168118
vt 0.954546 0.153505
vt 0.960227 0.226350
vt 0.169024 0.248721
vt 0.159155 0.259317
vt 0.152294 0.240665
vt 0.199204 0.249295
vt 0.211342 0.240673
vt 0.191901 0.259704
vt 0.191766 0.268177
vt 0.186259 0.248301
vt 0.166728 0.277478
vt 0.180203 0.274973
vt 0.175678 0.293887
vt 0.189863 0.277040
vt 0.173322 0.263169
vt 0.172476 0.232008
vt 0.159521 0.229900
vt 0.181819 0.232058
vt 0.191162 0.232008
vt 0.171370 0.215992
vt 0.153227 0.215438
vt 0.169653 0.202924
vt 0.196342 0.190769
vt 0.181681 0.197886
vt 0.191339 0.182456
vt 0.193909 0.202967
vt 0.175564 0.180624
vt 0.185432 0.217264
vt 0.196460 0.214682
vt 0.205716 0.206946
vt 0.210411 0.215438
vt 0.181750 0.208456
vt 0.194502 0.168738
vt 0.204116 0.229900
vt 0.223884 0.219538
vt 0.215302 0.168293
vt 0.207370 0.175173
vt 0.229693 0.177129
vt 0.223851 0.183041
vt 0.247500 0.175260
vt 0.246293 0.162213
vt 0.256773 0.162523
vt 0.231986 0.190590
vt 0.224736 0.205181
vt 0.219542 0.198070
vt 0.241871 0.202931
vt 0.212316 0.192340
vt 0.210994 0.183206
vt 0.196837 0.157461
vt 0.217921 0.153475
vt 0.208211 0.153352
vt 0.236213 0.149592
vt 0.232721 0.168137
vt 0.227274 0.153505
vt 0.350842 0.248722
vt 0.340973 0.259317
vt 0.334112 0.240665
vt 0.381022 0.249296
vt 0.393160 0.240673
vt 0.373719 0.259704
vt 0.373585 0.268178
vt 0.368077 0.248301
vt 0.348546 0.277478
vt 0.362021 0.274974
vt 0.357496 0.293887
vt 0.371681 0.277040
vt 0.355140 0.263169
vt 0.354294 0.232008
vt 0.341340 0.229900
vt 0.363637 0.232058
vt 0.372980 0.232008
vt 0.353189 0.215992
vt 0.335046 0.215438
vt 0.351471 0.202924
vt 0.378160 0.190769
vt 0.363499 0.197887
vt 0.373157 0.182457
vt 0.375727 0.202967
vt 0.357382 0.180625
vt 0.367250 0.217264
vt 0.378278 0.214682
vt 0.387535 0.206946
vt 0.392228 0.215438
vt 0.363568 0.208456
vt 0.376320 0.168738
vt 0.385935 0.229900
vt 0.405703 0.219537
vt 0.397120 0.168293
vt 0.389188 0.175173
vt 0.411511 0.177129
vt 0.405669 0.183041
vt 0.429318 0.175260
vt 0.428111 0.162213
vt 0.438591 0.162524
vt 0.413804 0.190590
vt 0.406554 0.205181
vt 0.401360 0.198070
vt 0.423689 0.202931
vt 0.394134 0.192340
vt 0.392812 0.183206
vt 0.378655 0.157461
vt 0.399739 0.153475
vt 0.390029 0.153352
vt 0.418031 0.149592
vt 0.414538 0.168137
vt 0.409092 0.153505
vt 0.502703 0.109474
vt 0.491478 0.101710
vt 0.503739 0.094808
vt 0.509821 0.120718
vt 0.495315 0.124289
vt 0.519904 0.139749
vt 0.532772 0.146184
vt 0.507307 0.138135
vt 0.516280 0.131716
vt 0.479422 0.140270
vt 0.479179 0.130578
vt 0.497576 0.137801
vt 0.480699 0.120074
vt 0.486039 0.110886
vt 0.494319 0.088572
vt 0.526220 0.116079
vt 0.521576 0.107963
vt 0.460228 0.147620
vt 0.465910 0.137778
vt 0.494543 0.146805
vt 0.536104 0.082800
vt 0.534898 0.099015
vt 0.523174 0.084920
vt 0.516909 0.099435
vt 0.564691 0.116080
vt 0.553515 0.105363
vt 0.569334 0.107963
vt 0.557171 0.094711
vt 0.564525 0.083022
vt 0.541089 0.111760
vt 0.530922 0.124159
vt 0.548485 0.120252
vt 0.559988 0.124160
vt 0.551710 0.134297
vt 0.545455 0.100507
vt 0.573962 0.095704
vt 0.535935 0.132465
vt 0.599432 0.101710
vt 0.588207 0.109474
vt 0.587171 0.094808
vt 0.593191 0.121336
vt 0.583184 0.116839
vt 0.608473 0.144750
vt 0.620092 0.138710
vt 0.625218 0.148037
vt 0.590909 0.139431
vt 0.597819 0.130034
vt 0.571006 0.139749
vt 0.578938 0.146629
vt 0.558139 0.146184
vt 0.587499 0.131870
vt 0.596591 0.088572
vt 0.619319 0.127937
vt 0.607249 0.128384
vt 0.613637 0.118096
vt 0.576924 0.127963
vt 0.581557 0.161447
vt 0.684521 0.109474
vt 0.674801 0.112548
vt 0.685558 0.094808
vt 0.700881 0.153352
vt 0.701722 0.139749
vt 0.714589 0.146184
vt 0.690441 0.145453
vt 0.679394 0.137801
vt 0.685241 0.131881
vt 0.661240 0.140270
vt 0.660997 0.130578
vt 0.677325 0.125801
vt 0.676137 0.088572
vt 0.664773 0.108254
vt 0.670455 0.098413
vt 0.662517 0.120074
vt 0.695804 0.127963
vt 0.708038 0.116080
vt 0.712740 0.124160
vt 0.642046 0.147620
vt 0.647728 0.137778
vt 0.676360 0.146805
vt 0.723580 0.097799
vt 0.712527 0.099959
vt 0.703395 0.107962
vt 0.698727 0.099435
vt 0.751152 0.107963
vt 0.737713 0.098810
vt 0.755819 0.099435
vt 0.736624 0.082800
vt 0.749555 0.084920
vt 0.722906 0.111760
vt 0.730303 0.120252
vt 0.741806 0.124160
vt 0.733528 0.134297
vt 0.731142 0.107208
vt 0.704992 0.084920
vt 0.768989 0.094808
vt 0.717753 0.132465
vt 0.783522 0.108775
vt 0.770026 0.109474
vt 0.775010 0.121335
vt 0.762907 0.120718
vt 0.790291 0.144750
vt 0.801910 0.138710
vt 0.769124 0.138740
vt 0.779637 0.130034
vt 0.752824 0.139749
vt 0.759919 0.151787
vt 0.739957 0.146184
vt 0.756448 0.131716
vt 0.778409 0.088572
vt 0.746509 0.116080
vt 0.812500 0.147620
vt 0.801137 0.127937
vt 0.789067 0.128384
vt 0.795455 0.118096
vt 0.866339 0.109474
vt 0.855114 0.101710
vt 0.867375 0.094808
vt 0.855845 0.116241
vt 0.877622 0.127963
vt 0.864782 0.127930
vt 0.871362 0.116839
vt 0.883539 0.139749
vt 0.896408 0.146184
vt 0.870943 0.138135
vt 0.843059 0.140270
vt 0.829328 0.148037
vt 0.842815 0.130578
vt 0.856523 0.127111
vt 0.861212 0.137802
vt 0.857955 0.088572
vt 0.844335 0.120074
vt 0.846591 0.108254
vt 0.889856 0.116080
vt 0.894558 0.124160
vt 0.829546 0.137778
vt 0.858179 0.146804
vt 0.905398 0.097799
vt 0.894345 0.099959
vt 0.885212 0.107963
vt 0.880545 0.099435
vt 0.928326 0.116080
vt 0.917151 0.105363
vt 0.932970 0.107963
vt 0.920807 0.094711
vt 0.918442 0.082800
vt 0.931373 0.084920
vt 0.909209 0.117097
vt 0.899571 0.132465
vt 0.923624 0.124159
vt 0.915346 0.134297
vt 0.905222 0.107208
vt 0.886809 0.084920
vt 0.937637 0.099435
vt 0.950807 0.094808
vt 0.965340 0.108775
vt 0.951843 0.109474
vt 0.956827 0.121335
vt 0.946820 0.116839
vt 0.972111 0.144746
vt 0.983728 0.138710
vt 0.950942 0.138740
vt 0.961455 0.130034
vt 0.934642 0.139749
vt 0.921775 0.146184
vt 0.940560 0.127962
vt 0.960227 0.088572
vt 0.994318 0.147620
vt 0.982955 0.127937
vt 0.970885 0.128384
vt 0.977273 0.118096
vt 0.389188 0.139749
vt 0.376321 0.146184
vt 0.392812 0.131716
vt 0.405487 0.138740
vt 0.416109 0.112548
vt 0.406389 0.109474
vt 0.405353 0.094808
vt 0.416001 0.130034
vt 0.407950 0.127914
vt 0.426655 0.144750
vt 0.438273 0.138711
vt 0.443400 0.148037
vt 0.414773 0.088572
vt 0.409092 0.078731
vt 0.426137 0.108254
vt 0.420455 0.098413
vt 0.399271 0.120718
vt 0.382872 0.116080
vt 0.387516 0.107962
vt 0.437501 0.127937
vt 0.425431 0.128383
vt 0.431819 0.118096
vt 0.359270 0.111760
vt 0.349105 0.124159
vt 0.366667 0.120252
vt 0.378170 0.124160
vt 0.369892 0.134297
vt 0.354286 0.082800
vt 0.353079 0.099015
vt 0.344567 0.083022
vt 0.335130 0.095704
vt 0.371697 0.105363
vt 0.375353 0.094711
vt 0.372988 0.082800
vt 0.385918 0.084920
vt 0.363637 0.100507
vt 0.354117 0.132465
vt 0.333975 0.073930
vt 0.392183 0.099435
vt 0.333822 0.059860
vt 0.346158 0.065699
vt 0.353938 0.055452
vt 0.355048 0.066367
vt 0.366221 0.029905
vt 0.355475 0.023364
vt 0.360812 0.013973
vt 0.374612 0.034755
vt 0.370750 0.048380
vt 0.359153 0.047086
vt 0.381116 0.065699
vt 0.383314 0.055745
vt 0.393299 0.073930
vt 0.365911 0.055123
vt 0.323864 0.068889
vt 0.369319 0.009841
vt 0.363637 0.000000
vt 0.375001 0.019683
vt 0.346592 0.029524
vt 0.353002 0.039734
vt 0.340910 0.039365
vt 0.403410 0.068889
vt 0.363637 0.082763
vt 0.367820 0.066242
vt 0.392046 0.049207
vt 0.397728 0.059048
vt 0.382939 0.041343
vt 0.139067 0.109474
vt 0.127842 0.101711
vt 0.140103 0.094808
vt 0.128573 0.116241
vt 0.148336 0.146629
vt 0.156268 0.139749
vt 0.169136 0.146184
vt 0.133940 0.137801
vt 0.139787 0.131881
vt 0.115786 0.140270
vt 0.102056 0.148037
vt 0.115543 0.130578
vt 0.131871 0.125801
vt 0.130683 0.088572
vt 0.117063 0.120074
vt 0.119319 0.108254
vt 0.150350 0.127963
vt 0.162584 0.116080
vt 0.167286 0.124160
vt 0.102274 0.137778
vt 0.130907 0.146805
vt 0.171262 0.099015
vt 0.162749 0.083022
vt 0.157940 0.107963
vt 0.153312 0.095704
vt 0.201055 0.116080
vt 0.189879 0.105362
vt 0.205698 0.107963
vt 0.193535 0.094711
vt 0.191170 0.082800
vt 0.204101 0.084920
vt 0.177453 0.111760
vt 0.184849 0.120252
vt 0.196352 0.124160
vt 0.191339 0.132465
vt 0.181819 0.100507
vt 0.210365 0.099435
vt 0.223535 0.094808
vt 0.175564 0.134297
vt 0.194502 0.146184
vt 0.235796 0.101710
vt 0.224571 0.109474
vt 0.235065 0.116241
vt 0.234183 0.130034
vt 0.226132 0.127914
vt 0.223670 0.138740
vt 0.207370 0.139749
vt 0.210994 0.131716
vt 0.232955 0.088572
vt 0.217453 0.120718
vt 0.248626 0.145986
vt 0.256455 0.138710
vt 0.267046 0.147620
vt 0.255683 0.127937
vt 0.243613 0.128384
vt 0.250001 0.118096
vt 0.630399 0.462051
vt 0.636364 0.460929
vt 0.636364 0.472376
vt 0.448581 0.462051
vt 0.454546 0.461347
vt 0.454546 0.472380
vt 0.266763 0.462051
vt 0.272728 0.461347
vt 0.272728 0.472377
vt 0.096875 0.462051
vt 0.090910 0.472382
vt 0.090910 0.461613
vt 0.823294 0.463528
vt 0.818182 0.472382
vt 0.818182 0.461399
vt 0.085798 0.463528
vt 0.813173 0.463705
vt 0.181819 0.000000
vt 0.147728 0.059048
vt 0.306819 0.098413
vt 0.917680 0.066367
vt 0.698864 0.049207
vt 0.520867 0.050561
vt 0.545455 0.054491
vt 0.547796 0.004054
vt 0.579546 0.059048
vt 0.303585 0.202931
vt 0.121768 0.202931
vt 0.849040 0.202931
vt 0.667221 0.202931
vt 0.485404 0.202931
vt 0.253664 0.240288
vt 0.062501 0.206667
vt 0.071823 0.240327
vt 0.799118 0.240288
vt 0.617300 0.240288
vt 0.435482 0.240288
vt 0.436929 0.405988
vt 0.484652 0.395981
vt 0.473250 0.424377
vt 0.460139 0.446065
vt 0.448953 0.446065
vt 0.454546 0.439395
vt 0.449323 0.432627
vt 0.465553 0.437716
vt 0.459769 0.432627
vt 0.436872 0.441769
vt 0.485303 0.419109
vt 0.443182 0.452699
vt 0.472220 0.441769
vt 0.465910 0.452699
vt 0.460511 0.462051
vt 0.436692 0.382299
vt 0.471922 0.380504
vt 0.482687 0.345622
vt 0.618747 0.405988
vt 0.666470 0.395981
vt 0.655068 0.424377
vt 0.641957 0.446065
vt 0.630771 0.446065
vt 0.636364 0.439395
vt 0.631141 0.432627
vt 0.647371 0.437716
vt 0.641587 0.432627
vt 0.618690 0.441769
vt 0.667121 0.419109
vt 0.625000 0.452699
vt 0.650234 0.448358
vt 0.641374 0.463705
vt 0.618511 0.382299
vt 0.653741 0.380505
vt 0.664505 0.345622
vt 0.800565 0.405989
vt 0.848288 0.395981
vt 0.836886 0.424377
vt 0.823775 0.446065
vt 0.812589 0.446065
vt 0.818182 0.439395
vt 0.812959 0.432627
vt 0.829189 0.437716
vt 0.823405 0.432627
vt 0.804312 0.448358
vt 0.848939 0.419109
vt 0.832018 0.448418
vt 0.800329 0.382299
vt 0.835558 0.380504
vt 0.846323 0.345622
vt 0.073293 0.405989
vt 0.121016 0.395981
vt 0.109613 0.424378
vt 0.096503 0.446065
vt 0.085317 0.446065
vt 0.090910 0.439395
vt 0.085687 0.432627
vt 0.101917 0.437716
vt 0.096133 0.432627
vt 0.077074 0.448418
vt 0.121667 0.419109
vt 0.108584 0.441769
vt 0.102274 0.452699
vt 0.073056 0.382299
vt 0.108286 0.380504
vt 0.119050 0.345622
vt 0.255111 0.405988
vt 0.302834 0.395981
vt 0.291432 0.424377
vt 0.278321 0.446065
vt 0.267135 0.446065
vt 0.272728 0.439395
vt 0.267505 0.432627
vt 0.283735 0.437716
vt 0.277951 0.432627
vt 0.255054 0.441769
vt 0.303485 0.419109
vt 0.261364 0.452699
vt 0.290402 0.441769
vt 0.284092 0.452699
vt 0.278693 0.462051
vt 0.254874 0.382299
vt 0.290104 0.380504
vt 0.300869 0.345622
vt 0.471636 0.277256
vt 0.485777 0.285080
vt 0.526347 0.299991
vt 0.627004 0.289809
vt 0.667594 0.285080
vt 0.708165 0.299991
vt 0.835271 0.277256
vt 0.849413 0.285080
vt 0.107999 0.277256
vt 0.122140 0.285080
vt 0.162711 0.299991
vt 0.263368 0.289809
vt 0.303958 0.285080
vt 0.344529 0.299991
vt 0.545455 0.260039
vt 0.727273 0.260039
vt 0.909091 0.260040
vt 0.943182 0.255874
vt 0.929168 0.280146
vt 0.181819 0.260039
vt 0.363637 0.260039
vt 0.501737 0.130215
vt 0.604872 0.110886
vt 0.689544 0.116839
vt 0.770992 0.130215
vt 0.784091 0.098413
vt 0.952810 0.130215
vt 0.965909 0.098413
vt 0.339049 0.050561
vt 0.144090 0.116839
vt 0.244319 0.108254
s 1
f 218/1/218 770/2/770 779/3/779
f 771/4/771 774/5/774 760/6/760
f 773/7/773 768/8/768 772/9/772
f 775/10/775 777/11/777 754/12/754
f 778/13/778 773/7/773 777/11/777
f 768/8/768 770/2/770 774/5/774
f 217/14/217 769/15/769 216/16/216
f 218/1/218 769/15/769 217/14/217
f 769/15/769 35/17/35 36/18/36
f 34/19/34 776/20/776 33/21/33
f 760/6/760 222/22/222 6/23/6
f 774/5/774 220/24/220 221/25/221
f 774/5/774 219/26/219 220/24/220
f 31/27/31 754/12/754 5/28/5
f 773/7/773 757/29/757 756/30/756
f 781/31/781 56/32/56 43/33/43
f 41/34/41 782/35/782 788/36/788
f 783/37/783 39/38/39 740/39/740
f 784/40/784 782/35/782 783/37/783
f 52/41/52 787/42/787 734/43/734
f 785/44/785 787/42/787 52/41/52
f 788/36/788 780/45/780 785/44/785
f 782/35/782 40/46/40 39/38/39
f 780/45/780 784/40/784 789/47/789
f 43/33/43 57/48/57 105/49/105
f 41/34/41 781/31/781 42/50/42
f 43/33/43 56/32/56 57/48/57
f 55/51/55 786/52/786 54/53/54
f 740/39/740 37/54/37 6/55/6
f 737/56/737 784/40/784 738/57/738
f 51/58/51 734/43/734 8/59/8
f 52/41/52 734/43/734 51/58/51
f 791/60/791 70/61/70 36/62/36
f 34/63/34 792/64/792 800/65/800
f 793/66/793 32/67/32 719/68/719
f 793/66/793 796/69/796 32/67/32
f 797/70/797 799/71/799 714/72/714
f 800/65/800 790/73/790 797/70/797
f 36/62/36 71/74/71 84/75/84
f 34/63/34 791/60/791 35/76/35
f 36/62/36 70/61/70 71/74/71
f 69/77/69 798/78/798 68/79/68
f 719/68/719 31/80/31 5/81/5
f 719/68/719 32/67/32 31/80/31
f 796/69/796 33/82/33 775/83/775
f 65/84/65 714/72/714 10/85/10
f 67/86/67 797/70/797 66/87/66
f 795/88/795 716/89/716 715/90/715
f 802/91/802 83/92/83 71/93/71
f 69/94/69 803/95/803 810/96/810
f 804/97/804 66/98/66 699/99/699
f 805/100/805 803/95/803 804/97/804
f 79/101/79 809/102/809 694/103/694
f 807/104/807 809/102/809 79/101/79
f 810/96/810 801/105/801 807/104/807
f 803/95/803 68/106/68 67/107/67
f 69/94/69 802/91/802 70/108/70
f 71/93/71 83/92/83 84/109/84
f 82/110/82 808/111/808 81/112/81
f 699/99/699 65/113/65 10/114/10
f 699/99/699 66/98/66 65/113/65
f 78/115/78 694/103/694 12/116/12
f 79/101/79 694/103/694 78/115/78
f 806/117/806 696/118/696 695/119/695
f 812/120/812 238/121/238 237/122/237
f 82/123/82 813/124/813 819/125/819
f 814/126/814 80/127/80 680/128/680
f 815/129/815 813/124/813 814/126/814
f 242/130/242 817/131/817 675/132/675
f 818/133/818 820/134/820 817/131/817
f 813/124/813 81/135/81 80/127/80
f 82/123/82 812/120/812 83/136/83
f 239/137/239 816/138/816 240/139/240
f 680/128/680 78/140/78 12/141/12
f 677/142/677 815/129/815 678/143/678
f 243/144/243 675/132/675 9/145/9
f 242/130/242 675/132/675 243/144/243
f 821/146/821 104/147/104 57/48/57
f 55/51/55 822/148/822 828/149/828
f 823/150/823 53/151/53 660/152/660
f 824/153/824 822/148/822 823/150/823
f 825/154/825 822/148/822 824/153/824
f 100/155/100 826/156/826 654/157/654
f 827/158/827 829/159/829 826/156/826
f 822/148/822 54/53/54 53/151/53
f 827/158/827 825/154/825 829/159/829
f 103/160/103 828/149/828 102/161/102
f 55/51/55 821/146/821 56/32/56
f 57/48/57 104/147/104 105/49/105
f 660/152/660 51/58/51 8/59/8
f 657/162/657 824/153/824 658/163/658
f 99/164/99 654/157/654 15/165/15
f 100/155/100 654/157/654 99/164/99
f 829/159/829 657/162/657 656/166/656
f 830/167/830 116/168/116 50/169/50
f 48/170/48 831/171/831 837/172/837
f 832/173/832 45/174/45 640/175/640
f 833/176/833 831/171/831 832/173/832
f 834/177/834 831/171/831 833/176/833
f 112/178/112 835/179/835 634/180/634
f 836/181/836 838/182/838 835/179/835
f 831/171/831 47/183/47 46/184/46
f 836/181/836 834/177/834 838/182/838
f 115/185/115 837/172/837 114/186/114
f 50/169/50 117/187/117 1/188/1
f 48/170/48 830/167/830 49/189/49
f 50/169/50 116/168/116 117/187/117
f 640/175/640 44/190/44 7/191/7
f 637/192/637 833/176/833 638/193/638
f 640/175/640 45/174/45 44/190/44
f 111/194/111 634/180/634 17/195/17
f 112/178/112 634/180/634 111/194/111
f 838/182/838 637/192/637 636/196/636
f 840/197/840 128/198/128 129/199/129
f 75/200/75 841/201/841 847/202/847
f 842/203/842 73/204/73 620/205/620
f 842/203/842 844/206/844 73/204/73
f 617/207/617 839/208/839 843/209/843
f 124/210/124 845/211/845 614/212/614
f 846/213/846 848/214/848 845/211/845
f 839/208/839 841/201/841 844/206/844
f 127/215/127 847/202/847 126/216/126
f 75/200/75 840/197/840 76/217/76
f 620/205/620 72/218/72 11/219/11
f 617/207/617 843/209/843 618/220/618
f 620/205/620 73/204/73 72/218/72
f 844/206/844 74/221/74 1503/222/1503
f 123/223/123 614/212/614 19/224/19
f 124/210/124 614/212/614 123/223/123
f 848/214/848 617/207/617 616/225/616
f 849/226/849 140/227/140 141/228/141
f 89/229/89 850/230/850 856/231/856
f 851/232/851 87/233/87 600/234/600
f 852/235/852 850/230/850 851/232/851
f 853/236/853 850/230/850 852/235/852
f 136/237/136 854/238/854 594/239/594
f 855/240/855 857/241/857 854/238/854
f 850/230/850 88/242/88 87/233/87
f 855/240/855 853/236/853 857/241/857
f 139/243/139 856/231/856 138/244/138
f 91/245/91 141/228/141 2/246/2
f 89/229/89 849/226/849 90/247/90
f 600/234/600 85/248/85 13/249/13
f 597/250/597 852/235/852 598/251/598
f 135/252/135 594/239/594 21/253/21
f 136/237/136 594/239/594 135/252/135
f 857/241/857 597/250/597 596/254/596
f 859/255/859 152/256/152 153/257/153
f 96/258/96 860/259/860 866/260/866
f 861/261/861 863/262/863 581/263/581
f 578/264/578 858/265/858 862/266/862
f 148/267/148 864/268/864 575/269/575
f 865/270/865 867/271/867 864/268/864
f 858/265/858 860/259/860 863/262/863
f 151/272/151 866/260/866 150/273/150
f 98/274/98 153/257/153 3/275/3
f 96/258/96 859/255/859 97/276/97
f 581/263/581 92/277/92 14/278/14
f 578/264/578 862/266/862 579/279/579
f 863/262/863 94/280/94 93/281/93
f 863/262/863 95/282/95 94/280/94
f 147/283/147 575/269/575 23/284/23
f 148/267/148 575/269/575 147/283/147
f 867/271/867 578/264/578 577/285/577
f 869/286/869 295/287/295 294/288/294
f 870/289/870 871/290/871 881/291/881
f 873/292/873 875/293/875 872/294/872
f 878/295/878 880/296/880 877/297/877
f 881/291/881 868/298/868 878/295/878
f 876/299/876 871/290/871 875/293/875
f 868/298/868 876/299/876 882/300/882
f 876/299/876 868/298/868 871/290/871
f 296/301/296 879/302/879 297/303/297
f 560/304/560 874/305/874 561/306/561
f 872/294/872 100/155/100 99/164/99
f 299/307/299 877/297/877 300/308/300
f 882/300/882 560/304/560 559/309/559
f 884/310/884 308/311/308 117/187/117
f 885/312/885 886/313/886 896/314/896
f 888/315/888 890/316/890 887/317/887
f 893/318/893 895/319/895 892/320/892
f 896/314/896 883/321/883 893/318/893
f 891/322/891 886/313/886 890/316/890
f 883/321/883 891/322/891 897/323/897
f 891/322/891 883/321/883 886/313/886
f 117/187/117 307/324/307 1/188/1
f 117/187/117 308/311/308 307/324/307
f 309/325/309 894/326/894 310/327/310
f 542/328/542 889/329/889 543/330/543
f 887/317/887 112/178/112 111/194/111
f 312/331/312 892/320/892 313/332/313
f 897/323/897 542/328/542 541/333/541
f 900/334/900 901/335/901 911/336/911
f 903/337/903 905/338/905 902/339/902
f 908/340/908 910/341/910 907/342/907
f 911/336/911 898/343/898 908/340/908
f 906/344/906 901/335/901 905/338/905
f 898/343/898 906/344/906 912/345/912
f 906/344/906 898/343/898 901/335/901
f 128/198/128 899/346/899 129/199/129
f 899/346/899 320/347/320 319/348/319
f 321/349/321 909/350/909 322/351/322
f 524/352/524 904/353/904 525/354/525
f 902/339/902 124/210/124 123/223/123
f 324/355/324 907/342/907 325/356/325
f 912/345/912 524/352/524 523/357/523
f 915/358/915 916/359/916 926/360/926
f 918/361/918 920/362/920 917/363/917
f 923/364/923 925/365/925 922/366/922
f 926/360/926 913/367/913 923/364/923
f 921/368/921 916/359/916 920/362/920
f 913/367/913 921/368/921 927/369/927
f 921/368/921 913/367/913 916/359/916
f 140/227/140 914/370/914 141/228/141
f 914/370/914 332/371/332 331/372/331
f 333/373/333 924/374/924 334/375/334
f 506/376/506 919/377/919 507/378/507
f 917/363/917 136/237/136 135/252/135
f 336/379/336 922/366/922 337/380/337
f 927/369/927 506/376/506 505/381/505
f 929/382/929 283/383/283 282/384/282
f 930/385/930 931/386/931 941/387/941
f 933/388/933 935/389/935 932/390/932
f 938/391/938 940/392/940 937/393/937
f 941/387/941 928/394/928 938/391/938
f 936/395/936 931/386/931 935/389/935
f 928/394/928 936/395/936 942/396/942
f 936/395/936 928/394/928 931/386/931
f 153/257/153 282/384/282 3/275/3
f 284/397/284 939/398/939 285/399/285
f 488/400/488 934/401/934 489/402/489
f 932/390/932 148/267/148 147/283/147
f 287/403/287 937/393/937 288/404/288
f 942/396/942 488/400/488 487/405/487
f 163/406/163 945/407/945 164/408/164
f 949/409/949 950/410/950 466/411/466
f 943/412/943 948/413/948 952/414/952
f 945/407/945 943/412/943 951/415/951
f 165/416/165 196/417/196 122/418/122
f 944/419/944 195/420/195 196/417/196
f 471/421/471 470/422/470 946/423/946
f 160/424/160 947/425/947 161/426/161
f 194/427/194 466/411/466 366/428/366
f 952/414/952 469/429/469 468/430/468
f 170/431/170 955/432/955 171/433/171
f 959/434/959 960/435/960 446/436/446
f 953/437/953 958/438/958 962/439/962
f 955/432/955 953/437/953 961/440/961
f 172/441/172 203/442/203 134/443/134
f 954/444/954 202/445/202 203/442/203
f 451/446/451 450/447/450 956/448/956
f 167/449/167 957/450/957 168/451/168
f 201/452/201 446/436/446 371/453/371
f 962/439/962 449/454/449 448/455/448
f 177/456/177 965/457/965 178/458/178
f 969/459/969 970/460/970 426/461/426
f 963/462/963 968/463/968 972/464/972
f 965/457/965 963/462/963 971/465/971
f 179/466/179 206/467/206 146/468/146
f 964/469/964 205/470/205 206/467/206
f 431/471/431 430/472/430 966/473/966
f 174/474/174 967/475/967 175/476/175
f 204/477/204 426/461/426 374/478/374
f 972/464/972 429/479/429 428/480/428
f 184/481/184 975/482/975 185/483/185
f 979/484/979 980/485/980 406/486/406
f 973/487/973 978/488/978 982/489/982
f 975/482/975 973/487/973 981/490/981
f 186/491/186 209/492/209 158/493/158
f 974/494/974 208/495/208 209/492/209
f 411/496/411 410/497/410 976/498/976
f 181/499/181 977/500/977 182/501/182
f 207/502/207 406/486/406 378/503/378
f 982/489/982 409/504/409 408/505/408
f 191/506/191 985/507/985 192/508/192
f 989/509/989 990/510/990 386/511/386
f 983/512/983 988/513/988 992/514/992
f 985/507/985 983/512/983 991/515/991
f 193/516/193 367/517/367 110/518/110
f 984/519/984 1155/520/1155 367/517/367
f 391/521/391 390/522/390 986/523/986
f 188/524/188 987/525/987 189/526/189
f 368/527/368 386/511/386 30/528/30
f 992/514/992 389/529/389 388/530/388
f 381/531/381 382/532/382 1006/533/1006
f 995/534/995 383/535/383 384/536/384
f 995/534/995 993/537/993 383/535/383
f 379/538/379 1002/539/1002 998/540/998
f 383/535/383 993/537/993 382/532/382
f 1006/533/1006 993/537/993 1005/541/1005
f 379/538/379 197/542/197 30/528/30
f 388/530/388 1008/543/1008 1010/544/1010
f 396/545/396 1011/546/1011 397/547/397
f 1011/546/1011 1012/548/1012 391/521/391
f 1016/549/1016 1017/550/1017 1013/551/1013
f 1018/552/1018 1013/551/1013 396/545/396
f 1013/551/1013 1017/550/1017 1011/546/1011
f 386/511/386 387/553/387 1007/554/1007
f 398/555/398 391/521/391 29/556/29
f 392/557/392 1014/558/1014 393/559/393
f 361/560/361 1019/561/1019 1020/562/1020
f 1019/561/1019 1021/563/1021 1025/564/1025
f 1022/565/1022 359/566/359 358/567/358
f 394/568/394 1024/569/1024 393/559/393
f 1025/564/1025 1021/563/1021 1024/569/1024
f 29/556/29 362/570/362 398/555/398
f 209/571/209 358/567/358 158/493/158
f 208/572/208 1022/565/1022 209/571/209
f 359/566/359 1019/561/1019 1181/573/1181
f 392/557/392 207/574/207 378/575/378
f 1023/576/1023 208/572/208 207/574/207
f 401/577/401 402/578/402 1039/579/1039
f 1028/580/1028 403/581/403 404/582/404
f 1028/580/1028 1026/583/1026 403/581/403
f 399/584/399 1035/585/1035 1031/586/1031
f 403/581/403 1026/583/1026 402/578/402
f 1039/579/1039 1026/583/1026 1038/587/1038
f 399/584/399 377/588/377 378/503/378
f 408/505/408 1041/589/1041 1043/590/1043
f 416/591/416 1044/592/1044 417/593/417
f 1044/592/1044 1045/594/1045 411/496/411
f 1049/595/1049 1050/596/1050 1046/597/1046
f 1051/598/1051 1046/597/1046 416/591/416
f 1046/597/1046 1050/596/1050 1044/592/1044
f 406/486/406 407/599/407 1040/600/1040
f 418/601/418 411/496/411 28/602/28
f 412/603/412 1047/604/1047 413/605/413
f 356/606/356 1052/607/1052 1053/608/1053
f 1052/607/1052 1054/609/1054 1058/610/1058
f 1055/611/1055 354/612/354 353/613/353
f 414/614/414 1057/615/1057 413/605/413
f 1058/610/1058 1054/609/1054 1057/615/1057
f 28/602/28 357/616/357 418/601/418
f 206/617/206 353/613/353 146/468/146
f 205/618/205 1055/611/1055 206/617/206
f 354/612/354 1052/607/1052 1208/619/1208
f 412/603/412 204/620/204 374/621/374
f 1056/622/1056 205/618/205 204/620/204
f 421/623/421 422/624/422 1072/625/1072
f 1061/626/1061 423/627/423 424/628/424
f 1061/626/1061 1059/629/1059 423/627/423
f 419/630/419 1068/631/1068 1064/632/1064
f 423/627/423 1059/629/1059 422/624/422
f 1072/625/1072 1059/629/1059 1071/633/1071
f 419/630/419 373/634/373 374/478/374
f 428/480/428 1074/635/1074 1076/636/1076
f 436/637/436 1077/638/1077 437/639/437
f 1077/638/1077 1078/640/1078 431/471/431
f 1082/641/1082 1083/642/1083 1079/643/1079
f 1084/644/1084 1079/643/1079 436/637/436
f 1079/643/1079 1083/642/1083 1077/638/1077
f 426/461/426 427/645/427 1073/646/1073
f 438/647/438 431/471/431 27/648/27
f 432/649/432 1080/650/1080 433/651/433
f 351/652/351 1085/653/1085 1086/654/1086
f 1085/653/1085 1087/655/1087 1091/656/1091
f 1088/657/1088 349/658/349 348/659/348
f 434/660/434 1090/661/1090 433/651/433
f 1091/656/1091 1087/655/1087 1090/661/1090
f 27/648/27 352/662/352 438/647/438
f 203/663/203 348/659/348 134/664/134
f 202/665/202 1088/657/1088 203/663/203
f 349/658/349 1085/653/1085 1235/666/1235
f 432/649/432 201/667/201 371/668/371
f 1089/669/1089 202/665/202 201/667/201
f 441/670/441 442/671/442 1105/672/1105
f 1094/673/1094 443/674/443 444/675/444
f 1094/673/1094 1092/676/1092 443/674/443
f 439/677/439 1101/678/1101 1097/679/1097
f 443/674/443 1092/676/1092 442/671/442
f 1105/672/1105 1092/676/1092 1104/680/1104
f 439/677/439 370/681/370 371/453/371
f 448/455/448 1107/682/1107 1109/683/1109
f 456/684/456 1110/685/1110 457/686/457
f 1110/685/1110 1111/687/1111 451/446/451
f 1115/688/1115 1116/689/1116 1112/690/1112
f 1117/691/1117 1112/690/1112 456/684/456
f 1112/690/1112 1116/689/1116 1110/685/1110
f 446/436/446 447/692/447 1106/693/1106
f 458/694/458 451/446/451 26/695/26
f 452/696/452 1113/697/1113 453/698/453
f 346/699/346 1118/700/1118 1119/701/1119
f 1118/700/1118 1120/702/1120 1124/703/1124
f 1121/704/1121 344/705/344 343/706/343
f 454/707/454 1123/708/1123 453/698/453
f 1124/703/1124 1120/702/1120 1123/708/1123
f 26/695/26 347/709/347 458/694/458
f 196/710/196 343/706/343 122/418/122
f 195/711/195 1121/704/1121 196/710/196
f 344/705/344 1118/700/1118 1262/712/1262
f 452/696/452 194/713/194 366/714/366
f 1122/715/1122 195/711/195 194/713/194
f 461/716/461 462/717/462 1138/718/1138
f 1127/719/1127 463/720/463 464/721/464
f 1127/719/1127 1125/722/1125 463/720/463
f 459/723/459 1134/724/1134 1130/725/1130
f 463/720/463 1125/722/1125 462/717/462
f 1138/718/1138 1125/722/1125 1137/726/1137
f 459/723/459 365/727/365 366/428/366
f 468/430/468 1140/728/1140 1142/729/1142
f 476/730/476 1143/731/1143 477/732/477
f 1143/731/1143 1144/733/1144 471/421/471
f 1148/734/1148 1149/735/1149 1145/736/1145
f 1150/737/1150 1145/736/1145 476/730/476
f 1145/736/1145 1149/735/1149 1143/731/1143
f 466/411/466 467/738/467 1139/739/1139
f 478/740/478 471/421/471 25/741/25
f 472/742/472 1146/743/1146 473/744/473
f 341/745/341 1151/746/1151 1152/747/1152
f 1151/746/1151 1153/748/1153 1158/749/1158
f 1154/750/1154 339/751/339 338/752/338
f 474/753/474 1157/754/1157 473/744/473
f 1158/749/1158 1153/748/1153 1157/754/1157
f 25/741/25 342/755/342 478/740/478
f 367/756/367 338/752/338 110/518/110
f 1155/757/1155 1154/750/1154 367/756/367
f 339/751/339 1151/746/1151 1289/758/1289
f 472/742/472 368/759/368 30/760/30
f 1156/761/1156 1155/757/1155 368/759/368
f 1160/762/1160 107/763/107 479/764/479
f 1161/765/1161 1162/766/1162 481/767/481
f 1160/762/1160 1163/768/1163 107/763/107
f 1162/766/1162 1163/768/1163 1160/762/1160
f 188/524/188 1164/769/1164 187/770/187
f 190/771/190 1159/772/1159 189/526/189
f 1164/769/1164 1159/772/1159 1161/765/1161
f 1162/766/1162 1167/773/1167 1163/768/1163
f 1159/772/1159 1167/773/1167 1162/766/1162
f 479/764/479 106/774/106 16/775/16
f 481/767/481 1160/762/1160 480/776/480
f 479/764/479 107/763/107 106/774/106
f 1163/768/1163 108/777/108 1415/778/1415
f 187/770/187 484/779/484 29/556/29
f 110/518/110 1165/780/1165 193/516/193
f 109/781/109 108/777/108 1165/780/1165
f 192/508/192 1166/782/1166 191/506/191
f 1169/783/1169 1168/784/1168 487/405/487
f 1171/785/1171 490/786/490 491/787/491
f 482/788/482 1174/789/1174 483/790/483
f 1175/791/1175 1173/792/1173 1174/789/1174
f 1172/793/1172 1169/783/1169 489/402/489
f 1172/793/1172 1168/784/1168 1169/783/1169
f 1170/794/1170 1175/791/1175 482/788/482
f 485/795/485 479/764/479 16/775/16
f 485/795/485 480/776/480 479/764/479
f 480/776/480 1170/794/1170 481/767/481
f 496/796/496 491/787/491 23/284/23
f 495/797/495 494/798/494 1171/785/1171
f 484/779/484 492/799/492 29/556/29
f 1177/800/1177 495/797/495 496/796/496
f 328/801/328 1178/802/1178 329/803/329
f 1177/800/1177 1179/804/1179 495/797/495
f 1178/802/1178 1179/804/1179 1177/800/1177
f 1181/573/1181 1182/805/1182 1183/806/1183
f 1183/806/1183 1178/802/1178 328/801/328
f 1176/807/1176 1182/805/1182 360/808/360
f 1182/805/1182 1176/807/1176 1178/802/1178
f 330/809/330 496/796/496 23/284/23
f 329/803/329 1177/800/1177 330/809/330
f 779/3/779 776/20/776 769/15/769 218/1/218
f 1184/810/1184 361/560/361 362/570/362
f 1184/810/1184 360/808/360 361/560/361
f 1187/811/1187 155/812/155 497/813/497
f 1188/814/1188 1189/815/1189 499/816/499
f 1187/811/1187 1190/817/1190 155/812/155
f 1189/815/1189 1190/817/1190 1187/811/1187
f 181/499/181 1191/818/1191 180/819/180
f 183/820/183 1186/821/1186 182/501/182
f 1191/818/1191 1186/821/1186 1188/814/1188
f 1189/815/1189 1194/822/1194 1190/817/1190
f 1186/821/1186 1194/822/1194 1189/815/1189
f 497/813/497 154/823/154 24/824/24
f 499/816/499 1187/811/1187 498/825/498
f 497/813/497 155/812/155 154/823/154
f 1190/817/1190 156/826/156 1298/827/1298
f 180/819/180 502/828/502 28/602/28
f 158/493/158 1192/829/1192 186/491/186
f 157/830/157 156/826/156 1192/829/1192
f 185/483/185 1193/831/1193 184/481/184
f 1196/832/1196 1195/833/1195 505/381/505
f 1198/834/1198 508/835/508 509/836/509
f 1201/837/1201 511/838/511 510/839/510
f 1199/840/1199 1196/832/1196 507/378/507
f 1199/840/1199 1195/833/1195 1196/832/1196
f 1202/841/1202 1200/842/1200 1201/837/1201
f 1197/843/1197 1202/841/1202 500/844/500
f 503/845/503 497/813/497 24/824/24
f 503/845/503 498/825/498 497/813/497
f 498/825/498 1197/843/1197 499/816/499
f 514/846/514 509/836/509 21/253/21
f 513/847/513 512/848/512 1198/834/1198
f 502/828/502 510/839/510 28/602/28
f 1204/849/1204 513/847/513 514/846/514
f 316/850/316 1205/851/1205 317/852/317
f 1204/849/1204 1206/853/1206 513/847/513
f 1205/851/1205 1206/853/1206 1204/849/1204
f 1208/619/1208 1209/854/1209 1210/855/1210
f 1210/855/1210 1205/851/1205 316/850/316
f 1203/856/1203 1209/854/1209 355/857/355
f 1209/854/1209 1203/856/1203 1205/851/1205
f 318/858/318 514/846/514 21/253/21
f 317/852/317 1204/849/1204 318/858/318
f 1211/859/1211 356/606/356 357/616/357
f 1211/859/1211 355/857/355 356/606/356
f 1214/860/1214 143/861/143 515/862/515
f 1215/863/1215 1216/864/1216 517/865/517
f 1214/860/1214 1217/866/1217 143/861/143
f 1216/864/1216 1217/866/1217 1214/860/1214
f 174/474/174 1218/867/1218 173/868/173
f 176/869/176 1213/870/1213 175/476/175
f 1218/867/1218 1213/870/1213 1215/863/1215
f 1216/864/1216 1221/871/1221 1217/866/1217
f 1213/870/1213 1221/871/1221 1216/864/1216
f 515/862/515 142/872/142 22/873/22
f 517/865/517 1214/860/1214 516/874/516
f 515/862/515 143/861/143 142/872/142
f 1217/866/1217 144/875/144 1328/876/1328
f 173/868/173 520/877/520 27/648/27
f 146/468/146 1219/878/1219 179/466/179
f 145/879/145 144/875/144 1219/878/1219
f 178/458/178 1220/880/1220 177/456/177
f 1223/881/1223 1222/882/1222 523/357/523
f 1225/883/1225 526/884/526 527/885/527
f 518/886/518 1228/887/1228 519/888/519
f 1229/889/1229 1227/890/1227 1228/887/1228
f 1226/891/1226 1223/881/1223 525/354/525
f 1226/891/1226 1222/882/1222 1223/881/1223
f 1224/892/1224 1229/889/1229 518/886/518
f 521/893/521 515/862/515 22/873/22
f 521/893/521 516/874/516 515/862/515
f 516/874/516 1224/892/1224 517/865/517
f 532/894/532 527/885/527 19/224/19
f 531/895/531 530/896/530 1225/883/1225
f 520/877/520 528/897/528 27/648/27
f 1231/898/1231 531/895/531 532/894/532
f 304/899/304 1232/900/1232 305/901/305
f 1231/898/1231 1233/902/1233 531/895/531
f 1232/900/1232 1233/902/1233 1231/898/1231
f 1235/666/1235 1236/903/1236 1237/904/1237
f 1237/904/1237 1232/900/1232 304/899/304
f 1230/905/1230 1236/903/1236 350/906/350
f 1236/903/1236 1230/905/1230 1232/900/1232
f 306/907/306 532/894/532 19/224/19
f 305/901/305 1231/898/1231 306/907/306
f 301/908/301 1234/909/1234 302/910/302
f 1238/911/1238 351/652/351 352/662/352
f 1238/911/1238 350/906/350 351/652/351
f 1241/912/1241 131/913/131 533/914/533
f 1242/915/1242 1243/916/1243 535/917/535
f 1241/912/1241 1244/918/1244 131/913/131
f 1243/916/1243 1244/918/1244 1241/912/1241
f 167/449/167 1245/919/1245 166/920/166
f 169/921/169 1240/922/1240 168/451/168
f 1245/919/1245 1240/922/1240 1242/915/1242
f 1243/916/1243 1248/923/1248 1244/918/1244
f 1240/922/1240 1248/923/1248 1243/916/1243
f 533/914/533 130/924/130 20/925/20
f 535/917/535 1241/912/1241 534/926/534
f 533/914/533 131/913/131 130/924/130
f 1244/918/1244 132/927/132 1357/928/1357
f 166/920/166 538/929/538 26/695/26
f 134/443/134 1246/930/1246 172/441/172
f 133/931/133 132/927/132 1246/930/1246
f 171/433/171 1247/932/1247 170/431/170
f 1250/933/1250 1249/934/1249 541/333/541
f 1252/935/1252 544/936/544 545/937/545
f 536/938/536 1255/939/1255 537/940/537
f 1256/941/1256 1254/942/1254 1255/939/1255
f 1253/943/1253 1250/933/1250 543/330/543
f 1253/943/1253 1249/934/1249 1250/933/1250
f 1251/944/1251 1256/941/1256 536/938/536
f 539/945/539 533/914/533 20/925/20
f 539/945/539 534/926/534 533/914/533
f 534/926/534 1251/944/1251 535/917/535
f 550/946/550 545/937/545 17/195/17
f 549/947/549 548/948/548 1252/935/1252
f 538/929/538 546/949/546 26/695/26
f 1258/950/1258 549/947/549 550/946/550
f 291/951/291 1259/952/1259 292/953/292
f 1258/950/1258 1260/954/1260 549/947/549
f 1259/952/1259 1260/954/1260 1258/950/1258
f 1262/712/1262 1263/955/1263 1264/956/1264
f 1264/956/1264 1259/952/1259 291/951/291
f 1257/957/1257 1263/955/1263 345/958/345
f 1263/955/1263 1257/957/1257 1259/952/1259
f 293/959/293 550/946/550 17/195/17
f 292/953/292 1258/950/1258 293/959/293
f 1265/960/1265 346/699/346 347/709/347
f 1265/960/1265 345/958/345 346/699/346
f 1268/961/1268 119/962/119 551/963/551
f 1269/964/1269 1270/965/1270 553/966/553
f 1268/961/1268 1271/967/1271 119/962/119
f 1270/965/1270 1271/967/1271 1268/961/1268
f 160/424/160 1272/968/1272 159/969/159
f 162/970/162 1267/971/1267 161/426/161
f 1272/968/1272 1267/971/1267 1269/964/1269
f 1270/965/1270 1275/972/1275 1271/967/1271
f 1267/971/1267 1275/972/1275 1270/965/1270
f 551/963/551 118/973/118 18/974/18
f 553/966/553 1268/961/1268 552/975/552
f 551/963/551 119/962/119 118/973/118
f 1271/967/1271 120/976/120 1386/977/1386
f 159/969/159 556/978/556 25/741/25
f 122/418/122 1273/979/1273 165/416/165
f 121/980/121 120/976/120 1273/979/1273
f 164/408/164 1274/981/1274 163/406/163
f 1277/982/1277 1276/983/1276 559/309/559
f 1279/984/1279 562/985/562 563/986/563
f 1282/987/1282 565/988/565 564/989/564
f 1280/990/1280 1277/982/1277 561/306/561
f 1280/990/1280 1276/983/1276 1277/982/1277
f 1283/991/1283 1281/992/1281 1282/987/1282
f 1278/993/1278 1283/991/1283 554/994/554
f 557/995/557 551/963/551 18/974/18
f 557/995/557 552/975/552 551/963/551
f 552/975/552 1278/993/1278 553/966/553
f 568/996/568 563/986/563 15/165/15
f 567/997/567 566/998/566 1279/984/1279
f 556/978/556 564/989/564 25/741/25
f 1285/999/1285 567/997/567 568/996/568
f 279/1000/279 1286/1001/1286 280/1002/280
f 1285/999/1285 1287/1003/1287 567/997/567
f 1286/1001/1286 1287/1003/1287 1285/999/1285
f 1289/758/1289 1290/1004/1290 1291/1005/1291
f 1291/1005/1291 1286/1001/1286 279/1000/279
f 1284/1006/1284 1290/1004/1290 340/1007/340
f 1290/1004/1290 1284/1006/1284 1286/1001/1286
f 281/1008/281 568/996/568 15/165/15
f 280/1002/280 1285/999/1285 281/1008/281
f 1292/1009/1292 341/745/341 342/755/342
f 1292/1009/1292 340/1007/340 341/745/341
f 1295/1010/1295 1297/1011/1297 569/1012/569
f 1298/827/1298 1300/1013/1300 574/1014/574
f 1298/827/1298 1301/1015/1301 1300/1013/1300
f 1298/827/1298 1299/1016/1299 1301/1015/1301
f 1300/1013/1300 1301/1015/1301 1296/1017/1296
f 327/1018/327 1302/1019/1302 326/1020/326
f 1302/1019/1302 1304/1021/1304 157/830/157
f 1302/1019/1302 1299/1016/1299 1304/1021/1304
f 1297/1011/1297 1303/1022/1303 327/1018/327
f 569/1012/569 330/809/330 23/284/23
f 571/1023/571 1295/1010/1295 570/1024/570
f 330/809/330 1297/1011/1297 329/803/329
f 154/823/154 574/1014/574 24/824/24
f 1296/1017/1296 572/1025/572 573/1026/573
f 326/1020/326 157/830/157 158/493/158
f 577/285/577 1307/1027/1307 576/1028/576
f 1306/1029/1306 1307/1027/1307 577/285/577
f 1307/1027/1307 571/1023/571 570/1024/570
f 586/1030/586 1310/1031/1310 1308/1032/1308
f 1309/1033/1309 1310/1031/1310 586/1030/586
f 1310/1031/1310 579/279/579 580/1034/580
f 572/1025/572 1313/1035/1313 573/1026/573
f 1312/1036/1312 584/1037/584 583/1038/583
f 1310/1031/1310 1306/1029/1306 579/279/579
f 1312/1036/1312 1309/1033/1309 584/1037/584
f 1307/1027/1307 1305/1039/1305 1313/1035/1313
f 576/1028/576 570/1024/570 575/269/575
f 1308/1032/1308 580/1034/580 581/263/581
f 1311/1040/1311 583/1038/583 582/1041/582
f 275/1042/275 1315/1043/1315 587/1044/587
f 1316/1045/1316 1318/1046/1318 1315/1043/1315
f 1319/1047/1319 271/1048/271 331/372/331
f 333/373/333 1320/1049/1320 1317/1050/1317
f 1321/1051/1321 336/379/336 582/1041/582
f 1322/1052/1322 1320/1049/1320 1321/1051/1321
f 1323/1053/1323 1320/1049/1320 1322/1052/1322
f 1320/1049/1320 334/375/334 335/1054/335
f 1316/1045/1316 1323/1053/1323 1318/1046/1318
f 276/1055/276 587/1044/587 14/278/14
f 275/1042/275 587/1044/587 276/1055/276
f 1318/1046/1318 585/1056/585 586/1030/586
f 333/373/333 1319/1047/1319 332/371/332
f 331/372/331 271/1048/271 2/246/2
f 272/1057/272 1314/1058/1314 273/1059/273
f 582/1041/582 337/380/337 24/824/24
f 585/1056/585 1322/1052/1322 584/1037/584
f 582/1041/582 336/379/336 337/380/337
f 1325/1060/1325 1327/1061/1327 588/1062/588
f 1328/876/1328 1330/1063/1330 593/1064/593
f 1328/876/1328 1331/1065/1331 1330/1063/1330
f 1328/876/1328 1329/1066/1329 1331/1065/1331
f 1330/1063/1330 1331/1065/1331 1326/1067/1326
f 315/1068/315 1332/1069/1332 314/1070/314
f 1332/1069/1332 1334/1071/1334 145/879/145
f 1332/1069/1332 1329/1066/1329 1334/1071/1334
f 1327/1061/1327 1333/1072/1333 315/1068/315
f 588/1062/588 318/858/318 21/253/21
f 590/1073/590 1325/1060/1325 589/1074/589
f 318/858/318 1327/1061/1327 317/852/317
f 142/872/142 593/1064/593 22/873/22
f 1326/1067/1326 591/1075/591 592/1076/592
f 314/1070/314 145/879/145 146/468/146
f 596/254/596 1337/1077/1337 595/1078/595
f 1336/1079/1336 1337/1077/1337 596/254/596
f 1337/1077/1337 590/1073/590 589/1074/589
f 605/1080/605 1339/1081/1339 606/1082/606
f 1338/1083/1338 1339/1081/1339 605/1080/605
f 1339/1081/1339 598/251/598 599/1084/599
f 591/1075/591 1342/1085/1342 592/1076/592
f 1341/1086/1341 603/1087/603 602/1088/602
f 1339/1081/1339 1336/1079/1336 598/251/598
f 1341/1086/1341 1338/1083/1338 603/1087/603
f 1337/1077/1337 1335/1089/1335 1342/1085/1342
f 595/1078/595 589/1074/589 594/239/594
f 606/1082/606 599/1084/599 607/1090/607
f 1340/1091/1340 602/1088/602 601/1092/601
f 269/1093/269 1346/1094/1346 607/1090/607
f 1344/1095/1344 1346/1094/1346 269/1093/269
f 1347/1096/1347 1343/1097/1343 1344/1095/1344
f 1349/1098/1349 265/1099/265 319/348/319
f 321/349/321 1350/1100/1350 1347/1096/1347
f 1351/1101/1351 324/355/324 601/1092/601
f 1352/1102/1352 1350/1100/1350 1351/1101/1351
f 1350/1100/1350 322/351/322 323/1103/323
f 1343/1097/1343 604/1104/604 1348/1105/1348
f 270/1106/270 607/1090/607 13/249/13
f 269/1093/269 607/1090/607 270/1106/270
f 1348/1105/1348 604/1104/604 605/1080/605
f 319/348/319 264/1107/264 77/1108/77
f 321/349/321 1349/1098/1349 320/347/320
f 319/348/319 265/1099/265 264/1107/264
f 266/1109/266 1345/1110/1345 267/1111/267
f 601/1092/601 325/356/325 22/873/22
f 604/1104/604 1352/1102/1352 603/1087/603
f 601/1092/601 324/355/324 325/356/325
f 1354/1112/1354 1356/1113/1356 608/1114/608
f 1357/1115/1357 1359/1116/1359 613/1117/613
f 1357/1115/1357 1360/1118/1360 1359/1116/1359
f 1357/1115/1357 1358/1119/1358 1360/1118/1360
f 1359/1116/1359 1360/1118/1360 1355/1120/1355
f 303/1121/303 1361/1122/1361 302/910/302
f 1361/1122/1361 1363/1123/1363 133/1124/133
f 1361/1122/1361 1358/1119/1358 1363/1123/1363
f 1356/1113/1356 1362/1125/1362 303/1121/303
f 608/1114/608 306/907/306 19/224/19
f 610/1126/610 1354/1112/1354 609/1127/609
f 306/907/306 1356/1113/1356 305/901/305
f 130/1128/130 613/1117/613 20/1129/20
f 1355/1120/1355 611/1130/611 612/1131/612
f 301/908/301 133/1124/133 134/664/134
f 616/225/616 1366/1132/1366 615/1133/615
f 1365/1134/1365 1366/1132/1366 616/225/616
f 1366/1132/1366 610/1126/610 609/1127/609
f 625/1135/625 1368/1136/1368 626/1137/626
f 1367/1138/1367 1368/1136/1368 625/1135/625
f 1368/1136/1368 618/220/618 619/1139/619
f 611/1130/611 1371/1140/1371 612/1131/612
f 1370/1141/1370 623/1142/623 622/1143/622
f 1368/1136/1368 1365/1134/1365 618/220/618
f 1370/1141/1370 1367/1138/1367 623/1142/623
f 1366/1132/1366 1364/1144/1364 1371/1140/1371
f 615/1133/615 609/1127/609 614/212/614
f 626/1137/626 619/1139/619 627/1145/627
f 1369/1146/1369 622/1143/622 621/1147/621
f 1373/1148/1373 1375/1149/1375 627/1145/627
f 1376/1150/1376 1372/1151/1372 1373/1148/1373
f 1378/1152/1378 251/1153/251 307/1154/307
f 309/1155/309 1379/1156/1379 1376/1150/1376
f 1380/1157/1380 312/1158/312 621/1147/621
f 1381/1159/1381 1379/1156/1379 1380/1157/1380
f 1379/1156/1379 310/1160/310 311/1161/311
f 1372/1151/1372 624/1162/624 1377/1163/1377
f 256/1164/256 627/1145/627 11/219/11
f 254/1165/254 1373/1148/1373 255/1166/255
f 1377/1163/1377 624/1162/624 625/1135/625
f 307/1154/307 250/1167/250 1/1168/1
f 309/1155/309 1378/1152/1378 308/1169/308
f 307/1154/307 251/1153/251 250/1167/250
f 252/1170/252 1374/1171/1374 253/1172/253
f 621/1147/621 313/1173/313 20/1129/20
f 624/1162/624 1381/1159/1381 623/1142/623
f 621/1147/621 312/1158/312 313/1173/313
f 1383/1174/1383 1385/1175/1385 628/1176/628
f 1386/977/1386 1388/1177/1388 633/1178/633
f 1386/977/1386 1389/1179/1389 1388/1177/1388
f 1386/977/1386 1387/1180/1387 1389/1179/1389
f 1388/1177/1388 1389/1179/1389 1384/1181/1384
f 290/1182/290 1390/1183/1390 289/1184/289
f 1390/1183/1390 1392/1185/1392 121/980/121
f 1390/1183/1390 1387/1180/1387 1392/1185/1392
f 1385/1175/1385 1391/1186/1391 290/1182/290
f 628/1176/628 293/959/293 17/195/17
f 630/1187/630 1383/1174/1383 629/1188/629
f 293/959/293 1385/1175/1385 292/953/292
f 118/973/118 633/1178/633 18/974/18
f 1384/1181/1384 631/1189/631 632/1190/632
f 289/1184/289 121/980/121 122/418/122
f 636/196/636 1395/1191/1395 635/1192/635
f 1394/1193/1394 1395/1191/1395 636/196/636
f 1395/1191/1395 630/1187/630 629/1188/629
f 645/1194/645 1397/1195/1397 646/1196/646
f 1396/1197/1396 1397/1195/1397 645/1194/645
f 1397/1195/1397 638/193/638 639/1198/639
f 631/1189/631 1400/1199/1400 632/1190/632
f 1399/1200/1399 643/1201/643 642/1202/642
f 1397/1195/1397 1394/1193/1394 638/193/638
f 1399/1200/1399 1396/1197/1396 643/1201/643
f 1395/1191/1395 1393/1203/1393 1400/1199/1400
f 635/1192/635 629/1188/629 634/180/634
f 646/1196/646 639/1198/639 647/1204/647
f 1398/1205/1398 642/1202/642 641/1206/641
f 1402/1207/1402 1404/1208/1404 647/1204/647
f 1405/1209/1405 1401/1210/1401 1402/1207/1402
f 1407/1211/1407 224/1212/224 223/1213/223
f 296/301/296 1408/1214/1408 1405/1209/1405
f 1409/1215/1409 299/307/299 641/1206/641
f 1410/1216/1410 1408/1214/1408 1409/1215/1409
f 1408/1214/1408 297/303/297 298/1217/298
f 1401/1210/1401 644/1218/644 1406/1219/1406
f 229/1220/229 647/1204/647 7/191/7
f 227/1221/227 1402/1207/1402 228/1222/228
f 1406/1219/1406 644/1218/644 645/1194/645
f 294/288/294 223/1213/223 105/49/105
f 296/301/296 1407/1211/1407 295/287/295
f 225/1223/225 1403/1224/1403 226/1225/226
f 641/1206/641 300/308/300 18/974/18
f 644/1218/644 1410/1216/1410 643/1201/643
f 641/1206/641 299/307/299 300/308/300
f 1412/1226/1412 1414/1227/1414 648/1228/648
f 1415/778/1415 1417/1229/1417 653/1230/653
f 1415/778/1415 1418/1231/1418 1417/1229/1417
f 1415/778/1415 1416/1232/1416 1418/1231/1418
f 1417/1229/1417 1418/1231/1418 1413/1233/1413
f 278/1234/278 1419/1235/1419 277/1236/277
f 1419/1235/1419 1421/1237/1421 109/781/109
f 1419/1235/1419 1416/1232/1416 1421/1237/1421
f 1414/1227/1414 1420/1238/1420 278/1234/278
f 648/1228/648 281/1008/281 15/165/15
f 650/1239/650 1412/1226/1412 649/1240/649
f 281/1008/281 1414/1227/1414 280/1002/280
f 106/774/106 653/1230/653 16/775/16
f 1413/1233/1413 651/1241/651 652/1242/652
f 277/1236/277 109/781/109 110/518/110
f 656/166/656 1424/1243/1424 655/1244/655
f 1423/1245/1423 1424/1243/1424 656/166/656
f 1424/1243/1424 650/1239/650 649/1240/649
f 665/1246/665 1426/1247/1426 666/1248/666
f 1425/1249/1425 1426/1247/1426 665/1246/665
f 1426/1247/1426 658/163/658 659/1250/659
f 651/1241/651 1429/1251/1429 652/1242/652
f 1428/1252/1428 663/1253/663 662/1254/662
f 1426/1247/1426 1423/1245/1423 658/163/658
f 1428/1252/1428 1425/1249/1425 663/1253/663
f 1424/1243/1424 1422/1255/1422 1429/1251/1429
f 655/1244/655 649/1240/649 654/157/654
f 666/1248/666 659/1250/659 667/1256/667
f 1427/1257/1427 662/1254/662 661/1258/661
f 1431/1259/1431 1433/1260/1433 667/1256/667
f 1434/1261/1434 1430/1262/1430 1431/1259/1431
f 1436/1263/1436 231/1264/231 230/1265/230
f 284/397/284 1437/1266/1437 1434/1261/1434
f 1438/1267/1438 287/403/287 661/1258/661
f 1439/1268/1439 1437/1266/1437 1438/1267/1438
f 1437/1266/1437 285/399/285 286/1269/286
f 1430/1262/1430 664/1270/664 1435/1271/1435
f 236/1272/236 667/1256/667 8/59/8
f 234/1273/234 1431/1259/1431 235/1274/235
f 1435/1271/1435 664/1270/664 665/1246/665
f 282/384/282 230/1265/230 3/275/3
f 284/397/284 1436/1263/1436 283/383/283
f 232/1275/232 1432/1276/1432 233/1277/233
f 661/1258/661 288/404/288 16/775/16
f 664/1270/664 1439/1268/1439 663/1253/663
f 661/1258/661 287/403/287 288/404/288
f 1441/1278/1441 59/1279/59 668/1280/668
f 1442/1281/1442 1449/1282/1449 1441/1278/1441
f 93/281/93 1444/1283/1444 674/1284/674
f 1445/1285/1445 1447/1286/1447 1444/1283/1444
f 1448/1287/1448 97/276/97 98/274/98
f 62/1288/62 1449/1282/1449 1446/1289/1446
f 1449/1282/1449 61/1290/61 60/1291/60
f 668/1280/668 58/1292/58 9/145/9
f 671/1293/671 1442/1281/1442 670/1294/670
f 668/1280/668 59/1279/59 58/1292/58
f 92/277/92 674/1284/674 14/278/14
f 93/281/93 674/1284/674 92/277/92
f 64/1295/64 98/274/98 3/275/3
f 62/1288/62 1448/1287/1448 63/1296/63
f 96/258/96 1443/1297/1443 95/282/95
f 676/1298/676 1451/1299/1451 1450/1300/1450
f 1451/1299/1451 670/1294/670 669/1301/669
f 684/1302/684 1455/1303/1455 685/1304/685
f 1454/1305/1454 678/143/678 679/1306/679
f 671/1293/671 1457/1307/1457 672/1308/672
f 1456/1309/1456 683/1310/683 682/1311/682
f 1455/1303/1455 1452/1312/1452 1454/1305/1454
f 1457/1307/1457 1455/1303/1455 1456/1309/1456
f 1451/1299/1451 1452/1312/1452 1457/1307/1457
f 1457/1307/1457 1452/1312/1452 1455/1303/1455
f 1450/1300/1450 669/1301/669 668/1280/668
f 1453/1313/1453 679/1306/679 680/128/680
f 673/1314/673 682/1311/682 674/1284/674
f 262/1315/262 1460/1316/1460 686/1317/686
f 1461/1318/1461 1463/1319/1463 1460/1316/1460
f 1464/1320/1464 258/1321/258 257/1322/257
f 272/1057/272 1465/1323/1465 1462/1324/1462
f 1466/1325/1466 1468/1326/1468 681/1327/681
f 1458/1328/1458 1465/1323/1465 1468/1326/1468
f 263/1329/263 686/1317/686 12/141/12
f 262/1315/262 686/1317/686 263/1329/263
f 272/1057/272 1464/1320/1464 271/1048/271
f 259/1330/259 1459/1331/1459 260/1332/260
f 681/1327/681 276/1055/276 14/278/14
f 684/1302/684 1467/1333/1467 683/1310/683
f 1468/1326/1468 274/1334/274 275/1042/275
f 1468/1326/1468 273/1059/273 274/1334/274
f 1470/1335/1470 1473/1336/1473 687/1337/687
f 86/1338/86 1476/1339/1476 693/1340/693
f 1474/1341/1474 1476/1339/1476 86/1338/86
f 1477/1342/1477 1469/1343/1469 1474/1341/1474
f 1478/1344/1478 90/247/90 91/245/91
f 259/1345/259 1479/1346/1479 1477/1342/1477
f 687/1337/687 263/1347/263 12/116/12
f 1473/1336/1473 261/1348/261 262/1349/262
f 1473/1336/1473 260/1350/260 261/1348/261
f 85/248/85 693/1340/693 13/249/13
f 86/1338/86 693/1340/693 85/248/85
f 1472/1351/1472 690/1352/690 691/1353/691
f 257/1354/257 91/245/91 2/246/2
f 259/1345/259 1478/1344/1478 258/1355/258
f 89/229/89 1475/1356/1475 88/242/88
f 696/118/696 1482/1357/1482 695/119/695
f 1481/1358/1481 689/1359/689 688/1360/688
f 704/1361/704 1483/1362/1483 705/1363/705
f 1483/1362/1483 697/1364/697 698/1365/698
f 690/1352/690 1486/1366/1486 691/1353/691
f 1485/1367/1485 702/1368/702 701/1369/701
f 1486/1366/1486 1484/1370/1484 1485/1367/1485
f 1482/1357/1482 1486/1366/1486 1481/1358/1481
f 1482/1357/1482 1484/1370/1484 1486/1366/1486
f 1483/1362/1483 1484/1370/1484 1482/1357/1482
f 1480/1371/1480 688/1360/688 687/1337/687
f 705/1363/705 698/1365/698 706/1372/706
f 692/1373/692 701/1369/701 693/1340/693
f 1488/1374/1488 1490/1375/1490 706/1372/706
f 1491/1376/1491 1497/1377/1497 1490/1375/1490
f 1493/1378/1493 245/1379/245 264/1107/264
f 266/1109/266 1494/1380/1494 1492/1381/1492
f 1495/1382/1495 268/1383/268 700/1384/700
f 1496/1385/1496 1494/1380/1494 1495/1382/1495
f 1494/1380/1494 267/1111/267 268/1383/268
f 249/1386/249 706/1372/706 10/114/10
f 1497/1377/1497 703/1387/703 704/1361/704
f 264/1107/264 244/1388/244 77/1108/77
f 266/1109/266 1493/1378/1493 265/1099/265
f 264/1107/264 245/1379/245 244/1388/244
f 246/1389/246 1489/1390/1489 247/1391/247
f 700/1384/700 270/1106/270 13/249/13
f 1499/1392/1499 248/1393/248 707/1394/707
f 1499/1392/1499 1502/1395/1502 248/1393/248
f 1501/1396/1501 1498/1397/1498 1500/1398/1500
f 1503/222/1503 1505/1399/1505 713/1400/713
f 1506/1401/1506 1501/1396/1501 1505/1399/1505
f 1508/1402/1508 76/217/76 244/1403/244
f 246/1404/246 1509/1405/1509 1507/1406/1507
f 1498/1397/1498 1509/1405/1509 1502/1395/1502
f 707/1394/707 249/1407/249 10/85/10
f 707/1394/707 248/1393/248 249/1407/249
f 1502/1395/1502 247/1408/247 1488/1409/1488
f 72/218/72 713/1400/713 11/219/11
f 1501/1396/1501 710/1410/710 711/1411/711
f 246/1404/246 1508/1402/1508 245/1412/245
f 244/1403/244 76/217/76 77/1108/77
f 75/200/75 1504/1413/1504 74/221/74
f 716/89/716 1512/1414/1512 715/90/715
f 1511/1415/1511 709/1416/709 708/1417/708
f 723/1418/723 1514/1419/1514 724/1420/724
f 1513/1421/1513 717/1422/717 718/1423/718
f 711/1411/711 1515/1424/1515 712/1425/712
f 1515/1424/1515 722/1426/722 721/1427/721
f 1514/1419/1514 1512/1414/1512 1513/1421/1513
f 1512/1414/1512 1516/1428/1516 1511/1415/1511
f 1514/1419/1514 1516/1428/1516 1512/1414/1512
f 1515/1424/1515 1516/1428/1516 1514/1419/1514
f 1510/1429/1510 708/1417/708 707/1394/707
f 725/1430/725 718/1423/718 726/1431/726
f 712/1425/712 721/1427/721 713/1400/713
f 1518/1432/1518 1520/1433/1520 726/1431/726
f 1521/1434/1521 1523/1435/1523 1520/1433/1520
f 1524/1436/1524 211/1437/211 250/1167/250
f 252/1170/252 1525/1438/1525 1522/1439/1522
f 1526/1440/1526 255/1166/255 720/1441/720
f 1527/1442/1527 1525/1438/1525 1526/1440/1526
f 1525/1438/1525 253/1172/253 254/1165/254
f 215/1443/215 726/1431/726 5/81/5
f 250/1167/250 210/1444/210 1/1168/1
f 252/1170/252 1524/1436/1524 251/1153/251
f 250/1167/250 211/1437/211 210/1444/210
f 212/1445/212 1519/1446/1519 213/1447/213
f 720/1441/720 256/1164/256 11/219/11
f 723/1418/723 1527/1442/1527 722/1426/722
f 720/1441/720 255/1166/255 256/1164/256
f 1529/1448/1529 235/1274/235 727/1449/727
f 1530/1450/1530 1537/1451/1537 1529/1448/1529
f 1532/1452/1532 1534/1453/1534 733/1454/733
f 1535/1455/1535 1528/1456/1528 1532/1452/1532
f 1536/1457/1536 63/1458/63 64/1459/64
f 232/1275/232 1537/1451/1537 1535/1455/1535
f 1537/1451/1537 233/1277/233 234/1273/234
f 727/1449/727 236/1272/236 8/59/8
f 727/1449/727 235/1274/235 236/1272/236
f 58/1460/58 733/1454/733 9/1461/9
f 60/1462/60 1532/1452/1532 59/1463/59
f 1531/1464/1531 730/1465/730 731/1466/731
f 230/1265/230 64/1459/64 3/275/3
f 232/1275/232 1536/1457/1536 231/1264/231
f 62/1467/62 1533/1468/1533 61/1469/61
f 737/56/737 1539/1470/1539 736/1471/736
f 1538/1472/1538 729/1473/729 728/1474/728
f 745/1475/745 1540/1476/1540 746/1477/746
f 1540/1476/1540 738/57/738 739/1478/739
f 730/1465/730 1543/1479/1543 731/1466/731
f 1542/1480/1542 743/1481/743 742/1482/742
f 1543/1479/1543 1541/1483/1541 1542/1480/1542
f 1539/1470/1539 1543/1479/1543 1538/1472/1538
f 1539/1470/1539 1541/1483/1541 1543/1479/1543
f 1540/1476/1540 1541/1483/1541 1539/1470/1539
f 735/1484/735 728/1474/728 734/43/734
f 746/1477/746 739/1478/739 747/1485/747
f 732/1486/732 742/1482/742 733/1454/733
f 221/1487/221 1546/1488/1546 747/1485/747
f 1547/1489/1547 1549/1490/1549 1546/1488/1546
f 1550/1491/1550 217/1492/217 216/1493/216
f 239/1494/239 1551/1495/1551 1548/1496/1548
f 1552/1497/1552 1554/1498/1554 741/1499/741
f 1544/1500/1544 1551/1495/1551 1554/1498/1554
f 222/1501/222 747/1485/747 6/55/6
f 221/1487/221 747/1485/747 222/1501/222
f 237/1502/237 216/1493/216 84/1503/84
f 239/1494/239 1550/1491/1550 238/1504/238
f 218/1505/218 1545/1506/1545 219/1507/219
f 741/1499/741 243/1508/243 9/1461/9
f 744/1509/744 1553/1510/1553 743/1481/743
f 1554/1498/1554 241/1511/241 242/1512/242
f 1554/1498/1554 240/1513/240 241/1511/241
f 1556/1514/1556 214/1515/214 748/1516/748
f 1556/1514/1556 1559/1517/1559 214/1515/214
f 1560/1518/1560 1562/1519/1562 753/1520/753
f 1563/1521/1563 1555/1522/1555 1560/1518/1560
f 1564/1523/1564 49/189/49 210/1524/210
f 212/1525/212 1565/1526/1565 1563/1521/1563
f 748/1516/748 215/1527/215 5/28/5
f 748/1516/748 214/1515/214 215/1527/215
f 1559/1517/1559 213/1528/213 1518/1529/1518
f 44/190/44 753/1520/753 7/191/7
f 46/184/46 1560/1518/1560 45/174/45
f 1558/1530/1558 751/1531/751 752/1532/752
f 210/1524/210 50/169/50 1/188/1
f 212/1525/212 1564/1523/1564 211/1533/211
f 210/1524/210 49/189/49 50/169/50
f 48/170/48 1561/1534/1561 47/183/47
f 756/30/756 1566/1535/1566 755/1536/755
f 1566/1535/1566 750/1537/750 749/1538/749
f 764/1539/764 1569/1540/1569 765/1541/765
f 1568/1542/1568 758/1543/758 759/1544/759
f 751/1531/751 1572/1545/1572 752/1532/752
f 1571/1546/1571 763/1547/763 762/1548/762
f 1569/1540/1569 1567/1549/1567 1568/1542/1568
f 1572/1545/1572 1569/1540/1569 1571/1546/1571
f 1566/1535/1566 1567/1549/1567 1572/1545/1572
f 1572/1545/1572 1567/1549/1567 1569/1540/1569
f 755/1536/755 749/1538/749 754/12/754
f 766/1550/766 759/1544/759 767/1551/767
f 1570/1552/1570 762/1548/762 761/1553/761
f 38/1554/38 1576/1555/1576 767/1551/767
f 1574/1556/1574 1576/1555/1576 38/1554/38
f 1577/1557/1577 1573/1558/1573 1574/1556/1574
f 225/1223/225 1579/1559/1579 1577/1557/1577
f 1580/1560/1580 228/1222/228 761/1553/761
f 1581/1561/1581 1579/1559/1579 1580/1560/1580
f 1579/1559/1579 226/1225/226 227/1221/227
f 37/1562/37 767/1551/767 6/23/6
f 38/1554/38 767/1551/767 37/1562/37
f 1582/1563/1582 764/1539/764 765/1541/765
f 224/1212/224 1578/1564/1578 223/1213/223
f 225/1223/225 1578/1564/1578 224/1212/224
f 1578/1564/1578 42/1565/42 43/1566/43
f 41/1567/41 1575/1568/1575 40/1569/40
f 761/1553/761 229/1220/229 7/191/7
f 761/1553/761 228/1222/228 229/1220/229
f 1586/1570/1586 1029/1571/1029 4/1572/4
f 200/1573/200 996/1574/996 4/1575/4
f 1583/1576/1583 1128/1577/1128 4/1578/4
f 1583/1579/1583 4/1580/4 1095/1581/1095
f 1584/1582/1584 4/1583/4 1062/1584/1062
f 4/1580/4 1584/1585/1584 1095/1581/1095
f 4/1583/4 1585/1586/1585 1062/1584/1062
f 218/1/218 219/26/219 770/2/770
f 35/17/35 769/15/769 776/20/776
f 774/5/774 771/4/771 772/9/772 768/8/768
f 778/13/778 775/10/775 776/20/776 779/3/779
f 775/10/775 778/13/778 777/11/777
f 36/18/36 84/1587/84 216/16/216 769/15/769
f 774/5/774 770/2/770 219/26/219
f 778/13/778 768/8/768 773/7/773
f 779/3/779 770/2/770 768/8/768
f 778/13/778 779/3/779 768/8/768
f 771/4/771 759/1544/759 758/1543/758 772/9/772
f 35/17/35 776/20/776 34/19/34
f 759/1544/759 771/4/771 760/6/760
f 772/9/772 758/1543/758 757/29/757 773/7/773
f 221/25/221 222/22/222 760/6/760 774/5/774
f 754/12/754 31/27/31 32/1588/32 775/10/775
f 756/30/756 755/1536/755 777/11/777 773/7/773
f 33/21/33 776/20/776 775/10/775
f 754/12/754 777/11/777 755/1536/755
f 788/36/788 786/52/786 781/31/781 41/34/41
f 41/34/41 40/46/40 782/35/782
f 56/32/56 781/31/781 786/52/786
f 789/47/789 787/42/787 785/44/785 780/45/780
f 783/37/783 782/35/782 39/38/39
f 784/40/784 780/45/780 782/35/782
f 786/52/786 788/36/788 785/44/785
f 783/37/783 739/1478/739 738/57/738 784/40/784
f 788/36/788 782/35/782 780/45/780
f 42/50/42 781/31/781 43/33/43
f 56/32/56 786/52/786 55/51/55
f 739/1478/739 783/37/783 740/39/740
f 38/1589/38 37/54/37 740/39/740 39/38/39
f 785/44/785 53/151/53 54/53/54 786/52/786
f 53/151/53 785/44/785 52/41/52
f 736/1471/736 735/1484/735 787/42/787 789/47/789
f 734/43/734 787/42/787 735/1484/735
f 737/56/737 736/1471/736 789/47/789 784/40/784
f 800/65/800 798/78/798 791/60/791 34/63/34
f 34/63/34 33/82/33 792/64/792
f 70/61/70 791/60/791 798/78/798
f 796/69/796 793/66/793 794/1590/794 792/64/792
f 792/64/792 794/1590/794 795/88/795 790/73/790
f 795/88/795 799/71/799 797/70/797 790/73/790
f 798/78/798 800/65/800 797/70/797
f 793/66/793 718/1423/718 717/1422/717 794/1590/794
f 796/69/796 792/64/792 33/82/33
f 800/65/800 792/64/792 790/73/790
f 35/76/35 791/60/791 36/62/36
f 70/61/70 798/78/798 69/77/69
f 718/1423/718 793/66/793 719/68/719
f 794/1590/794 717/1422/717 716/89/716 795/88/795
f 714/72/714 65/84/65 66/87/66 797/70/797
f 32/67/32 796/69/796 775/83/775
f 797/70/797 67/86/67 68/79/68 798/78/798
f 715/90/715 1510/1429/1510 799/71/799 795/88/795
f 714/72/714 799/71/799 1510/1429/1510
f 810/96/810 808/111/808 802/91/802 69/94/69
f 69/94/69 68/106/68 803/95/803
f 83/92/83 802/91/802 808/111/808
f 67/107/67 66/98/66 804/97/804 803/95/803
f 803/95/803 805/100/805 806/117/806 801/105/801
f 806/117/806 809/102/809 807/104/807 801/105/801
f 808/111/808 810/96/810 807/104/807
f 804/97/804 698/1365/698 697/1364/697 805/100/805
f 810/96/810 803/95/803 801/105/801
f 70/108/70 802/91/802 71/93/71
f 83/92/83 808/111/808 82/110/82
f 698/1365/698 804/97/804 699/99/699
f 805/100/805 697/1364/697 696/118/696 806/117/806
f 807/104/807 80/1591/80 81/112/81 808/111/808
f 80/1591/80 807/104/807 79/101/79
f 695/119/695 1480/1371/1480 809/102/809 806/117/806
f 694/103/694 809/102/809 1480/1371/1480
f 819/125/819 816/138/816 812/120/812 82/123/82
f 82/123/82 81/135/81 813/124/813
f 238/121/238 812/120/812 816/138/816
f 817/131/817 242/130/242 241/1592/241 818/133/818
f 814/126/814 813/124/813 80/127/80
f 815/129/815 811/1593/811 813/124/813
f 818/133/818 241/1592/241 816/138/816 819/125/819
f 815/129/815 820/134/820 818/133/818 811/1593/811
f 237/122/237 84/1594/84 83/136/83 812/120/812
f 819/125/819 813/124/813 811/1593/811
f 818/133/818 819/125/819 811/1593/811
f 814/126/814 679/1306/679 678/143/678 815/129/815
f 238/121/238 816/138/816 239/137/239
f 679/1306/679 814/126/814 680/128/680
f 79/1595/79 78/140/78 680/128/680 80/127/80
f 676/1298/676 1450/1300/1450 817/131/817 820/134/820
f 240/139/240 816/138/816 241/1592/241
f 675/132/675 817/131/817 1450/1300/1450
f 677/142/677 676/1298/676 820/134/820 815/129/815
f 828/149/828 103/160/103 821/146/821 55/51/55
f 55/51/55 54/53/54 822/148/822
f 104/147/104 821/146/821 103/160/103
f 826/156/826 100/155/100 101/1596/101 827/158/827
f 657/162/657 825/154/825 824/153/824
f 823/150/823 822/148/822 53/151/53
f 827/158/827 101/1596/101 102/161/102 828/149/828
f 823/150/823 659/1250/659 658/163/658 824/153/824
f 829/159/829 825/154/825 657/162/657
f 828/149/828 822/148/822 825/154/825
f 827/158/827 828/149/828 825/154/825
f 56/32/56 821/146/821 57/48/57
f 659/1250/659 823/150/823 660/152/660
f 52/41/52 51/58/51 660/152/660 53/151/53
f 656/166/656 655/1244/655 826/156/826 829/159/829
f 654/157/654 826/156/826 655/1244/655
f 837/172/837 115/185/115 830/167/830 48/170/48
f 48/170/48 47/183/47 831/171/831
f 116/168/116 830/167/830 115/185/115
f 46/184/46 45/174/45 832/173/832 831/171/831
f 637/192/637 834/177/834 833/176/833
f 835/179/835 112/178/112 113/1597/113 836/181/836
f 836/181/836 113/1597/113 114/186/114 837/172/837
f 832/173/832 639/1198/639 638/193/638 833/176/833
f 838/182/838 834/177/834 637/192/637
f 837/172/837 831/171/831 834/177/834
f 836/181/836 837/172/837 834/177/834
f 49/189/49 830/167/830 50/169/50
f 639/1198/639 832/173/832 640/175/640
f 636/196/636 635/1192/635 835/179/835 838/182/838
f 634/180/634 835/179/835 635/1192/635
f 847/202/847 127/215/127 840/197/840 75/200/75
f 75/200/75 74/221/74 841/201/841
f 128/198/128 840/197/840 127/215/127
f 844/206/844 842/203/842 843/209/843 839/208/839
f 845/211/845 124/210/124 125/1598/125 846/213/846
f 846/213/846 125/1598/125 126/216/126 847/202/847
f 617/207/617 848/214/848 846/213/846 839/208/839
f 844/206/844 841/201/841 74/221/74
f 129/199/129 77/1108/77 76/217/76 840/197/840
f 847/202/847 841/201/841 839/208/839
f 846/213/846 847/202/847 839/208/839
f 842/203/842 619/1139/619 618/220/618 843/209/843
f 619/1139/619 842/203/842 620/205/620
f 616/225/616 615/1133/615 845/211/845 848/214/848
f 73/204/73 844/206/844 1503/222/1503
f 614/212/614 845/211/845 615/1133/615
f 856/231/856 139/243/139 849/226/849 89/229/89
f 89/229/89 88/242/88 850/230/850
f 140/227/140 849/226/849 139/243/139
f 854/238/854 136/237/136 137/1599/137 855/240/855
f 597/250/597 853/236/853 852/235/852
f 851/232/851 850/230/850 87/233/87
f 855/240/855 137/1599/137 138/244/138 856/231/856
f 141/228/141 91/245/91 90/247/90 849/226/849
f 857/241/857 853/236/853 597/250/597
f 856/231/856 850/230/850 853/236/853
f 855/240/855 856/231/856 853/236/853
f 851/232/851 599/1084/599 598/251/598 852/235/852
f 599/1084/599 851/232/851 600/234/600
f 86/1338/86 85/248/85 600/234/600 87/233/87
f 596/254/596 595/1078/595 854/238/854 857/241/857
f 594/239/594 854/238/854 595/1078/595
f 866/260/866 151/272/151 859/255/859 96/258/96
f 96/258/96 95/282/95 860/259/860
f 152/256/152 859/255/859 151/272/151
f 863/262/863 861/261/861 862/266/862 858/265/858
f 864/268/864 148/267/148 149/1600/149 865/270/865
f 865/270/865 149/1600/149 150/273/150 866/260/866
f 578/264/578 867/271/867 865/270/865 858/265/858
f 863/262/863 860/259/860 95/282/95
f 153/257/153 98/274/98 97/276/97 859/255/859
f 866/260/866 860/259/860 858/265/858
f 865/270/865 866/260/866 858/265/858
f 861/261/861 580/1034/580 579/279/579 862/266/862
f 580/1034/580 861/261/861 581/263/581
f 93/281/93 92/277/92 581/263/581 863/262/863
f 577/285/577 576/1028/576 864/268/864 867/271/867
f 575/269/575 864/268/864 576/1028/576
f 881/291/881 879/302/879 869/286/869 870/289/870
f 295/287/295 869/286/869 879/302/879
f 875/293/875 873/292/873 874/305/874 876/299/876
f 560/304/560 876/299/876 874/305/874
f 882/300/882 880/296/880 878/295/878 868/298/868
f 879/302/879 881/291/881 878/295/878
f 294/288/294 105/49/105 104/147/104 869/286/869
f 875/293/875 871/290/871 870/289/870
f 882/300/882 876/299/876 560/304/560
f 881/291/881 871/290/871 868/298/868
f 869/286/869 104/147/104 103/160/103 870/289/870
f 99/164/99 15/165/15 563/986/563 872/294/872
f 103/160/103 102/161/102 870/289/870
f 295/287/295 879/302/879 296/301/296
f 872/294/872 563/986/563 562/985/562 873/292/873
f 873/292/873 562/985/562 561/306/561 874/305/874
f 101/1596/101 100/155/100 872/294/872 875/293/875
f 102/161/102 101/1596/101 875/293/875 870/289/870
f 557/995/557 18/974/18 300/308/300 877/297/877
f 877/297/877 299/307/299 298/1217/298 878/295/878
f 878/295/878 298/1217/298 297/303/297 879/302/879
f 558/1601/558 557/995/557 877/297/877 880/296/880
f 559/309/559 558/1601/558 880/296/880 882/300/882
f 896/314/896 894/326/894 884/310/884 885/312/885
f 308/311/308 884/310/884 894/326/894
f 890/316/890 888/315/888 889/329/889 891/322/891
f 542/328/542 891/322/891 889/329/889
f 897/323/897 895/319/895 893/318/893 883/321/883
f 894/326/894 896/314/896 893/318/893
f 884/310/884 116/168/116 115/185/115 885/312/885
f 890/316/890 886/313/886 885/312/885
f 897/323/897 891/322/891 542/328/542
f 896/314/896 886/313/886 883/321/883
f 116/168/116 884/310/884 117/187/117
f 111/194/111 17/195/17 545/937/545 887/317/887
f 115/185/115 114/186/114 885/312/885
f 308/311/308 894/326/894 309/325/309
f 887/317/887 545/937/545 544/936/544 888/315/888
f 888/315/888 544/936/544 543/330/543 889/329/889
f 113/1597/113 112/178/112 887/317/887 890/316/890
f 114/186/114 113/1597/113 890/316/890 885/312/885
f 539/945/539 20/925/20 313/332/313 892/320/892
f 892/320/892 312/331/312 311/1602/311 893/318/893
f 893/318/893 311/1602/311 310/327/310 894/326/894
f 540/1603/540 539/945/539 892/320/892 895/319/895
f 541/333/541 540/1603/540 895/319/895 897/323/897
f 911/336/911 909/350/909 899/346/899 900/334/900
f 320/347/320 899/346/899 909/350/909
f 905/338/905 903/337/903 904/353/904 906/344/906
f 524/352/524 906/344/906 904/353/904
f 912/345/912 910/341/910 908/340/908 898/343/898
f 909/350/909 911/336/911 908/340/908
f 319/348/319 77/1108/77 129/199/129 899/346/899
f 905/338/905 901/335/901 900/334/900
f 912/345/912 906/344/906 524/352/524
f 911/336/911 901/335/901 898/343/898
f 899/346/899 128/198/128 127/215/127 900/334/900
f 123/223/123 19/224/19 527/885/527 902/339/902
f 127/215/127 126/216/126 900/334/900
f 320/347/320 909/350/909 321/349/321
f 902/339/902 527/885/527 526/884/526 903/337/903
f 903/337/903 526/884/526 525/354/525 904/353/904
f 125/1598/125 124/210/124 902/339/902 905/338/905
f 126/216/126 125/1598/125 905/338/905 900/334/900
f 521/893/521 22/873/22 325/356/325 907/342/907
f 907/342/907 324/355/324 323/1103/323 908/340/908
f 908/340/908 323/1103/323 322/351/322 909/350/909
f 522/1604/522 521/893/521 907/342/907 910/341/910
f 523/357/523 522/1604/522 910/341/910 912/345/912
f 926/360/926 924/374/924 914/370/914 915/358/915
f 332/371/332 914/370/914 924/374/924
f 920/362/920 918/361/918 919/377/919 921/368/921
f 506/376/506 921/368/921 919/377/919
f 927/369/927 925/365/925 923/364/923 913/367/913
f 924/374/924 926/360/926 923/364/923
f 331/372/331 2/246/2 141/228/141 914/370/914
f 920/362/920 916/359/916 915/358/915
f 927/369/927 921/368/921 506/376/506
f 926/360/926 916/359/916 913/367/913
f 914/370/914 140/227/140 139/243/139 915/358/915
f 135/252/135 21/253/21 509/836/509 917/363/917
f 139/243/139 138/244/138 915/358/915
f 332/371/332 924/374/924 333/373/333
f 917/363/917 509/836/509 508/835/508 918/361/918
f 918/361/918 508/835/508 507/378/507 919/377/919
f 137/1599/137 136/237/136 917/363/917 920/362/920
f 138/244/138 137/1599/137 920/362/920 915/358/915
f 503/845/503 24/824/24 337/380/337 922/366/922
f 922/366/922 336/379/336 335/1054/335 923/364/923
f 923/364/923 335/1054/335 334/375/334 924/374/924
f 504/1605/504 503/845/503 922/366/922 925/365/925
f 505/381/505 504/1605/504 925/365/925 927/369/927
f 941/387/941 939/398/939 929/382/929 930/385/930
f 283/383/283 929/382/929 939/398/939
f 935/389/935 933/388/933 934/401/934 936/395/936
f 488/400/488 936/395/936 934/401/934
f 942/396/942 940/392/940 938/391/938 928/394/928
f 939/398/939 941/387/941 938/391/938
f 282/384/282 153/257/153 152/256/152 929/382/929
f 935/389/935 931/386/931 930/385/930
f 942/396/942 936/395/936 488/400/488
f 941/387/941 931/386/931 928/394/928
f 929/382/929 152/256/152 151/272/151 930/385/930
f 147/283/147 23/284/23 491/787/491 932/390/932
f 151/272/151 150/273/150 930/385/930
f 283/383/283 939/398/939 284/397/284
f 932/390/932 491/787/491 490/786/490 933/388/933
f 933/388/933 490/786/490 489/402/489 934/401/934
f 149/1600/149 148/267/148 932/390/932 935/389/935
f 150/273/150 149/1600/149 935/389/935 930/385/930
f 485/795/485 16/775/16 288/404/288 937/393/937
f 937/393/937 287/403/287 286/1269/286 938/391/938
f 938/391/938 286/1269/286 285/399/285 939/398/939
f 486/1606/486 485/795/485 937/393/937 940/392/940
f 487/405/487 486/1606/486 940/392/940 942/396/942
f 944/419/944 165/416/165 164/408/164 945/407/945
f 948/413/948 947/425/947 946/423/946 470/422/470
f 163/406/163 943/412/943 945/407/945
f 952/414/952 950/410/950 951/415/951 943/412/943
f 470/422/470 469/429/469 948/413/948
f 949/409/949 951/415/951 950/410/950
f 943/412/943 163/406/163 947/425/947 948/413/948
f 946/423/946 159/969/159 25/741/25 471/421/471
f 952/414/952 948/413/948 469/429/469
f 944/419/944 945/407/945 951/415/951
f 165/416/165 944/419/944 196/417/196
f 195/420/195 944/419/944 951/415/951
f 947/425/947 160/424/160 159/969/159 946/423/946
f 163/406/163 162/970/162 161/426/161 947/425/947
f 949/409/949 194/427/194 195/420/195 951/415/951
f 194/427/194 949/409/949 466/411/466
f 468/430/468 467/738/467 950/410/950 952/414/952
f 466/411/466 950/410/950 467/738/467
f 954/444/954 172/441/172 171/433/171 955/432/955
f 958/438/958 957/450/957 956/448/956 450/447/450
f 170/431/170 953/437/953 955/432/955
f 962/439/962 960/435/960 961/440/961 953/437/953
f 450/447/450 449/454/449 958/438/958
f 959/434/959 961/440/961 960/435/960
f 953/437/953 170/431/170 957/450/957 958/438/958
f 956/448/956 166/920/166 26/695/26 451/446/451
f 962/439/962 958/438/958 449/454/449
f 954/444/954 955/432/955 961/440/961
f 172/441/172 954/444/954 203/442/203
f 202/445/202 954/444/954 961/440/961
f 957/450/957 167/449/167 166/920/166 956/448/956
f 170/431/170 169/921/169 168/451/168 957/450/957
f 959/434/959 201/452/201 202/445/202 961/440/961
f 201/452/201 959/434/959 446/436/446
f 448/455/448 447/692/447 960/435/960 962/439/962
f 446/436/446 960/435/960 447/692/447
f 964/469/964 179/466/179 178/458/178 965/457/965
f 968/463/968 967/475/967 966/473/966 430/472/430
f 177/456/177 963/462/963 965/457/965
f 972/464/972 970/460/970 971/465/971 963/462/963
f 430/472/430 429/479/429 968/463/968
f 969/459/969 971/465/971 970/460/970
f 963/462/963 177/456/177 967/475/967 968/463/968
f 966/473/966 173/868/173 27/648/27 431/471/431
f 972/464/972 968/463/968 429/479/429
f 964/469/964 965/457/965 971/465/971
f 179/466/179 964/469/964 206/467/206
f 205/470/205 964/469/964 971/465/971
f 967/475/967 174/474/174 173/868/173 966/473/966
f 177/456/177 176/869/176 175/476/175 967/475/967
f 969/459/969 204/477/204 205/470/205 971/465/971
f 204/477/204 969/459/969 426/461/426
f 428/480/428 427/645/427 970/460/970 972/464/972
f 426/461/426 970/460/970 427/645/427
f 974/494/974 186/491/186 185/483/185 975/482/975
f 978/488/978 977/500/977 976/498/976 410/497/410
f 184/481/184 973/487/973 975/482/975
f 982/489/982 980/485/980 981/490/981 973/487/973
f 410/497/410 409/504/409 978/488/978
f 979/484/979 981/490/981 980/485/980
f 973/487/973 184/481/184 977/500/977 978/488/978
f 976/498/976 180/819/180 28/602/28 411/496/411
f 982/489/982 978/488/978 409/504/409
f 974/494/974 975/482/975 981/490/981
f 186/491/186 974/494/974 209/492/209
f 208/495/208 974/494/974 981/490/981
f 977/500/977 181/499/181 180/819/180 976/498/976
f 184/481/184 183/820/183 182/501/182 977/500/977
f 979/484/979 207/502/207 208/495/208 981/490/981
f 207/502/207 979/484/979 406/486/406
f 408/505/408 407/599/407 980/485/980 982/489/982
f 406/486/406 980/485/980 407/599/407
f 984/519/984 193/516/193 192/508/192 985/507/985
f 988/513/988 987/525/987 986/523/986 390/522/390
f 191/506/191 983/512/983 985/507/985
f 992/514/992 990/510/990 991/515/991 983/512/983
f 390/522/390 389/529/389 988/513/988
f 989/509/989 991/515/991 990/510/990
f 983/512/983 191/506/191 987/525/987 988/513/988
f 986/523/986 187/770/187 29/556/29 391/521/391
f 992/514/992 988/513/988 389/529/389
f 984/519/984 985/507/985 991/515/991
f 193/516/193 984/519/984 367/517/367
f 1155/520/1155 984/519/984 991/515/991
f 987/525/987 188/524/188 187/770/187 986/523/986
f 191/506/191 190/771/190 189/526/189 987/525/987
f 989/509/989 368/527/368 1155/520/1155 991/515/991
f 368/527/368 989/509/989 386/511/386
f 388/530/388 387/553/387 990/510/990 992/514/992
f 386/511/386 990/510/990 387/553/387
f 1002/539/1002 380/1607/380 381/531/381 1006/533/1006
f 380/1607/380 1002/539/1002 379/538/379
f 384/536/384 385/1608/385 994/1609/994 995/534/995
f 999/1610/999 996/1574/996 997/1611/997 1000/1612/1000
f 1000/1612/1000 997/1611/997 998/540/998 1001/1613/1001
f 1003/1614/1003 999/1610/999 1000/1612/1000 1004/1615/1004
f 998/540/998 1002/539/1002 1001/1613/1001
f 1004/1615/1004 1000/1612/1000 1001/1613/1001 1005/541/1005
f 1005/541/1005 1001/1613/1001 1002/539/1002 1006/533/1006
f 994/1609/994 1003/1614/1003 1004/1615/1004 995/534/995
f 995/534/995 1004/1615/1004 1005/541/1005 993/537/993
f 998/540/998 198/1616/198 197/542/197 379/538/379
f 1006/533/1006 382/532/382 993/537/993
f 385/1608/385 378/575/378 377/1617/377 994/1609/994
f 996/1574/996 200/1573/200 199/1618/199 997/1611/997
f 377/1617/377 376/1619/376 994/1609/994
f 997/1611/997 199/1618/199 198/1616/198 998/540/998
f 375/1620/375 1586/1621/1586 996/1574/996 999/1610/999
f 376/1619/376 375/1620/375 999/1610/999 1003/1614/1003
f 1010/544/1010 1009/1622/1009 387/553/387 388/530/388
f 1003/1614/1003 994/1609/994 376/1619/376
f 1007/554/1007 387/553/387 1009/1622/1009
f 391/521/391 398/555/398 397/547/397 1011/546/1011
f 1010/544/1010 1008/543/1008 1017/550/1017
f 1013/551/1013 1018/552/1018 1015/1623/1015 1016/549/1016
f 396/545/396 1013/551/1013 1011/546/1011
f 1014/558/1014 1015/1623/1015 1018/552/1018
f 1008/543/1008 1012/548/1012 1011/546/1011 1017/550/1017
f 1007/554/1007 379/538/379 30/528/30 386/511/386
f 1009/1622/1009 380/1607/380 379/538/379 1007/554/1007
f 388/530/388 389/529/389 1008/543/1008
f 1010/544/1010 381/531/381 380/1607/380 1009/1622/1009
f 1017/550/1017 382/532/382 381/531/381 1010/544/1010
f 389/529/389 390/522/390 1012/548/1012 1008/543/1008
f 391/521/391 1012/548/1012 390/522/390
f 1014/558/1014 392/557/392 378/575/378 385/1608/385
f 1015/1623/1015 1014/558/1014 385/1608/385 384/536/384
f 1016/549/1016 1015/1623/1015 384/536/384 383/535/383
f 1017/550/1017 1016/549/1016 383/535/383 382/532/382
f 1018/552/1018 394/568/394 393/559/393 1014/558/1014
f 396/545/396 395/1624/395 394/568/394 1018/552/1018
f 1025/564/1025 395/1624/395 1020/562/1020 1019/561/1019
f 362/570/362 361/560/361 1020/562/1020
f 1023/576/1023 392/557/392 393/559/393 1024/569/1024
f 1022/565/1022 208/572/208 1023/576/1023
f 1022/565/1022 1021/563/1021 359/566/359
f 1022/565/1022 1023/576/1023 1021/563/1021
f 1024/569/1024 394/568/394 395/1624/395 1025/564/1025
f 1020/562/1020 397/547/397 398/555/398 362/570/362
f 359/566/359 1021/563/1021 1019/561/1019
f 1024/569/1024 1021/563/1021 1023/576/1023
f 361/560/361 360/808/360 1019/561/1019
f 395/1624/395 396/545/396 397/547/397 1020/562/1020
f 1035/585/1035 400/1625/400 401/577/401 1039/579/1039
f 209/571/209 1022/565/1022 358/567/358
f 392/557/392 1023/576/1023 207/574/207
f 400/1625/400 1035/585/1035 399/584/399
f 404/582/404 405/1626/405 1027/1627/1027 1028/580/1028
f 1032/1628/1032 1029/1571/1029 1030/1629/1030 1033/1630/1033
f 1033/1630/1033 1030/1629/1030 1031/586/1031 1034/1631/1034
f 1036/1632/1036 1032/1628/1032 1033/1630/1033 1037/1633/1037
f 1031/586/1031 1035/585/1035 1034/1631/1034
f 1037/1633/1037 1033/1630/1033 1034/1631/1034 1038/587/1038
f 1038/587/1038 1034/1631/1034 1035/585/1035 1039/579/1039
f 1027/1627/1027 1036/1632/1036 1037/1633/1037 1028/580/1028
f 1028/580/1028 1037/1633/1037 1038/587/1038 1026/583/1026
f 1031/586/1031 376/1634/376 377/588/377 399/584/399
f 1039/579/1039 402/578/402 1026/583/1026
f 405/1626/405 374/621/374 373/1635/373 1027/1627/1027
f 1029/1571/1029 1586/1570/1586 375/1636/375 1030/1629/1030
f 373/1635/373 372/1637/372 1027/1627/1027
f 1030/1629/1030 375/1636/375 376/1634/376 1031/586/1031
f 372/1637/372 1585/1638/1585 1029/1571/1029 1032/1628/1032
f 1043/590/1043 1042/1639/1042 407/599/407 408/505/408
f 1032/1628/1032 1036/1632/1036 372/1637/372
f 1036/1632/1036 1027/1627/1027 372/1637/372
f 1040/600/1040 407/599/407 1042/1639/1042
f 411/496/411 418/601/418 417/593/417 1044/592/1044
f 1043/590/1043 1041/589/1041 1050/596/1050
f 1046/597/1046 1051/598/1051 1048/1640/1048 1049/595/1049
f 416/591/416 1046/597/1046 1044/592/1044
f 1047/604/1047 1048/1640/1048 1051/598/1051
f 1041/589/1041 1045/594/1045 1044/592/1044 1050/596/1050
f 1040/600/1040 399/584/399 378/503/378 406/486/406
f 1042/1639/1042 400/1625/400 399/584/399 1040/600/1040
f 408/505/408 409/504/409 1041/589/1041
f 1043/590/1043 401/577/401 400/1625/400 1042/1639/1042
f 1050/596/1050 402/578/402 401/577/401 1043/590/1043
f 409/504/409 410/497/410 1045/594/1045 1041/589/1041
f 411/496/411 1045/594/1045 410/497/410
f 1047/604/1047 412/603/412 374/621/374 405/1626/405
f 1048/1640/1048 1047/604/1047 405/1626/405 404/582/404
f 1049/595/1049 1048/1640/1048 404/582/404 403/581/403
f 1050/596/1050 1049/595/1049 403/581/403 402/578/402
f 1051/598/1051 414/614/414 413/605/413 1047/604/1047
f 416/591/416 415/1641/415 414/614/414 1051/598/1051
f 1058/610/1058 415/1641/415 1053/608/1053 1052/607/1052
f 357/616/357 356/606/356 1053/608/1053
f 1056/622/1056 412/603/412 413/605/413 1057/615/1057
f 1055/611/1055 205/618/205 1056/622/1056
f 1055/611/1055 1054/609/1054 354/612/354
f 1055/611/1055 1056/622/1056 1054/609/1054
f 1057/615/1057 414/614/414 415/1641/415 1058/610/1058
f 1053/608/1053 417/593/417 418/601/418 357/616/357
f 354/612/354 1054/609/1054 1052/607/1052
f 1057/615/1057 1054/609/1054 1056/622/1056
f 356/606/356 355/857/355 1052/607/1052
f 415/1641/415 416/591/416 417/593/417 1053/608/1053
f 1068/631/1068 420/1642/420 421/623/421 1072/625/1072
f 206/617/206 1055/611/1055 353/613/353
f 412/603/412 1056/622/1056 204/620/204
f 420/1642/420 1068/631/1068 419/630/419
f 424/628/424 425/1643/425 1060/1644/1060 1061/626/1061
f 1065/1645/1065 1062/1584/1062 1063/1646/1063 1066/1647/1066
f 1066/1647/1066 1063/1646/1063 1064/632/1064 1067/1648/1067
f 1069/1649/1069 1065/1645/1065 1066/1647/1066 1070/1650/1070
f 1064/632/1064 1068/631/1068 1067/1648/1067
f 1070/1650/1070 1066/1647/1066 1067/1648/1067 1071/633/1071
f 1071/633/1071 1067/1648/1067 1068/631/1068 1072/625/1072
f 1060/1644/1060 1069/1649/1069 1070/1650/1070 1061/626/1061
f 1061/626/1061 1070/1650/1070 1071/633/1071 1059/629/1059
f 1064/632/1064 372/1651/372 373/634/373 419/630/419
f 1072/625/1072 422/624/422 1059/629/1059
f 425/1643/425 371/668/371 370/1652/370 1060/1644/1060
f 1062/1584/1062 1585/1586/1585 372/1651/372 1063/1646/1063
f 370/1652/370 369/1653/369 1060/1644/1060
f 369/1653/369 1584/1582/1584 1062/1584/1062 1065/1645/1065
f 372/1651/372 1064/632/1064 1063/1646/1063
f 1076/636/1076 1075/1654/1075 427/645/427 428/480/428
f 1065/1645/1065 1069/1649/1069 369/1653/369
f 1069/1649/1069 1060/1644/1060 369/1653/369
f 1073/646/1073 427/645/427 1075/1654/1075
f 431/471/431 438/647/438 437/639/437 1077/638/1077
f 1076/636/1076 1074/635/1074 1083/642/1083
f 1079/643/1079 1084/644/1084 1081/1655/1081 1082/641/1082
f 436/637/436 1079/643/1079 1077/638/1077
f 1080/650/1080 1081/1655/1081 1084/644/1084
f 1074/635/1074 1078/640/1078 1077/638/1077 1083/642/1083
f 1073/646/1073 419/630/419 374/478/374 426/461/426
f 1075/1654/1075 420/1642/420 419/630/419 1073/646/1073
f 428/480/428 429/479/429 1074/635/1074
f 1076/636/1076 421/623/421 420/1642/420 1075/1654/1075
f 1083/642/1083 422/624/422 421/623/421 1076/636/1076
f 429/479/429 430/472/430 1078/640/1078 1074/635/1074
f 431/471/431 1078/640/1078 430/472/430
f 1080/650/1080 432/649/432 371/668/371 425/1643/425
f 1081/1655/1081 1080/650/1080 425/1643/425 424/628/424
f 1082/641/1082 1081/1655/1081 424/628/424 423/627/423
f 1083/642/1083 1082/641/1082 423/627/423 422/624/422
f 1084/644/1084 434/660/434 433/651/433 1080/650/1080
f 436/637/436 435/1656/435 434/660/434 1084/644/1084
f 1091/656/1091 435/1656/435 1086/654/1086 1085/653/1085
f 352/662/352 351/652/351 1086/654/1086
f 1089/669/1089 432/649/432 433/651/433 1090/661/1090
f 1088/657/1088 202/665/202 1089/669/1089
f 1088/657/1088 1087/655/1087 349/658/349
f 1088/657/1088 1089/669/1089 1087/655/1087
f 1090/661/1090 434/660/434 435/1656/435 1091/656/1091
f 1086/654/1086 437/639/437 438/647/438 352/662/352
f 349/658/349 1087/655/1087 1085/653/1085
f 1090/661/1090 1087/655/1087 1089/669/1089
f 351/652/351 350/906/350 1085/653/1085
f 435/1656/435 436/637/436 437/639/437 1086/654/1086
f 1101/678/1101 440/1657/440 441/670/441 1105/672/1105
f 203/663/203 1088/657/1088 348/659/348
f 432/649/432 1089/669/1089 201/667/201
f 440/1657/440 1101/678/1101 439/677/439
f 444/675/444 445/1658/445 1093/1659/1093 1094/673/1094
f 1098/1660/1098 1095/1581/1095 1096/1661/1096 1099/1662/1099
f 1099/1662/1099 1096/1661/1096 1097/679/1097 1100/1663/1100
f 1102/1664/1102 1098/1660/1098 1099/1662/1099 1103/1665/1103
f 1097/679/1097 1101/678/1101 1100/1663/1100
f 1103/1665/1103 1099/1662/1099 1100/1663/1100 1104/680/1104
f 1104/680/1104 1100/1663/1100 1101/678/1101 1105/672/1105
f 1093/1659/1093 1102/1664/1102 1103/1665/1103 1094/673/1094
f 1094/673/1094 1103/1665/1103 1104/680/1104 1092/676/1092
f 1097/679/1097 369/1666/369 370/681/370 439/677/439
f 1105/672/1105 442/671/442 1092/676/1092
f 445/1658/445 366/714/366 365/1667/365 1093/1659/1093
f 1095/1581/1095 1584/1585/1584 369/1666/369 1096/1661/1096
f 365/1667/365 364/1668/364 1093/1659/1093
f 363/1669/363 1583/1579/1583 1095/1581/1095 1098/1660/1098
f 369/1666/369 1097/679/1097 1096/1661/1096
f 364/1668/364 363/1669/363 1098/1660/1098 1102/1664/1102
f 1109/683/1109 1108/1670/1108 447/692/447 448/455/448
f 1102/1664/1102 1093/1659/1093 364/1668/364
f 1106/693/1106 447/692/447 1108/1670/1108
f 451/446/451 458/694/458 457/686/457 1110/685/1110
f 1109/683/1109 1107/682/1107 1116/689/1116
f 1112/690/1112 1117/691/1117 1114/1671/1114 1115/688/1115
f 456/684/456 1112/690/1112 1110/685/1110
f 1113/697/1113 1114/1671/1114 1117/691/1117
f 1107/682/1107 1111/687/1111 1110/685/1110 1116/689/1116
f 1106/693/1106 439/677/439 371/453/371 446/436/446
f 1108/1670/1108 440/1657/440 439/677/439 1106/693/1106
f 448/455/448 449/454/449 1107/682/1107
f 1109/683/1109 441/670/441 440/1657/440 1108/1670/1108
f 1116/689/1116 442/671/442 441/670/441 1109/683/1109
f 449/454/449 450/447/450 1111/687/1111 1107/682/1107
f 451/446/451 1111/687/1111 450/447/450
f 1113/697/1113 452/696/452 366/714/366 445/1658/445
f 1114/1671/1114 1113/697/1113 445/1658/445 444/675/444
f 1115/688/1115 1114/1671/1114 444/675/444 443/674/443
f 1116/689/1116 1115/688/1115 443/674/443 442/671/442
f 1117/691/1117 454/707/454 453/698/453 1113/697/1113
f 456/684/456 455/1672/455 454/707/454 1117/691/1117
f 1124/703/1124 455/1672/455 1119/701/1119 1118/700/1118
f 347/709/347 346/699/346 1119/701/1119
f 1122/715/1122 452/696/452 453/698/453 1123/708/1123
f 1121/704/1121 195/711/195 1122/715/1122
f 1121/704/1121 1120/702/1120 344/705/344
f 1121/704/1121 1122/715/1122 1120/702/1120
f 1123/708/1123 454/707/454 455/1672/455 1124/703/1124
f 1119/701/1119 457/686/457 458/694/458 347/709/347
f 344/705/344 1120/702/1120 1118/700/1118
f 1123/708/1123 1120/702/1120 1122/715/1122
f 346/699/346 345/958/345 1118/700/1118
f 455/1672/455 456/684/456 457/686/457 1119/701/1119
f 1134/724/1134 460/1673/460 461/716/461 1138/718/1138
f 196/710/196 1121/704/1121 343/706/343
f 452/696/452 1122/715/1122 194/713/194
f 460/1673/460 1134/724/1134 459/723/459
f 464/721/464 465/1674/465 1126/1675/1126 1127/719/1127
f 1131/1676/1131 1128/1577/1128 1129/1677/1129 1132/1678/1132
f 1132/1678/1132 1129/1677/1129 1130/725/1130 1133/1679/1133
f 1135/1680/1135 1131/1676/1131 1132/1678/1132 1136/1681/1136
f 1130/725/1130 1134/724/1134 1133/1679/1133
f 1136/1681/1136 1132/1678/1132 1133/1679/1133 1137/726/1137
f 1137/726/1137 1133/1679/1133 1134/724/1134 1138/718/1138
f 1126/1675/1126 1135/1680/1135 1136/1681/1136 1127/719/1127
f 1127/719/1127 1136/1681/1136 1137/726/1137 1125/722/1125
f 1130/725/1130 364/1682/364 365/727/365 459/723/459
f 1138/718/1138 462/717/462 1125/722/1125
f 465/1674/465 30/760/30 197/1683/197 1126/1675/1126
f 1128/1577/1128 1583/1576/1583 363/1684/363 1129/1677/1129
f 197/1683/197 198/1685/198 1126/1675/1126
f 1129/1677/1129 363/1684/363 364/1682/364 1130/725/1130
f 199/1686/199 200/1687/200 1128/1577/1128 1131/1676/1131
f 198/1685/198 199/1686/199 1131/1676/1131 1135/1680/1135
f 1142/729/1142 1141/1688/1141 467/738/467 468/430/468
f 1135/1680/1135 1126/1675/1126 198/1685/198
f 1139/739/1139 467/738/467 1141/1688/1141
f 471/421/471 478/740/478 477/732/477 1143/731/1143
f 1142/729/1142 1140/728/1140 1149/735/1149
f 1145/736/1145 1150/737/1150 1147/1689/1147 1148/734/1148
f 476/730/476 1145/736/1145 1143/731/1143
f 1146/743/1146 1147/1689/1147 1150/737/1150
f 1140/728/1140 1144/733/1144 1143/731/1143 1149/735/1149
f 1139/739/1139 459/723/459 366/428/366 466/411/466
f 1141/1688/1141 460/1673/460 459/723/459 1139/739/1139
f 468/430/468 469/429/469 1140/728/1140
f 1142/729/1142 461/716/461 460/1673/460 1141/1688/1141
f 1149/735/1149 462/717/462 461/716/461 1142/729/1142
f 469/429/469 470/422/470 1144/733/1144 1140/728/1140
f 471/421/471 1144/733/1144 470/422/470
f 1146/743/1146 472/742/472 30/760/30 465/1674/465
f 1147/1689/1147 1146/743/1146 465/1674/465 464/721/464
f 1148/734/1148 1147/1689/1147 464/721/464 463/720/463
f 1149/735/1149 1148/734/1148 463/720/463 462/717/462
f 1150/737/1150 474/753/474 473/744/473 1146/743/1146
f 476/730/476 475/1690/475 474/753/474 1150/737/1150
f 1158/749/1158 475/1690/475 1152/747/1152 1151/746/1151
f 342/755/342 341/745/341 1152/747/1152
f 1156/761/1156 472/742/472 473/744/473 1157/754/1157
f 1154/750/1154 1155/757/1155 1156/761/1156
f 1154/750/1154 1153/748/1153 339/751/339
f 1154/750/1154 1156/761/1156 1153/748/1153
f 1157/754/1157 474/753/474 475/1690/475 1158/749/1158
f 1152/747/1152 477/732/477 478/740/478 342/755/342
f 339/751/339 1153/748/1153 1151/746/1151
f 1157/754/1157 1153/748/1153 1156/761/1156
f 341/745/341 340/1007/340 1151/746/1151
f 475/1690/475 476/730/476 477/732/477 1152/747/1152
f 1164/769/1164 188/524/188 189/526/189 1159/772/1159
f 367/756/367 1154/750/1154 338/752/338
f 472/742/472 1156/761/1156 368/759/368
f 481/767/481 1162/766/1162 1160/762/1160
f 1161/765/1161 1159/772/1159 1162/766/1162
f 1167/773/1167 1166/782/1166 1165/780/1165 108/777/108
f 1159/772/1159 190/771/190 1166/782/1166 1167/773/1167
f 1164/769/1164 483/790/483 484/779/484 187/770/187
f 1163/768/1163 1167/773/1167 108/777/108
f 480/776/480 1160/762/1160 479/764/479
f 482/788/482 1161/765/1161 481/767/481
f 107/763/107 1163/768/1163 1415/778/1415
f 1161/765/1161 482/788/482 483/790/483 1164/769/1164
f 1166/782/1166 192/508/192 193/516/193 1165/780/1165
f 110/518/110 109/781/109 1165/780/1165
f 480/776/480 485/795/485 486/1606/486 1170/794/1170
f 191/506/191 1166/782/1166 190/771/190
f 1170/794/1170 486/1606/486 487/405/487 1168/784/1168
f 1173/792/1173 1172/793/1172 494/798/494 493/1691/493
f 1171/785/1171 494/798/494 1172/793/1172
f 489/402/489 490/786/490 1171/785/1171 1172/793/1172
f 492/799/492 484/779/484 483/790/483 1174/789/1174
f 493/1691/493 492/799/492 1174/789/1174 1173/792/1173
f 482/788/482 1175/791/1175 1174/789/1174
f 491/787/491 496/796/496 495/797/495 1171/785/1171
f 1170/794/1170 1168/784/1168 1175/791/1175
f 1172/793/1172 1173/792/1173 1168/784/1168
f 1175/791/1175 1168/784/1168 1173/792/1173
f 488/400/488 1169/783/1169 487/405/487
f 481/767/481 1170/794/1170 482/788/482
f 1185/1692/1185 1179/804/1179 1178/802/1178 1176/807/1176
f 489/402/489 1169/783/1169 488/400/488
f 329/803/329 1178/802/1178 1177/800/1177
f 1180/1693/1180 1181/573/1181 1183/806/1183
f 1184/810/1184 1176/807/1176 360/808/360
f 1184/810/1184 1185/1692/1185 1176/807/1176
f 1183/806/1183 1182/805/1182 1178/802/1178
f 493/1691/493 494/798/494 1179/804/1179 1185/1692/1185
f 330/809/330 1177/800/1177 496/796/496
f 495/797/495 1179/804/1179 494/798/494
f 1180/1693/1180 326/1020/326 158/493/158 358/567/358
f 1181/573/1181 1180/1693/1180 358/567/358 359/566/359
f 1183/806/1183 327/1018/327 326/1020/326 1180/1693/1180
f 1181/573/1181 1019/561/1019 1182/805/1182
f 362/570/362 29/556/29 492/799/492 1184/810/1184
f 327/1018/327 1183/806/1183 328/801/328
f 1185/1692/1185 1184/810/1184 492/799/492 493/1691/493
f 1191/818/1191 181/499/181 182/501/182 1186/821/1186
f 360/808/360 1182/805/1182 1019/561/1019
f 499/816/499 1189/815/1189 1187/811/1187
f 1188/814/1188 1186/821/1186 1189/815/1189
f 1194/822/1194 1193/831/1193 1192/829/1192 156/826/156
f 1186/821/1186 183/820/183 1193/831/1193 1194/822/1194
f 1191/818/1191 501/1694/501 502/828/502 180/819/180
f 1190/817/1190 1194/822/1194 156/826/156
f 498/825/498 1187/811/1187 497/813/497
f 500/844/500 1188/814/1188 499/816/499
f 155/812/155 1190/817/1190 1298/827/1298
f 1188/814/1188 500/844/500 501/1694/501 1191/818/1191
f 1193/831/1193 185/483/185 186/491/186 1192/829/1192
f 158/493/158 157/830/157 1192/829/1192
f 498/825/498 503/845/503 504/1605/504 1197/843/1197
f 184/481/184 1193/831/1193 183/820/183
f 1197/843/1197 504/1605/504 505/381/505 1195/833/1195
f 1200/842/1200 1199/840/1199 512/848/512 511/838/511
f 1198/834/1198 512/848/512 1199/840/1199
f 507/378/507 508/835/508 1198/834/1198 1199/840/1199
f 510/839/510 502/828/502 501/1694/501 1201/837/1201
f 1201/837/1201 501/1694/501 500/844/500 1202/841/1202
f 509/836/509 514/846/514 513/847/513 1198/834/1198
f 1201/837/1201 1200/842/1200 511/838/511
f 1197/843/1197 1195/833/1195 1202/841/1202
f 1199/840/1199 1200/842/1200 1195/833/1195
f 1202/841/1202 1195/833/1195 1200/842/1200
f 506/376/506 1196/832/1196 505/381/505
f 499/816/499 1197/843/1197 500/844/500
f 1212/1695/1212 1206/853/1206 1205/851/1205 1203/856/1203
f 507/378/507 1196/832/1196 506/376/506
f 317/852/317 1205/851/1205 1204/849/1204
f 1207/1696/1207 1208/619/1208 1210/855/1210
f 1211/859/1211 1203/856/1203 355/857/355
f 1211/859/1211 1212/1695/1212 1203/856/1203
f 1210/855/1210 1209/854/1209 1205/851/1205
f 511/838/511 512/848/512 1206/853/1206 1212/1695/1212
f 318/858/318 1204/849/1204 514/846/514
f 513/847/513 1206/853/1206 512/848/512
f 1207/1696/1207 314/1070/314 146/468/146 353/613/353
f 1208/619/1208 1207/1696/1207 353/613/353 354/612/354
f 1210/855/1210 315/1068/315 314/1070/314 1207/1696/1207
f 1208/619/1208 1052/607/1052 1209/854/1209
f 357/616/357 28/602/28 510/839/510 1211/859/1211
f 315/1068/315 1210/855/1210 316/850/316
f 1212/1695/1212 1211/859/1211 510/839/510 511/838/511
f 1218/867/1218 174/474/174 175/476/175 1213/870/1213
f 355/857/355 1209/854/1209 1052/607/1052
f 517/865/517 1216/864/1216 1214/860/1214
f 1215/863/1215 1213/870/1213 1216/864/1216
f 1221/871/1221 1220/880/1220 1219/878/1219 144/875/144
f 1213/870/1213 176/869/176 1220/880/1220 1221/871/1221
f 1218/867/1218 519/888/519 520/877/520 173/868/173
f 1217/866/1217 1221/871/1221 144/875/144
f 516/874/516 1214/860/1214 515/862/515
f 518/886/518 1215/863/1215 517/865/517
f 143/861/143 1217/866/1217 1328/876/1328
f 1215/863/1215 518/886/518 519/888/519 1218/867/1218
f 1220/880/1220 178/458/178 179/466/179 1219/878/1219
f 146/468/146 145/879/145 1219/878/1219
f 516/874/516 521/893/521 522/1604/522 1224/892/1224
f 177/456/177 1220/880/1220 176/869/176
f 1224/892/1224 522/1604/522 523/357/523 1222/882/1222
f 1227/890/1227 1226/891/1226 530/896/530 529/1697/529
f 1225/883/1225 530/896/530 1226/891/1226
f 525/354/525 526/884/526 1225/883/1225 1226/891/1226
f 528/897/528 520/877/520 519/888/519 1228/887/1228
f 529/1697/529 528/897/528 1228/887/1228 1227/890/1227
f 518/886/518 1229/889/1229 1228/887/1228
f 527/885/527 532/894/532 531/895/531 1225/883/1225
f 1224/892/1224 1222/882/1222 1229/889/1229
f 1226/891/1226 1227/890/1227 1222/882/1222
f 1229/889/1229 1222/882/1222 1227/890/1227
f 524/352/524 1223/881/1223 523/357/523
f 517/865/517 1224/892/1224 518/886/518
f 1239/1698/1239 1233/902/1233 1232/900/1232 1230/905/1230
f 525/354/525 1223/881/1223 524/352/524
f 305/901/305 1232/900/1232 1231/898/1231
f 1234/909/1234 1235/666/1235 1237/904/1237
f 1238/911/1238 1230/905/1230 350/906/350
f 1238/911/1238 1239/1698/1239 1230/905/1230
f 1237/904/1237 1236/903/1236 1232/900/1232
f 529/1697/529 530/896/530 1233/902/1233 1239/1698/1239
f 306/907/306 1231/898/1231 532/894/532
f 531/895/531 1233/902/1233 530/896/530
f 1234/909/1234 301/908/301 134/664/134 348/659/348
f 1235/666/1235 1234/909/1234 348/659/348 349/658/349
f 1237/904/1237 303/1121/303 302/910/302 1234/909/1234
f 1235/666/1235 1085/653/1085 1236/903/1236
f 352/662/352 27/648/27 528/897/528 1238/911/1238
f 303/1121/303 1237/904/1237 304/899/304
f 1239/1698/1239 1238/911/1238 528/897/528 529/1697/529
f 1245/919/1245 167/449/167 168/451/168 1240/922/1240
f 350/906/350 1236/903/1236 1085/653/1085
f 535/917/535 1243/916/1243 1241/912/1241
f 1242/915/1242 1240/922/1240 1243/916/1243
f 1248/923/1248 1247/932/1247 1246/930/1246 132/927/132
f 1240/922/1240 169/921/169 1247/932/1247 1248/923/1248
f 1245/919/1245 537/940/537 538/929/538 166/920/166
f 1244/918/1244 1248/923/1248 132/927/132
f 534/926/534 1241/912/1241 533/914/533
f 536/938/536 1242/915/1242 535/917/535
f 131/913/131 1244/918/1244 1357/928/1357
f 1242/915/1242 536/938/536 537/940/537 1245/919/1245
f 1247/932/1247 171/433/171 172/441/172 1246/930/1246
f 134/443/134 133/931/133 1246/930/1246
f 534/926/534 539/945/539 540/1603/540 1251/944/1251
f 170/431/170 1247/932/1247 169/921/169
f 1251/944/1251 540/1603/540 541/333/541 1249/934/1249
f 1254/942/1254 1253/943/1253 548/948/548 547/1699/547
f 1252/935/1252 548/948/548 1253/943/1253
f 543/330/543 544/936/544 1252/935/1252 1253/943/1253
f 546/949/546 538/929/538 537/940/537 1255/939/1255
f 547/1699/547 546/949/546 1255/939/1255 1254/942/1254
f 536/938/536 1256/941/1256 1255/939/1255
f 545/937/545 550/946/550 549/947/549 1252/935/1252
f 1251/944/1251 1249/934/1249 1256/941/1256
f 1253/943/1253 1254/942/1254 1249/934/1249
f 1256/941/1256 1249/934/1249 1254/942/1254
f 542/328/542 1250/933/1250 541/333/541
f 535/917/535 1251/944/1251 536/938/536
f 1266/1700/1266 1260/954/1260 1259/952/1259 1257/957/1257
f 543/330/543 1250/933/1250 542/328/542
f 292/953/292 1259/952/1259 1258/950/1258
f 1261/1701/1261 1262/712/1262 1264/956/1264
f 1265/960/1265 1257/957/1257 345/958/345
f 1265/960/1265 1266/1700/1266 1257/957/1257
f 1264/956/1264 1263/955/1263 1259/952/1259
f 547/1699/547 548/948/548 1260/954/1260 1266/1700/1266
f 293/959/293 1258/950/1258 550/946/550
f 549/947/549 1260/954/1260 548/948/548
f 1261/1701/1261 289/1184/289 122/418/122 343/706/343
f 1262/712/1262 1261/1701/1261 343/706/343 344/705/344
f 1264/956/1264 290/1182/290 289/1184/289 1261/1701/1261
f 1262/712/1262 1118/700/1118 1263/955/1263
f 347/709/347 26/695/26 546/949/546 1265/960/1265
f 290/1182/290 1264/956/1264 291/951/291
f 1266/1700/1266 1265/960/1265 546/949/546 547/1699/547
f 1272/968/1272 160/424/160 161/426/161 1267/971/1267
f 345/958/345 1263/955/1263 1118/700/1118
f 553/966/553 1270/965/1270 1268/961/1268
f 1269/964/1269 1267/971/1267 1270/965/1270
f 1275/972/1275 1274/981/1274 1273/979/1273 120/976/120
f 1267/971/1267 162/970/162 1274/981/1274 1275/972/1275
f 1272/968/1272 555/1702/555 556/978/556 159/969/159
f 1271/967/1271 1275/972/1275 120/976/120
f 552/975/552 1268/961/1268 551/963/551
f 554/994/554 1269/964/1269 553/966/553
f 119/962/119 1271/967/1271 1386/977/1386
f 1269/964/1269 554/994/554 555/1702/555 1272/968/1272
f 1274/981/1274 164/408/164 165/416/165 1273/979/1273
f 122/418/122 121/980/121 1273/979/1273
f 552/975/552 557/995/557 558/1601/558 1278/993/1278
f 163/406/163 1274/981/1274 162/970/162
f 1278/993/1278 558/1601/558 559/309/559 1276/983/1276
f 1281/992/1281 1280/990/1280 566/998/566 565/988/565
f 1279/984/1279 566/998/566 1280/990/1280
f 561/306/561 562/985/562 1279/984/1279 1280/990/1280
f 564/989/564 556/978/556 555/1702/555 1282/987/1282
f 1282/987/1282 555/1702/555 554/994/554 1283/991/1283
f 563/986/563 568/996/568 567/997/567 1279/984/1279
f 1282/987/1282 1281/992/1281 565/988/565
f 1278/993/1278 1276/983/1276 1283/991/1283
f 1280/990/1280 1281/992/1281 1276/983/1276
f 1283/991/1283 1276/983/1276 1281/992/1281
f 560/304/560 1277/982/1277 559/309/559
f 553/966/553 1278/993/1278 554/994/554
f 1293/1703/1293 1287/1003/1287 1286/1001/1286 1284/1006/1284
f 561/306/561 1277/982/1277 560/304/560
f 280/1002/280 1286/1001/1286 1285/999/1285
f 1288/1704/1288 1289/758/1289 1291/1005/1291
f 1292/1009/1292 1284/1006/1284 340/1007/340
f 1292/1009/1292 1293/1703/1293 1284/1006/1284
f 1291/1005/1291 1290/1004/1290 1286/1001/1286
f 565/988/565 566/998/566 1287/1003/1287 1293/1703/1293
f 281/1008/281 1285/999/1285 568/996/568
f 567/997/567 1287/1003/1287 566/998/566
f 1288/1704/1288 277/1236/277 110/518/110 338/752/338
f 1289/758/1289 1288/1704/1288 338/752/338 339/751/339
f 1291/1005/1291 278/1234/278 277/1236/277 1288/1704/1288
f 1289/758/1289 1151/746/1151 1290/1004/1290
f 342/755/342 25/741/25 564/989/564 1292/1009/1292
f 278/1234/278 1291/1005/1291 279/1000/279
f 1293/1703/1293 1292/1009/1292 564/989/564 565/988/565
f 1294/1705/1294 1303/1022/1303 1295/1010/1295 1296/1017/1296
f 340/1007/340 1290/1004/1290 1151/746/1151
f 1297/1011/1297 1295/1010/1295 1303/1022/1303
f 1294/1705/1294 1299/1016/1299 1302/1019/1302 1303/1022/1303
f 326/1020/326 1302/1019/1302 157/830/157
f 327/1018/327 1303/1022/1303 1302/1019/1302
f 1296/1017/1296 1301/1015/1301 1294/1705/1294
f 1301/1015/1301 1299/1016/1299 1294/1705/1294
f 1295/1010/1295 571/1023/571 572/1025/572 1296/1017/1296
f 570/1024/570 1295/1010/1295 569/1012/569
f 327/1018/327 328/801/328 329/803/329 1297/1011/1297
f 330/809/330 569/1012/569 1297/1011/1297
f 1298/827/1298 574/1014/574 154/823/154 155/812/155
f 573/1026/573 1311/1040/1311 1300/1013/1300 1296/1017/1296
f 1298/827/1298 156/826/156 1299/1016/1299
f 574/1014/574 1300/1013/1300 1311/1040/1311
f 1312/1036/1312 1311/1040/1311 573/1026/573 1313/1035/1313
f 157/830/157 1304/1021/1304 156/826/156
f 1304/1021/1304 1299/1016/1299 156/826/156
f 576/1028/576 1307/1027/1307 570/1024/570
f 1307/1027/1307 1306/1029/1306 1305/1039/1305
f 1308/1032/1308 1310/1031/1310 580/1034/580
f 1309/1033/1309 1305/1039/1305 1310/1031/1310
f 1311/1040/1311 1312/1036/1312 583/1038/583
f 1305/1039/1305 1309/1033/1309 1312/1036/1312 1313/1035/1313
f 1310/1031/1310 1305/1039/1305 1306/1029/1306
f 572/1025/572 571/1023/571 1307/1027/1307 1313/1035/1313
f 569/1012/569 23/284/23 575/269/575 570/1024/570
f 581/263/581 14/278/14 587/1044/587 1308/1032/1308
f 578/264/578 1306/1029/1306 577/285/577
f 582/1041/582 24/824/24 574/1014/574 1311/1040/1311
f 585/1056/585 1309/1033/1309 586/1030/586
f 579/279/579 1306/1029/1306 578/264/578
f 1315/1043/1315 275/1042/275 274/1334/274 1316/1045/1316
f 584/1037/584 1309/1033/1309 585/1056/585
f 1316/1045/1316 274/1334/274 1314/1058/1314 1317/1050/1317
f 1317/1050/1317 1314/1058/1314 1319/1047/1319 333/373/333
f 333/373/333 334/375/334 1320/1049/1320
f 271/1048/271 1319/1047/1319 1314/1058/1314
f 335/1054/335 336/379/336 1321/1051/1321 1320/1049/1320
f 585/1056/585 1323/1053/1323 1322/1052/1322
f 586/1030/586 1308/1032/1308 1315/1043/1315 1318/1046/1318
f 1318/1046/1318 1323/1053/1323 585/1056/585
f 1316/1045/1316 1317/1050/1317 1323/1053/1323
f 1317/1050/1317 1320/1049/1320 1323/1053/1323
f 273/1059/273 1314/1058/1314 274/1334/274
f 587/1044/587 1315/1043/1315 1308/1032/1308
f 1321/1051/1321 583/1038/583 584/1037/584 1322/1052/1322
f 332/371/332 1319/1047/1319 331/372/331
f 271/1048/271 1314/1058/1314 272/1057/272
f 583/1038/583 1321/1051/1321 582/1041/582
f 1324/1706/1324 1333/1072/1333 1325/1060/1325 1326/1067/1326
f 1327/1061/1327 1325/1060/1325 1333/1072/1333
f 1324/1706/1324 1329/1066/1329 1332/1069/1332 1333/1072/1333
f 314/1070/314 1332/1069/1332 145/879/145
f 315/1068/315 1333/1072/1333 1332/1069/1332
f 1326/1067/1326 1331/1065/1331 1324/1706/1324
f 1331/1065/1331 1329/1066/1329 1324/1706/1324
f 1325/1060/1325 590/1073/590 591/1075/591 1326/1067/1326
f 589/1074/589 1325/1060/1325 588/1062/588
f 315/1068/315 316/850/316 317/852/317 1327/1061/1327
f 318/858/318 588/1062/588 1327/1061/1327
f 1328/876/1328 593/1064/593 142/872/142 143/861/143
f 592/1076/592 1340/1091/1340 1330/1063/1330 1326/1067/1326
f 1328/876/1328 144/875/144 1329/1066/1329
f 593/1064/593 1330/1063/1330 1340/1091/1340
f 1341/1086/1341 1340/1091/1340 592/1076/592 1342/1085/1342
f 145/879/145 1334/1071/1334 144/875/144
f 1334/1071/1334 1329/1066/1329 144/875/144
f 595/1078/595 1337/1077/1337 589/1074/589
f 1337/1077/1337 1336/1079/1336 1335/1089/1335
f 606/1082/606 1339/1081/1339 599/1084/599
f 1338/1083/1338 1335/1089/1335 1339/1081/1339
f 1340/1091/1340 1341/1086/1341 602/1088/602
f 1335/1089/1335 1338/1083/1338 1341/1086/1341 1342/1085/1342
f 1339/1081/1339 1335/1089/1335 1336/1079/1336
f 591/1075/591 590/1073/590 1337/1077/1337 1342/1085/1342
f 588/1062/588 21/253/21 594/239/594 589/1074/589
f 600/234/600 13/249/13 607/1090/607 599/1084/599
f 597/250/597 1336/1079/1336 596/254/596
f 601/1092/601 22/873/22 593/1064/593 1340/1091/1340
f 604/1104/604 1338/1083/1338 605/1080/605
f 598/251/598 1336/1079/1336 597/250/597
f 1348/1105/1348 1346/1094/1346 1344/1095/1344 1343/1097/1343
f 603/1087/603 1338/1083/1338 604/1104/604
f 1345/1110/1345 1347/1096/1347 1344/1095/1344
f 1347/1096/1347 1345/1110/1345 1349/1098/1349 321/349/321
f 321/349/321 322/351/322 1350/1100/1350
f 265/1099/265 1349/1098/1349 1345/1110/1345
f 323/1103/323 324/355/324 1351/1101/1351 1350/1100/1350
f 1350/1100/1350 1352/1102/1352 604/1104/604 1343/1097/1343
f 1344/1095/1344 268/1383/268 267/1111/267 1345/1110/1345
f 1347/1096/1347 1350/1100/1350 1343/1097/1343
f 268/1383/268 1344/1095/1344 269/1093/269
f 605/1080/605 606/1082/606 1346/1094/1346 1348/1105/1348
f 607/1090/607 1346/1094/1346 606/1082/606
f 1351/1101/1351 602/1088/602 603/1087/603 1352/1102/1352
f 320/347/320 1349/1098/1349 319/348/319
f 265/1099/265 1345/1110/1345 266/1109/266
f 602/1088/602 1351/1101/1351 601/1092/601
f 1353/1707/1353 1362/1125/1362 1354/1112/1354 1355/1120/1355
f 1356/1113/1356 1354/1112/1354 1362/1125/1362
f 133/1124/133 301/908/301 302/910/302 1361/1122/1361
f 1353/1707/1353 1358/1119/1358 1361/1122/1361 1362/1125/1362
f 303/1121/303 1362/1125/1362 1361/1122/1361
f 1355/1120/1355 1360/1118/1360 1353/1707/1353
f 1360/1118/1360 1358/1119/1358 1353/1707/1353
f 1354/1112/1354 610/1126/610 611/1130/611 1355/1120/1355
f 609/1127/609 1354/1112/1354 608/1114/608
f 303/1121/303 304/899/304 305/901/305 1356/1113/1356
f 306/907/306 608/1114/608 1356/1113/1356
f 1357/1115/1357 613/1117/613 130/1128/130 131/1708/131
f 612/1131/612 1369/1146/1369 1359/1116/1359 1355/1120/1355
f 1357/1115/1357 132/1709/132 1358/1119/1358
f 613/1117/613 1359/1116/1359 1369/1146/1369
f 1370/1141/1370 1369/1146/1369 612/1131/612 1371/1140/1371
f 133/1124/133 1363/1123/1363 132/1709/132
f 1363/1123/1363 1358/1119/1358 132/1709/132
f 615/1133/615 1366/1132/1366 609/1127/609
f 1366/1132/1366 1365/1134/1365 1364/1144/1364
f 626/1137/626 1368/1136/1368 619/1139/619
f 1367/1138/1367 1364/1144/1364 1368/1136/1368
f 1369/1146/1369 1370/1141/1370 622/1143/622
f 1364/1144/1364 1367/1138/1367 1370/1141/1370 1371/1140/1371
f 1368/1136/1368 1364/1144/1364 1365/1134/1365
f 611/1130/611 610/1126/610 1366/1132/1366 1371/1140/1371
f 608/1114/608 19/224/19 614/212/614 609/1127/609
f 620/205/620 11/219/11 627/1145/627 619/1139/619
f 617/207/617 1365/1134/1365 616/225/616
f 621/1147/621 20/1129/20 613/1117/613 1369/1146/1369
f 624/1162/624 1367/1138/1367 625/1135/625
f 618/220/618 1365/1134/1365 617/207/617
f 1377/1163/1377 1375/1149/1375 1373/1148/1373 1372/1151/1372
f 623/1142/623 1367/1138/1367 624/1162/624
f 1374/1171/1374 1376/1150/1376 1373/1148/1373
f 1376/1150/1376 1374/1171/1374 1378/1152/1378 309/1155/309
f 309/1155/309 310/1160/310 1379/1156/1379
f 251/1153/251 1378/1152/1378 1374/1171/1374
f 311/1161/311 312/1158/312 1380/1157/1380 1379/1156/1379
f 1379/1156/1379 1381/1159/1381 624/1162/624 1372/1151/1372
f 627/1145/627 256/1164/256 255/1166/255 1373/1148/1373
f 1376/1150/1376 1379/1156/1379 1372/1151/1372
f 1373/1148/1373 254/1165/254 253/1172/253 1374/1171/1374
f 625/1135/625 626/1137/626 1375/1149/1375 1377/1163/1377
f 627/1145/627 1375/1149/1375 626/1137/626
f 1380/1157/1380 622/1143/622 623/1142/623 1381/1159/1381
f 308/1169/308 1378/1152/1378 307/1154/307
f 251/1153/251 1374/1171/1374 252/1170/252
f 622/1143/622 1380/1157/1380 621/1147/621
f 1382/1710/1382 1391/1186/1391 1383/1174/1383 1384/1181/1384
f 1385/1175/1385 1383/1174/1383 1391/1186/1391
f 1382/1710/1382 1387/1180/1387 1390/1183/1390 1391/1186/1391
f 289/1184/289 1390/1183/1390 121/980/121
f 290/1182/290 1391/1186/1391 1390/1183/1390
f 1384/1181/1384 1389/1179/1389 1382/1710/1382
f 1389/1179/1389 1387/1180/1387 1382/1710/1382
f 1383/1174/1383 630/1187/630 631/1189/631 1384/1181/1384
f 629/1188/629 1383/1174/1383 628/1176/628
f 290/1182/290 291/951/291 292/953/292 1385/1175/1385
f 293/959/293 628/1176/628 1385/1175/1385
f 1386/977/1386 633/1178/633 118/973/118 119/962/119
f 632/1190/632 1398/1205/1398 1388/1177/1388 1384/1181/1384
f 1386/977/1386 120/976/120 1387/1180/1387
f 633/1178/633 1388/1177/1388 1398/1205/1398
f 1399/1200/1399 1398/1205/1398 632/1190/632 1400/1199/1400
f 121/980/121 1392/1185/1392 120/976/120
f 1392/1185/1392 1387/1180/1387 120/976/120
f 635/1192/635 1395/1191/1395 629/1188/629
f 1395/1191/1395 1394/1193/1394 1393/1203/1393
f 646/1196/646 1397/1195/1397 639/1198/639
f 1396/1197/1396 1393/1203/1393 1397/1195/1397
f 1398/1205/1398 1399/1200/1399 642/1202/642
f 1393/1203/1393 1396/1197/1396 1399/1200/1399 1400/1199/1400
f 1397/1195/1397 1393/1203/1393 1394/1193/1394
f 631/1189/631 630/1187/630 1395/1191/1395 1400/1199/1400
f 628/1176/628 17/195/17 634/180/634 629/1188/629
f 640/175/640 7/191/7 647/1204/647 639/1198/639
f 637/192/637 1394/1193/1394 636/196/636
f 641/1206/641 18/974/18 633/1178/633 1398/1205/1398
f 644/1218/644 1396/1197/1396 645/1194/645
f 638/193/638 1394/1193/1394 637/192/637
f 1406/1219/1406 1404/1208/1404 1402/1207/1402 1401/1210/1401
f 643/1201/643 1396/1197/1396 644/1218/644
f 1403/1224/1403 1405/1209/1405 1402/1207/1402
f 1405/1209/1405 1403/1224/1403 1407/1211/1407 296/301/296
f 296/301/296 297/303/297 1408/1214/1408
f 224/1212/224 1407/1211/1407 1403/1224/1403
f 298/1217/298 299/307/299 1409/1215/1409 1408/1214/1408
f 1408/1214/1408 1410/1216/1410 644/1218/644 1401/1210/1401
f 647/1204/647 229/1220/229 228/1222/228 1402/1207/1402
f 1405/1209/1405 1408/1214/1408 1401/1210/1401
f 1402/1207/1402 227/1221/227 226/1225/226 1403/1224/1403
f 645/1194/645 646/1196/646 1404/1208/1404 1406/1219/1406
f 647/1204/647 1404/1208/1404 646/1196/646
f 223/1213/223 294/288/294 295/287/295 1407/1211/1407
f 1409/1215/1409 642/1202/642 643/1201/643 1410/1216/1410
f 224/1212/224 1403/1224/1403 225/1223/225
f 642/1202/642 1409/1215/1409 641/1206/641
f 1411/1711/1411 1420/1238/1420 1412/1226/1412 1413/1233/1413
f 1414/1227/1414 1412/1226/1412 1420/1238/1420
f 1411/1711/1411 1416/1232/1416 1419/1235/1419 1420/1238/1420
f 277/1236/277 1419/1235/1419 109/781/109
f 278/1234/278 1420/1238/1420 1419/1235/1419
f 1413/1233/1413 1418/1231/1418 1411/1711/1411
f 1418/1231/1418 1416/1232/1416 1411/1711/1411
f 1412/1226/1412 650/1239/650 651/1241/651 1413/1233/1413
f 649/1240/649 1412/1226/1412 648/1228/648
f 278/1234/278 279/1000/279 280/1002/280 1414/1227/1414
f 281/1008/281 648/1228/648 1414/1227/1414
f 1415/778/1415 653/1230/653 106/774/106 107/763/107
f 652/1242/652 1427/1257/1427 1417/1229/1417 1413/1233/1413
f 1415/778/1415 108/777/108 1416/1232/1416
f 653/1230/653 1417/1229/1417 1427/1257/1427
f 1428/1252/1428 1427/1257/1427 652/1242/652 1429/1251/1429
f 109/781/109 1421/1237/1421 108/777/108
f 1421/1237/1421 1416/1232/1416 108/777/108
f 655/1244/655 1424/1243/1424 649/1240/649
f 1424/1243/1424 1423/1245/1423 1422/1255/1422
f 666/1248/666 1426/1247/1426 659/1250/659
f 1425/1249/1425 1422/1255/1422 1426/1247/1426
f 1427/1257/1427 1428/1252/1428 662/1254/662
f 1422/1255/1422 1425/1249/1425 1428/1252/1428 1429/1251/1429
f 1426/1247/1426 1422/1255/1422 1423/1245/1423
f 651/1241/651 650/1239/650 1424/1243/1424 1429/1251/1429
f 648/1228/648 15/165/15 654/157/654 649/1240/649
f 660/152/660 8/59/8 667/1256/667 659/1250/659
f 657/162/657 1423/1245/1423 656/166/656
f 661/1258/661 16/775/16 653/1230/653 1427/1257/1427
f 664/1270/664 1425/1249/1425 665/1246/665
f 658/163/658 1423/1245/1423 657/162/657
f 1435/1271/1435 1433/1260/1433 1431/1259/1431 1430/1262/1430
f 663/1253/663 1425/1249/1425 664/1270/664
f 1432/1276/1432 1434/1261/1434 1431/1259/1431
f 1434/1261/1434 1432/1276/1432 1436/1263/1436 284/397/284
f 284/397/284 285/399/285 1437/1266/1437
f 231/1264/231 1436/1263/1436 1432/1276/1432
f 286/1269/286 287/403/287 1438/1267/1438 1437/1266/1437
f 1437/1266/1437 1439/1268/1439 664/1270/664 1430/1262/1430
f 667/1256/667 236/1272/236 235/1274/235 1431/1259/1431
f 1434/1261/1434 1437/1266/1437 1430/1262/1430
f 1431/1259/1431 234/1273/234 233/1277/233 1432/1276/1432
f 665/1246/665 666/1248/666 1433/1260/1433 1435/1271/1435
f 667/1256/667 1433/1260/1433 666/1248/666
f 230/1265/230 282/384/282 283/383/283 1436/1263/1436
f 1438/1267/1438 662/1254/662 663/1253/663 1439/1268/1439
f 231/1264/231 1432/1276/1432 232/1275/232
f 662/1254/662 1438/1267/1438 661/1258/661
f 60/1291/60 59/1279/59 1441/1278/1441 1449/1282/1449
f 1444/1283/1444 93/281/93 94/280/94 1445/1285/1445
f 1442/1281/1442 1440/1712/1440 1449/1282/1449
f 1445/1285/1445 94/280/94 1443/1297/1443 1446/1289/1446
f 1446/1289/1446 1443/1297/1443 1448/1287/1448 62/1288/62
f 62/1288/62 61/1290/61 1449/1282/1449
f 97/276/97 1448/1287/1448 1443/1297/1443
f 1442/1281/1442 1447/1286/1447 1445/1285/1445 1440/1712/1440
f 1441/1278/1441 669/1301/669 670/1294/670 1442/1281/1442
f 1445/1285/1445 1446/1289/1446 1440/1712/1440
f 1446/1289/1446 1449/1282/1449 1440/1712/1440
f 669/1301/669 1441/1278/1441 668/1280/668
f 672/1308/672 673/1314/673 1444/1283/1444 1447/1286/1447
f 95/282/95 1443/1297/1443 94/280/94
f 674/1284/674 1444/1283/1444 673/1314/673
f 671/1293/671 672/1308/672 1447/1286/1447 1442/1281/1442
f 98/274/98 64/1295/64 63/1296/63 1448/1287/1448
f 1451/1299/1451 676/1298/676 677/142/677 1452/1312/1452
f 97/276/97 1443/1297/1443 96/258/96
f 1450/1300/1450 1451/1299/1451 669/1301/669
f 1454/1305/1454 1453/1313/1453 685/1304/685 1455/1303/1455
f 1453/1313/1453 1454/1305/1454 679/1306/679
f 1456/1309/1456 673/1314/673 672/1308/672 1457/1307/1457
f 673/1314/673 1456/1309/1456 682/1311/682
f 677/142/677 678/143/678 1454/1305/1454 1452/1312/1452
f 684/1302/684 683/1310/683 1456/1309/1456 1455/1303/1455
f 671/1293/671 670/1294/670 1451/1299/1451 1457/1307/1457
f 668/1280/668 9/145/9 675/132/675 1450/1300/1450
f 680/128/680 12/141/12 686/1317/686 1453/1313/1453
f 681/1327/681 14/278/14 674/1284/674 682/1311/682
f 1460/1316/1460 262/1315/262 261/1713/261 1461/1318/1461
f 1461/1318/1461 261/1713/261 1459/1331/1459 1462/1324/1462
f 1462/1324/1462 1459/1331/1459 1464/1320/1464 272/1057/272
f 272/1057/272 273/1059/273 1465/1323/1465
f 258/1321/258 1464/1320/1464 1459/1331/1459
f 1468/1326/1468 1466/1325/1466 1467/1333/1467 1458/1328/1458
f 1467/1333/1467 1463/1319/1463 1461/1318/1461 1458/1328/1458
f 1468/1326/1468 1465/1323/1465 273/1059/273
f 685/1304/685 1453/1313/1453 1460/1316/1460 1463/1319/1463
f 1461/1318/1461 1462/1324/1462 1458/1328/1458
f 1462/1324/1462 1465/1323/1465 1458/1328/1458
f 260/1332/260 1459/1331/1459 261/1713/261
f 686/1317/686 1460/1316/1460 1453/1313/1453
f 684/1302/684 685/1304/685 1463/1319/1463 1467/1333/1467
f 257/1322/257 2/246/2 271/1048/271 1464/1320/1464
f 1466/1325/1466 682/1311/682 683/1310/683 1467/1333/1467
f 258/1321/258 1459/1331/1459 259/1330/259
f 682/1311/682 1466/1325/1466 681/1327/681
f 275/1042/275 276/1055/276 681/1327/681 1468/1326/1468
f 1473/1336/1473 1470/1335/1470 1471/1714/1471 1479/1346/1479
f 1479/1346/1479 1471/1714/1471 1472/1351/1472 1469/1343/1469
f 1472/1351/1472 1476/1339/1476 1474/1341/1474 1469/1343/1469
f 1475/1356/1475 1477/1342/1477 1474/1341/1474
f 1477/1342/1477 1475/1356/1475 1478/1344/1478 259/1345/259
f 259/1345/259 260/1350/260 1479/1346/1479
f 90/247/90 1478/1344/1478 1475/1356/1475
f 1470/1335/1470 688/1360/688 689/1359/689 1471/1714/1471
f 1473/1336/1473 1479/1346/1479 260/1350/260
f 1477/1342/1477 1479/1346/1479 1469/1343/1469
f 688/1360/688 1470/1335/1470 687/1337/687
f 1471/1714/1471 689/1359/689 690/1352/690 1472/1351/1472
f 262/1349/262 263/1347/263 687/1337/687 1473/1336/1473
f 1474/1341/1474 87/233/87 88/242/88 1475/1356/1475
f 87/233/87 1474/1341/1474 86/1338/86
f 691/1353/691 692/1373/692 1476/1339/1476 1472/1351/1472
f 693/1340/693 1476/1339/1476 692/1373/692
f 91/245/91 257/1354/257 258/1355/258 1478/1344/1478
f 1481/1358/1481 1480/1371/1480 695/119/695 1482/1357/1482
f 90/247/90 1475/1356/1475 89/229/89
f 1480/1371/1480 1481/1358/1481 688/1360/688
f 1483/1362/1483 704/1361/704 703/1387/703 1484/1370/1484
f 705/1363/705 1483/1362/1483 698/1365/698
f 1485/1367/1485 692/1373/692 691/1353/691 1486/1366/1486
f 692/1373/692 1485/1367/1485 701/1369/701
f 696/118/696 697/1364/697 1483/1362/1483 1482/1357/1482
f 703/1387/703 702/1368/702 1485/1367/1485 1484/1370/1484
f 690/1352/690 689/1359/689 1481/1358/1481 1486/1366/1486
f 687/1337/687 12/116/12 694/103/694 1480/1371/1480
f 699/99/699 10/114/10 706/1372/706 698/1365/698
f 700/1384/700 13/249/13 693/1340/693 701/1369/701
f 1491/1376/1491 1488/1374/1488 1489/1390/1489 1492/1381/1492
f 1488/1374/1488 1491/1376/1491 1490/1375/1490
f 1492/1381/1492 1489/1390/1489 1493/1378/1493 266/1109/266
f 266/1109/266 267/1111/267 1494/1380/1494
f 245/1379/245 1493/1378/1493 1489/1390/1489
f 1494/1380/1494 1496/1385/1496 1497/1377/1497 1487/1715/1487
f 1495/1382/1495 1494/1380/1494 268/1383/268
f 706/1372/706 249/1386/249 248/1716/248 1488/1374/1488
f 1491/1376/1491 1487/1715/1487 1497/1377/1497
f 1491/1376/1491 1492/1381/1492 1487/1715/1487
f 1492/1381/1492 1494/1380/1494 1487/1715/1487
f 704/1361/704 705/1363/705 1490/1375/1490 1497/1377/1497
f 247/1391/247 1489/1390/1489 1488/1374/1488
f 706/1372/706 1490/1375/1490 705/1363/705
f 1495/1382/1495 701/1369/701 702/1368/702 1496/1385/1496
f 265/1099/265 1493/1378/1493 264/1107/264
f 245/1379/245 1489/1390/1489 246/1389/246
f 701/1369/701 1495/1382/1495 700/1384/700
f 1496/1385/1496 702/1368/702 703/1387/703 1497/1377/1497
f 269/1093/269 270/1106/270 700/1384/700 268/1383/268
f 1502/1395/1502 1499/1392/1499 1500/1398/1500 1498/1397/1498
f 1506/1401/1506 1503/222/1503 1504/1413/1504 1507/1406/1507
f 1503/222/1503 1506/1401/1506 1505/1399/1505
f 1507/1406/1507 1504/1413/1504 1508/1402/1508 246/1404/246
f 246/1404/246 247/1408/247 1509/1405/1509
f 76/217/76 1508/1402/1508 1504/1413/1504
f 1499/1392/1499 708/1417/708 709/1416/709 1500/1398/1500
f 1506/1401/1506 1498/1397/1498 1501/1396/1501
f 1502/1395/1502 1509/1405/1509 247/1408/247
f 1506/1401/1506 1507/1406/1507 1498/1397/1498
f 1507/1406/1507 1509/1405/1509 1498/1397/1498
f 708/1417/708 1499/1392/1499 707/1394/707
f 1500/1398/1500 709/1416/709 710/1410/710 1501/1396/1501
f 713/1400/713 72/218/72 73/204/73 1503/222/1503
f 248/1393/248 1502/1395/1502 1488/1409/1488
f 711/1411/711 712/1425/712 1505/1399/1505 1501/1396/1501
f 74/221/74 1504/1413/1504 1503/222/1503
f 713/1400/713 1505/1399/1505 712/1425/712
f 1511/1415/1511 1510/1429/1510 715/90/715 1512/1414/1512
f 245/1412/245 1508/1402/1508 244/1403/244
f 76/217/76 1504/1413/1504 75/200/75
f 1510/1429/1510 1511/1415/1511 708/1417/708
f 1513/1421/1513 725/1430/725 724/1420/724 1514/1419/1514
f 725/1430/725 1513/1421/1513 718/1423/718
f 1515/1424/1515 711/1411/711 710/1410/710 1516/1428/1516
f 712/1425/712 1515/1424/1515 721/1427/721
f 716/89/716 717/1422/717 1513/1421/1513 1512/1414/1512
f 723/1418/723 722/1426/722 1515/1424/1515 1514/1419/1514
f 710/1410/710 709/1416/709 1511/1415/1511 1516/1428/1516
f 707/1394/707 10/85/10 714/72/714 1510/1429/1510
f 719/68/719 5/81/5 726/1431/726 718/1423/718
f 720/1441/720 11/219/11 713/1400/713 721/1427/721
f 1521/1434/1521 1518/1432/1518 1519/1446/1519 1522/1439/1522
f 1518/1432/1518 1521/1434/1521 1520/1433/1520
f 1522/1439/1522 1519/1446/1519 1524/1436/1524 252/1170/252
f 252/1170/252 253/1172/253 1525/1438/1525
f 211/1437/211 1524/1436/1524 1519/1446/1519
f 254/1165/254 255/1166/255 1526/1440/1526 1525/1438/1525
f 1527/1442/1527 1523/1435/1523 1521/1434/1521 1517/1717/1517
f 1527/1442/1527 1517/1717/1517 1525/1438/1525
f 726/1431/726 215/1443/215 214/1718/214 1518/1432/1518
f 1521/1434/1521 1522/1439/1522 1517/1717/1517
f 1522/1439/1522 1525/1438/1525 1517/1717/1517
f 724/1420/724 725/1430/725 1520/1433/1520 1523/1435/1523
f 213/1447/213 1519/1446/1519 1518/1432/1518
f 726/1431/726 1520/1433/1520 725/1430/725
f 723/1418/723 724/1420/724 1523/1435/1523 1527/1442/1527
f 1526/1440/1526 721/1427/721 722/1426/722 1527/1442/1527
f 251/1153/251 1524/1436/1524 250/1167/250
f 211/1437/211 1519/1446/1519 212/1445/212
f 721/1427/721 1526/1440/1526 720/1441/720
f 234/1273/234 235/1274/235 1529/1448/1529 1537/1451/1537
f 1537/1451/1537 1530/1450/1530 1531/1464/1531 1528/1456/1528
f 1531/1464/1531 1534/1453/1534 1532/1452/1532 1528/1456/1528
f 1533/1468/1533 1535/1455/1535 1532/1452/1532
f 1535/1455/1535 1533/1468/1533 1536/1457/1536 232/1275/232
f 232/1275/232 233/1277/233 1537/1451/1537
f 63/1458/63 1536/1457/1536 1533/1468/1533
f 1529/1448/1529 728/1474/728 729/1473/729 1530/1450/1530
f 1535/1455/1535 1537/1451/1537 1528/1456/1528
f 728/1474/728 1529/1448/1529 727/1449/727
f 1530/1450/1530 729/1473/729 730/1465/730 1531/1464/1531
f 733/1454/733 58/1460/58 59/1463/59 1532/1452/1532
f 1532/1452/1532 60/1462/60 61/1469/61 1533/1468/1533
f 731/1466/731 732/1486/732 1534/1453/1534 1531/1464/1531
f 733/1454/733 1534/1453/1534 732/1486/732
f 64/1459/64 230/1265/230 231/1264/231 1536/1457/1536
f 1538/1472/1538 735/1484/735 736/1471/736 1539/1470/1539
f 63/1458/63 1533/1468/1533 62/1467/62
f 735/1484/735 1538/1472/1538 728/1474/728
f 1540/1476/1540 745/1475/745 744/1509/744 1541/1483/1541
f 746/1477/746 1540/1476/1540 739/1478/739
f 1542/1480/1542 732/1486/732 731/1466/731 1543/1479/1543
f 732/1486/732 1542/1480/1542 742/1482/742
f 737/56/737 738/57/738 1540/1476/1540 1539/1470/1539
f 744/1509/744 743/1481/743 1542/1480/1542 1541/1483/1541
f 730/1465/730 729/1473/729 1538/1472/1538 1543/1479/1543
f 727/1449/727 8/59/8 734/43/734 728/1474/728
f 740/39/740 6/55/6 747/1485/747 739/1478/739
f 741/1499/741 9/1461/9 733/1454/733 742/1482/742
f 1546/1488/1546 221/1487/221 220/1719/220 1547/1489/1547
f 1547/1489/1547 220/1719/220 1545/1506/1545 1548/1496/1548
f 1548/1496/1548 1545/1506/1545 1550/1491/1550 239/1494/239
f 239/1494/239 240/1513/240 1551/1495/1551
f 217/1492/217 1550/1491/1550 1545/1506/1545
f 1554/1498/1554 1552/1497/1552 1553/1510/1553 1544/1500/1544
f 1553/1510/1553 1549/1490/1549 1547/1489/1547 1544/1500/1544
f 1554/1498/1554 1551/1495/1551 240/1513/240
f 745/1475/745 746/1477/746 1546/1488/1546 1549/1490/1549
f 1547/1489/1547 1548/1496/1548 1544/1500/1544
f 1548/1496/1548 1551/1495/1551 1544/1500/1544
f 219/1507/219 1545/1506/1545 220/1719/220
f 747/1485/747 1546/1488/1546 746/1477/746
f 744/1509/744 745/1475/745 1549/1490/1549 1553/1510/1553
f 216/1493/216 237/1502/237 238/1504/238 1550/1491/1550
f 1552/1497/1552 742/1482/742 743/1481/743 1553/1510/1553
f 217/1492/217 1545/1506/1545 218/1505/218
f 742/1482/742 1552/1497/1552 741/1499/741
f 242/1512/242 243/1508/243 741/1499/741 1554/1498/1554
f 1559/1517/1559 1556/1514/1556 1557/1720/1557 1565/1526/1565
f 1565/1526/1565 1557/1720/1557 1558/1530/1558 1555/1522/1555
f 1558/1530/1558 1562/1519/1562 1560/1518/1560 1555/1522/1555
f 1561/1534/1561 1563/1521/1563 1560/1518/1560
f 1563/1521/1563 1561/1534/1561 1564/1523/1564 212/1525/212
f 212/1525/212 213/1528/213 1565/1526/1565
f 49/189/49 1564/1523/1564 1561/1534/1561
f 1556/1514/1556 749/1538/749 750/1537/750 1557/1720/1557
f 1559/1517/1559 1565/1526/1565 213/1528/213
f 1563/1521/1563 1565/1526/1565 1555/1522/1555
f 749/1538/749 1556/1514/1556 748/1516/748
f 1557/1720/1557 750/1537/750 751/1531/751 1558/1530/1558
f 753/1520/753 44/190/44 45/174/45 1560/1518/1560
f 214/1515/214 1559/1517/1559 1518/1529/1518
f 1560/1518/1560 46/184/46 47/183/47 1561/1534/1561
f 752/1532/752 1570/1552/1570 1562/1519/1562 1558/1530/1558
f 753/1520/753 1562/1519/1562 1570/1552/1570
f 1566/1535/1566 756/30/756 757/29/757 1567/1549/1567
f 211/1533/211 1564/1523/1564 210/1524/210
f 49/189/49 1561/1534/1561 48/170/48
f 755/1536/755 1566/1535/1566 749/1538/749
f 1568/1542/1568 766/1550/766 765/1541/765 1569/1540/1569
f 766/1550/766 1568/1542/1568 759/1544/759
f 1571/1546/1571 1570/1552/1570 752/1532/752 1572/1545/1572
f 1570/1552/1570 1571/1546/1571 762/1548/762
f 757/29/757 758/1543/758 1568/1542/1568 1567/1549/1567
f 764/1539/764 763/1547/763 1571/1546/1571 1569/1540/1569
f 751/1531/751 750/1537/750 1566/1535/1566 1572/1545/1572
f 748/1516/748 5/28/5 754/12/754 749/1538/749
f 760/6/760 6/23/6 767/1551/767 759/1544/759
f 761/1553/761 7/191/7 753/1520/753 1570/1552/1570
f 1582/1563/1582 1576/1555/1576 1574/1556/1574 1573/1558/1573
f 1575/1568/1575 1577/1557/1577 1574/1556/1574
f 1577/1557/1577 1575/1568/1575 1578/1564/1578 225/1223/225
f 225/1223/225 226/1225/226 1579/1559/1579
f 42/1565/42 1578/1564/1578 1575/1568/1575
f 227/1221/227 228/1222/228 1580/1560/1580 1579/1559/1579
f 1579/1559/1579 1581/1561/1581 1582/1563/1582 1573/1558/1573
f 1574/1556/1574 39/1721/39 40/1569/40 1575/1568/1575
f 1577/1557/1577 1579/1559/1579 1573/1558/1573
f 39/1721/39 1574/1556/1574 38/1554/38
f 765/1541/765 766/1550/766 1576/1555/1576 1582/1563/1582
f 767/1551/767 1576/1555/1576 766/1550/766
f 43/1566/43 105/49/105 223/1213/223 1578/1564/1578
f 1580/1560/1580 762/1548/762 763/1547/763 1581/1561/1581
f 42/1565/42 1575/1568/1575 41/1567/41
f 762/1548/762 1580/1560/1580 761/1553/761
f 1581/1561/1581 763/1547/763 764/1539/764 1582/1563/1582
f 200/1687/200 4/1578/4 1128/1577/1128
f 1586/1621/1586 4/1575/4 996/1574/996
f 1585/1638/1585 4/1572/4 1029/1571/1029
